seqName,clade,pango_growth,clade_growth,pango_lif,clade_lif,pango_time,clade_time
A.5,19B,0.0,0.0,0.0,0.0,45.18181818181817,150.19930575643622
A.1,19B,0.06162555411192778,0.0,2.6554179166523646,0.0,59.25230602278893,150.19930575643622
A.3,19B,0.06990281596983505,0.0,1.1556577267790982,0.0,63.35018315018315,150.19930575643622
A.2,19B,0.09668930537870446,0.0,-3.8887576726895925,0.0,107.63888888888889,150.19930575643622
A,19B,0.10469873493569827,0.0,-3.5482619228259304,0.0,156.55438596491229,150.19930575643622
A.19,19B,0.11363028652322475,0.0,-10.290942941824097,0.0,246.0,150.19930575643622
A.23,19B,0.11746773322933769,0.0,-10.391664497391835,0.0,283.0,150.19930575643622
A.27,19B,0.14388400165049522,0.0,-19.214030876816953,0.0,392.75,150.19930575643622
A.21,19B,0.14391943418099035,0.0,-17.500727492361126,0.0,392.8222222222222,150.19930575643622
A.28,19B,0.14770037351483944,0.0,-20.860790355447186,0.0,400.1428571428571,150.19930575643622
A.23.1,19B,0.15211765131413163,0.0,-20.040618223220427,0.0,412.15,150.19930575643622
A.29,19B,0.15682744707232948,0.0,-24.99713352701513,0.0,420.40000000000003,150.19930575643622
A.2.5.3,19B,0.17465826033277096,0.0,-31.88329102341475,0.0,450.66666666666663,150.19930575643622
A.2.5,19B,0.18052770425935233,0.0,-30.088301833509416,0.0,462.28136882129274,150.19930575643622
A.2.5.1,19B,0.18059052102068499,0.0,-33.01535129022018,0.0,462.41379310344826,150.19930575643622
A.2.5.2,19B,0.18152225362739807,0.0,-32.204255785898035,0.0,464.3980099502487,150.19930575643622
B.1.371,20C,0.0866513406271722,0.007651817666639879,-0.13774970029424785,1.3194005630805827,80.37551355792934,249.96376972281448
B.1.356,20C,0.08789332282765092,0.007651817666639879,-3.759564981594104,1.3194005630805827,82.61111111111111,249.96376972281448
B.1.319,20C,0.0918769707615607,0.007651817666639879,-1.985210766645764,1.3194005630805827,91.56,249.96376972281448
B.1.320,20C,0.09486805920981872,0.007651817666639879,-0.8983947493307302,1.3194005630805827,100.69367088607595,249.96376972281448
B.1.503,20C,0.10466262263917976,0.007651817666639879,-3.1986508287793147,1.3194005630805827,156.25373134328356,249.96376972281448
B.1.426,20C,0.10514462545383918,0.007651817666639879,-2.005964483171588,1.3194005630805827,160.32797202797204,249.96376972281448
B.1.606,20C,0.10605291000497166,0.007651817666639879,-4.364383943726707,1.3194005630805827,168.35668789808915,249.96376972281448
B.1.336,20C,0.10670218844954191,0.007651817666639879,-3.4181963169023555,1.3194005630805827,174.36283185840705,249.96376972281448
B.1.3,20C,0.10859946203137814,0.007651817666639879,-3.4716201621662273,1.3194005630805827,193.01317957166395,249.96376972281448
B.1.453,20C,0.10933680747543481,0.007651817666639879,-4.077223915376897,1.3194005630805827,200.6135770234987,249.96376972281448
B.1.570,20C,0.11056508323531318,0.007651817666639879,-4.060984924119003,1.3194005630805827,213.54980079681275,249.96376972281448
B.1.499,20C,0.11120001544497664,0.007651817666639879,-6.6106574318146265,1.3194005630805827,220.31111111111113,249.96376972281448
B.1.340,20C,0.11125467301623505,0.007651817666639879,-4.783930550614107,1.3194005630805827,220.8939929328622,249.96376972281448
B.1.428,20C,0.11138513847359777,0.007651817666639879,-7.8192318205683815,1.3194005630805827,222.28571428571425,249.96376972281448
B.1.567,20C,0.11288834181975482,0.007651817666639879,-5.094024652341236,1.3194005630805827,238.24834437086093,249.96376972281448
B.1.509,20C,0.11289986704131708,0.007651817666639879,-3.527879470227053,1.3194005630805827,238.3696551724138,249.96376972281448
B.1.350,20C,0.11371662277205541,0.007651817666639879,-6.815724853153229,1.3194005630805827,246.8939393939394,249.96376972281448
B.1.566,20C,0.11388852176611129,0.007651817666639879,-7.5514643248106905,1.3194005630805827,248.66666666666669,249.96376972281448
B.1.324,20C,0.11541751851439568,0.007651817666639879,-4.569962028970703,1.3194005630805827,264.0031152647975,249.96376972281448
B.1.367,20C,0.11609494820644253,0.007651817666639879,-10.92792233265197,1.3194005630805827,270.5,249.96376972281448
B.1.346,20C,0.11751309719898853,0.007651817666639879,-5.737300087510734,1.3194005630805827,283.3966165413534,249.96376972281448
B.1.587,20C,0.12023638791486857,0.007651817666639879,-6.292754935108076,1.3194005630805827,305.20851688693097,249.96376972281448
B.1.349,20C,0.12067963379298098,0.007651817666639879,-5.606942411721334,1.3194005630805827,308.38411878631376,249.96376972281448
B.1.265,20C,0.12073990092100792,0.007651817666639879,-6.111290505471598,1.3194005630805827,308.8079748163694,249.96376972281448
B.1.361,20C,0.12103543981583686,0.007651817666639879,-6.124189954105672,1.3194005630805827,310.85935984481085,249.96376972281448
B.1.298,20C,0.12137694156349284,0.007651817666639879,-6.857295572990755,1.3194005630805827,313.1742286751361,249.96376972281448
B.1.577,20C,0.12242773878262868,0.007651817666639879,-5.82477492537416,1.3194005630805827,319.93466172381835,249.96376972281448
B.1.605,20C,0.12526058948103966,0.007651817666639879,-9.069858860491816,1.3194005630805827,335.69014084507046,249.96376972281448
B.1.311,20C,0.12616324878683438,0.007651817666639879,-6.374446106360972,1.3194005630805827,340.0504672897196,249.96376972281448
B.1.433,20C,0.12678855336576045,0.007651817666639879,-9.114879198827596,1.3194005630805827,342.90935672514615,249.96376972281448
B.1.497,20C,0.1268087477532083,0.007651817666639879,-14.263468901243426,1.3194005630805827,343.0,249.96376972281448
B.1.375,20C,0.12696659297121665,0.007651817666639879,-8.052363559631694,1.3194005630805827,343.7005703422053,249.96376972281448
B.1.588,20C,0.13148741109870343,0.007651817666639879,-9.326243590235974,1.3194005630805827,360.9972413793103,249.96376972281448
B.1.517,20C,0.13308948901463064,0.007651817666639879,-9.332902708089138,1.3194005630805827,366.1081814656844,249.96376972281448
B.1.568,20C,0.13509395352971587,0.007651817666639879,-10.980886503446285,1.3194005630805827,371.95480769230767,249.96376972281448
B.1.362,20C,0.1425378553054361,0.007651817666639879,-16.40993798205887,1.3194005630805827,389.94871794871796,249.96376972281448
B.1.575,20C,0.148315268399014,0.007651817666639879,-14.900332874505033,1.3194005630805827,404.99363057324837,249.96376972281448
B.1.623,20C,0.15690445926677274,0.007651817666639879,-19.01629202269391,1.3194005630805827,420.5308219178083,249.96376972281448
B.1.575.1,20C,0.16139051639968818,0.007651817666639879,-28.542694195422648,1.3194005630805827,428.0,249.96376972281448
B.1.637,20C,0.17049230451953304,0.007651817666639879,-22.85982250373218,1.3194005630805827,443.19592760181,249.96376972281448
B.1.630,20C,0.20291693196639113,0.007651817666639879,-43.17432634648052,1.3194005630805827,517.3145161290322,249.96376972281448
B.1.626,20C,0.20546740101028188,0.007651817666639879,-44.53458642088787,1.3194005630805827,523.6166666666666,249.96376972281448
B.1.91,20A,0.00914001300696603,0.010435270606816177,-0.8726589163863541,0.41734082689292484,46.857142857142854,286.8953708124453
B.1.8,20A,0.08916620107661168,0.010435270606816177,-3.599677605136214,0.41734082689292484,85.14893617021276,286.8953708124453
B.1.1.326,20A,0.09412997740304108,0.010435270606816177,-6.293063106863468,0.41734082689292484,98.20000000000002,286.8953708124453
B.1.110,20A,0.09707313247142593,0.010435270606816177,-3.2031019793398046,0.41734082689292484,109.26174496644293,286.8953708124453
B.1.391,20A,0.09848180370699784,0.010435270606816177,-4.340078447294753,0.41734082689292484,115.74999999999999,286.8953708124453
B.1.441,20A,0.10379292657102691,0.010435270606816177,-5.6949947524001,0.41734082689292484,149.24137931034483,286.8953708124453
B.1.128,20A,0.10451105265276865,0.010435270606816177,-8.478369441513568,0.41734082689292484,155.0,286.8953708124453
B.1.379,20A,0.10522267505392169,0.010435270606816177,-5.646347332744998,0.41734082689292484,161.0,286.8953708124453
B.1.206,20A,0.10548739166510683,0.010435270606816177,-1.9990770582237394,0.41734082689292484,163.3048620236531,286.8953708124453
B.1.540,20A,0.1060133624792497,0.010435270606816177,-9.413912013080163,0.41734082689292484,168.0,286.8953708124453
B.1,20A,0.10935587214379669,0.010435270606816177,1.5014344365862233,0.41734082689292484,200.81205600589536,286.8953708124453
B.1.600,20A,0.10975609859126263,0.010435270606816177,-10.11029545400565,0.41734082689292484,205.0,286.8953708124453
B.1.36.16,20A,0.11332254122114802,0.010435270606816177,-9.299448430737772,0.41734082689292484,242.8,286.8953708124453
B.1.397,20A,0.11339528138030294,0.010435270606816177,-5.565285378320576,0.41734082689292484,243.5586854460094,286.8953708124453
B.1.189,20A,0.11340335790852377,0.010435270606816177,-8.289487709716274,0.41734082689292484,243.64285714285714,286.8953708124453
B.1.399,20A,0.11398687207541616,0.010435270606816177,-4.726842745420858,0.41734082689292484,249.67719298245615,286.8953708124453
B.1.377,20A,0.11398750633181283,0.010435270606816177,-5.326434234085378,0.41734082689292484,249.6837060702875,286.8953708124453
B.1.402,20A,0.11488426083943219,0.010435270606816177,-6.380647983461974,0.41734082689292484,258.75182481751824,286.8953708124453
B.1.240,20A,0.11492787347333887,0.010435270606816177,-2.3816936680486838,0.41734082689292484,259.18552335582905,286.8953708124453
B.1.9,20A,0.11496610383158122,0.010435270606816177,-8.186344478155098,0.41734082689292484,259.5652173913044,286.8953708124453
B.1.416,20A,0.11504028173696314,0.010435270606816177,-9.038534781134805,0.41734082689292484,260.3,286.8953708124453
B.1.210,20A,0.11514495999168373,0.010435270606816177,-10.26981362780214,0.41734082689292484,261.3333333333333,286.8953708124453
B.1.147,20A,0.11535782366181559,0.010435270606816177,-8.479834549769148,0.41734082689292484,263.42105263157896,286.8953708124453
B.1.565,20A,0.11634052595693074,0.010435270606816177,-3.902478449043347,0.41734082689292484,272.804158004158,286.8953708124453
B.1.236,20A,0.11675205349395641,0.010435270606816177,-10.1913967370217,0.41734082689292484,276.6,286.8953708124453
B.1.146,20A,0.11712879624008968,0.010435270606816177,-11.905667527918265,0.41734082689292484,280.0,286.8953708124453
B.1.436,20A,0.11724472659958964,0.010435270606816177,-4.808105965987675,0.41734082689292484,281.03362690152125,286.8953708124453
B.1.126,20A,0.11729536412875073,0.010435270606816177,-4.7175482931184245,0.41734082689292484,281.4823359769286,286.8953708124453
B.1.110.3,20A,0.11748230610202637,0.010435270606816177,-4.49369695271569,0.41734082689292484,283.1273920174959,286.8953708124453
B.1.396,20A,0.11799030276827303,0.010435270606816177,-4.794526020087285,0.41734082689292484,287.5054313099041,286.8953708124453
B.1.466,20A,0.11832718030144858,0.010435270606816177,-11.148887681704965,0.41734082689292484,290.3333333333333,286.8953708124453
B.1.558,20A,0.11842981946453768,0.010435270606816177,-7.112556549563721,0.41734082689292484,291.18285714285713,286.8953708124453
B.1.36.38,20A,0.1188581299773543,0.010435270606816177,-10.205582531688501,0.41734082689292484,294.66666666666663,286.8953708124453
B.1.239,20A,0.1193388410899961,0.010435270606816177,-5.593602765775282,0.41734082689292484,298.4593301435407,286.8953708124453
B.1.241,20A,0.11958830299598762,0.010435270606816177,-5.168247019196532,0.41734082689292484,300.3784097504353,286.8953708124453
B.1.400,20A,0.11971948908585947,0.010435270606816177,-4.602479442034003,0.41734082689292484,301.3742078580482,286.8953708124453
B.1.78,20A,0.12087011998913481,0.010435270606816177,-7.796241671641155,0.41734082689292484,309.7173913043478,286.8953708124453
B.1.609,20A,0.12105360499298298,0.010435270606816177,-5.601323066276936,0.41734082689292484,310.98399085191534,286.8953708124453
B.1.260,20A,0.12172457577477203,0.010435270606816177,-10.445087931405638,0.41734082689292484,315.4705882352941,286.8953708124453
B.1.395,20A,0.12175823449579407,0.010435270606816177,-9.92162782263299,0.41734082689292484,315.6896551724138,286.8953708124453
B.1.243,20A,0.12220865194754682,0.010435270606816177,-3.6411689184977365,0.41734082689292484,318.56921354603975,286.8953708124453
B.1.222,20A,0.12315950328288695,0.010435270606816177,-12.638848835843985,0.41734082689292484,324.3333333333333,286.8953708124453
B.1.36.1,20A,0.12348269877175203,0.010435270606816177,-11.539994351312206,0.41734082689292484,326.20000000000005,286.8953708124453
B.1.398,20A,0.12374236168981753,0.010435270606816177,-12.13571334642026,0.41734082689292484,327.66666666666663,286.8953708124453
B.1.234,20A,0.12444014636225678,0.010435270606816177,-5.01186241399411,0.41734082689292484,331.46772644830895,286.8953708124453
B.1.232,20A,0.12459599832515515,0.010435270606816177,-6.49673117944094,0.41734082689292484,332.28980322003576,286.8953708124453
B.1.462,20A,0.12463608071532728,0.010435270606816177,-13.529332281524802,0.41734082689292484,332.5,286.8953708124453
B.1.36,20A,0.12466712674923514,0.010435270606816177,-8.61605233075205,0.41734082689292484,332.6618181818182,286.8953708124453
B.1.212,20A,0.1249262000126178,0.010435270606816177,-13.62601870225731,0.41734082689292484,334.0,286.8953708124453
B.1.179,20A,0.12532280665689843,0.010435270606816177,-11.74399616109915,0.41734082689292484,336.0,286.8953708124453
B.1.258.3,20A,0.12532282955795365,0.010435270606816177,-13.75890329901188,0.41734082689292484,336.0,286.8953708124453
B.1.544,20A,0.12578177312608957,0.010435270606816177,-9.298508878790798,0.41734082689292484,338.24257425742576,286.8953708124453
B.1.160,20A,0.1258516471027172,0.010435270606816177,-10.367742632317093,0.41734082689292484,338.57746478873236,286.8953708124453
B.1.438,20A,0.12597006970627886,0.010435270606816177,-10.227899913781277,0.41734082689292484,339.1411764705882,286.8953708124453
B.1.404,20A,0.12621008402327458,0.010435270606816177,-7.722112791778396,0.41734082689292484,340.2690265486725,286.8953708124453
B.1.258.17,20A,0.12712818072921592,0.010435270606816177,-11.402845356877487,0.41734082689292484,344.4102564102564,286.8953708124453
B.1.466.1,20A,0.1271766561068535,0.010435270606816177,-11.472189437185474,0.41734082689292484,344.62162162162167,286.8953708124453
B.1.409,20A,0.12732760286537392,0.010435270606816177,-7.899557550360087,0.41734082689292484,345.2752161383285,286.8953708124453
B.1.561,20A,0.12741352759888874,0.010435270606816177,-7.181420171147226,0.41734082689292484,345.64427012278304,286.8953708124453
B.1.527,20A,0.1276817822000324,0.010435270606816177,-12.122240475722888,0.41734082689292484,346.78260869565213,286.8953708124453
B.1.36.19,20A,0.12797400301067569,0.010435270606816177,-14.666093613621221,0.41734082689292484,348.0,286.8953708124453
B.1.530,20A,0.12919990313430785,0.010435270606816177,-13.842972388006414,0.41734082689292484,352.8571428571429,286.8953708124453
B.1.416.1,20A,0.12923751179643814,0.010435270606816177,-15.802169196502906,0.41734082689292484,353.0,286.8953708124453
B.1.160.16,20A,0.12932542780515427,0.010435270606816177,-14.734590883044556,0.41734082689292484,353.3333333333333,286.8953708124453
B.1.549,20A,0.12959211290419206,0.010435270606816177,-14.828951457503116,0.41734082689292484,354.3333333333333,286.8953708124453
B.1.480,20A,0.130145100978883,0.010435270606816177,-12.690080405724942,0.41734082689292484,356.3548387096774,286.8953708124453
B.1.221,20A,0.1306090195060993,0.010435270606816177,-13.581721441111268,0.41734082689292484,358.0,286.8953708124453
B.1.258,20A,0.1307648767626209,0.010435270606816177,-12.097114864697765,0.41734082689292484,358.5428571428572,286.8953708124453
B.1.36.31,20A,0.1311874146219372,0.010435270606816177,-11.862685850392257,0.41734082689292484,359.9902912621359,286.8953708124453
B.1.551,20A,0.13172413275623715,0.010435270606816177,-9.69993430325169,0.41734082689292484,361.7801287948482,286.8953708124453
B.1.471,20A,0.1332545180975685,0.010435270606816177,-14.358147451635658,0.41734082689292484,366.6111111111111,286.8953708124453
B.1.36.18,20A,0.13365019606285986,0.010435270606816177,-15.784380675292008,0.41734082689292484,367.8,286.8953708124453
B.1.36.7,20A,0.13557712030711092,0.010435270606816177,-16.161991228640257,0.41734082689292484,373.2857142857142,286.8953708124453
B.1.36.24,20A,0.13685091008107084,0.010435270606816177,-17.486942477886256,0.41734082689292484,376.66666666666663,286.8953708124453
B.1.111,20A,0.13776628734920982,0.010435270606816177,-12.671841372731441,0.41734082689292484,378.99043977055453,286.8953708124453
B.1.420,20A,0.13827009514887315,0.010435270606816177,-16.28946363256521,0.41734082689292484,380.235294117647,286.8953708124453
B.1.36.35,20A,0.1392113442556032,0.010435270606816177,-18.788501010854127,0.41734082689292484,382.5,286.8953708124453
B.1.36.29,20A,0.1481908811085223,0.010435270606816177,-18.765045609778525,0.41734082689292484,404.74999999999994,286.8953708124453
B.1.214.3,20A,0.14917717683599996,0.010435270606816177,-22.34325481036242,0.41734082689292484,406.66666666666663,286.8953708124453
B.1.438.1,20A,0.14930749253367384,0.010435270606816177,-19.434430308418044,0.41734082689292484,406.91379310344826,286.8953708124453
B.1.618,20A,0.15023127544951423,0.010435270606816177,-21.67436486301908,0.41734082689292484,408.66666666666663,286.8953708124453
B.1.619,20A,0.15363152129686586,0.010435270606816177,-22.180748685159337,0.41734082689292484,414.8636363636364,286.8953708124453
B.1.36.22,20A,0.15485059742872304,0.010435270606816177,-25.778823981037277,0.41734082689292484,417.0,286.8953708124453
B.1.470,20A,0.15659912503813325,0.010435270606816177,-26.510555391753115,0.41734082689292484,420.0,286.8953708124453
B.1.214.2,20A,0.15913457999227368,0.010435270606816177,-22.557099979081467,0.41734082689292484,424.27631578947364,286.8953708124453
B.1.636,20A,0.16109490661359477,0.010435270606816177,-23.851537780333373,0.41734082689292484,427.52083333333326,286.8953708124453
B.1.466.2,20A,0.16287283445216605,0.010435270606816177,-26.98135621700193,0.41734082689292484,430.44444444444446,286.8953708124453
B.1.560,20A,0.16381893145699808,0.010435270606816177,-27.794810251522147,0.41734082689292484,431.99999999999994,286.8953708124453
B.1.617.3,20A,0.16602358058394182,0.010435270606816177,-28.14507680455208,0.41734082689292484,435.6363636363636,286.8953708124453
B.1.627,20A,0.16708026757393632,0.010435270606816177,-25.040657326670832,0.41734082689292484,437.39588688946014,286.8953708124453
B.1.620,20A,0.1755008277027264,0.010435270606816177,-31.416388919347863,0.41734082689292484,452.25,286.8953708124453
B.1.625,20A,0.17706914630288048,0.010435270606816177,-30.469773593121186,0.41734082689292484,455.265306122449,286.8953708124453
B.1.639,20A,0.17752798245500115,0.010435270606816177,-31.798105259379074,0.41734082689292484,456.16666666666663,286.8953708124453
B.1.634,20A,0.18810419108441112,0.010435270606816177,-35.289931364428185,0.41734082689292484,479.52195121951223,286.8953708124453
B.1.631,20A,0.19817149691400734,0.010435270606816177,-40.0548979535205,0.41734082689292484,505.19354838709677,286.8953708124453
B.1.22,20A,0.2076113517810206,0.010435270606816177,-47.61701874545228,0.41734082689292484,528.7647058823529,286.8953708124453
B.1.415.1,20A,0.20783776047224067,0.010435270606816177,-47.57427503260612,0.41734082689292484,529.3,286.8953708124453
B.1.617,20A,0.22316046568451742,0.010435270606816177,-53.4910803642452,0.41734082689292484,562.8497854077253,286.8953708124453
B.1.640.1,20A,0.29335215709215723,0.010435270606816177,-101.14085246720873,0.41734082689292484,679.4,286.8953708124453
B.1.459,20A,0.32800874203867864,0.010435270606816177,-127.24534255799352,0.41734082689292484,693.0,286.8953708124453
B.1.1.369,20B,0.015510921079274048,0.014998388834402193,-3.1207361465082073,-1.4710107053118264,48.0,333.95096580113994
B.1.1.61,20B,0.09457529240789582,0.014998388834402193,-3.2103630746401333,-1.4710107053118264,99.68421052631577,333.95096580113994
B.1.1.10,20B,0.10102697097913,0.014998388834402193,-4.5501696085821886,-1.4710107053118264,129.8709677419355,333.95096580113994
B.1.1.398,20B,0.10193852389700843,0.014998388834402193,-4.772988758393802,-1.4710107053118264,135.76785714285714,333.95096580113994
B.1.1.291,20B,0.1048954391085604,0.014998388834402193,-1.9111808970911284,-1.4710107053118264,158.20516214427528,333.95096580113994
B.1.1.8,20B,0.1050275627313848,0.014998388834402193,-4.698807317209553,-1.4710107053118264,159.32631578947368,333.95096580113994
B.1.1.33,20B,0.10708396697056685,0.014998388834402193,-4.156719182949066,-1.4710107053118264,177.991341991342,333.95096580113994
B.1.1.83,20B,0.10799780522395551,0.014998388834402193,-6.932641133692829,-1.4710107053118264,186.94117647058826,333.95096580113994
B.1.1.462,20B,0.10815350554097879,0.014998388834402193,-6.90471086211628,-1.4710107053118264,188.5,333.95096580113994
B.1.1.376,20B,0.10821477137750614,0.014998388834402193,-4.559625780040923,-1.4710107053118264,189.11578947368423,333.95096580113994
B.1.1.391,20B,0.11034366719365185,0.014998388834402193,-8.623124475393967,-1.4710107053118264,211.2,333.95096580113994
B.1.1.135,20B,0.11034420088640344,0.014998388834402193,-4.097109794733727,-1.4710107053118264,211.20562770562773,333.95096580113994
B.1.1.174,20B,0.11044621713144918,0.014998388834402193,-4.833741186824401,-1.4710107053118264,212.28761061946904,333.95096580113994
B.1.1.205,20B,0.11124193369108182,0.014998388834402193,-5.055926367021133,-1.4710107053118264,220.7581395348837,333.95096580113994
B.1.1.228,20B,0.11199169612461657,0.014998388834402193,-4.339327671903952,-1.4710107053118264,228.75047984644917,333.95096580113994
B.1.1.464,20B,0.1121279620549898,0.014998388834402193,-3.627837708727567,-1.4710107053118264,230.20000000000002,333.95096580113994
B.1.1.70,20B,0.11229151392295808,0.014998388834402193,-7.891550608253113,-1.4710107053118264,231.9375,333.95096580113994
B.1.1.378,20B,0.11311857499286744,0.014998388834402193,-9.760968493453515,-1.4710107053118264,240.66666666666666,333.95096580113994
B.1.1.27,20B,0.11338163801035685,0.014998388834402193,-8.43835073583239,-1.4710107053118264,243.41666666666666,333.95096580113994
B.1.1.231,20B,0.1138651631532972,0.014998388834402193,-5.101995962861786,-1.4710107053118264,248.42631578947373,333.95096580113994
B.1.1.203,20B,0.11398581241687865,0.014998388834402193,-9.973608309914255,-1.4710107053118264,249.66666666666666,333.95096580113994
B.1.1.63,20B,0.11426957315806315,0.014998388834402193,-8.007977301771461,-1.4710107053118264,252.56521739130434,333.95096580113994
B.1.1.485,20B,0.11439452210541191,0.014998388834402193,-9.38334752484261,-1.4710107053118264,253.83333333333331,333.95096580113994
B.1.1.189,20B,0.11525347953851633,0.014998388834402193,-9.787405817170816,-1.4710107053118264,262.40000000000003,333.95096580113994
B.1.1.181,20B,0.11554589660136577,0.014998388834402193,-10.08769685548401,-1.4710107053118264,265.25,333.95096580113994
B.1.1.459,20B,0.11562348127522538,0.014998388834402193,-11.494596417180098,-1.4710107053118264,266.0,333.95096580113994
N.4,20B,0.1156494239658112,0.014998388834402193,-10.115202298070145,-1.4710107053118264,266.25,333.95096580113994
B.1.1,20B,0.11612916450100012,0.014998388834402193,-1.7077286639489286,-1.4710107053118264,270.8230648484254,333.95096580113994
B.1.1.305,20B,0.11623666502427535,0.014998388834402193,-9.174593262793357,-1.4710107053118264,271.8333333333333,333.95096580113994
B.1.1.192,20B,0.11662151226865161,0.014998388834402193,-5.471384823372037,-1.4710107053118264,275.40480591497226,333.95096580113994
B.1.1.46,20B,0.11665005895226792,0.014998388834402193,-10.674060239767364,-1.4710107053118264,275.66666666666663,333.95096580113994
B.1.1.404,20B,0.1167961049923587,0.014998388834402193,-11.813027496940169,-1.4710107053118264,277.0,333.95096580113994
B.1.1.294,20B,0.11680594564434739,0.014998388834402193,-9.417860063572489,-1.4710107053118264,277.0909090909091,333.95096580113994
B.1.1.298,20B,0.11690626292017071,0.014998388834402193,-11.843597087489899,-1.4710107053118264,278.0,333.95096580113994
B.1.1.359,20B,0.11690615901646773,0.014998388834402193,-10.457277206394453,-1.4710107053118264,278.0,333.95096580113994
B.1.1.329,20B,0.11757258723972089,0.014998388834402193,-6.265627113649816,-1.4710107053118264,283.9153605015674,333.95096580113994
B.1.1.263,20B,0.1179896841309169,0.014998388834402193,-10.763695901648681,-1.4710107053118264,287.5,333.95096580113994
B.1.1.44,20B,0.11842418457306662,0.014998388834402193,-9.184658680842901,-1.4710107053118264,291.1363636363637,333.95096580113994
B.1.1.186,20B,0.11846071939364342,0.014998388834402193,-6.422712738134801,-1.4710107053118264,291.4375,333.95096580113994
AD.2,20B,0.11888187928843306,0.014998388834402193,-10.46389904112073,-1.4710107053118264,294.85714285714283,333.95096580113994
B.1.1.159,20B,0.11910119652296744,0.014998388834402193,-10.865230174057425,-1.4710107053118264,296.6,333.95096580113994
B.1.1.243,20B,0.11912018217247444,0.014998388834402193,-10.400862111486637,-1.4710107053118264,296.75,333.95096580113994
B.1.533,20B,0.12085092841526433,0.014998388834402193,-6.424595641716936,-1.4710107053118264,309.5839112343967,333.95096580113994
B.1.1.50,20B,0.12163566788027386,0.014998388834402193,-11.053054649580128,-1.4710107053118264,314.8888888888888,333.95096580113994
B.1.1.432,20B,0.12178830893314381,0.014998388834402193,-6.510575501647481,-1.4710107053118264,315.8850056369786,333.95096580113994
B.1.1.265,20B,0.12215775042423559,0.014998388834402193,-7.459722798611094,-1.4710107053118264,318.24870466321244,333.95096580113994
B.1.1.487,20B,0.1221973555254219,0.014998388834402193,-12.73506526593378,-1.4710107053118264,318.5,333.95096580113994
B.1.1.312,20B,0.12332335657086825,0.014998388834402193,-11.844767355968283,-1.4710107053118264,325.28571428571433,333.95096580113994
B.1.1.418,20B,0.12345350553548674,0.014998388834402193,-9.738713416470711,-1.4710107053118264,326.03333333333336,333.95096580113994
B.1.1.306,20B,0.12388250741129017,0.014998388834402193,-9.799060766958268,-1.4710107053118264,328.4461538461539,333.95096580113994
B.1.1.416,20B,0.12405454176866282,0.014998388834402193,-6.696357334559031,-1.4710107053118264,329.3919007184847,333.95096580113994
B.1.1.434,20B,0.12486548464353796,0.014998388834402193,-6.32231622642885,-1.4710107053118264,333.6888736263736,333.95096580113994
B.1.1.207,20B,0.1254040695887804,0.014998388834402193,-7.410343723754295,-1.4710107053118264,336.40255319148935,333.95096580113994
B.1.1.163,20B,0.12542378579458063,0.014998388834402193,-13.792850036481921,-1.4710107053118264,336.5,333.95096580113994
B.1.1.39,20B,0.12547459717578857,0.014998388834402193,-11.507372734391733,-1.4710107053118264,336.75,333.95096580113994
B.1.1.371,20B,0.12557670059804363,0.014998388834402193,-13.151214848318753,-1.4710107053118264,337.25,333.95096580113994
B.1.1.141,20B,0.12649873130340075,0.014998388834402193,-13.241055866925432,-1.4710107053118264,341.6,333.95096580113994
B.1.1.67,20B,0.12658682275137154,0.014998388834402193,-14.88062562871037,-1.4710107053118264,342.0,333.95096580113994
B.1.1.25,20B,0.1267359015844097,0.014998388834402193,-9.653526617913679,-1.4710107053118264,342.6734693877551,333.95096580113994
N.9,20B,0.12703465590089724,0.014998388834402193,-15.034233753928346,-1.4710107053118264,344.0,333.95096580113994
B.1.1.486,20B,0.12719352282724014,0.014998388834402193,-8.545009203807034,-1.4710107053118264,344.694964028777,333.95096580113994
B.1.1.37,20B,0.1273411404594986,0.014998388834402193,-14.041240762715978,-1.4710107053118264,345.3333333333333,333.95096580113994
B.1.1.316,20B,0.12817745146507037,0.014998388834402193,-8.108284678671698,-1.4710107053118264,348.83278255122275,333.95096580113994
B.1.1.176,20B,0.12821860256783862,0.014998388834402193,-15.444495603427413,-1.4710107053118264,349.0,333.95096580113994
B.1.1.216,20B,0.12822544447326986,0.014998388834402193,-11.863361087608865,-1.4710107053118264,349.02777777777777,333.95096580113994
B.1.1.368,20B,0.12850647142140714,0.014998388834402193,-9.70448436513376,-1.4710107053118264,350.156976744186,333.95096580113994
B.1.1.153,20B,0.12871975054009677,0.014998388834402193,-14.233605547033264,-1.4710107053118264,351.0,333.95096580113994
B.1.1.214,20B,0.12891182913783703,0.014998388834402193,-13.202482825474416,-1.4710107053118264,351.75,333.95096580113994
B.1.1.317,20B,0.1289725414563486,0.014998388834402193,-11.504059242363697,-1.4710107053118264,351.98507462686564,333.95096580113994
B.1.1.57,20B,0.12904130768219632,0.014998388834402193,-14.346672595097187,-1.4710107053118264,352.25,333.95096580113994
B.1.1.101,20B,0.1290629232912501,0.014998388834402193,-12.244073021779515,-1.4710107053118264,352.3333333333333,333.95096580113994
B.1.1.351,20B,0.12949364653928797,0.014998388834402193,-11.815154428897435,-1.4710107053118264,353.9661016949152,333.95096580113994
B.1.1.220,20B,0.130083627131188,0.014998388834402193,-13.394120077119911,-1.4710107053118264,356.1333333333333,333.95096580113994
B.1.1.413,20B,0.1308971953272194,0.014998388834402193,-14.313639411215977,-1.4710107053118264,359.0,333.95096580113994
B.1.1.170,20B,0.13154842152703833,0.014998388834402193,-15.018152978440533,-1.4710107053118264,361.20000000000005,333.95096580113994
B.1.1.397,20B,0.13173018287542715,0.014998388834402193,-15.083863023749318,-1.4710107053118264,361.8,333.95096580113994
B.1.1.354,20B,0.13194453187196978,0.014998388834402193,-16.077776905812126,-1.4710107053118264,362.5,333.95096580113994
L.3,20B,0.13222983219160755,0.014998388834402193,-13.440492555982203,-1.4710107053118264,363.41935483870964,333.95096580113994
B.1.1.28,20B,0.13683786514813923,0.014998388834402193,-13.36029176693433,-1.4710107053118264,376.63243243243244,333.95096580113994
B.1.1.117,20B,0.13876571416624517,0.014998388834402193,-16.538837399720034,-1.4710107053118264,381.4375,333.95096580113994
B.1.1.99,20B,0.1390846448439981,0.014998388834402193,-17.823761646885536,-1.4710107053118264,382.20000000000005,333.95096580113994
B.1.1.274,20B,0.1391690209933605,0.014998388834402193,-16.064259812146513,-1.4710107053118264,382.40000000000003,333.95096580113994
B.1.1.525,20B,0.14015307505425845,0.014998388834402193,-17.277944321098587,-1.4710107053118264,384.6923076923077,333.95096580113994
B.1.1.348,20B,0.14082533556203,0.014998388834402193,-13.728701263321522,-1.4710107053118264,386.2150170648464,333.95096580113994
P.2,20B,0.14204445414404795,0.014998388834402193,-13.194873921827485,-1.4710107053118264,388.8933250155958,333.95096580113994
N.5,20B,0.1429604337859122,0.014998388834402193,-17.01959765504409,-1.4710107053118264,390.84,333.95096580113994
B.1.1.420,20B,0.14404896284279298,0.014998388834402193,-16.70432869388326,-1.4710107053118264,393.08571428571435,333.95096580113994
B.1.1.374,20B,0.1498496108824049,0.014998388834402193,-23.670841462007317,-1.4710107053118264,404.0,333.95096580113994
P.6,20B,0.14934487688282486,0.014998388834402193,-22.81708641340656,-1.4710107053118264,407.0,333.95096580113994
AZ.1,20B,0.15008978165827647,0.014998388834402193,-22.20433850936665,-1.4710107053118264,408.40000000000003,333.95096580113994
P.7,20B,0.15023121379157078,0.014998388834402193,-22.772952690688477,-1.4710107053118264,408.66666666666663,333.95096580113994
R.1,20B,0.15091746048933508,0.014998388834402193,-16.0420195389635,-1.4710107053118264,409.9477320516672,333.95096580113994
B.1.1.519,20B,0.15277281903624626,0.014998388834402193,-15.196699464117632,-1.4710107053118264,413.332712302422,333.95096580113994
AZ.2,20B,0.16795561452487676,0.014998388834402193,-31.388434480627186,-1.4710107053118264,439.0,333.95096580113994
AZ.3,20B,0.17141492133710257,0.014998388834402193,-26.356506893712087,-1.4710107053118264,444.8073654390935,333.95096580113994
B.1.1.318,20B,0.17542964145023235,0.014998388834402193,-27.20651046575438,-1.4710107053118264,452.11555312157725,333.95096580113994
B.1.1.523,20B,0.1856507632235477,0.014998388834402193,-36.147864407606505,-1.4710107053118264,473.66666666666663,333.95096580113994
AZ.5,20B,0.22648739885570282,0.014998388834402193,-60.82656676691604,-1.4710107053118264,570.0,333.95096580113994
B.1.1.161,20B,0.24760206549930797,0.014998388834402193,-67.94469346731259,-1.4710107053118264,619.7991266375547,333.95096580113994
B.1.2,20G,0.12583965892613136,0.015562051613376576,-2.718953628594531,-0.8065618544669886,338.5201197072026,338.5201197072026
B.1.177.81,20E,0.11531485957963367,0.01653853159697682,-11.412964643446085,-7.272211020498445,263.0,347.39009287925694
B.1.177.54,20E,0.11690624135533675,0.01653853159697682,-11.150442348180624,-7.272211020498445,278.0,347.39009287925694
B.1.177.82,20E,0.11871331990315967,0.01653853159697682,-11.667071201736091,-7.272211020498445,293.5,347.39009287925694
B.1.177.86,20E,0.12478037056153163,0.01653853159697682,-11.78562370486101,-7.272211020498445,333.25,347.39009287925694
B.1.177.60,20E,0.12552554274646283,0.01653853159697682,-13.421654841047712,-7.272211020498445,337.0,347.39009287925694
B.1.177.53,20E,0.12574656755167044,0.01653853159697682,-10.881300675325416,-7.272211020498445,338.07317073170736,347.39009287925694
B.1.177.46,20E,0.12636787552353254,0.01653853159697682,-14.805852831439285,-7.272211020498445,341.0,347.39009287925694
B.1.177.18,20E,0.12723307284113955,0.01653853159697682,-12.394507293513547,-7.272211020498445,344.8666666666667,347.39009287925694
B.1.177,20E,0.12771233393413886,0.01653853159697682,-10.016057321876579,-7.272211020498445,346.9109947643979,347.39009287925694
W.1,20E,0.13282957724529898,0.01653853159697682,-13.141764061795085,-7.272211020498445,365.3076923076923,347.39009287925694
B.1.177.7,20E,0.14102755396490185,0.01653853159697682,-19.081554159903657,-7.272211020498445,386.66666666666663,347.39009287925694
B.1.429,21C,0.1416140612312382,0.024355891453842936,-9.575662127904186,-4.726535342595608,387.9595636191154,387.99927351979653
B.1.427,21C,0.14173676073312977,0.024355891453842936,-10.393688081967891,-4.726535342595608,388.227047570245,387.99927351979653
C.1,20D,0.10943793087126767,0.02617016026941899,-8.946978394085722,-9.610260230361053,201.66666666666663,394.2587412587412
C.33,20D,0.11865169607443725,0.02617016026941899,-12.342150954521863,-9.610260230361053,293.0,394.2587412587412
B.1.1.1,20D,0.11885373305541727,0.02617016026941899,-6.972167943011466,-9.610260230361053,294.6315789473684,394.2587412587412
C.35,20D,0.11889977029633779,0.02617016026941899,-10.62332553983541,-9.610260230361053,295.0,394.2587412587412
C.23,20D,0.12661708184215445,0.02617016026941899,-9.577750824112645,-9.610260230361053,342.1379310344828,394.2587412587412
C.14,20D,0.1308557846648466,0.02617016026941899,-14.432310661054208,-9.610260230361053,358.85714285714283,394.2587412587412
C.36,20D,0.13103704100212307,0.02617016026941899,-12.572119099570491,-9.610260230361053,359.4791666666666,394.2587412587412
C.13,20D,0.1332413955984571,0.02617016026941899,-15.297797374167468,-9.610260230361053,366.57142857142856,394.2587412587412
C.4,20D,0.13529071487947117,0.02617016026941899,-17.307954773601065,-9.610260230361053,372.5,394.2587412587412
C.2.1,20D,0.1390491410656177,0.02617016026941899,-15.468388442662189,-9.610260230361053,382.11538461538464,394.2587412587412
C.16,20D,0.15256343990608817,0.02617016026941899,-20.093501834131754,-9.610260230361053,412.95614035087715,394.2587412587412
C.38,20D,0.17375337685977305,0.02617016026941899,-31.188566472839288,-9.610260230361053,449.0,394.2587412587412
C.36.3,20D,0.18061226950047513,0.02617016026941899,-31.62626510819109,-9.610260230361053,462.4595744680851,394.2587412587412
C.36.3.1,20D,0.186874201204989,0.02617016026941899,-34.626801414484646,-9.610260230361053,476.5565610859729,394.2587412587412
C.1.2,20D,0.2072865731541374,0.02617016026941899,-50.2788212253527,-9.610260230361053,528.0,394.2587412587412
B.1.525,21D,0.1614127437929413,0.04011836073058054,-21.260195101133878,-15.115045532283235,428.0442779291553,428.0442779291553
B.1.526,21F,0.165732963243731,0.0435941855950791,-19.712187697549393,-13.20251805228607,435.1555730160512,435.1555730160512
B.1.351,20H,0.16654629344474156,0.04419909528027736,-22.709114243819908,-16.066936553452305,436.50551876379694,437.10600600600606
B.1.351.2,20H,0.1691865811280949,0.04419909528027736,-28.93352818647267,-16.066936553452305,440.95000000000005,437.10600600600606
B.1.351.3,20H,0.170721125840852,0.04419909528027736,-28.277196658992573,-16.066936553452305,443.5921052631579,437.10600600600606
B.1.351.5,20H,0.17858979000129344,0.04419909528027736,-32.01165234417025,-16.066936553452305,458.2857142857142,437.10600600600606
P.3,21E,0.16852540323481296,0.04555940220279676,-28.50259102773746,-21.638617786306504,439.82608695652175,439.82608695652175
B.1.617.1,21B,0.16957322725691287,0.04644952120606161,-26.265068119389134,-19.331592798865756,441.6111111111111,441.6111111111111
Q.7,20I,0.16077996145077206,0.04898178480791309,-26.89501839362951,-13.84679248599876,427.0,446.7448112018154
Q.4,20I,0.16610958525130592,0.04898178480791309,-24.02367119286288,-13.84679248599876,435.77982954545456,446.7448112018154
Q.8,20I,0.17095410718371992,0.04898178480791309,-30.408748084139066,-13.84679248599876,444.00000000000006,446.7448112018154
B.1.1.7,20I,0.1723634716356223,0.04898178480791309,-20.92735953569648,-13.84679248599876,446.4880234522913,446.7448112018154
Q.3,20I,0.1775147444325222,0.04898178480791309,-26.75012036119967,-13.84679248599876,456.1403957463993,446.7448112018154
Q.1,20I,0.18126388977258992,0.04898178480791309,-33.22876679560549,-13.84679248599876,463.84375,446.7448112018154
B.23,19A,0.0010318424155740817,0.052181464013797696,-0.3651733335774021,-18.980703950751746,45.375,453.4379157427938
B.39,19A,0.013161757077511374,0.052181464013797696,-0.06403035590094647,-18.980703950751746,47.578947368421055,453.4379157427938
B.3,19A,0.03521966520701239,0.052181464013797696,-0.439132401674671,-18.980703950751746,51.74358974358974,453.4379157427938
B.6,19A,0.047321830849953644,0.052181464013797696,-0.46867213768814253,-18.980703950751746,54.56944444444444,453.4379157427938
B.40,19A,0.053193290057560134,0.052181464013797696,-0.23425099888242204,-18.980703950751746,56.24603174603175,453.4379157427938
B.4,19A,0.07474089440956887,0.052181464013797696,-1.7822103898187422,-18.980703950751746,66.62626262626262,453.4379157427938
B.6.6,19A,0.09045144958195553,0.052181464013797696,-6.174761407320425,-18.980703950751746,88.0,453.4379157427938
B.55,19A,0.10584727813039578,0.052181464013797696,-6.901295348067675,-18.980703950751746,166.5,453.4379157427938
B,19A,0.18767340491843923,0.052181464013797696,-31.7179731246423,-18.980703950751746,478.4768323504633,453.4379157427938
P.1.1,20J,0.15882660367166093,0.0597954696379272,-24.61718953581894,-20.92054662275029,423.7647058823529,471.14681892332794
P.1.13,20J,0.17977842519792417,0.0597954696379272,-29.70062571770603,-20.92054662275029,460.7164995442115,471.14681892332794
P.1.14,20J,0.18231763853373173,0.0597954696379272,-33.48317076139165,-20.92054662275029,466.12345679012344,471.14681892332794
P.1.10,20J,0.1831145769813454,0.0597954696379272,-30.309206606914024,-20.92054662275029,467.88145247419016,471.14681892332794
P.1,20J,0.18379428604447534,0.0597954696379272,-28.618483625403353,-20.92054662275029,469.40374242207275,471.14681892332794
P.1.10.1,20J,0.1844853558851592,0.0597954696379272,-32.19622725376476,-20.92054662275029,470.9728395061728,471.14681892332794
P.1.17,20J,0.1880283067952367,0.0597954696379272,-32.21135344214367,-20.92054662275029,479.33736903376024,471.14681892332794
P.1.15,20J,0.19043234186425584,0.0597954696379272,-35.94299572679998,-20.92054662275029,485.280487804878,471.14681892332794
P.1.17.1,20J,0.20003837286497655,0.0597954696379272,-45.82274704630698,-20.92054662275029,510.0,471.14681892332794
P.1.2,20J,0.20073950454407302,0.0597954696379272,-45.264699102152264,-20.92054662275029,511.80000000000007,471.14681892332794
P.1.4,20J,0.20620331499550995,0.0597954696379272,-47.405485538197794,-20.92054662275029,525.4,471.14681892332794
P.1.8,20J,0.20728715760008354,0.0597954696379272,-48.89269399606261,-20.92054662275029,528.0,471.14681892332794
P.1.7,20J,0.21309201128222044,0.0597954696379272,-48.069726843883856,-20.92054662275029,541.2906403940887,471.14681892332794
P.1.11,20J,0.21386831672405746,0.0597954696379272,-53.80387694035404,-20.92054662275029,543.0,471.14681892332794
P.1.12.1,20J,0.21872192188197298,0.0597954696379272,-53.69219974387198,-20.92054662275029,553.4375,471.14681892332794
P.1.7.1,20J,0.22002002512166757,0.0597954696379272,-54.14046987311824,-20.92054662275029,556.1904761904761,471.14681892332794
P.1.9,20J,0.2280721759943749,0.0597954696379272,-61.039201887771156,-20.92054662275029,573.5,471.14681892332794
C.37.1,21G,0.18086115197287297,0.06163889604743395,-32.938333973025415,-24.926212452582586,462.98591549295776,475.71257485029946
C.37,21G,0.186819850376848,0.06163889604743395,-32.856238749229135,-24.926212452582586,476.42687747035575,475.71257485029946
B.1.621.1,21H,0.20245855553047365,0.07788185970349656,-40.570845218751046,-31.386727048635038,516.1633888048411,518.5675715990453
B.1.621,21H,0.20271371420500628,0.07788185970349656,-39.385423681814885,-31.386727048635038,516.8048632218844,518.5675715990453
BB.2,21H,0.21149249660887284,0.07788185970349656,-46.59038565712846,-31.386727048635038,537.7234042553191,518.5675715990453
B.1.621.2,21H,0.23290605084516264,0.07788185970349656,-60.268231459276876,-31.386727048635038,584.4084507042253,518.5675715990453
AY.16.1,21A,0.20813365808924678,0.09561969247267427,-50.72674400689173,-38.84937799696539,530.0,560.0098351796811
AY.53,21A,0.21178244224522924,0.09561969247267427,-49.49792568054853,-38.84937799696539,538.375,560.0098351796811
AY.49,21A,0.21282768093995974,0.09561969247267427,-47.87395470788719,-38.84937799696539,540.7056074766355,560.0098351796811
AY.52,21A,0.21508822568985428,0.09561969247267427,-47.32817812070664,-38.84937799696539,545.6582077716098,560.0098351796811
AY.48,21A,0.21712579777473986,0.09561969247267427,-48.07864016203059,-38.84937799696539,550.0412541254125,560.0098351796811
AY.13,21A,0.21896075090206707,0.09561969247267427,-47.754414791715334,-38.84937799696539,553.9459771775241,560.0098351796811
AY.15,21A,0.21901922594682185,0.09561969247267427,-52.02424455942357,-38.84937799696539,554.0699999999999,560.0098351796811
AY.14,21A,0.22239447838827225,0.09561969247267427,-48.93620712409018,-38.84937799696539,561.2212272664167,560.0098351796811
AY.35,21A,0.2241263740605598,0.09561969247267427,-52.01655088140549,-38.84937799696539,564.9111111111113,560.0098351796811
AY.54,21A,0.22737044371089465,0.09561969247267427,-51.82801283383217,-38.84937799696539,571.9298297999402,560.0098351796811
AY.51,21A,0.2311734764394767,0.09561969247267427,-59.13981665821386,-38.84937799696539,580.4250000000001,560.0098351796811
B.1.617.2,21A,0.23360975321154587,0.09561969247267427,-53.47789922461759,-38.84937799696539,586.046881066051,560.0098351796811
AY.30,21A,0.2371365832318213,0.09561969247267427,-64.07987794348028,-38.84937799696539,594.421052631579,560.0098351796811
AY.16,21A,0.23863923106773302,0.09561969247267427,-61.463480169886424,-38.84937799696539,598.0565149136578,560.0098351796811
AY.10,21I,0.17345833286919246,0.10417509379158839,-31.2637949606845,-42.95129325388189,448.4615384615384,579.2578550830931
AY.55,21I,0.20212931365113893,0.10417509379158839,-44.87989031045607,-42.95129325388189,515.3333333333334,579.2578550830931
AY.2,21I,0.2113115816969089,0.10417509379158839,-44.23877364974568,-42.95129325388189,537.3156572704438,579.2578550830931
AY.68,21I,0.21206211139125183,0.10417509379158839,-52.13337488947905,-42.95129325388189,539.0,579.2578550830931
AY.38,21I,0.21228540200744642,0.10417509379158839,-48.590335463522564,-42.95129325388189,539.5,579.2578550830931
AY.71,21I,0.21682663062500632,0.10417509379158839,-53.810204784244746,-42.95129325388189,549.4,579.2578550830931
AY.67,21I,0.21854402581688429,0.10417509379158839,-48.608881581784885,-42.95129325388189,553.0615647712698,579.2578550830931
AY.60,21I,0.2189843569727089,0.10417509379158839,-55.51157819188457,-42.95129325388189,554.0,579.2578550830931
AY.62,21I,0.2223502883376783,0.10417509379158839,-50.87348389076816,-42.95129325388189,561.1274074074074,579.2578550830931
AY.9,21I,0.22265911470449326,0.10417509379158839,-54.565856625775815,-42.95129325388189,561.7833333333333,579.2578550830931
AY.9.2.2,21I,0.22393658776946518,0.10417509379158839,-58.68651766259846,-42.95129325388189,564.5,579.2578550830931
AY.75.2,21I,0.22471947237765252,0.10417509379158839,-57.424310187356035,-42.95129325388189,566.1818181818181,579.2578550830931
AY.74,21I,0.22692329589457222,0.10417509379158839,-54.17548281801331,-42.95129325388189,570.9516129032257,579.2578550830931
AY.37,21I,0.2275164466081137,0.10417509379158839,-53.555996853839886,-42.95129325388189,572.2500966370313,579.2578550830931
AY.56,21I,0.22769871792154808,0.10417509379158839,-55.59969832464036,-42.95129325388189,572.6505376344086,579.2578550830931
AY.24,21I,0.22778243706254445,0.10417509379158839,-55.655745084614814,-42.95129325388189,572.8346883468835,579.2578550830931
AY.26,21I,0.22795371597852618,0.10417509379158839,-54.012617855240116,-42.95129325388189,573.2118764845605,579.2578550830931
AY.75,21I,0.22875738514341096,0.10417509379158839,-52.207994415272275,-42.95129325388189,574.9901448704051,579.2578550830931
AY.73,21I,0.22886658473171348,0.10417509379158839,-59.35569260658079,-42.95129325388189,575.2352941176471,579.2578550830931
AY.59,21I,0.23006261722074062,0.10417509379158839,-60.48058096555657,-42.95129325388189,577.9090909090909,579.2578550830931
AY.65,21I,0.23065188902552583,0.10417509379158839,-60.00053207305342,-42.95129325388189,579.24,579.2578550830931
AY.64,21I,0.23170532947629302,0.10417509379158839,-56.22696716182523,-42.95129325388189,581.6400797607179,579.2578550830931
AY.70,21I,0.23193198296172748,0.10417509379158839,-60.74387863223113,-42.95129325388189,582.16,579.2578550830931
AY.28,21I,0.23324626942526494,0.10417509379158839,-63.120415490906005,-42.95129325388189,585.2,579.2578550830931
AY.47,21I,0.23348360292164758,0.10417509379158839,-54.294922047535614,-42.95129325388189,585.752308125112,579.2578550830931
AY.9.2,21I,0.2366214089415426,0.10417509379158839,-59.77624901229229,-42.95129325388189,593.1826086956521,579.2578550830931
AY.72,21I,0.24217365602643987,0.10417509379158839,-67.27668329275501,-42.95129325388189,606.6875,579.2578550830931
AY.57,21I,0.24735519831985256,0.10417509379158839,-69.29365195980508,-42.95129325388189,619.2156862745097,579.2578550830931
AY.27,21I,0.2528982691131409,0.10417509379158839,-70.9280745265246,-42.95129325388189,631.7993730407525,579.2578550830931
AY.26.1,21I,0.25428903421566196,0.10417509379158839,-76.18763124518615,-42.95129325388189,634.75,579.2578550830931
AY.133,21I,0.26175954314537125,0.10417509379158839,-79.97223208681051,-42.95129325388189,648.7272727272726,579.2578550830931
AY.69,21I,0.2711624337141462,0.10417509379158839,-86.74357211381893,-42.95129325388189,661.8333333333333,579.2578550830931
AY.94,21J,0.21058017035350363,0.1168880733167978,-50.93183611144454,-48.08692123145074,535.6666666666666,610.3001398527043
AY.78,21J,0.21154218621849316,0.1168880733167978,-50.06178374382839,-48.08692123145074,537.8333333333333,610.3001398527043
AY.91,21J,0.21179455700911443,0.1168880733167978,-51.073032648431216,-48.08692123145074,538.4000000000001,610.3001398527043
AY.5.2,21J,0.21804460948914192,0.1168880733167978,-56.090557603165685,-48.08692123145074,552.0,610.3001398527043
AY.33.1,21J,0.21851082731360122,0.1168880733167978,-56.34775723707528,-48.08692123145074,553.0,610.3001398527043
AY.99,21J,0.21851500781024213,0.1168880733167978,-53.354579933219675,-48.08692123145074,553.0,610.3001398527043
AY.7,21J,0.22040105031435653,0.1168880733167978,-57.39696496944765,-48.08692123145074,557.0,610.3001398527043
AY.87,21J,0.22076228871663878,0.1168880733167978,-54.553889938078854,-48.08692123145074,557.7619047619047,610.3001398527043
AY.4.7,21J,0.22165094157508922,0.1168880733167978,-53.32421998040649,-48.08692123145074,559.6440677966102,610.3001398527043
AY.86,21J,0.22226955663819467,0.1168880733167978,-53.93065499080935,-48.08692123145074,560.956043956044,610.3001398527043
AY.110,21J,0.22308017890998827,0.1168880733167978,-50.73015214515145,-48.08692123145074,562.6788756388416,610.3001398527043
AY.23,21J,0.22313095553826823,0.1168880733167978,-53.487430508977226,-48.08692123145074,562.7869565217392,610.3001398527043
AY.5.5,21J,0.2232282602032223,0.1168880733167978,-58.980029933750835,-48.08692123145074,563.0,610.3001398527043
AY.122.2,21J,0.22369684470711737,0.1168880733167978,-58.551038658659905,-48.08692123145074,564.0,610.3001398527043
AY.82,21J,0.22393401113099598,0.1168880733167978,-57.58639098474016,-48.08692123145074,564.5,610.3001398527043
AY.116,21J,0.22562287014216287,0.1168880733167978,-55.09812325432435,-48.08692123145074,568.1276595744681,610.3001398527043
AY.77,21J,0.22690355799768727,0.1168880733167978,-54.888069630775966,-48.08692123145074,570.9085239085239,610.3001398527043
AY.95,21J,0.2269628760472425,0.1168880733167978,-57.12751517290492,-48.08692123145074,571.0377358490566,610.3001398527043
AY.108,21J,0.22730741366519444,0.1168880733167978,-57.4234792112958,-48.08692123145074,571.7916666666665,610.3001398527043
AY.120.2,21J,0.22739895306406574,0.1168880733167978,-60.653730879386664,-48.08692123145074,572.0,610.3001398527043
AY.120.2.1,21J,0.22778170935347375,0.1168880733167978,-59.77436897660077,-48.08692123145074,572.8333333333333,610.3001398527043
AY.46.2,21J,0.2279400776135645,0.1168880733167978,-57.06175106270348,-48.08692123145074,573.1818181818182,610.3001398527043
AY.4.1,21J,0.22831514972169484,0.1168880733167978,-61.87197091040104,-48.08692123145074,574.0,610.3001398527043
AY.76,21J,0.22842255995194133,0.1168880733167978,-60.54743789776387,-48.08692123145074,574.25,610.3001398527043
AY.29.1,21J,0.22921119744426746,0.1168880733167978,-62.387157930121646,-48.08692123145074,576.0,610.3001398527043
AY.42.1,21J,0.23002098199789647,0.1168880733167978,-58.68002420691491,-48.08692123145074,577.8153846153846,610.3001398527043
AY.81,21J,0.23003448650606545,0.1168880733167978,-56.41808385543678,-48.08692123145074,577.845786963434,610.3001398527043
AY.1,21J,0.2303738141244996,0.1168880733167978,-55.217717446396165,-48.08692123145074,578.6109362706529,610.3001398527043
AY.5.4,21J,0.23068030449594168,0.1168880733167978,-60.10037634581362,-48.08692123145074,579.304347826087,610.3001398527043
AY.29,21J,0.2319694958190688,0.1168880733167978,-59.810207937300866,-48.08692123145074,582.2461538461539,610.3001398527043
AY.4.6,21J,0.2329835606598795,0.1168880733167978,-61.743002486013474,-48.08692123145074,584.5882352941177,610.3001398527043
AY.104,21J,0.2335947046146575,0.1168880733167978,-64.9338295827546,-48.08692123145074,586.0,610.3001398527043
AY.6,21J,0.234016846580706,0.1168880733167978,-61.44383681046609,-48.08692123145074,586.9999999999999,610.3001398527043
AY.114,21J,0.2342822931120603,0.1168880733167978,-56.76515688683427,-48.08692123145074,587.6235093696763,610.3001398527043
AY.116.1,21J,0.23437360684400577,0.1168880733167978,-56.90043033255858,-48.08692123145074,587.8383651673856,610.3001398527043
AY.5,21J,0.234514517819677,0.1168880733167978,-57.58334791816677,-48.08692123145074,588.1702844311377,610.3001398527043
AY.120.1,21J,0.23516037940249335,0.1168880733167978,-57.48653495400423,-48.08692123145074,589.697166744078,610.3001398527043
AY.106,21J,0.235675331203868,0.1168880733167978,-61.223805969812894,-48.08692123145074,590.9208633093526,610.3001398527043
AY.4.4,21J,0.23580730535116434,0.1168880733167978,-63.40307405155334,-48.08692123145074,591.235294117647,610.3001398527043
AY.25.1.1,21J,0.2359729017299316,0.1168880733167978,-57.47061048890524,-48.08692123145074,591.6304101838756,610.3001398527043
AY.105,21J,0.23604322253875398,0.1168880733167978,-59.49648017574503,-48.08692123145074,591.798353909465,610.3001398527043
AY.39.1.1,21J,0.23676206246977974,0.1168880733167978,-66.10877226704828,-48.08692123145074,593.5,610.3001398527043
AY.118,21J,0.23806679080411366,0.1168880733167978,-57.614042569824086,-48.08692123145074,596.6678586552488,610.3001398527043
AY.45,21J,0.238928438923201,0.1168880733167978,-62.43383198796923,-48.08692123145074,598.7595818815331,610.3001398527043
AY.3.1,21J,0.23910442732238543,0.1168880733167978,-58.44205832189139,-48.08692123145074,599.1878510625978,610.3001398527043
AY.88,21J,0.2394061186923504,0.1168880733167978,-62.98597966332174,-48.08692123145074,599.9227272727273,610.3001398527043
AY.20,21J,0.2395192177497763,0.1168880733167978,-58.544636164792024,-48.08692123145074,600.1984289788363,610.3001398527043
AY.122,21J,0.2401821508232939,0.1168880733167978,-58.645239104532195,-48.08692123145074,601.8164629842875,610.3001398527043
AY.46,21J,0.24049933217236855,0.1168880733167978,-62.434321100117096,-48.08692123145074,602.5915875169605,610.3001398527043
AY.44,21J,0.24053090168785785,0.1168880733167978,-56.59428512079887,-48.08692123145074,602.6687628997719,610.3001398527043
AY.5.3,21J,0.24056792087638915,0.1168880733167978,-61.31735244143484,-48.08692123145074,602.7592671495527,610.3001398527043
AY.25,21J,0.24141706889917397,0.1168880733167978,-57.69368337537269,-48.08692123145074,604.8364223169419,610.3001398527043
AY.112,21J,0.24161494077312679,0.1168880733167978,-64.83548994555647,-48.08692123145074,605.3206106870228,610.3001398527043
AY.92,21J,0.24169224231387265,0.1168880733167978,-65.82566178004538,-48.08692123145074,605.5098039215686,610.3001398527043
AY.34.2,21J,0.2418182864556177,0.1168880733167978,-67.43593499708629,-48.08692123145074,605.8181818181819,610.3001398527043
AY.84,21J,0.2418414278231366,0.1168880733167978,-67.76839929751685,-48.08692123145074,605.875,610.3001398527043
AY.93,21J,0.24209704970994875,0.1168880733167978,-68.61650927171767,-48.08692123145074,606.5,610.3001398527043
AY.33,21J,0.24228146422264552,0.1168880733167978,-63.122594720156705,-48.08692123145074,606.9512867647059,610.3001398527043
AY.46.4,21J,0.24275171422608957,0.1168880733167978,-61.692401521289085,-48.08692123145074,608.1009750454471,610.3001398527043
AY.102,21J,0.2428668415027749,0.1168880733167978,-66.94404453376374,-48.08692123145074,608.3823529411766,610.3001398527043
AY.3,21J,0.24307716965331622,0.1168880733167978,-58.573563024377364,-48.08692123145074,608.8959850405452,610.3001398527043
AY.7.1,21J,0.24361354225854326,0.1168880733167978,-67.14117475237168,-48.08692123145074,610.2045454545455,610.3001398527043
AY.98,21J,0.24402374725242726,0.1168880733167978,-65.7334616394247,-48.08692123145074,611.2034632034632,610.3001398527043
AY.20.1,21J,0.24430998092694947,0.1168880733167978,-63.99848506093627,-48.08692123145074,611.8993589743591,610.3001398527043
AY.79,21J,0.24435090567716128,0.1168880733167978,-69.98964170113292,-48.08692123145074,612.0,610.3001398527043
AY.107,21J,0.24438956000393455,0.1168880733167978,-63.27133807083954,-48.08692123145074,612.0926526999115,610.3001398527043
AY.25.1,21J,0.2443952913818148,0.1168880733167978,-60.359878648952574,-48.08692123145074,612.1065721917437,610.3001398527043
AY.119,21J,0.24451720970976398,0.1168880733167978,-61.03429793970487,-48.08692123145074,612.402534965035,610.3001398527043
AY.3.2,21J,0.24495933469179026,0.1168880733167978,-65.32552993035276,-48.08692123145074,613.474025974026,610.3001398527043
AY.99.2,21J,0.24509004404389528,0.1168880733167978,-66.17299268712512,-48.08692123145074,613.7902097902098,610.3001398527043
AY.39.1,21J,0.24586266266151363,0.1168880733167978,-63.3187356470911,-48.08692123145074,615.6530561122245,610.3001398527043
AY.124,21J,0.24664091796190893,0.1168880733167978,-68.31788339698836,-48.08692123145074,617.5172413793103,610.3001398527043
AY.32,21J,0.24684054297788274,0.1168880733167978,-70.60449207096921,-48.08692123145074,618.0,610.3001398527043
AY.103,21J,0.24691653976974873,0.1168880733167978,-60.333774586981576,-48.08692123145074,618.1740268236832,610.3001398527043
AY.122.1,21J,0.24727624687970995,0.1168880733167978,-67.82001261911937,-48.08692123145074,619.0283018867924,610.3001398527043
AY.39,21J,0.24730797539981877,0.1168880733167978,-62.421355619916554,-48.08692123145074,619.1035038175921,610.3001398527043
AY.42,21J,0.24752442531797902,0.1168880733167978,-67.17544326245073,-48.08692123145074,619.6157112526539,610.3001398527043
AY.46.5,21J,0.24770089203521228,0.1168880733167978,-70.0056934498224,-48.08692123145074,620.0322580645161,610.3001398527043
AY.117,21J,0.24780851122657815,0.1168880733167978,-63.84640711115755,-48.08692123145074,620.2859420844495,610.3001398527043
AY.36,21J,0.2478336667114408,0.1168880733167978,-66.44706199313039,-48.08692123145074,620.3451776649747,610.3001398527043
AY.100,21J,0.24800738954987522,0.1168880733167978,-62.327957765664785,-48.08692123145074,620.753745075519,610.3001398527043
AY.119.2,21J,0.2481545287411459,0.1168880733167978,-64.39182435166694,-48.08692123145074,621.0990767045455,610.3001398527043
AY.39.2,21J,0.2482206315087182,0.1168880733167978,-66.44903253244175,-48.08692123145074,621.254,610.3001398527043
AY.83,21J,0.2484763540850949,0.1168880733167978,-67.00646722425004,-48.08692123145074,621.8520357497516,610.3001398527043
AY.126,21J,0.24854249983676865,0.1168880733167978,-67.29792706245306,-48.08692123145074,622.0063775510204,610.3001398527043
AY.113,21J,0.24877425007399176,0.1168880733167978,-64.96738221496429,-48.08692123145074,622.5460109524321,610.3001398527043
AY.4,21J,0.24892294831822717,0.1168880733167978,-65.0985088408773,-48.08692123145074,622.8913067737976,610.3001398527043
AY.128,21J,0.24929410011905234,0.1168880733167978,-72.35104993996259,-48.08692123145074,623.75,610.3001398527043
AY.98.1,21J,0.2496333773688179,0.1168880733167978,-66.65099531221979,-48.08692123145074,624.5302876480542,610.3001398527043
AY.120,21J,0.24968667275730014,0.1168880733167978,-67.73241481745765,-48.08692123145074,624.6525096525097,610.3001398527043
AY.34.1.1,21J,0.25179700630660135,0.1168880733167978,-73.69621905535148,-48.08692123145074,629.4000000000001,610.3001398527043
AY.46.1,21J,0.2527983186909549,0.1168880733167978,-69.33303656372165,-48.08692123145074,631.5840108401085,610.3001398527043
AY.34,21J,0.25286220139018317,0.1168880733167978,-69.74586686438626,-48.08692123145074,631.7217305801377,610.3001398527043
AY.7.2,21J,0.2528849329086047,0.1168880733167978,-73.1294882756433,-48.08692123145074,631.7714285714285,610.3001398527043
AY.41,21J,0.2529139888628115,0.1168880733167978,-74.91143622875055,-48.08692123145074,631.8333333333333,610.3001398527043
AY.111,21J,0.25310252518751025,0.1168880733167978,-72.39154186940206,-48.08692123145074,632.2380952380952,610.3001398527043
AY.109,21J,0.25322006657091545,0.1168880733167978,-71.93384381536659,-48.08692123145074,632.4895104895104,610.3001398527043
AY.4.3,21J,0.2539331431778716,0.1168880733167978,-74.86333512369568,-48.08692123145074,633.9999999999999,610.3001398527043
AY.101,21J,0.2548763252664636,0.1168880733167978,-74.07594576764512,-48.08692123145074,635.9583333333333,610.3001398527043
AY.3.3,21J,0.25532271830551545,0.1168880733167978,-70.32211536638536,-48.08692123145074,636.8684790595152,610.3001398527043
AY.46.6,21J,0.25542589076954403,0.1168880733167978,-72.96423673937362,-48.08692123145074,637.0772946859903,610.3001398527043
AY.125,21J,0.2556786761891526,0.1168880733167978,-71.40967736953492,-48.08692123145074,637.5864465682016,610.3001398527043
AY.46.3,21J,0.2563722815056916,0.1168880733167978,-77.80192975023051,-48.08692123145074,639.0,610.3001398527043
AY.121,21J,0.25694185533801134,0.1168880733167978,-71.90939135705423,-48.08692123145074,640.0773162939297,610.3001398527043
AY.4.2.3,21J,0.25737620414164986,0.1168880733167978,-76.4077354006052,-48.08692123145074,640.9130434782609,610.3001398527043
AY.43,21J,0.2577748336904566,0.1168880733167978,-71.23364800244288,-48.08692123145074,641.6702249332823,610.3001398527043
AY.129,21J,0.25828426138904625,0.1168880733167978,-74.34217205854854,-48.08692123145074,642.6246153846153,610.3001398527043
AY.4.9,21J,0.2585935095731461,0.1168880733167978,-78.02221582310248,-48.08692123145074,643.1999999999999,610.3001398527043
AY.34.1,21J,0.2591696460073841,0.1168880733167978,-73.52710930336856,-48.08692123145074,644.2473035439139,610.3001398527043
AY.127.1,21J,0.2600379264640062,0.1168880733167978,-76.38055370156283,-48.08692123145074,645.7938931297709,610.3001398527043
AY.127,21J,0.26070224691512817,0.1168880733167978,-74.66764362359935,-48.08692123145074,646.9471326164875,610.3001398527043
AY.43.1,21J,0.26704020649775306,0.1168880733167978,-84.02572296245336,-48.08692123145074,656.6666666666666,610.3001398527043
AY.99.1,21J,0.2674874335737815,0.1168880733167978,-81.90660275443459,-48.08692123145074,657.2686567164179,610.3001398527043
AY.43.6,21J,0.2680626143765568,0.1168880733167978,-86.4898734588627,-48.08692123145074,658.0,610.3001398527043
AY.23.1,21J,0.27122601330823903,0.1168880733167978,-87.88571126369952,-48.08692123145074,662.0,610.3001398527043
AY.85,21J,0.2715710916941991,0.1168880733167978,-85.67167138758468,-48.08692123145074,662.3913043478261,610.3001398527043
AY.4.8,21J,0.2716673848282655,0.1168880733167978,-86.79147965200731,-48.08692123145074,662.5,610.3001398527043
AY.4.2,21J,0.2734461963304719,0.1168880733167978,-84.89211342749957,-48.08692123145074,664.4482758620691,610.3001398527043
AY.4.5,21J,0.27486247120285207,0.1168880733167978,-86.44995605250755,-48.08692123145074,665.904255319149,610.3001398527043
AY.124.1,21J,0.2748994302059343,0.1168880733167978,-87.491501744205,-48.08692123145074,665.9411764705882,610.3001398527043
AY.43.3,21J,0.27555555017089933,0.1168880733167978,-86.25100593738726,-48.08692123145074,666.5879120879122,610.3001398527043
AY.121.1,21J,0.27672300191407817,0.1168880733167978,-87.81503567903428,-48.08692123145074,667.6987951807229,610.3001398527043
AY.119.1,21J,0.2776606136946108,0.1168880733167978,-88.58365456962895,-48.08692123145074,668.5555555555555,610.3001398527043
AY.4.2.2,21J,0.28008159076853373,0.1168880733167978,-90.58961031849847,-48.08692123145074,670.6326530612245,610.3001398527043
AY.4.2.1,21J,0.28124744652695993,0.1168880733167978,-91.33201925214634,-48.08692123145074,671.5686274509803,610.3001398527043
AY.131,21J,0.28245837333230417,0.1168880733167978,-94.69133567341261,-48.08692123145074,672.5,610.3001398527043
AY.80,21J,0.28313478505256967,0.1168880733167978,-95.43388298121212,-48.08692123145074,673.0,610.3001398527043
AY.90,21J,0.28452398551279257,0.1168880733167978,-96.7751348659264,-48.08692123145074,674.0,610.3001398527043
AY.4.10,21J,0.2865518821149485,0.1168880733167978,-96.75709612256409,-48.08692123145074,675.375,610.3001398527043
AY.43.4,21J,0.3053715638342877,0.1168880733167978,-110.95143161654183,-48.08692123145074,685.0,610.3001398527043
AY.132,21J,0.32794137657845734,0.1168880733167978,-127.19950304320662,-48.08692123145074,693.0,610.3001398527043
BA.1.8,21K,0.3593323069375845,0.27136806007395364,-147.49602047475076,-154.33349646107382,702.8,721.6526385076467
BA.1.4,21K,0.3629654333366485,0.27136806007395364,-151.66103641742686,-154.33349646107382,704.0,721.6526385076467
BC.2,21K,0.3744933480986499,0.27136806007395364,-159.7992557377087,-154.33349646107382,708.0,721.6526385076467
BA.1.15.1,21K,0.3770855530240025,0.27136806007395364,-154.68295819258896,-154.33349646107382,708.9455066921606,721.6526385076467
BA.1.17,21K,0.3816669119455366,0.27136806007395364,-156.21733742356176,-154.33349646107382,710.6941822550198,721.6526385076467
BA.1,21K,0.38473930121656286,0.27136806007395364,-155.5659214505133,-154.33349646107382,711.9155669107588,721.6526385076467
BA.1.17.2,21K,0.3855609615369197,0.27136806007395364,-158.1680640042851,-154.33349646107382,712.2494140772662,721.6526385076467
BA.1.19,21K,0.3856455292586415,0.27136806007395364,-160.9498207166978,-154.33349646107382,712.283908045977,721.6526385076467
BA.1.18,21K,0.3858717182313423,0.27136806007395364,-158.34390054491763,-154.33349646107382,712.3765079823737,721.6526385076467
BA.1.15,21K,0.3888974027290271,0.27136806007395364,-158.20186698563603,-154.33349646107382,713.6386610041744,721.6526385076467
BA.1.20,21K,0.3896150288976408,0.27136806007395364,-160.08264028920166,-154.33349646107382,713.9448652958935,721.6526385076467
BA.1.1.5,21K,0.396403825197965,0.27136806007395364,-175.40606571526016,-154.33349646107382,717.0,721.6526385076467
BA.1.13,21K,0.39738144197567654,0.27136806007395364,-170.49038215125026,-154.33349646107382,717.4472727272728,721.6526385076467
BA.1.22,21K,0.3977685309359241,0.27136806007395364,-171.83102730182597,-154.33349646107382,717.6315789473683,721.6526385076467
BA.1.6,21K,0.3991569687872286,0.27136806007395364,-172.65436349102637,-154.33349646107382,718.3008849557522,721.6526385076467
BA.1.17.1,21K,0.4005704966928338,0.27136806007395364,-177.70443928793728,-154.33349646107382,719.0,721.6526385076467
BA.1.1.6,21K,0.4013757150537449,0.27136806007395364,-174.59466648373123,-154.33349646107382,719.4,721.6526385076467
BA.1.7,21K,0.4019449056518813,0.27136806007395364,-177.08372637416534,-154.33349646107382,719.7,721.6526385076467
BA.1.1.17,21K,0.40208288623240723,0.27136806007395364,-172.93448147893977,-154.33349646107382,719.7585714285714,721.6526385076467
BA.1.16.2,21K,0.40255773437224646,0.27136806007395364,-179.13423631660814,-154.33349646107382,720.0,721.6526385076467
BA.1.14,21K,0.4026874620423097,0.27136806007395364,-173.79831255320514,-154.33349646107382,720.0679824561403,721.6526385076467
BA.1.1.18,21K,0.40528648028169617,0.27136806007395364,-170.57679413003214,-154.33349646107382,721.4300690841644,721.6526385076467
BA.1.15.3,21K,0.406276350365911,0.27136806007395364,-177.39042580696957,-154.33349646107382,721.9640718562874,721.6526385076467
BA.1.1.8,21K,0.40717560312178835,0.27136806007395364,-176.14575063751874,-154.33349646107382,722.4558558558559,721.6526385076467
BA.1.16,21K,0.4086050256400767,0.27136806007395364,-179.35485022594946,-154.33349646107382,723.2539682539682,721.6526385076467
BA.1.1.4,21K,0.41181281348269766,0.27136806007395364,-182.72994058949476,-154.33349646107382,725.1136363636363,721.6526385076467
BA.1.21,21K,0.412855427686289,0.27136806007395364,-183.14334178517132,-154.33349646107382,725.741935483871,721.6526385076467
BA.1.1.14,21K,0.41386867178997794,0.27136806007395364,-179.85537655414595,-154.33349646107382,726.3603577611078,721.6526385076467
BA.1.1,21K,0.41407195733583513,0.27136806007395364,-174.96990959620453,-154.33349646107382,726.4861227084322,721.6526385076467
BA.1.14.1,21K,0.41695123299890713,0.27136806007395364,-185.4606794010491,-154.33349646107382,728.3166666666666,721.6526385076467
BA.1.3,21K,0.4180964747918371,0.27136806007395364,-188.44363783653966,-154.33349646107382,729.0714285714287,721.6526385076467
BA.1.10,21K,0.4197650993673579,0.27136806007395364,-189.3044604176627,-154.33349646107382,730.2,721.6526385076467
BA.1.13.1,21K,0.42270314387070307,0.27136806007395364,-190.9520538474397,-154.33349646107382,732.2727272727273,721.6526385076467
BA.1.1.16,21K,0.422780999160953,0.27136806007395364,-186.51094194256848,-154.33349646107382,732.329173693086,721.6526385076467
BA.1.21.1,21K,0.4259092448742404,0.27136806007395364,-195.00830051435284,-154.33349646107382,734.6666666666666,721.6526385076467
BA.1.15.2,21K,0.4263420749159265,0.27136806007395364,-189.3666852495127,-154.33349646107382,735.0021505376345,721.6526385076467
BA.1.1.7,21K,0.4270543583305687,0.27136806007395364,-192.60493549129544,-154.33349646107382,735.5584415584416,721.6526385076467
BA.1.9,21K,0.42931310203950646,0.27136806007395364,-195.5441608926911,-154.33349646107382,737.3720930232558,721.6526385076467
BA.1.1.15,21K,0.4296510522016919,0.27136806007395364,-195.1725748558563,-154.33349646107382,737.6500000000001,721.6526385076467
BA.1.1.13,21K,0.4296970949749327,0.27136806007395364,-194.0671048913786,-154.33349646107382,737.6879999999999,721.6526385076467
BA.1.14.2,21K,0.4308697194691066,0.27136806007395364,-198.25694039559804,-154.33349646107382,738.6666666666666,721.6526385076467
BC.1,21K,0.4327152393834714,0.27136806007395364,-200.4325573819112,-154.33349646107382,740.25,721.6526385076467
BA.1.1.10,21K,0.4332902739756174,0.27136806007395364,-195.08148802222246,-154.33349646107382,740.7544539116963,721.6526385076467
BA.1.5,21K,0.43356582551452894,0.27136806007395364,-202.44881563293018,-154.33349646107382,741.0,721.6526385076467
BA.1.1.1,21K,0.4349595238725852,0.27136806007395364,-197.12456253138416,-154.33349646107382,742.2478336221836,721.6526385076467
BA.1.1.12,21K,0.43558422361396737,0.27136806007395364,-201.54839253791994,-154.33349646107382,742.8181818181819,721.6526385076467
BA.1.1.9,21K,0.4358238325892418,0.27136806007395364,-200.17303377809972,-154.33349646107382,743.0384615384618,721.6526385076467
BA.1.1.3,21K,0.43843745010010476,0.27136806007395364,-205.37611489902267,-154.33349646107382,745.5,721.6526385076467
BA.1.1.11,21K,0.44976202256302406,0.27136806007395364,-210.11151753788,-154.33349646107382,757.367816091954,721.6526385076467
BD.1,21K,0.46346154288291863,0.27136806007395364,-222.664583966377,-154.33349646107382,773.5454545454546,721.6526385076467
BA.1.23,21K,0.47873645502357864,0.27136806007395364,-234.1842944605015,-154.33349646107382,791.529411764706,721.6526385076467
BA.3,21M,0.3942463979347079,0.32519944668926415,-171.55769143742802,-202.7352283164449,716.0,775.719298245614
BA.3.1,21M,0.4866990139216538,0.32519944668926415,-240.21912988890824,-202.7352283164449,800.086956521739,775.719298245614
BA.2.33,21L,0.4696545108456112,0.35894924126709815,-229.8761893838432,-222.62331989377134,781.0,817.5416739411294
BA.2.9.2,21L,0.47578257369969723,0.35894924126709815,-227.930896672122,-222.62331989377134,788.1831971995332,817.5416739411294
BA.2.3.21,21L,0.475872916664046,0.35894924126709815,-232.80966028815146,-222.62331989377134,788.2857142857142,817.5416739411294
BA.2.10,21L,0.4766976033666743,0.35894924126709815,-226.5873946462934,-222.62331989377134,789.2290279627165,817.5416739411294
BA.2.10.1,21L,0.47839704260535004,0.35894924126709815,-229.76326618341724,-222.62331989377134,791.149861239593,817.5416739411294
BA.2.3.17,21L,0.4802023466249625,0.35894924126709815,-230.4696833285052,-222.62331989377134,793.1579183490354,817.5416739411294
BA.2.87,21L,0.48101670472765046,0.35894924126709815,-235.88082454837257,-222.62331989377134,794.0526315789473,817.5416739411294
BA.2.19,21L,0.4825346336566148,0.35894924126709815,-237.72925354933847,-222.62331989377134,795.7,817.5416739411294
BA.2.25,21L,0.48308540493025465,0.35894924126709815,-237.29219200174356,-222.62331989377134,796.2916666666666,817.5416739411294
BA.2.7,21L,0.48517175839943133,0.35894924126709815,-233.8154116062779,-222.62331989377134,798.5006099048549,817.5416739411294
BA.2.3.8,21L,0.4860119584612665,0.35894924126709815,-240.72575615944757,-222.62331989377134,799.375,817.5416739411294
BA.2.2.1,21L,0.48758022088271463,0.35894924126709815,-244.05990836582896,-222.62331989377134,801.0,817.5416739411294
BA.2.10.3,21L,0.4877003032984789,0.35894924126709815,-241.95904917661426,-222.62331989377134,801.1111111111111,817.5416739411294
BA.2.4,21L,0.4915713744103095,0.35894924126709815,-242.74315888131838,-222.62331989377134,804.9673913043478,817.5416739411294
BA.2.26,21L,0.4922985761717447,0.35894924126709815,-240.60065228556866,-222.62331989377134,805.6732954545455,817.5416739411294
BA.2.3.5,21L,0.49258254711160654,0.35894924126709815,-243.05552433657653,-222.62331989377134,805.9473684210526,817.5416739411294
BA.2.2,21L,0.49273452047964417,0.35894924126709815,-243.34986745024824,-222.62331989377134,806.09375,817.5416739411294
BA.2.17,21L,0.4932953544652689,0.35894924126709815,-244.3234008781878,-222.62331989377134,806.6315789473684,817.5416739411294
BA.2.3,21L,0.49505732428767274,0.35894924126709815,-239.77776469500907,-222.62331989377134,808.2999730694136,817.5416739411294
BA.2.63,21L,0.4971829359240289,0.35894924126709815,-247.9259017756936,-222.62331989377134,810.2708333333333,817.5416739411294
BA.2.70,21L,0.4978249197486561,0.35894924126709815,-249.6784181579675,-222.62331989377134,810.8571428571428,817.5416739411294
BA.2.5,21L,0.498443179421163,0.35894924126709815,-247.67147177433975,-222.62331989377134,811.4186046511629,817.5416739411294
BA.2.32,21L,0.4992965459874576,0.35894924126709815,-247.08362741327542,-222.62331989377134,812.1873990306946,817.5416739411294
BA.2.39,21L,0.49958826478254176,0.35894924126709815,-250.3814107854406,-222.62331989377134,812.448275862069,817.5416739411294
BA.2.3.4,21L,0.4996818075850485,0.35894924126709815,-247.32491670627314,-222.62331989377134,812.5323308270677,817.5416739411294
BA.2.37,21L,0.5004078469131815,0.35894924126709815,-247.4621405725888,-222.62331989377134,813.1787762906309,817.5416739411294
BA.2.3.10,21L,0.5005733397174982,0.35894924126709815,-248.85236283272963,-222.62331989377134,813.3255033557048,817.5416739411294
BA.2.3.12,21L,0.5007618361134143,0.35894924126709815,-249.83524661757102,-222.62331989377134,813.4923076923077,817.5416739411294
BA.2.68,21L,0.5008935871170604,0.35894924126709815,-249.882713810085,-222.62331989377134,813.608695652174,817.5416739411294
BA.2,21L,0.5013534662371213,0.35894924126709815,-243.2458394631333,-222.62331989377134,814.0138862568532,817.5416739411294
BA.2.62,21L,0.5021672232803217,0.35894924126709815,-252.75586893585543,-222.62331989377134,814.7272727272727,817.5416739411294
BA.2.9,21L,0.5023200276110502,0.35894924126709815,-245.96434445071964,-222.62331989377134,814.8597123923724,817.5416739411294
BA.2.21,21L,0.5027671175190231,0.35894924126709815,-249.22268636838933,-222.62331989377134,815.2483713355049,817.5416739411294
BA.2.3.15,21L,0.5033808137104295,0.35894924126709815,-252.49250140302192,-222.62331989377134,815.7792207792209,817.5416739411294
BA.2.6,21L,0.5036474116869706,0.35894924126709815,-250.95350324792707,-222.62331989377134,816.0089686098654,817.5416739411294
BA.2.3.16,21L,0.5040735338745753,0.35894924126709815,-253.53041857067186,-222.62331989377134,816.375,817.5416739411294
BA.2.73,21L,0.5055258437956109,0.35894924126709815,-251.82657656600603,-222.62331989377134,817.6122685185185,817.5416739411294
BA.2.3.14,21L,0.5060390763787261,0.35894924126709815,-253.5272471943608,-222.62331989377134,818.0458333333333,817.5416739411294
BA.2.27,21L,0.5068028774716811,0.35894924126709815,-256.8603692935147,-222.62331989377134,818.6875,817.5416739411294
BA.2.14,21L,0.5069740956915758,0.35894924126709815,-255.51046314649517,-222.62331989377134,818.830985915493,817.5416739411294
BA.2.3.13,21L,0.507182450242832,0.35894924126709815,-258.8452195997382,-222.62331989377134,819.0,817.5416739411294
BA.2.31,21L,0.5073641251291879,0.35894924126709815,-253.1709158497434,-222.62331989377134,819.1568047337278,817.5416739411294
BA.2.64,21L,0.5079568993769287,0.35894924126709815,-255.63665308145582,-222.62331989377134,819.6500000000001,817.5416739411294
BA.2.20,21L,0.5097401851088851,0.35894924126709815,-255.3491957723352,-222.62331989377134,821.120347394541,817.5416739411294
BA.2.51,21L,0.5101027018976462,0.35894924126709815,-259.8540982873396,-222.62331989377134,821.4166666666665,817.5416739411294
BA.2.8,21L,0.5102269230284006,0.35894924126709815,-257.1887734505598,-222.62331989377134,821.5183246073298,817.5416739411294
BA.2.3.9,21L,0.5133442627278392,0.35894924126709815,-261.0169382298713,-222.62331989377134,824.0370370370371,817.5416739411294
BA.2.23.1,21L,0.5135469404314831,0.35894924126709815,-258.9785610332603,-222.62331989377134,824.1979591836734,817.5416739411294
BA.2.9.1,21L,0.5142510574091854,0.35894924126709815,-261.8414581456346,-222.62331989377134,824.76,817.5416739411294
BA.2.3.6,21L,0.5143774071549835,0.35894924126709815,-259.768665457664,-222.62331989377134,824.859410430839,817.5416739411294
BA.2.22,21L,0.5144853397144009,0.35894924126709815,-259.95278267937044,-222.62331989377134,824.9451371571072,817.5416739411294
BA.2.3.11,21L,0.5146199518479265,0.35894924126709815,-262.39424608962764,-222.62331989377134,825.0512820512821,817.5416739411294
BA.2.23,21L,0.5153226078330344,0.35894924126709815,-259.2389359477694,-222.62331989377134,825.608323133415,817.5416739411294
BA.2.34,21L,0.5169107486440928,0.35894924126709815,-264.9053835529609,-222.62331989377134,826.8571428571429,817.5416739411294
BA.2.65,21L,0.5170915673158101,0.35894924126709815,-260.7073906702751,-222.62331989377134,826.9993838570548,817.5416739411294
BA.2.9.5,21L,0.5186885537610931,0.35894924126709815,-265.61446053385464,-222.62331989377134,828.2444444444445,817.5416739411294
BA.2.66,21L,0.5191052434695933,0.35894924126709815,-266.1553948104944,-222.62331989377134,828.5675675675677,817.5416739411294
BA.2.30,21L,0.5191408048040862,0.35894924126709815,-266.0581072062441,-222.62331989377134,828.5952380952381,817.5416739411294
BA.2.40,21L,0.5221519532698539,0.35894924126709815,-269.158805150052,-222.62331989377134,830.9130434782609,817.5416739411294
BA.2.59,21L,0.5223876575894691,0.35894924126709815,-266.4813561846542,-222.62331989377134,831.0933660933661,817.5416739411294
BA.2.49,21L,0.5229753586746333,0.35894924126709815,-268.55989434544955,-222.62331989377134,831.5421686746988,817.5416739411294
BA.2.45,21L,0.5239318368705174,0.35894924126709815,-269.4703711565293,-222.62331989377134,832.2702702702704,817.5416739411294
BA.2.47,21L,0.5242213854825604,0.35894924126709815,-268.28535080431476,-222.62331989377134,832.4902597402598,817.5416739411294
BA.2.15,21L,0.5246040848601743,0.35894924126709815,-272.1369019767765,-222.62331989377134,832.7777777777777,817.5416739411294
BA.2.3.2,21L,0.525096326482171,0.35894924126709815,-268.82791866994836,-222.62331989377134,833.1536388140163,817.5416739411294
BA.2.72,21L,0.5255825466686056,0.35894924126709815,-268.70517518312835,-222.62331989377134,833.5214626391097,817.5416739411294
BA.2.60,21L,0.5260508193110303,0.35894924126709815,-271.85082750993433,-222.62331989377134,833.8750000000001,817.5416739411294
BA.2.50,21L,0.5302692080824782,0.35894924126709815,-275.88594762560143,-222.62331989377134,837.0416666666665,817.5416739411294
BA.2.28,21L,0.5303904398997542,0.35894924126709815,-274.65462678809223,-222.62331989377134,837.1318681318681,817.5416739411294
BA.2.58,21L,0.5317238870544914,0.35894924126709815,-277.5098392514543,-222.62331989377134,838.125,817.5416739411294
BA.2.48,21L,0.5340308594873053,0.35894924126709815,-274.76437046325594,-222.62331989377134,839.8400926998842,817.5416739411294
BA.2.36,21L,0.5349322533937235,0.35894924126709815,-276.0856689126053,-222.62331989377134,840.5081466395112,817.5416739411294
BA.2.12,21L,0.5359716701462842,0.35894924126709815,-277.9521446312421,-222.62331989377134,841.2774725274726,817.5416739411294
BA.2.31.1,21L,0.5360102178157141,0.35894924126709815,-279.1996014924667,-222.62331989377134,841.3055555555555,817.5416739411294
BA.2.41,21L,0.5366758261087545,0.35894924126709815,-278.6673207026491,-222.62331989377134,841.7981366459628,817.5416739411294
BA.2.55,21L,0.5380991379505847,0.35894924126709815,-281.3503027432102,-222.62331989377134,842.8493150684932,817.5416739411294
BA.2.40.1,21L,0.5388136405076348,0.35894924126709815,-280.1609478155269,-222.62331989377134,843.3767123287671,817.5416739411294
BA.2.9.7,21L,0.5406723286551158,0.35894924126709815,-280.61532930624395,-222.62331989377134,844.7468164794009,817.5416739411294
BA.2.35,21L,0.5410868247689997,0.35894924126709815,-285.2177811872521,-222.62331989377134,845.0526315789473,817.5416739411294
BA.2.9.6,21L,0.5411853601710158,0.35894924126709815,-285.0674383349699,-222.62331989377134,845.125,817.5416739411294
BA.2.44,21L,0.5412430492586355,0.35894924126709815,-285.1162027103597,-222.62331989377134,845.1666666666666,817.5416739411294
BA.2.53,21L,0.5416197097748657,0.35894924126709815,-286.41542177547217,-222.62331989377134,845.4444444444445,817.5416739411294
BA.2.69,21L,0.5419252243572198,0.35894924126709815,-287.77239196145683,-222.62331989377134,845.6666666666666,817.5416739411294
BA.2.18,21L,0.5427405610167886,0.35894924126709815,-281.2886644385408,-222.62331989377134,846.2701252236135,817.5416739411294
BA.2.1,21L,0.5427797672099665,0.35894924126709815,-282.5342862496054,-222.62331989377134,846.298969072165,817.5416739411294
BA.2.13,21L,0.5439291118202607,0.35894924126709815,-282.9537542279983,-222.62331989377134,847.1451851851851,817.5416739411294
BA.2.77,21L,0.5447591642589558,0.35894924126709815,-289.8842715524962,-222.62331989377134,847.75,817.5416739411294
BA.2.57,21L,0.5448013910888491,0.35894924126709815,-287.45616013468543,-222.62331989377134,847.7872340425531,817.5416739411294
BA.2.43,21L,0.5448573509771693,0.35894924126709815,-287.40252323440814,-222.62331989377134,847.8269230769231,817.5416739411294
BA.2.9.3,21L,0.544883152239432,0.35894924126709815,-285.68865064399034,-222.62331989377134,847.8474576271186,817.5416739411294
BA.2.42,21L,0.5475871255386809,0.35894924126709815,-288.6669270701306,-222.62331989377134,849.8389261744966,817.5416739411294
BA.2.71,21L,0.5481161615135588,0.35894924126709815,-289.09013391849436,-222.62331989377134,850.2287581699347,817.5416739411294
BA.2.52,21L,0.5504737796740786,0.35894924126709815,-290.4995128381909,-222.62331989377134,851.9676258992806,817.5416739411294
BA.2.38,21L,0.554234703627388,0.35894924126709815,-292.61874220000004,-222.62331989377134,854.7484885126964,817.5416739411294
BA.2.56,21L,0.557458690508281,0.35894924126709815,-295.58882439580987,-222.62331989377134,857.1432835820896,817.5416739411294
BA.2.54,21L,0.5574900320273501,0.35894924126709815,-299.2325945123745,-222.62331989377134,857.1666666666666,817.5416739411294
BA.2.78,21L,0.5582323486113874,0.35894924126709815,-299.29373583244364,-222.62331989377134,857.71875,817.5416739411294
BA.2.61,21L,0.5591427058868881,0.35894924126709815,-300.83254887231453,-222.62331989377134,858.4,817.5416739411294
BA.2.3.7,21L,0.5608823940773124,0.35894924126709815,-300.56917448022074,-222.62331989377134,859.7011494252874,817.5416739411294
BA.2.38.4,21L,0.5617267489645581,0.35894924126709815,-304.66264181854723,-222.62331989377134,860.3333333333333,817.5416739411294
BA.2.13.1,21L,0.5654718797575367,0.35894924126709815,-302.10308476524,-222.62331989377134,863.1625766871166,817.5416739411294
BA.2.16,21L,0.5672343249593598,0.35894924126709815,-309.8179419599543,-222.62331989377134,864.5,817.5416739411294
BA.2.9.4,21L,0.5673566250843005,0.35894924126709815,-309.0073238179423,-222.62331989377134,864.6,817.5416739411294
BA.2.81,21L,0.5677581260155846,0.35894924126709815,-306.8368567122169,-222.62331989377134,864.9032258064516,817.5416739411294
BA.2.12.2,21L,0.5685348970800307,0.35894924126709815,-309.5565954941198,-222.62331989377134,865.5,817.5416739411294
BA.2.79,21L,0.5719548307995745,0.35894924126709815,-311.2332037134268,-222.62331989377134,868.1379310344828,817.5416739411294
BA.2.11,21L,0.5738080655817779,0.35894924126709815,-313.7258009955181,-222.62331989377134,869.5833333333333,817.5416739411294
BA.2.79.1,21L,0.587167527258149,0.35894924126709815,-327.20650998059864,-222.62331989377134,880.5,817.5416739411294
BA.2.82,21L,0.5952948889588972,0.35894924126709815,-333.47557102991397,-222.62331989377134,887.8,817.5416739411294
BA.2.76,21L,0.5980604290425533,0.35894924126709815,-331.11257917613455,-222.62331989377134,890.4605475040257,817.5416739411294
BA.2.38.3,21L,0.5982224907277508,0.35894924126709815,-334.915609247118,-222.62331989377134,890.625,817.5416739411294
BA.2.74,21L,0.6007523094239086,0.35894924126709815,-335.2171436338554,-222.62331989377134,893.1592920353982,817.5416739411294
BA.2.38.1,21L,0.6041612891432755,0.35894924126709815,-339.0063825669695,-222.62331989377134,896.7592592592592,817.5416739411294
BA.2.38.2,21L,0.6077764913037046,0.35894924126709815,-343.3001742330878,-222.62331989377134,900.8421052631578,817.5416739411294
BH.1,21L,0.6301088513288159,0.35894924126709815,-362.72258105531944,-222.62331989377134,933.3962264150942,817.5416739411294
BS.1,21L,0.6494929851251638,0.35894924126709815,-383.793891670809,-222.62331989377134,975.75,817.5416739411294
CM.1,21L,0.6524739323981351,0.35894924126709815,-386.15352983144703,-222.62331989377134,982.8571428571427,817.5416739411294
CM.7.1,21L,0.6583450851437209,0.35894924126709815,-393.21810709519116,-222.62331989377134,997.0,817.5416739411294
CM.4,21L,0.659413319616306,0.35894924126709815,-390.30487793919195,-222.62331989377134,999.6728971962616,817.5416739411294
CM.5.1,21L,0.6594638389016844,0.35894924126709815,-393.4187871085573,-222.62331989377134,999.8,817.5416739411294
CM.6,21L,0.6595722796585161,0.35894924126709815,-392.5717026489092,-222.62331989377134,1000.0769230769231,817.5416739411294
CM.8,21L,0.661944101726918,0.35894924126709815,-395.7243186912043,-222.62331989377134,1006.4999999999999,817.5416739411294
CM.5,21L,0.6627513679775217,0.35894924126709815,-394.34060337880027,-222.62331989377134,1008.9814814814815,817.5416739411294
BA.2.3.20,21L,0.6693522780462035,0.35894924126709815,-398.1015761275147,-222.62331989377134,1014.5424973767051,817.5416739411294
CM.2,21L,0.6696122773380835,0.35894924126709815,-399.1635694145108,-222.62331989377134,1014.965034965035,817.5416739411294
CM.9,21L,0.6723389877223311,0.35894924126709815,-404.14830078154336,-222.62331989377134,1019.2553191489361,817.5416739411294
CM.6.1,21L,0.6726489932010536,0.35894924126709815,-405.22345208228154,-222.62331989377134,1019.7272727272727,817.5416739411294
BJ.1,21L,0.673753921584902,0.35894924126709815,-406.87719270471814,-222.62331989377134,1021.3846153846154,817.5416739411294
CM.4.1,21L,0.6765745032474006,0.35894924126709815,-408.96153060962445,-222.62331989377134,1025.4482758620688,817.5416739411294
BA.2.10.4,21L,0.6782808883892872,0.35894924126709815,-412.47121032243496,-222.62331989377134,1027.8000000000002,817.5416739411294
BS.1.1,21L,0.6795261034197413,0.35894924126709815,-412.5283134022005,-222.62331989377134,1029.4705882352941,817.5416739411294
CM.3,21L,0.6803982077209573,0.35894924126709815,-413.2153117494455,-222.62331989377134,1030.6190476190475,817.5416739411294
CM.5.2,21L,0.682253898596847,0.35894924126709815,-413.6102284148073,-222.62331989377134,1033.0104166666665,817.5416739411294
CM.8.1.3,21L,0.6946154015047834,0.35894924126709815,-426.92654202435097,-222.62331989377134,1048.032786885246,817.5416739411294
CM.7,21L,0.6948527077801078,0.35894924126709815,-429.08893626451606,-222.62331989377134,1048.3333333333335,817.5416739411294
CM.11,21L,0.6973699712670757,0.35894924126709815,-430.49531773136977,-222.62331989377134,1051.774193548387,817.5416739411294
CM.12,21L,0.7023144220713063,0.35894924126709815,-435.96976152786726,-222.62331989377134,1057.0416666666665,817.5416739411294
CM.8.1.4,21L,0.7031240403157334,0.35894924126709815,-436.82593271668924,-222.62331989377134,1057.9583333333333,817.5416739411294
CM.10,21L,0.7060579606058305,0.35894924126709815,-438.65848872382765,-222.62331989377134,1061.2906976744187,817.5416739411294
CM.8.1,21L,0.7175229809528831,0.35894924126709815,-449.05586820761033,-222.62331989377134,1074.6990825688074,817.5416739411294
CM.8.1.2,21L,0.7344901442780871,0.35894924126709815,-471.0014004637501,-222.62331989377134,1096.875,817.5416739411294
CM.2.1,21L,0.7520969785052157,0.35894924126709815,-493.3369651198473,-222.62331989377134,1127.0,817.5416739411294
FV.1,21L,0.7793981037876063,0.35894924126709815,-522.3858869654077,-222.62331989377134,1219.9411764705883,817.5416739411294
CM.7.1.1,21L,0.7924805366390804,0.35894924126709815,-540.855286507335,-222.62331989377134,1275.5,817.5416739411294
BG.4,22C,0.5426847283155166,0.3890773060524936,-283.32111283116757,-247.7499753760463,846.2290388548058,847.2164894262263
BA.2.12.1,22C,0.5434775976976038,0.3890773060524936,-277.8276021550453,-247.7499753760463,846.8127775747547,847.2164894262263
BG.1,22C,0.5452959198007585,0.3890773060524936,-288.2291437130532,-247.7499753760463,848.1515151515151,847.2164894262263
BG.2,22C,0.5519613295843675,0.3890773060524936,-287.9717019500294,-247.7499753760463,853.0660903288357,847.2164894262263
BG.5,22C,0.5597517052108907,0.3890773060524936,-296.6018644325481,-247.7499753760463,858.8545977011494,847.2164894262263
BG.3,22C,0.5709697319653828,0.3890773060524936,-310.5676117375214,-247.7499753760463,867.375,847.2164894262263
BG.7,22C,0.5730028310831263,0.3890773060524936,-311.7265444837616,-247.7499753760463,868.9545454545455,847.2164894262263
BG.6,22C,0.5865903208739509,0.3890773060524936,-325.31216575253694,-247.7499753760463,880.0,847.2164894262263
BA.4.1.7,22A,0.5693333884021644,0.4431273625914516,-310.1301664200124,-296.1336327246722,866.111111111111,915.7180003482956
BA.4.1.2,22A,0.5853836296936578,0.4431273625914516,-326.3301365999103,-296.1336327246722,879.0,915.7180003482956
BA.4.1.6,22A,0.5917036081572998,0.4431273625914516,-324.6605765387165,-296.1336327246722,884.4896206156047,915.7180003482956
BA.4.1.1,22A,0.5924176657780174,0.4431273625914516,-325.4843434598995,-296.1336327246722,885.1361665221162,915.7180003482956
BA.4.1,22A,0.596182089360464,0.4431273625914516,-325.4521869111216,-296.1336327246722,888.6421971864569,915.7180003482956
BA.4.3,22A,0.5973746984848916,0.4431273625914516,-330.2389626911573,-296.1336327246722,889.7908415841582,915.7180003482956
BA.4.2,22A,0.5975172570412981,0.4431273625914516,-328.7801774060922,-296.1336327246722,889.9295310519645,915.7180003482956
BA.4.4,22A,0.59801513792476,0.4431273625914516,-328.9736695439408,-296.1336327246722,890.4160742496051,915.7180003482956
BA.4,22A,0.5985430987137728,0.4431273625914516,-329.1195866663374,-296.1336327246722,890.9360365505426,915.7180003482956
BA.4.5,22A,0.5985493134357921,0.4431273625914516,-334.4530069395434,-296.1336327246722,890.9411764705883,915.7180003482956
BA.4.1.3,22A,0.5991752068559105,0.4431273625914516,-335.76461266697476,-296.1336327246722,891.5625,915.7180003482956
BA.4.1.4,22A,0.613489074282846,0.4431273625914516,-347.82590337662043,-296.1336327246722,907.4444444444445,915.7180003482956
BA.4.1.5,22A,0.6175152932830207,0.4431273625914516,-352.0779748398485,-296.1336327246722,912.85,915.7180003482956
BA.4.7,22A,0.6330577556343991,0.4431273625914516,-364.49785601897815,-296.1336327246722,939.0915492957746,915.7180003482956
BA.4.1.8,22A,0.6373691054869892,0.4431273625914516,-366.46609467102957,-296.1336327246722,948.0025884383087,915.7180003482956
BA.4.6.5,22A,0.6388585937453717,0.4431273625914516,-367.0986801923157,-296.1336327246722,951.2281879194632,915.7180003482956
BA.4.6,22A,0.638992813381463,0.4431273625914516,-364.6279771241744,-296.1336327246722,951.52221797997,915.7180003482956
BA.4.1.9,22A,0.6435773297029972,0.4431273625914516,-373.7898024328909,-296.1336327246722,961.8536585365854,915.7180003482956
CS.1,22A,0.6462148273549391,0.4431273625914516,-381.99422892084857,-296.1336327246722,968.0,915.7180003482956
BA.4.6.1,22A,0.6502050342926886,0.4431273625914516,-381.26044374963334,-296.1336327246722,977.4455445544554,915.7180003482956
BA.4.6.4,22A,0.6506853763818864,0.4431273625914516,-381.410873642594,-296.1336327246722,978.5899280575541,915.7180003482956
BA.4.1.10,22A,0.6508573314201498,0.4431273625914516,-383.2555608485627,-296.1336327246722,979.0000000000001,915.7180003482956
BA.4.6.2,22A,0.6549585224192923,0.4431273625914516,-385.2306786270465,-296.1336327246722,988.7990196078431,915.7180003482956
DC.1,22A,0.6561176430094618,0.4431273625914516,-387.13219921333086,-296.1336327246722,991.5833333333333,915.7180003482956
BA.4.1.11,22A,0.6705244921823121,0.4431273625914516,-404.2056525146657,-296.1336327246722,1016.4285714285713,915.7180003482956
BA.4.6.3,22A,0.6847412908267129,0.4431273625914516,-416.2153650936446,-296.1336327246722,1036.1182795698924,915.7180003482956
BF.1.1,22B,0.5722039023525757,0.45246697522466606,-308.845490182791,-302.9872356837063,868.3316326530613,939.1235281351505
BA.5.3.2,22B,0.5888990823545145,0.45246697522466606,-325.66439361537596,-302.9872356837063,882.0,939.1235281351505
BA.5.2.5,22B,0.5996088231202648,0.45246697522466606,-336.72665043501615,-302.9872356837063,892.0,939.1235281351505
BE.12,22B,0.6004598015320882,0.45246697522466606,-334.82350544352323,-302.9872356837063,892.860465116279,939.1235281351505
DE.1,22B,0.6057740693105483,0.45246697522466606,-339.7068730616084,-302.9872356837063,898.5438596491229,939.1235281351505
BA.5.5,22B,0.6072709905821382,0.45246697522466606,-334.95000953563533,-302.9872356837063,900.251970974701,939.1235281351505
BA.5.3,22B,0.6091664948890837,0.45246697522466606,-340.7789230858862,-302.9872356837063,902.4939613526569,939.1235281351505
BF.20,22B,0.6115433221598519,0.45246697522466606,-346.38805816841926,-302.9872356837063,905.0000000000001,939.1235281351505
BF.1,22B,0.6117441901082574,0.45246697522466606,-342.36862457350776,-302.9872356837063,905.2476958525345,939.1235281351505
BA.5.3.4,22B,0.6117797070744121,0.45246697522466606,-346.6820631154054,-302.9872356837063,905.2916666666665,939.1235281351505
BE.1.3,22B,0.6133052757099741,0.45246697522466606,-346.5421741837266,-302.9872356837063,907.209090909091,939.1235281351505
BA.5.8,22B,0.6141803934137078,0.45246697522466606,-344.51196137855806,-302.9872356837063,908.3381877022654,939.1235281351505
BT.1,22B,0.6145818207823533,0.45246697522466606,-348.61761071381403,-302.9872356837063,908.8636363636364,939.1235281351505
BE.3,22B,0.6152957550140542,0.45246697522466606,-344.026994045885,-302.9872356837063,909.8093975903615,939.1235281351505
BF.28,22B,0.6154736065112666,0.45246697522466606,-345.07631873593465,-302.9872356837063,910.0474100087796,939.1235281351505
BF.12,22B,0.6178352108037952,0.45246697522466606,-350.83321679631734,-302.9872356837063,913.3010752688173,939.1235281351505
BA.5.6,22B,0.6181898683775054,0.45246697522466606,-345.34639580968485,-302.9872356837063,913.8050045085663,939.1235281351505
BA.5.1.1,22B,0.6183318988149528,0.45246697522466606,-346.60011857202664,-302.9872356837063,914.008026159334,939.1235281351505
BF.19,22B,0.6184067176305201,0.45246697522466606,-352.62991133019347,-302.9872356837063,914.1153846153846,939.1235281351505
BF.8,22B,0.6184622560235857,0.45246697522466606,-347.4815456801231,-302.9872356837063,914.1949458483755,939.1235281351505
BE.2,22B,0.6193776878229957,0.45246697522466606,-349.3083233210648,-302.9872356837063,915.523700742433,939.1235281351505
BA.5.1.15,22B,0.6197789958030028,0.45246697522466606,-351.01256490550594,-302.9872356837063,916.1152173913044,939.1235281351505
BA.5.5.2,22B,0.6201315338260638,0.45246697522466606,-350.6722619095132,-302.9872356837063,916.6394176931691,939.1235281351505
BA.5.1.4,22B,0.6201317283303744,0.45246697522466606,-352.75749693894625,-302.9872356837063,916.6396396396397,939.1235281351505
BA.5.2.2,22B,0.6204324968026138,0.45246697522466606,-351.51034274695684,-302.9872356837063,917.090373280943,939.1235281351505
BF.21,22B,0.6208850671835622,0.45246697522466606,-349.532663920093,-302.9872356837063,917.7745467600072,939.1235281351505
BA.5.1.35,22B,0.6215639115473801,0.45246697522466606,-352.753093332672,-302.9872356837063,918.8144578313254,939.1235281351505
BE.1,22B,0.6221153516036165,0.45246697522466606,-350.22817999740244,-302.9872356837063,919.6714700755374,939.1235281351505
BA.5.1.8,22B,0.6229171606657045,0.45246697522466606,-353.64267886828003,-302.9872356837063,920.9375,939.1235281351505
BE.1.4,22B,0.6230150599296977,0.45246697522466606,-352.6308606713342,-302.9872356837063,921.0937149270484,939.1235281351505
BF.9,22B,0.6231812750163648,0.45246697522466606,-352.7717123223945,-302.9872356837063,921.3597560975609,939.1235281351505
BF.3,22B,0.6232080524682797,0.45246697522466606,-356.01748014057404,-302.9872356837063,921.4027777777777,939.1235281351505
BF.27,22B,0.6237375429085636,0.45246697522466606,-352.19050219766916,-302.9872356837063,922.2576573231854,939.1235281351505
BA.5.5.3,22B,0.6241953965415598,0.45246697522466606,-354.6088953440648,-302.9872356837063,923.0054644808743,939.1235281351505
BF.24,22B,0.6247586383720712,0.45246697522466606,-356.5715219011098,-302.9872356837063,923.936416184971,939.1235281351505
BE.1.4.4,22B,0.6248914901360254,0.45246697522466606,-358.9031373588644,-302.9872356837063,924.1578947368421,939.1235281351505
BA.5.1.24,22B,0.6252595248348203,0.45246697522466606,-355.0115549861533,-302.9872356837063,924.7744648318043,939.1235281351505
BF.18,22B,0.6257304933894864,0.45246697522466606,-359.9844741492763,-302.9872356837063,925.5714285714284,939.1235281351505
BA.5.3.3,22B,0.6259817477054848,0.45246697522466606,-357.7872394624473,-302.9872356837063,926.0,939.1235281351505
BF.35,22B,0.6267308333761662,0.45246697522466606,-354.61385078441094,-302.9872356837063,927.2926091530774,939.1235281351505
BF.36,22B,0.6276612422724395,0.45246697522466606,-358.59371731237064,-302.9872356837063,928.9287833827893,939.1235281351505
BE.1.4.1,22B,0.6276671034683531,0.45246697522466606,-358.72888532133896,-302.9872356837063,928.9391891891892,939.1235281351505
BF.41,22B,0.6284028499194094,0.45246697522466606,-360.19053728110174,-302.9872356837063,930.2573529411764,939.1235281351505
BA.5.1.9,22B,0.6287276408014467,0.45246697522466606,-361.7418639714106,-302.9872356837063,930.8461538461538,939.1235281351505
BA.5.1.25,22B,0.6287898614091818,0.45246697522466606,-357.4313126176724,-302.9872356837063,930.959389213775,939.1235281351505
BA.5.1,22B,0.6290395229902459,0.45246697522466606,-354.97717654647914,-302.9872356837063,931.4153924453984,939.1235281351505
BA.5.2.1,22B,0.6290992439623307,0.45246697522466606,-354.1060755509987,-302.9872356837063,931.5248372940445,939.1235281351505
BF.4,22B,0.629767552784162,0.45246697522466606,-359.1013232130194,-302.9872356837063,932.7591950034698,939.1235281351505
BA.5.1.3,22B,0.6302078024833042,0.45246697522466606,-358.95840151535555,-302.9872356837063,933.5819704826487,939.1235281351505
BE.11,22B,0.630449542074125,0.45246697522466606,-363.7151456015821,-302.9872356837063,934.037037037037,939.1235281351505
BA.5.1.17,22B,0.6304623496829196,0.45246697522466606,-362.43797607660116,-302.9872356837063,934.0612244897959,939.1235281351505
BA.5.2.10,22B,0.630714444813215,0.45246697522466606,-364.69352953671205,-302.9872356837063,934.5384615384617,939.1235281351505
BA.5.2.4,22B,0.6310257492497865,0.45246697522466606,-362.87666713115016,-302.9872356837063,935.1308411214952,939.1235281351505
BA.5.1.30,22B,0.6310986682401637,0.45246697522466606,-358.76488154948686,-302.9872356837063,935.270231627109,939.1235281351505
BA.5.1.23,22B,0.63115277011325,0.45246697522466606,-359.31833486826406,-302.9872356837063,935.3737588652482,939.1235281351505
BF.40,22B,0.6313231114522265,0.45246697522466606,-361.777919250386,-302.9872356837063,935.7004716981132,939.1235281351505
BA.5.2.44,22B,0.6313418486611045,0.45246697522466606,-362.8479736428966,-302.9872356837063,935.7364864864865,939.1235281351505
BA.5.10,22B,0.6314095465852461,0.45246697522466606,-365.2004893043923,-302.9872356837063,935.8666666666667,939.1235281351505
BF.10,22B,0.6314116085729087,0.45246697522466606,-358.1456096613463,-302.9872356837063,935.8706564815348,939.1235281351505
BA.5,22B,0.6317954607073201,0.45246697522466606,-358.86517241662887,-302.9872356837063,936.6123507616302,939.1235281351505
BA.5.1.19,22B,0.6321064435975106,0.45246697522466606,-364.32710300164933,-302.9872356837063,937.2173913043478,939.1235281351505
BF.6,22B,0.6322214316723129,0.45246697522466606,-363.4219665398803,-302.9872356837063,937.4421052631579,939.1235281351505
BF.3.1,22B,0.6323105296941407,0.45246697522466606,-362.623473171065,-302.9872356837063,937.6165577342049,939.1235281351505
BE.1.1,22B,0.63270477535143,0.45246697522466606,-360.284355840605,-302.9872356837063,938.3921056450442,939.1235281351505
BF.2,22B,0.6330642624967759,0.45246697522466606,-364.2557888716076,-302.9872356837063,939.1043956043957,939.1235281351505
BA.5.2.21,22B,0.6333283568423531,0.45246697522466606,-361.0491840676673,-302.9872356837063,939.6309027777777,939.1235281351505
BA.5.2.16,22B,0.6334827219085291,0.45246697522466606,-363.6750026575728,-302.9872356837063,939.9398340248963,939.1235281351505
BA.5.1.22,22B,0.6339386970399876,0.45246697522466606,-361.97824011952224,-302.9872356837063,940.8576027736503,939.1235281351505
BA.5.1.29,22B,0.6340090884580706,0.45246697522466606,-370.3480071850234,-302.9872356837063,941.0,939.1235281351505
BZ.1,22B,0.6340092744516328,0.45246697522466606,-369.65500143552134,-302.9872356837063,941.0,939.1235281351505
BA.5.1.2,22B,0.6341811203889682,0.45246697522466606,-362.8375978000946,-302.9872356837063,941.348696461825,939.1235281351505
BA.5.1.10,22B,0.6342063838835769,0.45246697522466606,-361.93489948833644,-302.9872356837063,941.4000000000001,939.1235281351505
BF.7.9,22B,0.6343374795797397,0.45246697522466606,-369.5584725425376,-302.9872356837063,941.6666666666666,939.1235281351505
BE.4,22B,0.6343572247984188,0.45246697522466606,-364.32481172379806,-302.9872356837063,941.7068062827225,939.1235281351505
BF.5,22B,0.6343996473614976,0.45246697522466606,-361.57830939861776,-302.9872356837063,941.7932444061962,939.1235281351505
BA.5.1.21,22B,0.635151704516788,0.45246697522466606,-365.6624590879135,-302.9872356837063,943.3364779874214,939.1235281351505
BA.5.2.3,22B,0.6354567703994793,0.45246697522466606,-364.5000918224913,-302.9872356837063,943.9682890855457,939.1235281351505
BF.29,22B,0.6358926292872412,0.45246697522466606,-367.8335613787439,-302.9872356837063,944.876712328767,939.1235281351505
BA.5.1.20,22B,0.6359588239864183,0.45246697522466606,-367.9969168653023,-302.9872356837063,945.0151515151515,939.1235281351505
BF.38,22B,0.6360046090678716,0.45246697522466606,-368.42318282906064,-302.9872356837063,945.1111111111112,939.1235281351505
BA.5.2.9,22B,0.6360678124420944,0.45246697522466606,-362.915336271933,-302.9872356837063,945.2436974789916,939.1235281351505
BF.23,22B,0.636358111403079,0.45246697522466606,-368.6928695757791,-302.9872356837063,945.8541666666665,939.1235281351505
BA.5.2.33,22B,0.6366089181716047,0.45246697522466606,-366.9462922698073,-302.9872356837063,946.3839541547278,939.1235281351505
BA.5.2,22B,0.6366249908408981,0.45246697522466606,-361.95132696705537,-302.9872356837063,946.417975767305,939.1235281351505
BA.5.1.6,22B,0.6367886705705323,0.45246697522466606,-365.17792664404914,-302.9872356837063,946.7649484536082,939.1235281351505
BA.5.2.8,22B,0.636844657698408,0.45246697522466606,-367.0431091778777,-302.9872356837063,946.8838383838383,939.1235281351505
BK.1,22B,0.6371589252894768,0.45246697522466606,-365.9388352567202,-302.9872356837063,947.5531385954009,939.1235281351505
BA.5.6.2,22B,0.6379019131977997,0.45246697522466606,-367.16301211109993,-302.9872356837063,949.1483803552769,939.1235281351505
CF.1,22B,0.6379874974156495,0.45246697522466606,-369.2252517024728,-302.9872356837063,949.3333333333334,939.1235281351505
BA.5.2.28,22B,0.6381045089621684,0.45246697522466606,-367.29355805149936,-302.9872356837063,949.5864440078585,939.1235281351505
BA.5.1.11,22B,0.6381223634424846,0.45246697522466606,-372.15666807661444,-302.9872356837063,949.625,939.1235281351505
BA.5.6.1,22B,0.6384857964024652,0.45246697522466606,-369.38287916611836,-302.9872356837063,950.4143646408841,939.1235281351505
BA.5.2.27,22B,0.6386602096820386,0.45246697522466606,-367.84142101842275,-302.9872356837063,950.7945891783567,939.1235281351505
BF.39,22B,0.6399711487566044,0.45246697522466606,-369.26090323952724,-302.9872356837063,953.6813317479191,939.1235281351505
BA.5.2.38,22B,0.6400565223565051,0.45246697522466606,-372.64293656790335,-302.9872356837063,953.8709677419354,939.1235281351505
BA.5.2.22,22B,0.6401004087188616,0.45246697522466606,-368.9191078624797,-302.9872356837063,953.968633308439,939.1235281351505
BE.1.4.3,22B,0.640140180223843,0.45246697522466606,-372.6013799047334,-302.9872356837063,954.0571428571427,939.1235281351505
BA.5.2.31,22B,0.6401958509489822,0.45246697522466606,-368.93259750483935,-302.9872356837063,954.1810642709054,939.1235281351505
BA.5.2.20,22B,0.640440688565365,0.45246697522466606,-367.7707029213248,-302.9872356837063,954.7271482369051,939.1235281351505
BF.17,22B,0.6404407393148305,0.45246697522466606,-374.04568565572464,-302.9872356837063,954.7272727272727,939.1235281351505
BF.16,22B,0.6413112231078474,0.45246697522466606,-370.9493542465049,-302.9872356837063,956.6815742397139,939.1235281351505
BA.5.1.7,22B,0.6416008111947401,0.45246697522466606,-371.1053361630217,-302.9872356837063,957.3359746434232,939.1235281351505
DJ.1,22B,0.6422235032446939,0.45246697522466606,-375.6643030179556,-302.9872356837063,958.75,939.1235281351505
BF.26,22B,0.642421025936588,0.45246697522466606,-369.3504302819978,-302.9872356837063,959.2002997002998,939.1235281351505
BE.1.1.2,22B,0.6427241708186715,0.45246697522466606,-372.6084846866287,-302.9872356837063,959.8932038834951,939.1235281351505
BF.15,22B,0.6427335943156933,0.45246697522466606,-373.77874086383395,-302.9872356837063,959.9147286821706,939.1235281351505
BA.5.5.1,22B,0.6430125545683062,0.45246697522466606,-371.2862063147127,-302.9872356837063,960.5541932319766,939.1235281351505
BA.5.10.1,22B,0.6432911711109222,0.45246697522466606,-372.88256746378414,-302.9872356837063,961.1944444444446,939.1235281351505
BA.5.3.1,22B,0.6433782861395115,0.45246697522466606,-372.17617115989515,-302.9872356837063,961.3949579831932,939.1235281351505
BA.5.2.19,22B,0.6443434399713129,0.45246697522466606,-373.72226086296513,-302.9872356837063,963.6261682242991,939.1235281351505
BE.4.1.1,22B,0.6452401702211861,0.45246697522466606,-379.10597689962844,-302.9872356837063,965.7142857142856,939.1235281351505
BA.5.2.12,22B,0.6456958012045679,0.45246697522466606,-377.2726404541897,-302.9872356837063,966.7794117647059,939.1235281351505
BU.2,22B,0.6463198575277332,0.45246697522466606,-377.3509980786936,-302.9872356837063,968.2434782608696,939.1235281351505
BA.5.2.37,22B,0.646512456080311,0.45246697522466606,-377.3771825963319,-302.9872356837063,968.6962962962962,939.1235281351505
BA.5.2.24,22B,0.6466098279616205,0.45246697522466606,-377.2953866711808,-302.9872356837063,968.9254658385091,939.1235281351505
BA.5.1.31,22B,0.6469244848194422,0.45246697522466606,-380.4845625679058,-302.9872356837063,969.6666666666666,939.1235281351505
BV.1,22B,0.646971591227946,0.45246697522466606,-378.9208038186151,-302.9872356837063,969.7777777777777,939.1235281351505
BF.13,22B,0.6475654959359126,0.45246697522466606,-375.8358960341859,-302.9872356837063,971.1798972015991,939.1235281351505
BF.25,22B,0.6483030087662541,0.45246697522466606,-377.20181544336464,-302.9872356837063,972.9256830601093,939.1235281351505
BA.5.2.41,22B,0.6489431047177501,0.45246697522466606,-381.7536154161935,-302.9872356837063,974.4444444444443,939.1235281351505
BV.2,22B,0.6494493998069487,0.45246697522466606,-382.30444399094307,-302.9872356837063,975.6470588235295,939.1235281351505
BA.5.2.62,22B,0.6494694274053925,0.45246697522466606,-380.75047256496646,-302.9872356837063,975.6951219512196,939.1235281351505
BF.5.5,22B,0.6496198566341598,0.45246697522466606,-382.35955335882954,-302.9872356837063,976.0526315789473,939.1235281351505
BF.31,22B,0.6497907150490718,0.45246697522466606,-381.1667290623585,-302.9872356837063,976.4594594594596,939.1235281351505
BE.1.2,22B,0.6506629351533025,0.45246697522466606,-379.67959727190686,-302.9872356837063,978.5364583333333,939.1235281351505
CK.2,22B,0.6508993116237417,0.45246697522466606,-382.86587719784285,-302.9872356837063,979.1000000000001,939.1235281351505
BA.5.1.5,22B,0.6510875900239038,0.45246697522466606,-379.1911133159441,-302.9872356837063,979.5487612018978,939.1235281351505
BA.5.2.26,22B,0.6511577492798362,0.45246697522466606,-381.0271292554232,-302.9872356837063,979.716049382716,939.1235281351505
BF.7.13.2,22B,0.6512753330262916,0.45246697522466606,-386.923050795852,-302.9872356837063,980.0,939.1235281351505
CC.1,22B,0.6514448841742102,0.45246697522466606,-385.47984630368177,-302.9872356837063,980.4,939.1235281351505
BA.5.2.45,22B,0.6519471118621903,0.45246697522466606,-385.9725248557522,-302.9872356837063,981.6000000000001,939.1235281351505
BA.5.2.29,22B,0.6520311227535416,0.45246697522466606,-385.3618495905303,-302.9872356837063,981.8000000000001,939.1235281351505
CD.2,22B,0.6520417406549334,0.45246697522466606,-382.71202028327787,-302.9872356837063,981.8251748251748,939.1235281351505
BT.2,22B,0.6528643783212831,0.45246697522466606,-384.8457732807114,-302.9872356837063,983.7894736842104,939.1235281351505
BA.5.6.4,22B,0.653020012049335,0.45246697522466606,-385.20251055628586,-302.9872356837063,984.1612903225806,939.1235281351505
CD.1,22B,0.6530222878891524,0.45246697522466606,-384.20792627790263,-302.9872356837063,984.1666666666665,939.1235281351505
CG.1,22B,0.6530391739744731,0.45246697522466606,-385.2880637438464,-302.9872356837063,984.2068965517242,939.1235281351505
BA.5.2.7,22B,0.6531036963611331,0.45246697522466606,-382.87242767383304,-302.9872356837063,984.3612716763005,939.1235281351505
BA.5.1.12,22B,0.6533087550867129,0.45246697522466606,-382.22744469063537,-302.9872356837063,984.8513011152415,939.1235281351505
BF.7.4.2,22B,0.6534738375197152,0.45246697522466606,-384.972508469202,-302.9872356837063,985.2459016393443,939.1235281351505
BA.5.2.46,22B,0.6536848800934867,0.45246697522466606,-387.9050657867118,-302.9872356837063,985.75,939.1235281351505
CE.1,22B,0.6537618690781498,0.45246697522466606,-385.256389073047,-302.9872356837063,985.9344262295083,939.1235281351505
BA.5.9,22B,0.6538569214707685,0.45246697522466606,-382.66976855217763,-302.9872356837063,986.161797752809,939.1235281351505
BA.5.7,22B,0.654152781223517,0.45246697522466606,-386.617368146795,-302.9872356837063,986.8695652173914,939.1235281351505
BF.5.4,22B,0.6545559882058025,0.45246697522466606,-388.3592203502914,-302.9872356837063,987.8333333333333,939.1235281351505
BA.5.2.53,22B,0.6548487977619893,0.45246697522466606,-384.3444930509645,-302.9872356837063,988.5360360360361,939.1235281351505
BA.5.2.55,22B,0.6549962441900169,0.45246697522466606,-388.38887899732254,-302.9872356837063,988.8888888888888,939.1235281351505
BA.5.2.51,22B,0.6550392987893229,0.45246697522466606,-390.6285926980599,-302.9872356837063,989.0,939.1235281351505
BE.1.1.1,22B,0.6551453437861395,0.45246697522466606,-383.76660229786734,-302.9872356837063,989.2469368520264,939.1235281351505
BA.5.2.56,22B,0.6556504558234865,0.45246697522466606,-386.5240257276881,-302.9872356837063,990.4594594594596,939.1235281351505
BA.5.1.28,22B,0.6556555367600286,0.45246697522466606,-386.5751493195875,-302.9872356837063,990.4716981132074,939.1235281351505
BA.5.2.30,22B,0.6558859496047162,0.45246697522466606,-387.8033092425163,-302.9872356837063,991.025641025641,939.1235281351505
BE.4.1,22B,0.6561801966822539,0.45246697522466606,-386.93830035052497,-302.9872356837063,991.7338709677418,939.1235281351505
BF.7.16,22B,0.6567799933717169,0.45246697522466606,-388.85734651076507,-302.9872356837063,993.1818181818182,939.1235281351505
CR.1.3,22B,0.6575303130839274,0.45246697522466606,-393.0997411922411,-302.9872356837063,995.0,939.1235281351505
EQ.1,22B,0.6575969692257148,0.45246697522466606,-390.6811661522107,-302.9872356837063,995.1666666666665,939.1235281351505
CR.2,22B,0.6578016631484439,0.45246697522466606,-391.1725890708862,-302.9872356837063,995.6666666666666,939.1235281351505
BA.5.1.18,22B,0.6579312997886603,0.45246697522466606,-385.83598195668617,-302.9872356837063,995.9844924812029,939.1235281351505
BF.11.1,22B,0.658435171747612,0.45246697522466606,-389.29155047156667,-302.9872356837063,997.2252252252254,939.1235281351505
BF.14,22B,0.6587173999986538,0.45246697522466606,-387.07032988752417,-302.9872356837063,997.9255162241888,939.1235281351505
BF.7.27,22B,0.6592814210188906,0.45246697522466606,-388.85191119892227,-302.9872356837063,999.3391521197008,939.1235281351505
CP.6,22B,0.65933943317596,0.45246697522466606,-391.34850118427073,-302.9872356837063,999.4857142857144,939.1235281351505
CT.1,22B,0.6599320110079073,0.45246697522466606,-392.55213067911995,-302.9872356837063,1001.0,939.1235281351505
BF.34,22B,0.6602520202124849,0.45246697522466606,-393.33212179213115,-302.9872356837063,1001.8333333333333,939.1235281351505
BA.5.1.36,22B,0.6604701595094926,0.45246697522466606,-391.2649513255469,-302.9872356837063,1002.4067796610169,939.1235281351505
BF.7.26,22B,0.6604758113127179,0.45246697522466606,-391.8824171149558,-302.9872356837063,1002.421875,939.1235281351505
DA.1,22B,0.6611343369452505,0.45246697522466606,-395.0925488681416,-302.9872356837063,1004.2,939.1235281351505
BA.5.2.36,22B,0.6615508643799631,0.45246697522466606,-392.52539942040266,-302.9872356837063,1005.3636363636364,939.1235281351505
CP.1.3,22B,0.661774265645778,0.45246697522466606,-397.3452197742386,-302.9872356837063,1006.0,939.1235281351505
BF.11,22B,0.6622203492778886,0.45246697522466606,-389.7512241966172,-302.9872356837063,1007.3242287917737,939.1235281351505
BF.11.4,22B,0.662482860705786,0.45246697522466606,-393.8246772608721,-302.9872356837063,1008.1304347826086,939.1235281351505
BF.7.4,22B,0.6625681180504467,0.45246697522466606,-390.47805605757077,-302.9872356837063,1008.3974719101124,939.1235281351505
BA.5.2.23,22B,0.6667384278604201,0.45246697522466606,-395.1603885643951,-302.9872356837063,1010.1585937499999,939.1235281351505
BA.5.2.59,22B,0.6668665463516287,0.45246697522466606,-396.5922354654125,-302.9872356837063,1010.3793103448277,939.1235281351505
BA.5.2.25,22B,0.6669034766389977,0.45246697522466606,-396.84696324492967,-302.9872356837063,1010.4428571428571,939.1235281351505
BF.32,22B,0.666930721378631,0.45246697522466606,-395.99013543140825,-302.9872356837063,1010.4896755162242,939.1235281351505
BF.7.20,22B,0.6672817158815462,0.45246697522466606,-397.5707597903861,-302.9872356837063,1011.0904522613065,939.1235281351505
BF.7,22B,0.6672827067900906,0.45246697522466606,-393.7307436006707,-302.9872356837063,1011.0921450151059,939.1235281351505
BA.5.2.57,22B,0.6681924727720009,0.45246697522466606,-397.4541228943279,-302.9872356837063,1012.6281138790035,939.1235281351505
BF.7.7,22B,0.668236387700725,0.45246697522466606,-398.01596533151024,-302.9872356837063,1012.7014925373134,939.1235281351505
BA.5.1.32,22B,0.6684154705433782,0.45246697522466606,-402.06557380866906,-302.9872356837063,1013.0,939.1235281351505
BA.5.1.33,22B,0.6686112791277665,0.45246697522466606,-398.5750763706305,-302.9872356837063,1013.325,939.1235281351505
BA.5.2.39,22B,0.6689277872994138,0.45246697522466606,-399.75998979684505,-302.9872356837063,1013.8474576271186,939.1235281351505
BF.11.3,22B,0.6690206096574175,0.45246697522466606,-400.5304447639829,-302.9872356837063,1014.0,939.1235281351505
BF.7.6,22B,0.6690381059924995,0.45246697522466606,-398.607049304443,-302.9872356837063,1014.0287081339712,939.1235281351505
DE.2,22B,0.6700382566096837,0.45246697522466606,-402.5220336160198,-302.9872356837063,1015.6521739130434,939.1235281351505
BQ.2,22B,0.6701139497200372,0.45246697522466606,-401.0709703886794,-302.9872356837063,1015.7735849056603,939.1235281351505
BZ.2,22B,0.6702724357256956,0.45246697522466606,-400.68047967695196,-302.9872356837063,1016.0271739130435,939.1235281351505
BE.1.4.2,22B,0.6705396192610347,0.45246697522466606,-399.9583480535181,-302.9872356837063,1016.4527162977869,939.1235281351505
BA.5.6.3,22B,0.6708402491669295,0.45246697522466606,-402.4472338508812,-302.9872356837063,1016.9285714285714,939.1235281351505
BF.7.12,22B,0.6710871496074102,0.45246697522466606,-402.3169947406897,-302.9872356837063,1017.3170731707318,939.1235281351505
CP.1.2,22B,0.6711899396198754,0.45246697522466606,-403.69279722351394,-302.9872356837063,1017.4782608695651,939.1235281351505
BF.7.3,22B,0.6716001591569507,0.45246697522466606,-404.4125979319692,-302.9872356837063,1018.1176470588234,939.1235281351505
BF.7.8,22B,0.6717295685269947,0.45246697522466606,-403.5933904090287,-302.9872356837063,1018.3181818181818,939.1235281351505
BA.5.2.13,22B,0.6719608955994776,0.45246697522466606,-401.1997269393885,-302.9872356837063,1018.6754098360657,939.1235281351505
BA.5.2.6,22B,0.6720029185121378,0.45246697522466606,-399.41692964790184,-302.9872356837063,1018.7400950871632,939.1235281351505
BA.5.2.34,22B,0.6722176301952615,0.45246697522466606,-400.1113193819572,-302.9872356837063,1019.0696982575436,939.1235281351505
BF.7.23,22B,0.6723853373102481,0.45246697522466606,-403.11843884055924,-302.9872356837063,1019.3260869565216,939.1235281351505
BF.7.22,22B,0.6724643684222315,0.45246697522466606,-403.4915267834839,-302.9872356837063,1019.4466019417475,939.1235281351505
CP.3,22B,0.673130502081749,0.45246697522466606,-406.4077884784927,-302.9872356837063,1020.4545454545454,939.1235281351505
CN.2,22B,0.6731564021864842,0.45246697522466606,-402.5879433643456,-302.9872356837063,1020.4932038834952,939.1235281351505
BF.41.1,22B,0.6733711453817567,0.45246697522466606,-405.75545076975345,-302.9872356837063,1020.8148148148148,939.1235281351505
CP.1,22B,0.6735392564720054,0.45246697522466606,-403.0659412058854,-302.9872356837063,1021.0656779661017,939.1235281351505
BA.5.2.47,22B,0.6735614424061246,0.45246697522466606,-403.79453540843934,-302.9872356837063,1021.098712446352,939.1235281351505
BA.5.2.58,22B,0.6739283813866421,0.45246697522466606,-404.78407281677033,-302.9872356837063,1021.6428571428571,939.1235281351505
BF.7.18,22B,0.6741716849196955,0.45246697522466606,-409.8689729614343,-302.9872356837063,1022.0,939.1235281351505
BA.5.2.54,22B,0.6742653526346893,0.45246697522466606,-404.99488939782725,-302.9872356837063,1022.1388888888888,939.1235281351505
BF.7.19,22B,0.6743032118222508,0.45246697522466606,-406.4198811920796,-302.9872356837063,1022.1944444444443,939.1235281351505
BF.7.24,22B,0.6746362035918223,0.45246697522466606,-405.80056983000696,-302.9872356837063,1022.6808510638298,939.1235281351505
BF.30,22B,0.6747931524346164,0.45246697522466606,-408.1064976693413,-302.9872356837063,1022.909090909091,939.1235281351505
BA.5.1.27,22B,0.6749285701404872,0.45246697522466606,-402.9189195934576,-302.9872356837063,1023.1052166224579,939.1235281351505
CN.1,22B,0.6749941029045119,0.45246697522466606,-405.3393362330317,-302.9872356837063,1023.2,939.1235281351505
BF.7.10,22B,0.675037863751567,0.45246697522466606,-407.81031230786834,-302.9872356837063,1023.2631578947368,939.1235281351505
BU.3,22B,0.6754120075152872,0.45246697522466606,-406.188940225528,-302.9872356837063,1023.8014184397163,939.1235281351505
BA.5.2.14,22B,0.6754869438359232,0.45246697522466606,-405.64226997107346,-302.9872356837063,1023.9087452471482,939.1235281351505
BE.6,22B,0.675534463606353,0.45246697522466606,-407.50188183527956,-302.9872356837063,1023.9767441860464,939.1235281351505
BF.7.4.1,22B,0.6756452667507845,0.45246697522466606,-403.5866816182113,-302.9872356837063,1024.1349337748345,939.1235281351505
DB.2,22B,0.6757123488603126,0.45246697522466606,-408.88030577538717,-302.9872356837063,1024.2307692307693,939.1235281351505
BF.7.19.1,22B,0.6760622669827913,0.45246697522466606,-409.405843226126,-302.9872356837063,1024.7272727272727,939.1235281351505
CP.2,22B,0.6761608989478289,0.45246697522466606,-408.5036200187411,-302.9872356837063,1024.8666666666666,939.1235281351505
BA.5.2.52,22B,0.6762320840719732,0.45246697522466606,-407.8669010250022,-302.9872356837063,1024.967213114754,939.1235281351505
CL.1.3,22B,0.67654006532914,0.45246697522466606,-410.6840786364781,-302.9872356837063,1025.4,939.1235281351505
BA.5.2.60,22B,0.6768392328423323,0.45246697522466606,-409.50929843891527,-302.9872356837063,1025.8181818181818,939.1235281351505
BA.5.1.26,22B,0.6771951606593498,0.45246697522466606,-410.1929565110446,-302.9872356837063,1026.3125,939.1235281351505
BA.5.1.37,22B,0.6773447580498964,0.45246697522466606,-409.1678521654983,-302.9872356837063,1026.519230769231,939.1235281351505
BU.1,22B,0.6775755494542408,0.45246697522466606,-406.9263248372628,-302.9872356837063,1026.8370967741937,939.1235281351505
CR.1,22B,0.6777249524160313,0.45246697522466606,-408.9555951301095,-302.9872356837063,1027.0421052631577,939.1235281351505
CP.5,22B,0.6777600456302834,0.45246697522466606,-408.74149422714396,-302.9872356837063,1027.090163934426,939.1235281351505
BF.11.5,22B,0.6777702244604611,0.45246697522466606,-409.6847682270874,-302.9872356837063,1027.1041666666665,939.1235281351505
CP.8,22B,0.6777733414206326,0.45246697522466606,-409.1403303302101,-302.9872356837063,1027.1084337349398,939.1235281351505
BF.7.1,22B,0.6783362296614255,0.45246697522466606,-411.3649470420775,-302.9872356837063,1027.875,939.1235281351505
CK.3,22B,0.6787128048423776,0.45246697522466606,-409.45579862829976,-302.9872356837063,1028.383647798742,939.1235281351505
BE.7,22B,0.6788681686410405,0.45246697522466606,-411.3886542354952,-302.9872356837063,1028.5925925925926,939.1235281351505
BE.1.2.1,22B,0.6791743385093555,0.45246697522466606,-408.2298374554657,-302.9872356837063,1029.0022962112514,939.1235281351505
CQ.1.1,22B,0.6792293455516922,0.45246697522466606,-410.8664288816263,-302.9872356837063,1029.0757575757575,939.1235281351505
BF.7.5,22B,0.6793692880364929,0.45246697522466606,-408.509266004576,-302.9872356837063,1029.2621118012423,939.1235281351505
DW.1,22B,0.6794730286856625,0.45246697522466606,-413.69745006917424,-302.9872356837063,1029.4,939.1235281351505
BA.5.2.43,22B,0.6797371340443047,0.45246697522466606,-413.0939014025129,-302.9872356837063,1029.75,939.1235281351505
BF.10.1,22B,0.6803561172066903,0.45246697522466606,-411.85974957817393,-302.9872356837063,1030.5641025641025,939.1235281351505
BF.7.5.1,22B,0.6803673621516171,0.45246697522466606,-413.28360965169793,-302.9872356837063,1030.5789473684208,939.1235281351505
EB.1,22B,0.6805809452331951,0.45246697522466606,-410.9717275348239,-302.9872356837063,1030.857740585774,939.1235281351505
BA.5.2.35,22B,0.6805941750155912,0.45246697522466606,-409.6032641934968,-302.9872356837063,1030.875,939.1235281351505
CQ.1,22B,0.6811209697807543,0.45246697522466606,-413.4787085033462,-302.9872356837063,1031.5588235294117,939.1235281351505
BF.7.21,22B,0.6816868475230027,0.45246697522466606,-412.15093233518036,-302.9872356837063,1032.286956521739,939.1235281351505
CK.1,22B,0.6817174897092653,0.45246697522466606,-411.1344829401522,-302.9872356837063,1032.3262195121952,939.1235281351505
BA.5.2.32,22B,0.6822358000295033,0.45246697522466606,-413.77385392841444,-302.9872356837063,1032.9875000000002,939.1235281351505
BA.5.2.61,22B,0.6841056812143247,0.45246697522466606,-416.7938100594331,-302.9872356837063,1035.3333333333333,939.1235281351505
DF.1,22B,0.684289354519822,0.45246697522466606,-414.8417517424321,-302.9872356837063,1035.5608695652174,939.1235281351505
BF.31.1,22B,0.684345322961679,0.45246697522466606,-415.7326216899082,-302.9872356837063,1035.63,939.1235281351505
BF.7.11,22B,0.6856668492693864,0.45246697522466606,-420.32118473570756,-302.9872356837063,1037.25,939.1235281351505
DL.1,22B,0.6861177713054621,0.45246697522466606,-416.98793486332926,-302.9872356837063,1037.7988826815642,939.1235281351505
DJ.1.2,22B,0.6869057513026201,0.45246697522466606,-421.6071651023636,-302.9872356837063,1038.75,939.1235281351505
BA.5.2.63,22B,0.6869612997581763,0.45246697522466606,-420.65326783344005,-302.9872356837063,1038.8181818181818,939.1235281351505
CK.2.1.1,22B,0.6880815977917524,0.45246697522466606,-417.8913439738943,-302.9872356837063,1040.1612903225807,939.1235281351505
CK.2.1,22B,0.6883115443151432,0.45246697522466606,-418.84544414960374,-302.9872356837063,1040.4358974358975,939.1235281351505
CR.1.1,22B,0.6888963102067398,0.45246697522466606,-418.3182949600223,-302.9872356837063,1041.1329411764707,939.1235281351505
BE.4.2,22B,0.6891058436322802,0.45246697522466606,-419.27044234570303,-302.9872356837063,1041.3823529411764,939.1235281351505
BE.9,22B,0.6895649393478052,0.45246697522466606,-419.9884879383384,-302.9872356837063,1041.9283489096574,939.1235281351505
DG.1,22B,0.6897538477698467,0.45246697522466606,-421.68011350963616,-302.9872356837063,1042.1527777777778,939.1235281351505
BE.8,22B,0.6898591378557336,0.45246697522466606,-423.17614230699826,-302.9872356837063,1042.2777777777778,939.1235281351505
DJ.1.3,22B,0.6898655510816508,0.45246697522466606,-423.4341422899318,-302.9872356837063,1042.2857142857142,939.1235281351505
CP.4,22B,0.6910665545712217,0.45246697522466606,-424.2813219534658,-302.9872356837063,1043.7142857142858,939.1235281351505
CQ.2,22B,0.6911919902200921,0.45246697522466606,-420.54502587787636,-302.9872356837063,1043.8635458167332,939.1235281351505
DQ.1,22B,0.692082096460557,0.45246697522466606,-423.96755523781667,-302.9872356837063,1044.9277108433737,939.1235281351505
CP.1.1,22B,0.6921603377486099,0.45246697522466606,-423.9463671100109,-302.9872356837063,1045.021739130435,939.1235281351505
BF.7.17,22B,0.6926268479300012,0.45246697522466606,-426.47089377821175,-302.9872356837063,1045.5833333333333,939.1235281351505
BA.5.3.5,22B,0.6930730064272248,0.45246697522466606,-424.3410120790058,-302.9872356837063,1046.1242236024843,939.1235281351505
BF.39.1,22B,0.6943556274747872,0.45246697522466606,-427.93199069913726,-302.9872356837063,1047.7058823529412,939.1235281351505
BW.1.2,22B,0.6947474497797803,0.45246697522466606,-428.8732387755886,-302.9872356837063,1048.2,939.1235281351505
DJ.1.1.1,22B,0.6956002554110348,0.45246697522466606,-427.3788479992466,-302.9872356837063,1049.3027522935781,939.1235281351505
CL.1.1,22B,0.6956059481874792,0.45246697522466606,-428.7088732543921,-302.9872356837063,1049.310344827586,939.1235281351505
DB.1,22B,0.695924112715694,0.45246697522466606,-428.60342675921896,-302.9872356837063,1049.7333333333333,939.1235281351505
BW.1,22B,0.696530443585568,0.45246697522466606,-427.40847064048774,-302.9872356837063,1050.5622775800712,939.1235281351505
BF.11.2,22B,0.6966605459825315,0.45246697522466606,-429.3333702207781,-302.9872356837063,1050.7446808510638,939.1235281351505
CL.1.2,22B,0.6969796948835761,0.45246697522466606,-431.9094962119459,-302.9872356837063,1051.2,939.1235281351505
DJ.1.1,22B,0.6976280733672643,0.45246697522466606,-432.40905873310504,-302.9872356837063,1052.1666666666665,939.1235281351505
CK.1.5,22B,0.6985926559721012,0.45246697522466606,-429.0282007421812,-302.9872356837063,1053.7412731006161,939.1235281351505
BE.10,22B,0.7026151395885767,0.45246697522466606,-433.87848923472365,-302.9872356837063,1057.3820224719102,939.1235281351505
BF.7.14.5,22B,0.7037498309238924,0.45246697522466606,-439.56763215000876,-302.9872356837063,1058.6666666666665,939.1235281351505
DY.1,22B,0.7040431262455646,0.45246697522466606,-439.59053996941805,-302.9872356837063,1059.0,939.1235281351505
DF.1.1,22B,0.7040583288238349,0.45246697522466606,-434.6350777391088,-302.9872356837063,1059.0173310225305,939.1235281351505
CK.1.2,22B,0.7045117621513748,0.45246697522466606,-437.6230823181706,-302.9872356837063,1059.5319148936169,939.1235281351505
BW.1.1.1,22B,0.7056839991359526,0.45246697522466606,-437.38331527858713,-302.9872356837063,1060.8647342995168,939.1235281351505
BF.5.2,22B,0.7057977738977991,0.45246697522466606,-442.83677268202814,-302.9872356837063,1061.0,939.1235281351505
BW.1.1,22B,0.7066133151299042,0.45246697522466606,-437.5390893821484,-302.9872356837063,1061.9242105263156,939.1235281351505
CL.1,22B,0.7067539710928898,0.45246697522466606,-437.7469880987611,-302.9872356837063,1062.0848214285713,939.1235281351505
BF.7.14.4,22B,0.7072634365046875,0.45246697522466606,-443.29441407678735,-302.9872356837063,1062.6666666666665,939.1235281351505
CK.1.4,22B,0.7075682318142352,0.45246697522466606,-438.64392987679145,-302.9872356837063,1063.016129032258,939.1235281351505
BF.7.14.6,22B,0.7084257914407255,0.45246697522466606,-443.54955514686435,-302.9872356837063,1064.0,939.1235281351505
BA.5.2.48,22B,0.7087302690319528,0.45246697522466606,-442.9572799928303,-302.9872356837063,1064.3500000000001,939.1235281351505
BW.1.1.2,22B,0.7089721763579019,0.45246697522466606,-441.213308602605,-302.9872356837063,1064.6283783783783,939.1235281351505
DY.3,22B,0.7103040094934007,0.45246697522466606,-444.4513962297125,-302.9872356837063,1066.1666666666665,939.1235281351505
BF.7.13,22B,0.7110231047442257,0.45246697522466606,-448.39642729063104,-302.9872356837063,1067.0,939.1235281351505
DY.4,22B,0.7114233119158829,0.45246697522466606,-446.11549090570077,-302.9872356837063,1067.4666666666667,939.1235281351505
DY.2,22B,0.7124714569162899,0.45246697522466606,-445.9357093320168,-302.9872356837063,1068.6909090909091,939.1235281351505
BA.5.11,22B,0.7127975783264754,0.45246697522466606,-446.5780575476911,-302.9872356837063,1069.0731707317075,939.1235281351505
BF.7.14.3,22B,0.7131610291071415,0.45246697522466606,-449.9870882897988,-302.9872356837063,1069.5,939.1235281351505
BF.7.14,22B,0.713265207029682,0.45246697522466606,-446.82139363266884,-302.9872356837063,1069.6226415094338,939.1235281351505
BF.7.14.1,22B,0.7146193416742,0.45246697522466606,-450.04395552084173,-302.9872356837063,1071.2222222222222,939.1235281351505
BA.5.1.38,22B,0.7169457589626592,0.45246697522466606,-454.73651209317086,-302.9872356837063,1074.0,939.1235281351505
CK.1.3,22B,0.7210069650821435,0.45246697522466606,-453.73765323885937,-302.9872356837063,1078.9674418604652,939.1235281351505
DZ.1,22B,0.721835197465121,0.45246697522466606,-457.6997668438731,-302.9872356837063,1080.0,939.1235281351505
BF.7.15,22B,0.7365305221567201,0.45246697522466606,-474.0691495085008,-302.9872356837063,1099.857142857143,939.1235281351505
BE.13,22B,0.742817292283135,0.45246697522466606,-481.3507216200046,-302.9872356837063,1109.8,939.1235281351505
CK.1.1.2,22B,0.8006523021381396,0.45246697522466606,-552.0357968901957,-302.9872356837063,1294.0,939.1235281351505
BM.4,22D,0.6121489691656443,0.4832606328277219,-348.808184138575,-336.9477416261544,905.75,1027.627403213063
BM.3,22D,0.617384921420932,0.4832606328277219,-353.8560516272859,-336.9477416261544,912.6666666666666,1027.627403213063
BA.2.75.10,22D,0.6261535574045838,0.4832606328277219,-360.18204753727525,-336.9477416261544,926.2941176470588,1027.627403213063
BA.2.75,22D,0.6274396581439204,0.4832606328277219,-358.8053305464923,-336.9477416261544,928.536036036036,1027.627403213063
BL.3,22D,0.6278003614715228,0.4832606328277219,-361.7098393144603,-336.9477416261544,929.1764705882354,1027.627403213063
BN.2,22D,0.634157177525223,0.4832606328277219,-368.1847751764869,-336.9477416261544,941.3,1027.627403213063
BM.5,22D,0.6365622960384547,0.4832606328277219,-370.81133098107085,-336.9477416261544,946.2857142857142,1027.627403213063
BA.2.75.1,22D,0.6376297755169918,0.4832606328277219,-368.2156366814923,-336.9477416261544,948.562015503876,1027.627403213063
BA.2.75.3,22D,0.6391429994470951,0.4832606328277219,-370.5243321440454,-336.9477416261544,951.8518518518518,1027.627403213063
BL.4,22D,0.6395732401829404,0.4832606328277219,-372.90814369238075,-336.9477416261544,952.8,1027.627403213063
BL.1.3,22D,0.6445042216199377,0.4832606328277219,-378.55006064802234,-336.9477416261544,964.0,1027.627403213063
BM.1,22D,0.6452342733932309,0.4832606328277219,-378.05046870621317,-336.9477416261544,965.7,1027.627403213063
CH.1,22D,0.6467021258653246,0.4832606328277219,-380.52031426554277,-336.9477416261544,969.1428571428571,1027.627403213063
BN.5,22D,0.6468076377335651,0.4832606328277219,-378.33439285515317,-336.9477416261544,969.3913043478261,1027.627403213063
BA.2.75.6,22D,0.647502659018665,0.4832606328277219,-379.7770841443096,-336.9477416261544,971.03125,1027.627403213063
CA.2,22D,0.6475946987345598,0.4832606328277219,-381.9459105217074,-336.9477416261544,971.25,1027.627403213063
CH.2,22D,0.6486854698327136,0.4832606328277219,-382.6012635268932,-336.9477416261544,973.8333333333333,1027.627403213063
CA.3,22D,0.6494808416632316,0.4832606328277219,-381.5848117562892,-336.9477416261544,975.7222222222223,1027.627403213063
BL.1,22D,0.6496394785524818,0.4832606328277219,-379.9712864761611,-336.9477416261544,976.0995260663508,1027.627403213063
BN.6,22D,0.6498905469356884,0.4832606328277219,-381.37863291011155,-336.9477416261544,976.6969696969697,1027.627403213063
BM.1.1.1,22D,0.6505426286773008,0.4832606328277219,-382.87347612643833,-336.9477416261544,978.25,1027.627403213063
BL.2.1,22D,0.6509042816260503,0.4832606328277219,-384.3624037091594,-336.9477416261544,979.1111111111111,1027.627403213063
BN.3,22D,0.6519477158844393,0.4832606328277219,-385.97313131281777,-336.9477416261544,981.6,1027.627403213063
BM.4.1,22D,0.6522550666224729,0.4832606328277219,-386.78577862580374,-336.9477416261544,982.3333333333333,1027.627403213063
BA.2.75.7,22D,0.6523845341362671,0.4832606328277219,-385.37251534908523,-336.9477416261544,982.6428571428571,1027.627403213063
BA.2.75.2,22D,0.6530149709528881,0.4832606328277219,-381.8169950750532,-336.9477416261544,984.1492864983535,1027.627403213063
BN.1.8,22D,0.6542067192413371,0.4832606328277219,-389.1129605407203,-336.9477416261544,987.0,1027.627403213063
BA.2.75.5,22D,0.6546057865456868,0.4832606328277219,-384.28936578800716,-336.9477416261544,987.9539295392955,1027.627403213063
BN.4,22D,0.6546253856167737,0.4832606328277219,-388.2736300137281,-336.9477416261544,988.0,1027.627403213063
BA.2.75.4,22D,0.654881146545118,0.4832606328277219,-386.6881042187624,-336.9477416261544,988.6136363636364,1027.627403213063
BM.1.1,22D,0.6553971318026313,0.4832606328277219,-385.52314043716206,-336.9477416261544,989.8510638297872,1027.627403213063
BL.2,22D,0.6554355899973928,0.4832606328277219,-386.3573566068419,-336.9477416261544,989.9433962264151,1027.627403213063
BY.1,22D,0.6581254367563641,0.4832606328277219,-387.9985911533459,-336.9477416261544,996.4612794612794,1027.627403213063
BY.1.2,22D,0.6585022112007356,0.4832606328277219,-390.9324474643162,-336.9477416261544,997.391304347826,1027.627403213063
BM.1.1.3,22D,0.6588275595068599,0.4832606328277219,-388.40110607594073,-336.9477416261544,998.2,1027.627403213063
BM.4.1.1,22D,0.6588826697197665,0.4832606328277219,-388.9922642649235,-336.9477416261544,998.3376068376067,1027.627403213063
BN.2.1,22D,0.6597534410273455,0.4832606328277219,-391.70694780691554,-336.9477416261544,1000.5405405405405,1027.627403213063
BR.3,22D,0.6597652102510381,0.4832606328277219,-393.3837180235073,-336.9477416261544,1000.5714285714284,1027.627403213063
CA.1,22D,0.6601717392986559,0.4832606328277219,-389.8644960455125,-336.9477416261544,1001.6225352112676,1027.627403213063
CB.1,22D,0.6605565646073527,0.4832606328277219,-392.6257476901266,-336.9477416261544,1002.6363636363637,1027.627403213063
BL.1.4,22D,0.6609398558082008,0.4832606328277219,-394.30952849129034,-336.9477416261544,1003.6666666666666,1027.627403213063
BM.2,22D,0.6619701990495939,0.4832606328277219,-394.28426530117184,-336.9477416261544,1006.5769230769232,1027.627403213063
BL.6,22D,0.6660856643684894,0.4832606328277219,-397.942407609721,-336.9477416261544,1009.0243902439024,1027.627403213063
BM.2.1,22D,0.6661390188771882,0.4832606328277219,-398.8766042674266,-336.9477416261544,1009.1176470588234,1027.627403213063
BL.1.5,22D,0.6661861586575595,0.4832606328277219,-399.04933808009196,-336.9477416261544,1009.2000000000002,1027.627403213063
BR.1,22D,0.6673319352348932,0.4832606328277219,-397.3275943870102,-336.9477416261544,1011.1760299625469,1027.627403213063
CA.6,22D,0.6690204177220089,0.4832606328277219,-403.93145704408704,-336.9477416261544,1014.0,1027.627403213063
BR.4,22D,0.6701304715892059,0.4832606328277219,-402.5323153728193,-336.9477416261544,1015.8,1027.627403213063
CA.5,22D,0.67085876650409,0.4832606328277219,-401.023356729558,-336.9477416261544,1016.957805907173,1027.627403213063
CV.2,22D,0.6712677391195573,0.4832606328277219,-404.60486781696255,-336.9477416261544,1017.6,1027.627403213063
CV.1,22D,0.6752910601341311,0.4832606328277219,-406.5595371551987,-336.9477416261544,1023.6279069767442,1027.627403213063
EJ.2,22D,0.6810339399513777,0.4832606328277219,-412.74091075940305,-336.9477416261544,1031.446153846154,1027.627403213063
BR.1.2,22D,0.681445017178922,0.4832606328277219,-411.9781186823041,-336.9477416261544,1031.9765258215964,1027.627403213063
BN.1.5.1,22D,0.6834930397791378,0.4832606328277219,-417.5096807771969,-336.9477416261544,1034.5714285714284,1027.627403213063
BN.1.4.5,22D,0.6845876952501647,0.4832606328277219,-415.6400762187422,-336.9477416261544,1035.9290780141844,1027.627403213063
BN.1.9,22D,0.6855896572561087,0.4832606328277219,-416.5969760132309,-336.9477416261544,1037.1568627450981,1027.627403213063
BN.1.3.8,22D,0.6860666978367342,0.4832606328277219,-419.17788010998066,-336.9477416261544,1037.7368421052631,1027.627403213063
BN.1.3.6,22D,0.6860818463540765,0.4832606328277219,-416.2084493709929,-336.9477416261544,1037.755319148936,1027.627403213063
CA.7,22D,0.6870255806393851,0.4832606328277219,-418.46398228825643,-336.9477416261544,1038.8952380952383,1027.627403213063
DS.3,22D,0.6871127437787593,0.4832606328277219,-421.41674184023503,-336.9477416261544,1039.0,1027.627403213063
BN.1.10,22D,0.687220259223312,0.4832606328277219,-418.8775644183586,-336.9477416261544,1039.1294117647058,1027.627403213063
BN.1.4,22D,0.6880472138486672,0.4832606328277219,-418.1492536014949,-336.9477416261544,1040.1201923076924,1027.627403213063
BN.1.3.12,22D,0.6882891051790201,0.4832606328277219,-421.34052809652366,-336.9477416261544,1040.409090909091,1027.627403213063
BN.1.5,22D,0.6892139074639195,0.4832606328277219,-418.4785288585863,-336.9477416261544,1041.5109126984128,1027.627403213063
BN.1,22D,0.6900469668030896,0.4832606328277219,-418.6770242017145,-336.9477416261544,1042.5012696800404,1027.627403213063
BN.1.3.3,22D,0.6909365008072448,0.4832606328277219,-422.6575166030987,-336.9477416261544,1043.5591397849462,1027.627403213063
BN.1.2.1,22D,0.6916476442766093,0.4832606328277219,-424.6367013648961,-336.9477416261544,1044.4074074074074,1027.627403213063
BN.1.3,22D,0.6918021456851616,0.4832606328277219,-420.8166666616736,-336.9477416261544,1044.5922598479613,1027.627403213063
CJ.1,22D,0.6925576002167209,0.4832606328277219,-426.8039586926468,-336.9477416261544,1045.5,1027.627403213063
BN.1.4.3,22D,0.692992108640469,0.4832606328277219,-424.5842012305483,-336.9477416261544,1046.0258620689656,1027.627403213063
BN.1.7,22D,0.6933940056824569,0.4832606328277219,-424.2209502659096,-336.9477416261544,1046.515748031496,1027.627403213063
BN.1.3.7,22D,0.6939621544346758,0.4832606328277219,-426.17867187921274,-336.9477416261544,1047.2153846153847,1027.627403213063
BN.1.3.1,22D,0.6948245003147493,0.4832606328277219,-424.38032136035014,-336.9477416261544,1048.298245614035,1027.627403213063
EJ.1,22D,0.6948851004569624,0.4832606328277219,-429.24067284346825,-336.9477416261544,1048.375,1027.627403213063
BN.1.2.8,22D,0.6953676215190642,0.4832606328277219,-431.8261229816504,-336.9477416261544,1049.0,1027.627403213063
BR.5,22D,0.6956607267686754,0.4832606328277219,-428.60729263002196,-336.9477416261544,1049.3823529411766,1027.627403213063
CJ.1.2,22D,0.695679654284228,0.4832606328277219,-428.85767743129855,-336.9477416261544,1049.4074074074074,1027.627403213063
BN.1.5.2,22D,0.6965889374189794,0.4832606328277219,-428.33759454749423,-336.9477416261544,1050.6440677966102,1027.627403213063
BN.1.1,22D,0.6968584027808852,0.4832606328277219,-428.34158641633945,-336.9477416261544,1051.025641025641,1027.627403213063
BN.1.2.3,22D,0.6970696894571285,0.4832606328277219,-428.7693551746565,-336.9477416261544,1051.330708661417,1027.627403213063
BN.1.4.1,22D,0.6975195919293534,0.4832606328277219,-431.04216543581305,-336.9477416261544,1052.0,1027.627403213063
BN.1.2,22D,0.6978792660297545,0.4832606328277219,-427.9714110524231,-336.9477416261544,1052.5582450832076,1027.627403213063
BN.1.2.6,22D,0.6986766041143289,0.4832606328277219,-433.1077097693449,-336.9477416261544,1053.888888888889,1027.627403213063
BN.3.1,22D,0.6988197372620417,0.4832606328277219,-430.57299342209575,-336.9477416261544,1054.1439393939395,1027.627403213063
BN.1.1.1,22D,0.70047552520677,0.4832606328277219,-433.94783757268357,-336.9477416261544,1054.9615384615386,1027.627403213063
BN.1.11,22D,0.7007622036005413,0.4832606328277219,-435.56251180988636,-336.9477416261544,1055.2857142857142,1027.627403213063
BN.1.3.5,22D,0.7008156099082823,0.4832606328277219,-432.5149241858455,-336.9477416261544,1055.3461538461538,1027.627403213063
BN.1.2.2,22D,0.7015705421497357,0.4832606328277219,-435.142944162803,-336.9477416261544,1056.2,1027.627403213063
BM.1.1.5,22D,0.7022802903003712,0.4832606328277219,-439.1117093542941,-336.9477416261544,1057.0,1027.627403213063
BN.1.2.5,22D,0.7024248843361633,0.4832606328277219,-436.77968436448316,-336.9477416261544,1057.1666666666665,1027.627403213063
BN.1.4.2,22D,0.7026174433443122,0.4832606328277219,-436.21007711275394,-336.9477416261544,1057.3846153846155,1027.627403213063
BM.1.1.4,22D,0.7034060298375682,0.4832606328277219,-437.4119902178952,-336.9477416261544,1058.2777777777778,1027.627403213063
CA.3.1,22D,0.7040088856399904,0.4832606328277219,-434.9821354134825,-336.9477416261544,1058.9612403100775,1027.627403213063
BN.1.3.9,22D,0.7062412962252937,0.4832606328277219,-441.9211346963898,-336.9477416261544,1061.5,1027.627403213063
BN.1.3.4,22D,0.7079901118306771,0.4832606328277219,-444.4723990525873,-336.9477416261544,1063.5,1027.627403213063
BN.1.2.4,22D,0.7080606535792463,0.4832606328277219,-441.806579926818,-336.9477416261544,1063.5806451612902,1027.627403213063
BY.1.1.1,22D,0.7084259384375351,0.4832606328277219,-442.92110283196206,-336.9477416261544,1064.0,1027.627403213063
BR.5.1,22D,0.7100368759025135,0.4832606328277219,-445.398772348206,-336.9477416261544,1065.857142857143,1027.627403213063
BR.2.1,22D,0.7101561089566305,0.4832606328277219,-441.4244053424886,-336.9477416261544,1065.9952718676122,1027.627403213063
DS.2,22D,0.7166344478957017,0.4832606328277219,-450.6410231328199,-336.9477416261544,1073.6279069767443,1027.627403213063
BR.2,22D,0.7187036487123292,0.4832606328277219,-453.9183109608383,-336.9477416261544,1076.1333333333332,1027.627403213063
BN.1.6,22D,0.7190031435545493,0.4832606328277219,-456.2555697167672,-336.9477416261544,1076.5,1027.627403213063
CJ.1.1,22D,0.7194144247359722,0.4832606328277219,-457.3915633426169,-336.9477416261544,1077.0,1027.627403213063
DS.1,22D,0.7269159526829696,0.4832606328277219,-462.5102194673906,-336.9477416261544,1086.5000000000002,1027.627403213063
BN.1.3.11,22D,0.7295485832481255,0.4832606328277219,-466.4249776220276,-336.9477416261544,1090.0,1027.627403213063
BN.1.3.2,22D,0.7313804549690263,0.4832606328277219,-469.6767626801442,-336.9477416261544,1092.5,1027.627403213063
BY.1.1,22D,0.7376922298238571,0.4832606328277219,-474.5857324070736,-336.9477416261544,1101.6,1027.627403213063
EP.2,22D,0.7420452058557937,0.4832606328277219,-481.4106558149321,-336.9477416261544,1108.5,1027.627403213063
FR.1,22D,0.7562163420948314,0.4832606328277219,-494.1482906043287,-336.9477416261544,1136.4468085106382,1027.627403213063
FR.2,22D,0.7564377635217634,0.4832606328277219,-497.55699337460027,-336.9477416261544,1137.0,1027.627403213063
CJ.1.3,22D,0.7588831237296154,0.4832606328277219,-498.5533983081201,-336.9477416261544,1143.5,1027.627403213063
BN.1.2.7,22D,0.7679925594508356,0.4832606328277219,-509.9846604947914,-336.9477416261544,1177.2,1027.627403213063
FR.1.2,22D,0.7755575402905288,0.4832606328277219,-519.4678897175058,-336.9477416261544,1203.0,1027.627403213063
FR.1.1,22D,0.778421086641847,0.4832606328277219,-521.7267328447538,-336.9477416261544,1215.6000000000001,1027.627403213063
FR.1.4,22D,0.7788487266067295,0.4832606328277219,-523.1632687512016,-336.9477416261544,1217.5,1027.627403213063
FR.1.3,22D,0.7820064349706962,0.4832606328277219,-525.9313061795857,-336.9477416261544,1231.5,1027.627403213063
FR.1.5,22D,0.7856639815714452,0.4832606328277219,-531.8510006224375,-336.9477416261544,1247.3333333333333,1027.627403213063
BQ.1.1.78,22E,0.6544162680008149,0.49622051231334174,-389.3198404189375,-348.01214920833087,987.5,1050.9645053894194
BQ.1.1.64,22E,0.6617743185611963,0.49622051231334174,-397.34526378674934,-348.01214920833087,1006.0,1050.9645053894194
BQ.1.1.12,22E,0.6669367875886214,0.49622051231334174,-401.82226772811674,-348.01214920833087,1010.5,1050.9645053894194
BQ.1.7,22E,0.6719034249205109,0.49622051231334174,-402.4366506819274,-348.01214920833087,1018.5868263473054,1050.9645053894194
BQ.1.19,22E,0.6740951933212891,0.49622051231334174,-407.59357257011584,-348.01214920833087,1021.8888888888889,1050.9645053894194
BQ.1.6,22E,0.6748932298850472,0.49622051231334174,-403.66364594536344,-348.01214920833087,1023.0540540540542,1050.9645053894194
BQ.1.17,22E,0.6754110925978468,0.49622051231334174,-409.52731924045753,-348.01214920833087,1023.8000000000001,1050.9645053894194
BQ.1.16,22E,0.6755362814000658,0.49622051231334174,-406.288209089266,-348.01214920833087,1023.9793103448276,1050.9645053894194
BQ.1.20,22E,0.6838590557165452,0.49622051231334174,-415.54388557889894,-348.01214920833087,1035.027397260274,1050.9645053894194
BQ.1.14,22E,0.6855474372148325,0.49622051231334174,-413.35491534413654,-348.01214920833087,1037.1054176674672,1050.9645053894194
BQ.1.15,22E,0.6856650934779488,0.49622051231334174,-414.76156931470393,-348.01214920833087,1037.248794599807,1050.9645053894194
BQ.1.5,22E,0.6858747690169973,0.49622051231334174,-414.50199145501097,-348.01214920833087,1037.5038898862956,1050.9645053894194
BQ.1.1.19,22E,0.6868510499007582,0.49622051231334174,-418.9476574180097,-348.01214920833087,1038.6851851851852,1050.9645053894194
BQ.1.11,22E,0.6872158402875456,0.49622051231334174,-415.21485584944173,-348.01214920833087,1039.1240521686382,1050.9645053894194
BQ.1.3.2,22E,0.6876970336586812,0.49622051231334174,-415.4321208500645,-348.01214920833087,1039.7012571428572,1050.9645053894194
BQ.1.13,22E,0.6877917738542095,0.49622051231334174,-416.1671245588204,-348.01214920833087,1039.8146868250537,1050.9645053894194
BQ.1.26.1,22E,0.687865165463758,0.49622051231334174,-420.27703466304524,-348.01214920833087,1039.9024390243903,1050.9645053894194
BQ.1,22E,0.6879100650123162,0.49622051231334174,-413.8594423918099,-348.01214920833087,1039.9562210230297,1050.9645053894194
BQ.1.2.3,22E,0.6883669545551767,0.49622051231334174,-417.6148636893917,-348.01214920833087,1040.5020202020203,1050.9645053894194
BQ.1.12,22E,0.6887290517953039,0.49622051231334174,-416.34052408532415,-348.01214920833087,1040.9337337725244,1050.9645053894194
BQ.1.8,22E,0.6895529125024438,0.49622051231334174,-418.88673441611803,-348.01214920833087,1041.9140461215934,1050.9645053894194
BQ.1.3,22E,0.6904170062904792,0.49622051231334174,-422.0231803288202,-348.01214920833087,1042.9411764705883,1050.9645053894194
EA.2,22E,0.6906193547747305,0.49622051231334174,-423.76817236941133,-348.01214920833087,1043.1818181818182,1050.9645053894194
BQ.1.4,22E,0.6907452619901189,0.49622051231334174,-421.77563309404513,-348.01214920833087,1043.3315217391305,1050.9645053894194
DN.2,22E,0.6923402568310277,0.49622051231334174,-420.8576716583715,-348.01214920833087,1045.2379975379563,1050.9645053894194
BQ.1.10,22E,0.6926467595605535,0.49622051231334174,-421.02823432227484,-348.01214920833087,1045.607559166372,1050.9645053894194
BQ.1.1.27,22E,0.6931235162740039,0.49622051231334174,-424.1281498999184,-348.01214920833087,1046.1857142857143,1050.9645053894194
BQ.1.29,22E,0.6935812105396078,0.49622051231334174,-425.2907796133214,-348.01214920833087,1046.7452830188681,1050.9645053894194
BQ.1.1.68,22E,0.6936467154241608,0.49622051231334174,-422.59504944238563,-348.01214920833087,1046.8258026159333,1050.9645053894194
DM.1,22E,0.6936834558699403,0.49622051231334174,-426.6272648531078,-348.01214920833087,1046.8709677419356,1050.9645053894194
EE.1,22E,0.6937436239389279,0.49622051231334174,-423.4598314710378,-348.01214920833087,1046.9451530612243,1050.9645053894194
CZ.2,22E,0.6938225440044383,0.49622051231334174,-424.74728371736376,-348.01214920833087,1047.0425531914893,1050.9645053894194
BQ.1.2,22E,0.6938705444018481,0.49622051231334174,-421.74877486129117,-348.01214920833087,1047.1018966908796,1050.9645053894194
BQ.1.23,22E,0.6944035451167229,0.49622051231334174,-423.4882883908527,-348.01214920833087,1047.7659434582508,1050.9645053894194
BQ.1.1.3,22E,0.6947005897890067,0.49622051231334174,-422.85056034756315,-348.01214920833087,1048.1407482820055,1050.9645053894194
BQ.1.1.8,22E,0.6948038833578661,0.49622051231334174,-426.49877528253705,-348.01214920833087,1048.2719298245613,1050.9645053894194
BQ.1.1.67,22E,0.6949278371484633,0.49622051231334174,-425.48438750993404,-348.01214920833087,1048.4301675977654,1050.9645053894194
DN.3,22E,0.6951040064782972,0.49622051231334174,-428.0839060599886,-348.01214920833087,1048.65625,1050.9645053894194
BQ.1.27,22E,0.6951736618075799,0.49622051231334174,-426.35999919422284,-348.01214920833087,1048.7461139896373,1050.9645053894194
BQ.1.1.74,22E,0.6951765296903912,0.49622051231334174,-429.14078991995143,-348.01214920833087,1048.75,1050.9645053894194
BQ.1.1.7,22E,0.6952270811925496,0.49622051231334174,-424.4887924077589,-348.01214920833087,1048.8152337858219,1050.9645053894194
BQ.1.1.5,22E,0.695396695143613,0.49622051231334174,-424.0030221335883,-348.01214920833087,1049.03572815534,1050.9645053894194
BQ.1.1.25,22E,0.6958565599797395,0.49622051231334174,-427.2152165573316,-348.01214920833087,1049.6428571428569,1050.9645053894194
BQ.1.3.1,22E,0.6960385671864728,0.49622051231334174,-426.05635471496,-348.01214920833087,1049.8873456790125,1050.9645053894194
ED.2,22E,0.6963066221508313,0.49622051231334174,-426.56755483898723,-348.01214920833087,1050.252427184466,1050.9645053894194
BQ.1.1.6,22E,0.6963184691422555,0.49622051231334174,-426.44743720677275,-348.01214920833087,1050.268707482993,1050.9645053894194
BQ.1.10.1,22E,0.6963379670038351,0.49622051231334174,-426.47817192334907,-348.01214920833087,1050.295532646048,1050.9645053894194
BQ.1.1.57,22E,0.6968903646885943,0.49622051231334174,-427.89560683982023,-348.01214920833087,1051.0714285714284,1050.9645053894194
DK.1,22E,0.6969996065007853,0.49622051231334174,-428.7691811884792,-348.01214920833087,1051.2288135593221,1050.9645053894194
BQ.1.1.4,22E,0.6978575302632838,0.49622051231334174,-426.05292746813916,-348.01214920833087,1052.5238636363636,1050.9645053894194
BQ.1.1.14,22E,0.6979057424150465,0.49622051231334174,-432.19045077567694,-348.01214920833087,1052.6,1050.9645053894194
DR.2,22E,0.6979502075811441,0.49622051231334174,-428.59180434675045,-348.01214920833087,1052.6710182767624,1050.9645053894194
BQ.1.1.17,22E,0.6980531891190116,0.49622051231334174,-430.0038624303392,-348.01214920833087,1052.8365384615386,1050.9645053894194
BQ.1.1.69,22E,0.6980643641100881,0.49622051231334174,-427.1594894248398,-348.01214920833087,1052.8546158098395,1050.9645053894194
BQ.1.32,22E,0.6983345586214411,0.49622051231334174,-427.88837896917596,-348.01214920833087,1053.3000000000002,1050.9645053894194
EE.5,22E,0.6984459693174124,0.49622051231334174,-428.8943971576898,-348.01214920833087,1053.4884696016773,1050.9645053894194
BQ.1.10.3,22E,0.6985888575313071,0.49622051231334174,-430.6274946750548,-348.01214920833087,1053.7346938775509,1050.9645053894194
BQ.1.1,22E,0.6986456662073453,0.49622051231334174,-424.39000526053866,-348.01214920833087,1053.8340128130458,1050.9645053894194
BQ.1.1.52,22E,0.6990182691003043,0.49622051231334174,-428.8107577771427,-348.01214920833087,1054.5084388185653,1050.9645053894194
BQ.1.1.51,22E,0.7003487581070031,0.49622051231334174,-429.81098737614377,-348.01214920833087,1054.8181179775281,1050.9645053894194
BQ.1.1.34,22E,0.7005095658960869,0.49622051231334174,-435.63241953340565,-348.01214920833087,1055.0,1050.9645053894194
BQ.1.1.72,22E,0.701046387636302,0.49622051231334174,-434.4761555749298,-348.01214920833087,1055.607142857143,1050.9645053894194
BQ.1.1.28,22E,0.7010908755944588,0.49622051231334174,-431.12789149997616,-348.01214920833087,1055.65748502994,1050.9645053894194
BQ.1.30,22E,0.701764968484666,0.49622051231334174,-434.6551677578392,-348.01214920833087,1056.42,1050.9645053894194
BQ.1.11.1,22E,0.7020328906820196,0.49622051231334174,-434.6758829140329,-348.01214920833087,1056.7230769230769,1050.9645053894194
BQ.1.1.22,22E,0.7022401256683186,0.49622051231334174,-433.96333902580835,-348.01214920833087,1056.9575757575758,1050.9645053894194
BQ.1.8.2,22E,0.7022559999846208,0.49622051231334174,-435.37249447329,-348.01214920833087,1056.9756097560976,1050.9645053894194
BQ.1.1.18,22E,0.702535933458527,0.49622051231334174,-431.3941262227076,-348.01214920833087,1057.2923599320882,1050.9645053894194
BQ.1.9,22E,0.7027706632902063,0.49622051231334174,-434.2595618295143,-348.01214920833087,1057.5581395348836,1050.9645053894194
BQ.1.1.1,22E,0.7028555466755116,0.49622051231334174,-432.6715864454646,-348.01214920833087,1057.6542137271938,1050.9645053894194
BQ.1.1.62,22E,0.703161625824382,0.49622051231334174,-438.94513388208725,-348.01214920833087,1058.0,1050.9645053894194
BQ.1.1.66,22E,0.7044561151354652,0.49622051231334174,-437.2553872832247,-348.01214920833087,1059.46875,1050.9645053894194
EE.3,22E,0.7048679523716689,0.49622051231334174,-437.01441537242266,-348.01214920833087,1059.936507936508,1050.9645053894194
EF.1.2,22E,0.7053973345275127,0.49622051231334174,-437.76757727676187,-348.01214920833087,1060.5384615384617,1050.9645053894194
BQ.1.1.15,22E,0.70589113478857,0.49622051231334174,-437.14278732690417,-348.01214920833087,1061.1006097560976,1050.9645053894194
ED.1,22E,0.7060536161793322,0.49622051231334174,-441.1623089103324,-348.01214920833087,1061.2857142857142,1050.9645053894194
DN.3.1,22E,0.7065701940586151,0.49622051231334174,-440.47856127124777,-348.01214920833087,1061.875,1050.9645053894194
BQ.1.1.41,22E,0.7070896086124939,0.49622051231334174,-436.7466807641276,-348.01214920833087,1062.4683908045977,1050.9645053894194
BQ.1.1.16,22E,0.7072048013653258,0.49622051231334174,-442.7212805828757,-348.01214920833087,1062.6000000000001,1050.9645053894194
BQ.1.1.24,22E,0.7073239218439247,0.49622051231334174,-439.59749075305973,-348.01214920833087,1062.7364341085272,1050.9645053894194
BQ.1.1.23,22E,0.7074215165571628,0.49622051231334174,-438.50190280015556,-348.01214920833087,1062.8481308411215,1050.9645053894194
BQ.1.1.2,22E,0.7079060399172831,0.49622051231334174,-438.56587697613224,-348.01214920833087,1063.4032738095239,1050.9645053894194
BQ.1.1.70,22E,0.7079282002290934,0.49622051231334174,-443.1537900972313,-348.01214920833087,1063.4285714285713,1050.9645053894194
BQ.1.1.40,22E,0.7080401142636101,0.49622051231334174,-438.71743097155945,-348.01214920833087,1063.5570570570571,1050.9645053894194
BQ.1.1.31,22E,0.7083877483804897,0.49622051231334174,-440.8523206471635,-348.01214920833087,1063.9561403508771,1050.9645053894194
DN.1.1.2,22E,0.7084256069941091,0.49622051231334174,-444.9356499286432,-348.01214920833087,1064.0,1050.9645053894194
DP.1,22E,0.7092943938462323,0.49622051231334174,-445.8604697531991,-348.01214920833087,1065.0,1050.9645053894194
BQ.1.18,22E,0.7095305710880592,0.49622051231334174,-440.28899050032146,-348.01214920833087,1065.2721893491125,1050.9645053894194
BQ.1.1.9,22E,0.7098143964907392,0.49622051231334174,-444.8049941975427,-348.01214920833087,1065.6,1050.9645053894194
BQ.1.1.49,22E,0.7098143963105799,0.49622051231334174,-444.8049942191239,-348.01214920833087,1065.6,1050.9645053894194
EF.1,22E,0.7100844346704671,0.49622051231334174,-441.22367548349945,-348.01214920833087,1065.9123173277662,1050.9645053894194
BQ.1.28,22E,0.7102206888707802,0.49622051231334174,-440.70759013860436,-348.01214920833087,1066.0700431034481,1050.9645053894194
ED.3,22E,0.7103939306492655,0.49622051231334174,-442.291605121737,-348.01214920833087,1066.2707423580787,1050.9645053894194
BQ.1.1.56,22E,0.7104068087183187,0.49622051231334174,-443.8472378733664,-348.01214920833087,1066.2857142857142,1050.9645053894194
CW.1,22E,0.7105910333176381,0.49622051231334174,-447.2423625048719,-348.01214920833087,1066.5,1050.9645053894194
DR.1,22E,0.7106174943481214,0.49622051231334174,-442.1525943612773,-348.01214920833087,1066.5299401197606,1050.9645053894194
BQ.1.1.60,22E,0.7110412023356473,0.49622051231334174,-443.90487813408146,-348.01214920833087,1067.0219780219782,1050.9645053894194
BQ.1.10.2,22E,0.7112499954710331,0.49622051231334174,-443.41819329843986,-348.01214920833087,1067.2648648648649,1050.9645053894194
BQ.1.25,22E,0.7115124184232625,0.49622051231334174,-443.19835234330117,-348.01214920833087,1067.5704918032786,1050.9645053894194
EE.2,22E,0.7118399512780712,0.49622051231334174,-443.0863060515282,-348.01214920833087,1067.952479338843,1050.9645053894194
BQ.1.1.77,22E,0.7118968167040507,0.49622051231334174,-445.35883179765943,-348.01214920833087,1068.0188679245282,1050.9645053894194
BQ.1.1.54,22E,0.7121203195902119,0.49622051231334174,-443.40454209509454,-348.01214920833087,1068.28,1050.9645053894194
BQ.1.26,22E,0.7121757473864709,0.49622051231334174,-446.2597730648124,-348.01214920833087,1068.344827586207,1050.9645053894194
BQ.1.22,22E,0.7122052500415237,0.49622051231334174,-443.893399506513,-348.01214920833087,1068.3793103448277,1050.9645053894194
EF.1.3,22E,0.712273772441091,0.49622051231334174,-446.1208837431148,-348.01214920833087,1068.4594594594596,1050.9645053894194
BQ.1.1.11,22E,0.7124677810382656,0.49622051231334174,-444.6358086995168,-348.01214920833087,1068.686567164179,1050.9645053894194
BQ.1.13.1,22E,0.7133760230300545,0.49622051231334174,-444.113399606063,-348.01214920833087,1069.7530726256985,1050.9645053894194
BQ.1.25.1,22E,0.7135517073189633,0.49622051231334174,-443.61606160910384,-348.01214920833087,1069.9600225225226,1050.9645053894194
EH.1,22E,0.7135863925079341,0.49622051231334174,-450.0366789071955,-348.01214920833087,1070.0,1050.9645053894194
BQ.1.21,22E,0.7136781353368764,0.49622051231334174,-447.2261301152479,-348.01214920833087,1070.1090909090908,1050.9645053894194
BQ.1.1.29,22E,0.7137330990923475,0.49622051231334174,-446.7704948951758,-348.01214920833087,1070.1739130434783,1050.9645053894194
BQ.1.1.13,22E,0.7140221401445601,0.49622051231334174,-445.544871710057,-348.01214920833087,1070.5152224824355,1050.9645053894194
BQ.1.1.32,22E,0.7140723291239589,0.49622051231334174,-443.7455284145946,-348.01214920833087,1070.5745227606462,1050.9645053894194
DN.1.1,22E,0.7142202513666772,0.49622051231334174,-450.4274626149928,-348.01214920833087,1070.75,1050.9645053894194
FC.1,22E,0.7144325577393732,0.49622051231334174,-450.9424956452742,-348.01214920833087,1071.0,1050.9645053894194
EW.2,22E,0.7146857873609345,0.49622051231334174,-447.08661379640404,-348.01214920833087,1071.3010752688174,1050.9645053894194
BQ.1.1.10,22E,0.716493401420378,0.49622051231334174,-447.404925613993,-348.01214920833087,1073.4585106382979,1050.9645053894194
FM.1,22E,0.7167355170302171,0.49622051231334174,-453.12444941026695,-348.01214920833087,1073.75,1050.9645053894194
BQ.1.1.61,22E,0.7168144484655176,0.49622051231334174,-450.0956886593097,-348.01214920833087,1073.8444444444444,1050.9645053894194
BQ.1.24,22E,0.7169990473356687,0.49622051231334174,-451.3925527551836,-348.01214920833087,1074.0666666666666,1050.9645053894194
ER.1,22E,0.7177738833933937,0.49622051231334174,-455.62633063797944,-348.01214920833087,1075.0,1050.9645053894194
BQ.1.2.1,22E,0.718083568431882,0.49622051231334174,-451.2497770735272,-348.01214920833087,1075.3783783783783,1050.9645053894194
BQ.1.1.26,22E,0.7181542120409908,0.49622051231334174,-452.7030742757532,-348.01214920833087,1075.4642857142858,1050.9645053894194
BQ.1.31,22E,0.7187545039028694,0.49622051231334174,-452.96751904861077,-348.01214920833087,1076.1951219512196,1050.9645053894194
BQ.1.1.30,22E,0.7188927015131521,0.49622051231334174,-453.3333226525387,-348.01214920833087,1076.3636363636363,1050.9645053894194
EF.3,22E,0.7189459034420217,0.49622051231334174,-454.94118463995807,-348.01214920833087,1076.4285714285713,1050.9645053894194
BQ.1.1.36,22E,0.7189514981282159,0.49622051231334174,-452.277997763946,-348.01214920833087,1076.4356435643565,1050.9645053894194
BQ.1.15.2,22E,0.7195032403715672,0.49622051231334174,-455.2899895576626,-348.01214920833087,1077.111111111111,1050.9645053894194
FA.1,22E,0.719655421752749,0.49622051231334174,-453.00675992047513,-348.01214920833087,1077.298076923077,1050.9645053894194
BQ.1.1.58,22E,0.7201296511736516,0.49622051231334174,-453.46169503230675,-348.01214920833087,1077.881818181818,1050.9645053894194
ER.1.1,22E,0.720227528878169,0.49622051231334174,-458.26769253907406,-348.01214920833087,1078.0,1050.9645053894194
EF.1.1,22E,0.7205389147922588,0.49622051231334174,-452.47873261394017,-348.01214920833087,1078.387308533917,1050.9645053894194
BQ.1.1.47,22E,0.7208490844933539,0.49622051231334174,-455.3826116440918,-348.01214920833087,1078.7714285714285,1050.9645053894194
BQ.1.1.42,22E,0.7214167408209667,0.49622051231334174,-455.0731938592949,-348.01214920833087,1079.4772727272727,1050.9645053894194
BQ.1.1.37,22E,0.7216130757966976,0.49622051231334174,-456.8721229235357,-348.01214920833087,1079.7222222222222,1050.9645053894194
BQ.1.1.76,22E,0.7222005235596133,0.49622051231334174,-456.1484936666687,-348.01214920833087,1080.4571428571428,1050.9645053894194
FB.2,22E,0.7222460970621527,0.49622051231334174,-455.7922696219729,-348.01214920833087,1080.5142857142857,1050.9645053894194
BQ.1.1.38,22E,0.7227578965981967,0.49622051231334174,-458.05496324382233,-348.01214920833087,1081.157894736842,1050.9645053894194
BQ.1.1.20,22E,0.723029177184515,0.49622051231334174,-457.8915484778917,-348.01214920833087,1081.5,1050.9645053894194
BQ.1.1.55,22E,0.7235258722061331,0.49622051231334174,-458.3960911674923,-348.01214920833087,1082.1290322580644,1050.9645053894194
BQ.1.1.35,22E,0.7235386932422946,0.49622051231334174,-456.2020449039814,-348.01214920833087,1082.1453900709218,1050.9645053894194
EW.3,22E,0.7242116127007596,0.49622051231334174,-462.57245715348733,-348.01214920833087,1083.0,1050.9645053894194
BQ.1.1.46,22E,0.7246982811832607,0.49622051231334174,-461.02021367270817,-348.01214920833087,1083.625,1050.9645053894194
BQ.1.1.43,22E,0.7253467955002516,0.49622051231334174,-458.0005490088192,-348.01214920833087,1084.4592145015106,1050.9645053894194
DN.1,22E,0.725648123919065,0.49622051231334174,-459.10562392845657,-348.01214920833087,1084.8486842105262,1050.9645053894194
DT.2,22E,0.7259101142871323,0.49622051231334174,-457.4061682190875,-348.01214920833087,1085.1882352941175,1050.9645053894194
DT.3,22E,0.7272280718650224,0.49622051231334174,-461.13560273253484,-348.01214920833087,1086.90990990991,1050.9645053894194
BQ.1.1.48,22E,0.7280328959498183,0.49622051231334174,-461.72989864298177,-348.01214920833087,1087.9727891156463,1050.9645053894194
BQ.1.1.44,22E,0.7299780244737112,0.49622051231334174,-465.4051120495838,-348.01214920833087,1090.5806451612905,1050.9645053894194
BQ.1.1.39,22E,0.7305290346209511,0.49622051231334174,-464.8350624453755,-348.01214920833087,1091.3300000000002,1050.9645053894194
EC.1,22E,0.7306011380285837,0.49622051231334174,-467.57301621540654,-348.01214920833087,1091.428571428571,1050.9645053894194
BQ.1.1.65,22E,0.730753015813525,0.49622051231334174,-463.51509331252754,-348.01214920833087,1091.635983263598,1050.9645053894194
EW.1,22E,0.7317427066322169,0.49622051231334174,-470.0725965946848,-348.01214920833087,1093.0,1050.9645053894194
EF.2,22E,0.7318050675651996,0.49622051231334174,-466.7563843419407,-348.01214920833087,1093.084745762712,1050.9645053894194
BQ.1.1.63,22E,0.7326671814069403,0.49622051231334174,-465.5641965718044,-348.01214920833087,1094.2865731462928,1050.9645053894194
DU.1,22E,0.7362285075949826,0.49622051231334174,-471.89876578601474,-348.01214920833087,1099.409090909091,1050.9645053894194
BQ.1.1.53,22E,0.7376413543127818,0.49622051231334174,-473.4535479221984,-348.01214920833087,1101.5227272727273,1050.9645053894194
BQ.1.1.71,22E,0.7384465076397898,0.49622051231334174,-476.73884320805564,-348.01214920833087,1102.75,1050.9645053894194
BQ.1.1.59,22E,0.7402649940429605,0.49622051231334174,-478.5235957481192,-348.01214920833087,1105.6000000000001,1050.9645053894194
ES.1,22E,0.7404707836847326,0.49622051231334174,-476.6229249968071,-348.01214920833087,1105.9285714285716,1050.9645053894194
EF.1.1.1,22E,0.7430209336972015,0.49622051231334174,-479.65983832672254,-348.01214920833087,1110.1470588235293,1050.9645053894194
EA.1,22E,0.7434266251741715,0.49622051231334174,-479.8300545434552,-348.01214920833087,1110.8444444444444,1050.9645053894194
ET.1,22E,0.7462335040205009,0.49622051231334174,-484.6837117608222,-348.01214920833087,1115.625,1050.9645053894194
BQ.1.1.45,22E,0.7469670572238235,0.49622051231334174,-482.3402609548596,-348.01214920833087,1116.9470899470898,1050.9645053894194
BQ.1.1.79,22E,0.7491305652979738,0.49622051231334174,-488.39343574745214,-348.01214920833087,1121.0,1050.9645053894194
EE.4,22E,0.7505666618569549,0.49622051231334174,-489.8229939725292,-348.01214920833087,1123.8333333333333,1050.9645053894194
EC.1.1,22E,0.7513015205466584,0.49622051231334174,-491.3425480082347,-348.01214920833087,1125.3333333333333,1050.9645053894194
BQ.1.15.1,22E,0.7527193444583565,0.49622051231334174,-491.8415734988504,-348.01214920833087,1128.3333333333335,1050.9645053894194
EY.1,22E,0.7528599053769118,0.49622051231334174,-489.0675206118374,-348.01214920833087,1128.6390532544378,1050.9645053894194
BQ.1.2.2,22E,0.7590598490016344,0.49622051231334174,-500.5472803284645,-348.01214920833087,1144.0,1050.9645053894194
DN.1.1.4,22E,0.7600902252437677,0.49622051231334174,-502.4207229893465,-348.01214920833087,1147.0,1050.9645053894194
FB.1,22E,0.7602617806141078,0.49622051231334174,-499.3216990432844,-348.01214920833087,1147.5185185185185,1050.9645053894194
EN.1,22E,0.7606610677983052,0.49622051231334174,-500.1315302815301,-348.01214920833087,1148.7368421052631,1050.9645053894194
EZ.1,22E,0.761335991173454,0.49622051231334174,-501.9060785853176,-348.01214920833087,1150.8571428571427,1050.9645053894194
BQ.1.33,22E,0.7613804500573733,0.49622051231334174,-503.9031515091776,-348.01214920833087,1151.0,1050.9645053894194
FM.2,22E,0.7628739502617042,0.49622051231334174,-504.93271210968584,-348.01214920833087,1156.0,1050.9645053894194
EN.1.1,22E,0.7681933894237573,0.49622051231334174,-510.2211731214456,-348.01214920833087,1178.2,1050.9645053894194
FQ.1,22E,0.770741429234086,0.49622051231334174,-514.157107511078,-348.01214920833087,1192.5,1050.9645053894194
JH.1,22E,0.792646036225687,0.49622051231334174,-539.0515353003893,-348.01214920833087,1276.2,1050.9645053894194
JH.2,22E,0.8063627062875669,0.49622051231334174,-557.1589619805429,-348.01214920833087,1306.5,1050.9645053894194
CH.1.1.25,23C,0.7143186444251275,0.5359774429121739,-445.3454396279256,-394.67147322125385,1070.8659217877096,1136.7885736494363
CH.1.1.26,23C,0.718114899885539,0.5359774429121739,-453.50809741112346,-394.67147322125385,1075.4166666666667,1136.7885736494363
CH.1.1,23C,0.7224031961444485,0.5359774429121739,-453.10940265843215,-394.67147322125385,1080.7115384615383,1136.7885736494363
CH.1.1.11,23C,0.7257319507636364,0.5359774429121739,-459.9719538921239,-394.67147322125385,1084.957142857143,1136.7885736494363
CH.1.1.18,23C,0.7259867371642535,0.5359774429121739,-460.2064649253237,-394.67147322125385,1085.2876712328766,1136.7885736494363
CH.1.1.13,23C,0.7263419775983609,0.5359774429121739,-463.49625429571,-394.67147322125385,1085.75,1136.7885736494363
CH.1.1.27,23C,0.7279373528538803,0.5359774429121739,-464.05143728060324,-394.67147322125385,1087.8461538461538,1136.7885736494363
CH.1.1.21,23C,0.7280533217768839,0.5359774429121739,-465.3562644416281,-394.67147322125385,1088.0,1136.7885736494363
CH.1.1.3,23C,0.7282476758529378,0.5359774429121739,-463.5200499339087,-394.67147322125385,1088.258064516129,1136.7885736494363
DV.3.1,23C,0.7283545187012066,0.5359774429121739,-465.4608828208558,-394.67147322125385,1088.4,1136.7885736494363
CH.1.1.10,23C,0.7300036286895638,0.5359774429121739,-466.30208499959974,-394.67147322125385,1090.6153846153848,1136.7885736494363
CH.1.1.19,23C,0.7301736384176607,0.5359774429121739,-466.48751904549016,-394.67147322125385,1090.8461538461538,1136.7885736494363
GP.3,23C,0.7307754294379162,0.5359774429121739,-468.6105577472021,-394.67147322125385,1091.6666666666665,1136.7885736494363
CH.1.1.24,23C,0.7332341458999403,0.5359774429121739,-468.13477019956105,-394.67147322125385,1095.0845070422536,1136.7885736494363
CH.1.1.7,23C,0.7358553143247588,0.5359774429121739,-471.0100859153643,-394.67147322125385,1098.8591549295775,1136.7885736494363
CH.1.1.9,23C,0.7386063010759596,0.5359774429121739,-477.20273464761544,-394.67147322125385,1103.0,1136.7885736494363
CH.1.1.23,23C,0.7398852835689999,0.5359774429121739,-479.71332437646515,-394.67147322125385,1105.0,1136.7885736494363
CH.1.1.5,23C,0.7400523563481182,0.5359774429121739,-476.76248725166624,-394.67147322125385,1105.2608695652173,1136.7885736494363
FJ.1,23C,0.7405154754475682,0.5359774429121739,-478.6182624200475,-394.67147322125385,1106.0,1136.7885736494363
CH.1.1.6,23C,0.7411340043325275,0.5359774429121739,-479.3026624118951,-394.67147322125385,1107.0,1136.7885736494363
GP.2,23C,0.742097770044506,0.5359774429121739,-478.6357109057928,-394.67147322125385,1108.5882352941178,1136.7885736494363
CH.1.1.28,23C,0.742903989996619,0.5359774429121739,-480.111943669153,-394.67147322125385,1109.9473684210525,1136.7885736494363
CH.1.1.1,23C,0.7433450686772769,0.5359774429121739,-477.6572483768152,-394.67147322125385,1110.7036011080331,1136.7885736494363
CH.1.1.2,23C,0.7444127123153379,0.5359774429121739,-479.1570067372777,-394.67147322125385,1112.5757575757575,1136.7885736494363
CH.1.1.14,23C,0.7447887583098148,0.5359774429121739,-482.6665567208787,-394.67147322125385,1113.2499999999998,1136.7885736494363
DV.2,23C,0.7502761035600103,0.5359774429121739,-489.2088592918866,-394.67147322125385,1123.25,1136.7885736494363
DV.3,23C,0.750813558659866,0.5359774429121739,-489.40738250336074,-394.67147322125385,1124.3333333333333,1136.7885736494363
DV.4,23C,0.7529336851935647,0.5359774429121739,-492.67125705956573,-394.67147322125385,1128.8,1136.7885736494363
DV.6,23C,0.7537433113056953,0.5359774429121739,-490.55093449757226,-394.67147322125385,1130.596153846154,1136.7885736494363
DV.1,23C,0.7567082280887472,0.5359774429121739,-494.92015818156165,-394.67147322125385,1137.6842105263158,1136.7885736494363
CH.1.1.30,23C,0.7607464927808092,0.5359774429121739,-503.1741070370363,-394.67147322125385,1149.0,1136.7885736494363
FK.1.2.2,23C,0.7647971235857377,0.5359774429121739,-504.42177339201237,-394.67147322125385,1163.1290322580644,1136.7885736494363
DV.1.1,23C,0.7649847213891982,0.5359774429121739,-503.61968361323005,-394.67147322125385,1163.8720930232557,1136.7885736494363
FK.1.2.1,23C,0.7667625249474236,0.5359774429121739,-508.5402839451349,-394.67147322125385,1171.4,1136.7885736494363
CH.1.1.16,23C,0.7680330304394695,0.5359774429121739,-510.0323042655515,-394.67147322125385,1177.4,1136.7885736494363
DV.7.2,23C,0.7685477041216681,0.5359774429121739,-512.2483967803012,-394.67147322125385,1180.0,1136.7885736494363
CH.1.1.12,23C,0.7689290771120457,0.5359774429121739,-512.6987947194576,-394.67147322125385,1182.0,1136.7885736494363
CH.1.1.20,23C,0.769297823828266,0.5359774429121739,-511.7487195680897,-394.67147322125385,1184.0,1136.7885736494363
DV.8,23C,0.7693431991425287,0.5359774429121739,-511.8024498002554,-394.67147322125385,1184.25,1136.7885736494363
DV.6.1,23C,0.7694782213230248,0.5359774429121739,-511.96239362580945,-394.67147322125385,1185.0,1136.7885736494363
FK.1.4.1,23C,0.7714282357688016,0.5359774429121739,-513.7248694366912,-394.67147322125385,1197.0,1136.7885736494363
FK.1.3,23C,0.7759897838223577,0.5359774429121739,-518.2536780099558,-394.67147322125385,1204.8823529411766,1136.7885736494363
FK.1,23C,0.7769289289886216,0.5359774429121739,-519.0423269429959,-394.67147322125385,1209.0,1136.7885736494363
FK.1.5,23C,0.7769621523765151,0.5359774429121739,-518.5469793639344,-394.67147322125385,1209.1463414634147,1136.7885736494363
CH.1.1.15,23C,0.776981284192664,0.5359774429121739,-519.7187359696335,-394.67147322125385,1209.2307692307693,1136.7885736494363
CH.1.1.29,23C,0.7772920336848632,0.5359774429121739,-521.0502294669747,-394.67147322125385,1210.6000000000001,1136.7885736494363
GP.1,23C,0.7777444545654247,0.5359774429121739,-521.5983788138793,-394.67147322125385,1212.6000000000001,1136.7885736494363
FK.1.3.2,23C,0.7805234744676993,0.5359774429121739,-523.7615872051474,-394.67147322125385,1224.9411764705885,1136.7885736494363
CH.1.1.32,23C,0.7814742119974226,0.5359774429121739,-523.9327598633162,-394.67147322125385,1229.1521739130433,1136.7885736494363
DV.5,23C,0.7828687238931203,0.5359774429121739,-527.5338386538214,-394.67147322125385,1235.2857142857142,1136.7885736494363
DV.7,23C,0.7838407836793755,0.5359774429121739,-527.3152877310446,-394.67147322125385,1239.5172413793102,1136.7885736494363
DV.6.2,23C,0.7861056219601475,0.5359774429121739,-529.694240889215,-394.67147322125385,1249.1999999999998,1136.7885736494363
FK.1.1,23C,0.7866574043607903,0.5359774429121739,-528.5777021796449,-394.67147322125385,1251.5182481751824,1136.7885736494363
GQ.1,23C,0.788462701412662,0.5359774429121739,-534.847527059928,-394.67147322125385,1259.0,1136.7885736494363
FK.1.1.2,23C,0.7897108754734932,0.5359774429121739,-534.1397859203485,-394.67147322125385,1264.1020408163265,1136.7885736494363
JV.1,23C,0.7920038051826881,0.5359774429121739,-540.2476975750549,-394.67147322125385,1273.5,1136.7885736494363
JL.1,23C,0.7952387394816641,0.5359774429121739,-542.7647534644143,-394.67147322125385,1280.0,1136.7885736494363
FS.1,23C,0.798599777328737,0.5359774429121739,-548.2862748913309,-394.67147322125385,1289.0,1136.7885736494363
DV.7.1.2,23C,0.817865484818023,0.5359774429121739,-570.1908691168235,-394.67147322125385,1329.3571428571427,1136.7885736494363
DV.7.1.5,23C,0.8183057726425369,0.5359774429121739,-570.4364981684041,-394.67147322125385,1330.2542372881358,1136.7885736494363
DV.7.1.7,23C,0.8191530188932887,0.5359774429121739,-574.7255400169065,-394.67147322125385,1332.0,1136.7885736494363
DV.7.1,23C,0.8211316777569007,0.5359774429121739,-574.3207064213367,-394.67147322125385,1336.2,1136.7885736494363
DV.7.1.6,23C,0.8256517173860024,0.5359774429121739,-582.1409133146109,-394.67147322125385,1343.9444444444443,1136.7885736494363
JP.1.1,23C,0.8256880052721155,0.5359774429121739,-585.0799960278575,-394.67147322125385,1344.0,1136.7885736494363
KG.2,23C,0.8256842978622084,0.5359774429121739,-585.0750383011324,-394.67147322125385,1344.0,1136.7885736494363
DV.7.1.4,23C,0.8261183830992619,0.5359774429121739,-580.3307911718011,-394.67147322125385,1344.8398058252428,1136.7885736494363
DV.7.1.3,23C,0.8322223231079616,0.5359774429121739,-591.7060432758261,-394.67147322125385,1356.5555555555554,1136.7885736494363
DV.7.1.1,23C,0.8413368838712643,0.5359774429121739,-602.8193408647322,-394.67147322125385,1373.4705882352941,1136.7885736494363
JV.2,23C,0.8467135136524139,0.5359774429121739,-612.6567829354135,-394.67147322125385,1382.6666666666665,1136.7885736494363
KG.1,23C,0.8713903274613886,0.5359774429121739,-647.2062428558254,-394.67147322125385,1415.0,1136.7885736494363
XBB.1.5.6,23A,0.740233504919062,0.5380403649605504,-474.9449336145644,-393.4734519837823,1105.549132947977,1147.631701191323
XBB.1.5.9,23A,0.7430675671323579,0.5380403649605504,-476.5225871394482,-393.4734519837823,1110.2266666666667,1147.631701191323
XBB.1.5.19,23A,0.7434148040327839,0.5380403649605504,-476.6232512715557,-393.4734519837823,1110.8240656335458,1147.631701191323
FT.4,23A,0.7440865652799745,0.5380403649605504,-484.37017512185037,-393.4734519837823,1112.0,1147.631701191323
FZ.1.1,23A,0.7440883025715107,0.5380403649605504,-482.76268665458883,-393.4734519837823,1112.0,1147.631701191323
XBB.1.5.8,23A,0.7446870209079338,0.5380403649605504,-479.62656641932693,-393.4734519837823,1113.0669642857142,1147.631701191323
GC.2,23A,0.7452629656903887,0.5380403649605504,-481.7092850337673,-393.4734519837823,1114.1132075471696,1147.631701191323
XBB.1.5.11,23A,0.746120230293178,0.5380403649605504,-479.49792764596134,-393.4734519837823,1115.423015873016,1147.631701191323
XBB.1.5.34,23A,0.7475550993904126,0.5380403649605504,-481.78236638413716,-393.4734519837823,1118.0251177394034,1147.631701191323
EK.3,23A,0.749000844525041,0.5380403649605504,-487.3725657043524,-393.4734519837823,1120.75,1147.631701191323
XBB.1.5.39,23A,0.7490104667217294,0.5380403649605504,-484.5550501203607,-393.4734519837823,1120.768472906404,1147.631701191323
XBB.1.5.33,23A,0.7494511473560276,0.5380403649605504,-482.9715461592054,-393.4734519837823,1121.6218383713758,1147.631701191323
XBB.1.5.31,23A,0.7500004789670037,0.5380403649605504,-483.63665095616784,-393.4734519837823,1122.7014248704663,1147.631701191323
XBB.1.5.67,23A,0.7502525574010052,0.5380403649605504,-484.1454605097186,-393.4734519837823,1123.2029220779223,1147.631701191323
XBB.1.5.79,23A,0.7505603911739296,0.5380403649605504,-486.08225650278126,-393.4734519837823,1123.820717131474,1147.631701191323
XBB.1.5.55,23A,0.7507263363989501,0.5380403649605504,-486.1312694600203,-393.4734519837823,1124.1562499999998,1147.631701191323
FD.4.1,23A,0.7507790373356155,0.5380403649605504,-488.9090364812215,-393.4734519837823,1124.2631578947367,1147.631701191323
XBB.1.5.48,23A,0.7508471522512524,0.5380403649605504,-484.735623749442,-393.4734519837823,1124.4016516516517,1147.631701191323
XBB.1.5.13,23A,0.7508551934338725,0.5380403649605504,-484.01069615635635,-393.4734519837823,1124.418018018018,1147.631701191323
XBB.1.5.17,23A,0.7518903276832289,0.5380403649605504,-485.23396292659993,-393.4734519837823,1126.5614973262032,1147.631701191323
XBB.1.5.3,23A,0.7519402015804697,0.5380403649605504,-487.486994210617,-393.4734519837823,1126.6666666666667,1147.631701191323
XBB.1.5,23A,0.7523819350461116,0.5380403649605504,-482.08777141734583,-393.4734519837823,1127.6060517371602,1147.631701191323
FD.2,23A,0.7524419018246187,0.5380403649605504,-485.7396686867712,-393.4734519837823,1127.7346938775509,1147.631701191323
XBB.1.5.29,23A,0.7524878322053599,0.5380403649605504,-490.03996362636366,-393.4734519837823,1127.8333333333333,1147.631701191323
XBB.1.5.21,23A,0.7525643360330341,0.5380403649605504,-486.8554177538343,-393.4734519837823,1127.998191681736,1147.631701191323
XBB.1.5.15,23A,0.7527931843877572,0.5380403649605504,-486.1227771870139,-393.4734519837823,1128.49378986237,1147.631701191323
XBB.1.5.32,23A,0.753075577349144,0.5380403649605504,-486.92445260959124,-393.4734519837823,1129.1109902067465,1147.631701191323
FD.3,23A,0.7531740128235966,0.5380403649605504,-490.4915982809284,-393.4734519837823,1129.3275862068965,1147.631701191323
XBB.1.5.42,23A,0.75328633271983,0.5380403649605504,-491.1823923318552,-393.4734519837823,1129.5757575757575,1147.631701191323
XBB.1.5.96,23A,0.7533674215216409,0.5380403649605504,-488.66125653649163,-393.4734519837823,1129.7555555555555,1147.631701191323
XBB.1.5.16,23A,0.7534029965291534,0.5380403649605504,-487.63138865418955,-393.4734519837823,1129.8346036585367,1147.631701191323
XBB.1.5.52,23A,0.7535974379704445,0.5380403649605504,-488.1781827908837,-393.4734519837823,1130.2684989429176,1147.631701191323
XBB.1.5.36,23A,0.7536691370260074,0.5380403649605504,-489.8232033536338,-393.4734519837823,1130.4292929292928,1147.631701191323
XBB.1.5.62,23A,0.7538506163694695,0.5380403649605504,-489.3053898361797,-393.4734519837823,1130.8382352941176,1147.631701191323
XBB.1.5.20,23A,0.7541913441690846,0.5380403649605504,-488.6528420426349,-393.4734519837823,1131.6137152777776,1147.631701191323
EK.2,23A,0.7542414166438257,0.5380403649605504,-489.69265437589246,-393.4734519837823,1131.7285382830628,1147.631701191323
XBB.1.5.61,23A,0.7545748756449938,0.5380403649605504,-489.9645751019804,-393.4734519837823,1132.4989561586638,1147.631701191323
FZ.2,23A,0.7551950085413779,0.5380403649605504,-492.254058990669,-393.4734519837823,1133.9591836734692,1147.631701191323
XBB.1.5.7,23A,0.7554515860290174,0.5380403649605504,-490.5207043299849,-393.4734519837823,1134.5741239892184,1147.631701191323
XBB.1.5.74,23A,0.7557646285782506,0.5380403649605504,-495.69358721124246,-393.4734519837823,1135.3333333333333,1147.631701191323
XBB.1.5.26,23A,0.7559102994348206,0.5380403649605504,-492.50908945727844,-393.4734519837823,1135.6900584795321,1147.631701191323
FD.5,23A,0.7559250263329631,0.5380403649605504,-493.11360171149227,-393.4734519837823,1135.7263157894736,1147.631701191323
XBB.1.5.64,23A,0.7559577997659604,0.5380403649605504,-492.72796773175975,-393.4734519837823,1135.8068965517243,1147.631701191323
XBB.1.5.58,23A,0.7565171208935307,0.5380403649605504,-496.7309352050116,-393.4734519837823,1137.2,1147.631701191323
XBB.1.5.80,23A,0.7565614184336634,0.5380403649605504,-492.3819348416515,-393.4734519837823,1137.3120393120394,1147.631701191323
XBB.1.5.51,23A,0.7566511406115533,0.5380403649605504,-491.1500211174875,-393.4734519837823,1137.5391585760517,1147.631701191323
XBB.1.5.5,23A,0.7567786270652925,0.5380403649605504,-492.56941621321613,-393.4734519837823,1137.8634259259259,1147.631701191323
XBB.1.5.63,23A,0.7568785033870928,0.5380403649605504,-493.3624284408681,-393.4734519837823,1138.118721461187,1147.631701191323
XBB.1.5.56,23A,0.7569456874188429,0.5380403649605504,-492.84908358862,-393.4734519837823,1138.2911392405065,1147.631701191323
XBB.1.5.93,23A,0.7572808864730055,0.5380403649605504,-495.42547914424216,-393.4734519837823,1139.159090909091,1147.631701191323
XBB.1.5.14,23A,0.757304696496459,0.5380403649605504,-493.4377000514465,-393.4734519837823,1139.221212121212,1147.631701191323
XBB.1.5.2,23A,0.7574282458137819,0.5380403649605504,-492.63468204490425,-393.4734519837823,1139.544811320755,1147.631701191323
XBB.1.5.66,23A,0.7574756359621807,0.5380403649605504,-492.43855370631195,-393.4734519837823,1139.6694214876031,1147.631701191323
XBB.1.5.88,23A,0.7579055995710042,0.5380403649605504,-496.05063014150795,-393.4734519837823,1140.8124999999998,1147.631701191323
HJ.1,23A,0.7582475938828299,0.5380403649605504,-495.1646449869567,-393.4734519837823,1141.7383720930231,1147.631701191323
FH.1,23A,0.7585455503679523,0.5380403649605504,-495.49339424502864,-393.4734519837823,1142.557471264368,1147.631701191323
XBB.1.5.41,23A,0.7586131452844028,0.5380403649605504,-496.14471947043256,-393.4734519837823,1142.7448979591836,1147.631701191323
XBB.1.5.47,23A,0.7589969951016672,0.5380403649605504,-495.83581652834255,-393.4734519837823,1143.8212560386473,1147.631701191323
GC.1,23A,0.7590078074712431,0.5380403649605504,-497.88506531413947,-393.4734519837823,1143.8518518518517,1147.631701191323
XBB.1.5.95,23A,0.7590114026528012,0.5380403649605504,-494.45042360821327,-393.4734519837823,1143.8620689655172,1147.631701191323
XBB.1.5.22,23A,0.7594552023395006,0.5380403649605504,-498.9848913582449,-393.4734519837823,1145.1333333333334,1147.631701191323
XBB.1.5.25,23A,0.7594562833408779,0.5380403649605504,-498.6031378014964,-393.4734519837823,1145.1363636363637,1147.631701191323
XBB.1.5.84,23A,0.7596004146283672,0.5380403649605504,-498.9688872562476,-393.4734519837823,1145.5555555555557,1147.631701191323
FT.1,23A,0.7598539963281965,0.5380403649605504,-499.15411493207415,-393.4734519837823,1146.3000000000002,1147.631701191323
XBB.1.5.91,23A,0.7600405315611574,0.5380403649605504,-496.0946267087823,-393.4734519837823,1146.8541666666667,1147.631701191323
XBB.1.5.69,23A,0.7602044880319196,0.5380403649605504,-496.30763048488535,-393.4734519837823,1147.3456310679612,1147.631701191323
XBB.1.5.60,23A,0.7603953828358799,0.5380403649605504,-500.20592677290006,-393.4734519837823,1147.9230769230771,1147.631701191323
EK.2.1,23A,0.7604454697725905,0.5380403649605504,-497.9455724582309,-393.4734519837823,1148.0757575757575,1147.631701191323
EK.4,23A,0.7608280158582462,0.5380403649605504,-499.1246563781733,-393.4734519837823,1149.2539682539682,1147.631701191323
JK.1,23A,0.7608521919059006,0.5380403649605504,-498.17758248993255,-393.4734519837823,1149.3293413173653,1147.631701191323
XBB.1.5.1,23A,0.7609048304697684,0.5380403649605504,-495.7030592938049,-393.4734519837823,1149.4935927859517,1147.631701191323
XBB.1.5.50,23A,0.7610504119533412,0.5380403649605504,-497.81303086375397,-393.4734519837823,1149.950331125828,1147.631701191323
XBB.1.5.107,23A,0.7611565773635804,0.5380403649605504,-498.33235458584795,-393.4734519837823,1150.2857142857142,1147.631701191323
XBB.1.5.35,23A,0.7613311309201619,0.5380403649605504,-496.73733336431656,-393.4734519837823,1150.8413736713,1147.631701191323
XBB.1.5.4,23A,0.7613994134614515,0.5380403649605504,-496.77115153578535,-393.4734519837823,1151.0602032838156,1147.631701191323
FG.2,23A,0.7614067820302926,0.5380403649605504,-498.9706223000054,-393.4734519837823,1151.083916083916,1147.631701191323
XBB.1.5.12,23A,0.7615873087827381,0.5380403649605504,-498.28053481697475,-393.4734519837823,1151.6666666666665,1147.631701191323
FZ.1,23A,0.7619928091450119,0.5380403649605504,-504.60860826047013,-393.4734519837823,1153.0,1147.631701191323
EU.1,23A,0.7623512236001638,0.5380403649605504,-503.41261285561995,-393.4734519837823,1154.2000000000003,1147.631701191323
XBB.1.5.23,23A,0.7624480266748354,0.5380403649605504,-500.19216040489243,-393.4734519837823,1154.5285714285715,1147.631701191323
XBB.1.5.30,23A,0.7624826468547351,0.5380403649605504,-498.53128794743304,-393.4734519837823,1154.6466753585398,1147.631701191323
FT.3,23A,0.7626711011811684,0.5380403649605504,-500.31625999802776,-393.4734519837823,1155.29375,1147.631701191323
XBB.1.5.75,23A,0.7629413221512844,0.5380403649605504,-500.6411500634935,-393.4734519837823,1156.23417721519,1147.631701191323
XBB.1.5.38,23A,0.7630690671451698,0.5380403649605504,-502.90703868258225,-393.4734519837823,1156.6842105263158,1147.631701191323
FD.4,23A,0.7632770673401277,0.5380403649605504,-499.29643843281985,-393.4734519837823,1157.423937360179,1147.631701191323
XBB.1.5.46,23A,0.7644886376589491,0.5380403649605504,-503.27763068126313,-393.4734519837823,1161.9264705882351,1147.631701191323
XBB.1.5.43,23A,0.7647255359195628,0.5380403649605504,-503.94386407638217,-393.4734519837823,1162.8478260869565,1147.631701191323
XBB.1.5.78,23A,0.7650218097090289,0.5380403649605504,-502.4167561128757,-393.4734519837823,1164.020066889632,1147.631701191323
XBB.1.5.100,23A,0.7655966811826106,0.5380403649605504,-502.7708731345784,-393.4734519837823,1166.3609756097562,1147.631701191323
EM.1,23A,0.76560822880322,0.5380403649605504,-505.7094592045333,-393.4734519837823,1166.409090909091,1147.631701191323
FG.3,23A,0.7656151688526828,0.5380403649605504,-506.03600542354604,-393.4734519837823,1166.4375,1147.631701191323
XBB.1.5.86,23A,0.7657233081124057,0.5380403649605504,-503.96494269717243,-393.4734519837823,1166.888888888889,1147.631701191323
XBB.1.5.57,23A,0.7660205987466904,0.5380403649605504,-505.5682755774824,-393.4734519837823,1168.1463414634145,1147.631701191323
XBB.1.5.101,23A,0.7664879088253509,0.5380403649605504,-506.99498818966026,-393.4734519837823,1170.1764705882351,1147.631701191323
XBB.1.5.49,23A,0.7666045341446204,0.5380403649605504,-501.9891434997755,-393.4734519837823,1170.6930216569267,1147.631701191323
HZ.3,23A,0.7668014146804273,0.5380403649605504,-504.9070145447865,-393.4734519837823,1171.5757575757577,1147.631701191323
XBB.1.5.24,23A,0.7673402404089434,0.5380403649605504,-505.13686148154443,-393.4734519837823,1174.0574324324325,1147.631701191323
XBB.1.5.99,23A,0.767420881480025,0.5380403649605504,-507.0507114818224,-393.4734519837823,1174.4374999999998,1147.631701191323
XBB.1.5.18,23A,0.7676003767152482,0.5380403649605504,-505.87530035909043,-393.4734519837823,1175.2916666666665,1147.631701191323
XBB.1.5.90,23A,0.7682079972492711,0.5380403649605504,-508.7567832704274,-393.4734519837823,1178.2727272727273,1147.631701191323
XBB.1.5.27,23A,0.7682810319081362,0.5380403649605504,-506.0203907437467,-393.4734519837823,1178.6405405405405,1147.631701191323
XBB.1.5.76,23A,0.7683368219489392,0.5380403649605504,-507.13212381271234,-393.4734519837823,1178.9230769230771,1147.631701191323
XBB.1.5.97,23A,0.7683369033474567,0.5380403649605504,-509.43480492772466,-393.4734519837823,1178.9230769230771,1147.631701191323
HT.1,23A,0.7687679389010091,0.5380403649605504,-506.85239745516384,-393.4734519837823,1181.1503496503497,1147.631701191323
XBB.1.5.92,23A,0.7689877492220616,0.5380403649605504,-508.36142645756377,-393.4734519837823,1182.3170731707319,1147.631701191323
FD.1,23A,0.7695669066092766,0.5380403649605504,-512.0675211913856,-393.4734519837823,1185.5,1147.631701191323
HD.1,23A,0.7697296390561738,0.5380403649605504,-510.3887047552601,-393.4734519837823,1186.423076923077,1147.631701191323
FG.1,23A,0.769981088411151,0.5380403649605504,-509.6412439409539,-393.4734519837823,1187.8783783783783,1147.631701191323
XBB.1.5.73,23A,0.7701459622397966,0.5380403649605504,-507.73435912379546,-393.4734519837823,1188.851485148515,1147.631701191323
JD.2,23A,0.7701583256034429,0.5380403649605504,-510.46705875035565,-393.4734519837823,1188.9250000000002,1147.631701191323
XBB.1.5.104,23A,0.7702182366618792,0.5380403649605504,-508.21102110600077,-393.4734519837823,1189.2829268292685,1147.631701191323
GU.1,23A,0.7708190453700371,0.5380403649605504,-509.4334241898824,-393.4734519837823,1192.9919028340082,1147.631701191323
XBB.1.5.83,23A,0.7708686045114114,0.5380403649605504,-512.4369968523205,-393.4734519837823,1193.3076923076924,1147.631701191323
EL.1,23A,0.7712125866608727,0.5380403649605504,-511.03077747733477,-393.4734519837823,1195.5500000000002,1147.631701191323
HC.1,23A,0.7712336964869752,0.5380403649605504,-511.7003733691269,-393.4734519837823,1195.6904761904761,1147.631701191323
GG.1,23A,0.7713072403221806,0.5380403649605504,-512.434954933623,-393.4734519837823,1196.1818181818182,1147.631701191323
XBB.1.5.77,23A,0.7713199164876205,0.5380403649605504,-509.2168016557329,-393.4734519837823,1196.2670250896058,1147.631701191323
HT.2,23A,0.771341785838932,0.5380403649605504,-509.66196205887616,-393.4734519837823,1196.4141689373296,1147.631701191323
XBB.1.5.65,23A,0.7714939116358506,0.5380403649605504,-510.92109385175934,-393.4734519837823,1197.4479999999999,1147.631701191323
XBB.1.5.40,23A,0.7748040002512767,0.5380403649605504,-515.3571515358469,-393.4734519837823,1199.7432432432433,1147.631701191323
GB.2,23A,0.775863989257446,0.5380403649605504,-519.8367476590909,-393.4734519837823,1204.3333333333333,1147.631701191323
HP.1,23A,0.7760533954686258,0.5380403649605504,-517.9446695945559,-393.4734519837823,1205.1599999999999,1147.631701191323
FT.2,23A,0.7768065175448848,0.5380403649605504,-519.5074697282494,-393.4734519837823,1208.4615384615386,1147.631701191323
EU.1.1.1,23A,0.7770626902500188,0.5380403649605504,-517.6636399300709,-393.4734519837823,1209.5892857142856,1147.631701191323
XBB.1.5.110,23A,0.7772866294659814,0.5380403649605504,-516.5777779661817,-393.4734519837823,1210.577011494253,1147.631701191323
XBB.1.5.37,23A,0.7784058150780722,0.5380403649605504,-517.6340276775439,-393.4734519837823,1215.5323129251701,1147.631701191323
XBB.1.5.94,23A,0.7784328356365235,0.5380403649605504,-520.908106831644,-393.4734519837823,1215.6521739130435,1147.631701191323
EU.1.1,23A,0.7784503471911072,0.5380403649605504,-517.9849561559943,-393.4734519837823,1215.7299771167047,1147.631701191323
GR.1,23A,0.7784624725116519,0.5380403649605504,-519.0824183633008,-393.4734519837823,1215.7837837837837,1147.631701191323
XBB.1.5.85,23A,0.7787025727830194,0.5380403649605504,-520.6827893014677,-393.4734519837823,1216.8500000000001,1147.631701191323
GN.5,23A,0.7792424907366973,0.5380403649605504,-523.6430178997479,-393.4734519837823,1219.25,1147.631701191323
XBB.1.5.68,23A,0.7795613090568261,0.5380403649605504,-521.6115976698685,-393.4734519837823,1220.6666666666667,1147.631701191323
XBB.1.5.44,23A,0.7802299710528938,0.5380403649605504,-521.0764119470618,-393.4734519837823,1223.6379310344826,1147.631701191323
EU.1.1.2,23A,0.7805369910872019,0.5380403649605504,-525.9182103171663,-393.4734519837823,1225.0,1147.631701191323
XBB.1.5.102,23A,0.7808442104636354,0.5380403649605504,-523.8968688880855,-393.4734519837823,1226.3636363636365,1147.631701191323
XBB.1.5.45,23A,0.7813645021094171,0.5380403649605504,-526.5279610173397,-393.4734519837823,1228.6666666666665,1147.631701191323
XBB.1.5.10,23A,0.7814988647631799,0.5380403649605504,-520.0059834068753,-393.4734519837823,1229.2610141313385,1147.631701191323
GN.3,23A,0.781540354182787,0.5380403649605504,-525.6454861034574,-393.4734519837823,1229.4444444444446,1147.631701191323
XBB.1.5.53,23A,0.7817797842313202,0.5380403649605504,-527.444060972407,-393.4734519837823,1230.5,1147.631701191323
GF.1,23A,0.7826924846056592,0.5380403649605504,-524.5707662715917,-393.4734519837823,1234.51376146789,1147.631701191323
GN.4,23A,0.7831198228259455,0.5380403649605504,-526.2637078286607,-393.4734519837823,1236.3823529411764,1147.631701191323
XBB.1.5.81,23A,0.7834146036096657,0.5380403649605504,-526.9766656742377,-393.4734519837823,1237.6666666666665,1147.631701191323
XBB.1.5.28,23A,0.7835403165126323,0.5380403649605504,-523.4423702591041,-393.4734519837823,1238.2133194588969,1147.631701191323
XBB.1.5.54,23A,0.7836884524581862,0.5380403649605504,-528.5479024373219,-393.4734519837823,1238.857142857143,1147.631701191323
HQ.1,23A,0.7843950416637723,0.5380403649605504,-527.3449076323494,-393.4734519837823,1241.9107142857142,1147.631701191323
GB.1,23A,0.7856516344541145,0.5380403649605504,-528.2613885348321,-393.4734519837823,1247.2803738317757,1147.631701191323
EU.1.1.3,23A,0.7869975281503314,0.5380403649605504,-531.1202359080327,-393.4734519837823,1252.939393939394,1147.631701191323
XBB.1.5.59,23A,0.7875745966230678,0.5380403649605504,-529.6006750287522,-393.4734519837823,1255.3376205787781,1147.631701191323
HZ.2,23A,0.7878133800191979,0.5380403649605504,-529.7054454073243,-393.4734519837823,1256.3253968253966,1147.631701191323
HD.1.1,23A,0.7884628547803477,0.5380403649605504,-534.511251549139,-393.4734519837823,1259.0,1147.631701191323
GN.2,23A,0.7897910743819155,0.5380403649605504,-536.1870926445107,-393.4734519837823,1264.4285714285713,1147.631701191323
XBB.1.5.71,23A,0.7898269428969427,0.5380403649605504,-534.4894759326711,-393.4734519837823,1264.5749999999998,1147.631701191323
JB.2,23A,0.7902382306628123,0.5380403649605504,-537.3125206728482,-393.4734519837823,1266.25,1147.631701191323
HS.1,23A,0.7906400309177056,0.5380403649605504,-533.7066547788977,-393.4734519837823,1267.8897959183676,1147.631701191323
HA.2,23A,0.7910837965796486,0.5380403649605504,-535.0260286440008,-393.4734519837823,1269.704347826087,1147.631701191323
XBB.1.5.105,23A,0.7915995669414553,0.5380403649605504,-535.8516720407999,-393.4734519837823,1271.824742268041,1147.631701191323
FD.1.1,23A,0.7921585333459741,0.5380403649605504,-534.9354016991417,-393.4734519837823,1274.1457489878542,1147.631701191323
HR.1,23A,0.7928726863237774,0.5380403649605504,-537.6181296453173,-393.4734519837823,1277.1666666666665,1147.631701191323
JZ.1,23A,0.7930457529742877,0.5380403649605504,-537.5426582513679,-393.4734519837823,1277.9115044247785,1147.631701191323
GV.1,23A,0.7930920503742557,0.5380403649605504,-536.5002692637819,-393.4734519837823,1278.1117647058823,1147.631701191323
FT.3.1,23A,0.7933363375097361,0.5380403649605504,-538.7097452334364,-393.4734519837823,1279.1764705882354,1147.631701191323
HA.1,23A,0.7956055520033505,0.5380403649605504,-542.2412136350657,-393.4734519837823,1281.037037037037,1147.631701191323
XBB.1.5.98,23A,0.7959163191607921,0.5380403649605504,-542.1976198281833,-393.4734519837823,1281.9047619047617,1147.631701191323
XBB.1.5.89,23A,0.7970283866660736,0.5380403649605504,-543.6248771351612,-393.4734519837823,1284.9285714285713,1147.631701191323
XBB.1.5.72,23A,0.7971871753723638,0.5380403649605504,-540.2893645112954,-393.4734519837823,1285.350380096752,1147.631701191323
XBB.1.5.106,23A,0.7975406948042246,0.5380403649605504,-543.978122410831,-393.4734519837823,1286.280701754386,1147.631701191323
HC.4,23A,0.7991728645799424,0.5380403649605504,-548.1781046450915,-393.4734519837823,1290.4285714285713,1147.631701191323
XBB.1.5.109,23A,0.8008920392562395,0.5380403649605504,-548.6325057527905,-393.4734519837823,1294.5609756097563,1147.631701191323
HY.1,23A,0.8009488659147693,0.5380403649605504,-546.1543441334804,-393.4734519837823,1294.6939163498098,1147.631701191323
JD.2.1,23A,0.8020137154915836,0.5380403649605504,-551.8537008654205,-393.4734519837823,1297.1428571428569,1147.631701191323
HP.1.1,23A,0.8024222722677208,0.5380403649605504,-549.4934732090517,-393.4734519837823,1298.0634920634918,1147.631701191323
HZ.1,23A,0.8030794520359075,0.5380403649605504,-548.3132440085255,-393.4734519837823,1299.5233644859813,1147.631701191323
XBB.1.5.103,23A,0.8038065592683779,0.5380403649605504,-551.158955482809,-393.4734519837823,1301.111111111111,1147.631701191323
GN.1,23A,0.8043290232879152,0.5380403649605504,-550.9682053650328,-393.4734519837823,1302.2354651162789,1147.631701191323
HS.1.1,23A,0.8045905074304737,0.5380403649605504,-552.3536434100756,-393.4734519837823,1302.7933884297522,1147.631701191323
HC.3,23A,0.8055208310191101,0.5380403649605504,-554.3193173064801,-393.4734519837823,1304.7543859649122,1147.631701191323
FT.3.1.1,23A,0.8067520438153446,0.5380403649605504,-554.5279525394435,-393.4734519837823,1307.2987012987014,1147.631701191323
XBB.1.5.108,23A,0.8068994115331436,0.5380403649605504,-558.5536074477419,-393.4734519837823,1307.6000000000001,1147.631701191323
JD.1.2.2,23A,0.811249868023182,0.5380403649605504,-562.779649156655,-393.4734519837823,1316.2727272727273,1147.631701191323
JD.1.2,23A,0.8119983991298374,0.5380403649605504,-563.5606747595193,-393.4734519837823,1317.7407407407406,1147.631701191323
GN.1.2,23A,0.8142380072946707,0.5380403649605504,-566.1750626511209,-393.4734519837823,1322.1315789473683,1147.631701191323
GN.1.3,23A,0.814933607872526,0.5380403649605504,-569.3465102488497,-393.4734519837823,1323.5,1147.631701191323
HC.2,23A,0.8151343671173589,0.5380403649605504,-567.3349833749313,-393.4734519837823,1323.8974358974358,1147.631701191323
HR.1.1,23A,0.816723840499907,0.5380403649605504,-568.4325205934833,-393.4734519837823,1327.0560747663549,1147.631701191323
GN.1.1,23A,0.8174799983124077,0.5380403649605504,-568.9735886333882,-393.4734519837823,1328.5764705882352,1147.631701191323
KA.1,23A,0.8190231187828629,0.5380403649605504,-572.5510458038444,-393.4734519837823,1331.7297297297296,1147.631701191323
FD.5.1,23A,0.8265605864176323,0.5380403649605504,-581.5901083944136,-393.4734519837823,1345.6886792452829,1147.631701191323
JD.1.2.1,23A,0.8281261842046754,0.5380403649605504,-584.8662018142627,-393.4734519837823,1348.69696969697,1147.631701191323
JD.1,23A,0.8284138457700547,0.5380403649605504,-587.3644636431096,-393.4734519837823,1349.25,1147.631701191323
JB.2.1,23A,0.8399579284644804,0.5380403649605504,-603.7602951649397,-393.4734519837823,1371.0,1147.631701191323
JD.1.1.7,23A,0.8407737923224814,0.5380403649605504,-600.0235169466267,-393.4734519837823,1372.4669260700389,1147.631701191323
GN.1.4,23A,0.844143796234945,0.5380403649605504,-607.8099285603181,-393.4734519837823,1378.3636363636365,1147.631701191323
JD.1.1.8,23A,0.8521986188701276,0.5380403649605504,-615.6696026204933,-393.4734519837823,1391.2255892255891,1147.631701191323
JD.1.1,23A,0.8522639198399892,0.5380403649605504,-613.529390426451,-393.4734519837823,1391.3222423146476,1147.631701191323
JD.1.1.2,23A,0.8533443154459844,0.5380403649605504,-619.5242328306366,-393.4734519837823,1392.9032258064517,1147.631701191323
JD.1.1.5,23A,0.856470753665295,0.5380403649605504,-622.155193348686,-393.4734519837823,1397.2914285714287,1147.631701191323
KK.1,23A,0.8614380846346261,0.5380403649605504,-628.8609258343113,-393.4734519837823,1403.7244444444445,1147.631701191323
JD.1.1.1,23A,0.8636578348256619,0.5380403649605504,-630.8782694538514,-393.4734519837823,1406.4062038404727,1147.631701191323
JD.1.1.3,23A,0.8638150239853636,0.5380403649605504,-632.7887134868384,-393.4734519837823,1406.592,1147.631701191323
JD.1.1.6,23A,0.8654997154476779,0.5380403649605504,-635.6316502959661,-393.4734519837823,1408.5512820512822,1147.631701191323
KK.2,23A,0.8783239048137067,0.5380403649605504,-656.7541155640657,-393.4734519837823,1422.0,1147.631701191323
JD.1.1.4,23A,0.8925835064604064,0.5380403649605504,-677.416605965522,-393.4734519837823,1435.6666666666665,1147.631701191323
XBB.5,22F,0.6575310235341618,0.540051267083873,-393.1004633484397,-397.9188914643301,995.0,1159.7171392652606
XBB.2.1,22F,0.6579376584773832,0.540051267083873,-392.4066497108896,-397.9188914643301,996.0,1159.7171392652606
XBB.4.1,22F,0.6579393633388175,0.540051267083873,-392.81382357401054,-397.9188914643301,996.0,1159.7171392652606
XBB.1.8,22F,0.6595390187074075,0.540051267083873,-395.10337433441504,-397.9188914643301,1000.0,1159.7171392652606
XBB.1.39,22F,0.6624431675380477,0.540051267083873,-398.01880789354567,-397.9188914643301,1008.0,1159.7171392652606
XBB.1.3,22F,0.67671363298811,0.540051267083873,-409.8324564955252,-397.9188914643301,1025.642857142857,1159.7171392652606
XBB.3.1,22F,0.6782808970149498,0.540051267083873,-412.47121499875595,-397.9188914643301,1027.8,1159.7171392652606
XBB.3.3,22F,0.679623756363786,0.540051267083873,-411.7731860800861,-397.9188914643301,1029.6,1159.7171392652606
XBB.9,22F,0.6805080706569244,0.540051267083873,-412.29553364993836,-397.9188914643301,1030.7627118644068,1159.7171392652606
XBB.1.17,22F,0.6822469270926083,0.540051267083873,-417.4742301057566,-397.9188914643301,1033.0,1159.7171392652606
XBB.3,22F,0.6824169562942285,0.540051267083873,-413.2616293150823,-397.9188914643301,1033.2173913043478,1159.7171392652606
XBB.1.1,22F,0.6863481609310064,0.540051267083873,-416.97203335172674,-397.9188914643301,1038.077922077922,1159.7171392652606
XBB.6,22F,0.6867682697327402,0.540051267083873,-418.4439440143409,-397.9188914643301,1038.5853658536585,1159.7171392652606
XBB.1.38.1,22F,0.6879480951296524,0.540051267083873,-423.38370601581136,-397.9188914643301,1040.0,1159.7171392652606
XBB.1.6,22F,0.6880834943253991,0.540051267083873,-419.1487715779226,-397.9188914643301,1040.1635220125786,1159.7171392652606
XBB.3.2,22F,0.689608935630912,0.540051267083873,-420.7623461255568,-397.9188914643301,1041.9806451612903,1159.7171392652606
XBB.1.11,22F,0.690341196829187,0.540051267083873,-422.71894426267596,-397.9188914643301,1042.8510638297873,1159.7171392652606
XBB.1.14,22F,0.6921365403933246,0.540051267083873,-428.44329611525114,-397.9188914643301,1045.0,1159.7171392652606
XBB.8,22F,0.6954713107215871,0.540051267083873,-428.1282425389094,-397.9188914643301,1049.1333333333334,1159.7171392652606
XBB.2,22F,0.69578063993036,0.540051267083873,-425.9226698884534,-397.9188914643301,1049.541592920354,1159.7171392652606
XBB.1.45,22F,0.6958899417770672,0.540051267083873,-429.60163073426094,-397.9188914643301,1049.6875,1159.7171392652606
XBB.1.7,22F,0.6966558811817735,0.540051267083873,-428.0546524812986,-397.9188914643301,1050.7380952380952,1159.7171392652606
XBB.3.5,22F,0.6977378971884259,0.540051267083873,-433.2177726549359,-397.9188914643301,1052.3333333333333,1159.7171392652606
XBB.1.37,22F,0.6985501143916223,0.540051267083873,-433.37987874042005,-397.9188914643301,1053.6666666666665,1159.7171392652606
XBB.1.43,22F,0.6987378291234438,0.540051267083873,-434.6762999021209,-397.9188914643301,1054.0,1159.7171392652606
XBB.1,22F,0.6988807892006651,0.540051267083873,-427.21640366381297,-397.9188914643301,1054.254766031196,1159.7171392652606
XBB.2.8,22F,0.6991264999240226,0.540051267083873,-431.39722680255664,-397.9188914643301,1054.7125,1159.7171392652606
XBB.2.6,22F,0.7006275426898331,0.540051267083873,-430.95779479622905,-397.9188914643301,1055.1334431630971,1159.7171392652606
XBB,22F,0.7008245649751729,0.540051267083873,-431.37169479568183,-397.9188914643301,1055.3562753036438,1159.7171392652606
XBB.1.32,22F,0.7009148092494977,0.540051267083873,-434.4914234594206,-397.9188914643301,1055.4583333333333,1159.7171392652606
XBB.2.10,22F,0.7031601083037099,0.540051267083873,-440.04213244345374,-397.9188914643301,1058.0,1159.7171392652606
XBB.4,22F,0.7041116278740176,0.540051267083873,-436.5495571258069,-397.9188914643301,1059.0777777777776,1159.7171392652606
XBB.1.36,22F,0.704923900155137,0.540051267083873,-441.2168590087907,-397.9188914643301,1060.0,1159.7171392652606
XBB.2.6.2,22F,0.7065154043636405,0.540051267083873,-440.825848492987,-397.9188914643301,1061.8125,1159.7171392652606
XBB.1.15,22F,0.7072865853078213,0.540051267083873,-436.38429098634737,-397.9188914643301,1062.693705386113,1159.7171392652606
XBB.2.11.1,22F,0.708655169760416,0.540051267083873,-439.4038341891727,-397.9188914643301,1064.2635658914728,1159.7171392652606
XBB.1.38,22F,0.7089691903164973,0.540051267083873,-444.1278971549641,-397.9188914643301,1064.625,1159.7171392652606
XBB.2.7,22F,0.7101602818391006,0.540051267083873,-444.2181268080115,-397.9188914643301,1066.0,1159.7171392652606
XBB.1.18,22F,0.7108658159108376,0.540051267083873,-445.13757113263586,-397.9188914643301,1066.8181818181818,1159.7171392652606
XBB.1.4.1,22F,0.7115949419171608,0.540051267083873,-446.8095442737618,-397.9188914643301,1067.6666666666665,1159.7171392652606
XBB.1.25,22F,0.7135878440558461,0.540051267083873,-451.136843971767,-397.9188914643301,1070.0,1159.7171392652606
XBB.2.5,22F,0.7137016785985401,0.540051267083873,-446.0116330322605,-397.9188914643301,1070.1368421052632,1159.7171392652606
XBB.1.27,22F,0.7227208621067187,0.540051267083873,-458.7621435087422,-397.9188914643301,1081.111111111111,1159.7171392652606
XBB.2.11,22F,0.7242971571382879,0.540051267083873,-460.467861753457,-397.9188914643301,1083.111111111111,1159.7171392652606
XBB.2.12,22F,0.7262785074667691,0.540051267083873,-463.7150384551182,-397.9188914643301,1085.6666666666665,1159.7171392652606
XBB.7,22F,0.7280524336061316,0.540051267083873,-466.04842610263864,-397.9188914643301,1088.0,1159.7171392652606
XBB.1.13,22F,0.7300364372308166,0.540051267083873,-464.32810036293665,-397.9188914643301,1090.659793814433,1159.7171392652606
XBB.1.35,22F,0.7315029405192714,0.540051267083873,-468.7119811114942,-397.9188914643301,1092.6666666666665,1159.7171392652606
XBB.1.30,22F,0.7315697309743695,0.540051267083873,-466.1578761353912,-397.9188914643301,1092.7590361445784,1159.7171392652606
XBB.1.47,22F,0.7317433429915505,0.540051267083873,-470.7664388759808,-397.9188914643301,1093.0,1159.7171392652606
XBB.6.1,22F,0.7335178612900222,0.540051267083873,-467.0452390620323,-397.9188914643301,1095.486111111111,1159.7171392652606
XBB.1.10,22F,0.7356401269307663,0.540051267083873,-471.20769710451907,-397.9188914643301,1098.5434782608695,1159.7171392652606
XBB.3.4,22F,0.7376266096503711,0.540051267083873,-475.429740173922,-397.9188914643301,1101.5,1159.7171392652606
XBB.8.1,22F,0.739677165920721,0.540051267083873,-477.6916536630332,-397.9188914643301,1104.6666666666665,1159.7171392652606
XBB.2.2,22F,0.7445028664385087,0.540051267083873,-481.8888221433365,-397.9188914643301,1112.7368421052631,1159.7171392652606
XBB.1.4,22F,0.745401237239556,0.540051267083873,-483.2703215932718,-397.9188914643301,1114.1538461538462,1159.7171392652606
XBB.1.14.1,22F,0.7475415107765864,0.540051267083873,-486.8376476099133,-397.9188914643301,1118.0,1159.7171392652606
XBB.1.21,22F,0.7499829417323178,0.540051267083873,-488.7618722749372,-397.9188914643301,1122.6666666666665,1159.7171392652606
XBB.1.45.1,22F,0.7521226411672604,0.540051267083873,-488.1241542873217,-397.9188914643301,1127.05291005291,1159.7171392652606
XBB.1.19,22F,0.7588477549973645,0.540051267083873,-499.388426591774,-397.9188914643301,1143.4,1159.7171392652606
XBB.2.6.1,22F,0.759314500730111,0.540051267083873,-499.13395485096373,-397.9188914643301,1144.7272727272727,1159.7171392652606
XBB.1.48,22F,0.7597532206040745,0.540051267083873,-502.0343356449719,-397.9188914643301,1146.0,1159.7171392652606
XBB.2.7.1,22F,0.7597532028792078,0.540051267083873,-502.0343463413857,-397.9188914643301,1146.0,1159.7171392652606
XBB.1.47.1,22F,0.7610662435031608,0.540051267083873,-501.7499037967154,-397.9188914643301,1150.0,1159.7171392652606
GA.2,22F,0.7623871837991607,0.540051267083873,-501.7313606868615,-397.9188914643301,1154.3214285714282,1159.7171392652606
XBB.1.19.2,22F,0.763111315928183,0.540051267083873,-504.1085897867994,-397.9188914643301,1156.8333333333333,1159.7171392652606
XBB.1.40,22F,0.7635474384962097,0.540051267083873,-504.79577188987656,-397.9188914643301,1158.4,1159.7171392652606
GW.2,22F,0.7640188652974224,0.540051267083873,-502.21552018487796,-397.9188914643301,1160.140350877193,1159.7171392652606
GA.3,22F,0.7641587001016663,0.540051267083873,-504.6290760792179,-397.9188914643301,1160.6666666666665,1159.7171392652606
GA.6,22F,0.7648658270627564,0.540051267083873,-504.93994615049536,-397.9188914643301,1163.4,1159.7171392652606
GA.1,22F,0.76526530608773,0.540051267083873,-506.45484214632086,-397.9188914643301,1164.9999999999998,1159.7171392652606
GA.9,22F,0.7652652654204841,0.540051267083873,-506.7912640723328,-397.9188914643301,1165.0,1159.7171392652606
XBB.1.17.1,22F,0.7653401841620379,0.540051267083873,-503.3700042591968,-397.9188914643301,1165.305389221557,1159.7171392652606
XBB.1.18.1,22F,0.7656920990683498,0.540051267083873,-504.11084945919345,-397.9188914643301,1166.7583333333332,1159.7171392652606
GW.4,22F,0.766252243696169,0.540051267083873,-507.6066487392068,-397.9188914643301,1169.142857142857,1159.7171392652606
XBB.1.19.1,22F,0.7666504452156758,0.540051267083873,-505.54112398160083,-397.9188914643301,1170.8977272727273,1159.7171392652606
XBB.2.9,22F,0.767434482321641,0.540051267083873,-510.2447415495454,-397.9188914643301,1174.5,1159.7171392652606
XBB.1.11.1,22F,0.7675193992658288,0.540051267083873,-507.9931189571457,-397.9188914643301,1174.904761904762,1159.7171392652606
FY.1,22F,0.7679981279067863,0.540051267083873,-508.5096082122654,-397.9188914643301,1177.2272727272727,1159.7171392652606
FW.2,22F,0.7690217239455559,0.540051267083873,-512.1151648641403,-397.9188914643301,1182.5,1159.7171392652606
XBB.1.43.1,22F,0.7694463666142368,0.540051267083873,-510.47773486760536,-397.9188914643301,1184.8235294117649,1159.7171392652606
GA.5,22F,0.7694661305595937,0.540051267083873,-510.6263169796529,-397.9188914643301,1184.9333333333334,1159.7171392652606
XBB.1.15.1,22F,0.7697029269825826,0.540051267083873,-510.0041946163014,-397.9188914643301,1186.2702702702704,1159.7171392652606
XBB.1.22.2,22F,0.769871646763996,0.540051267083873,-509.82635651024583,-397.9188914643301,1187.2407407407409,1159.7171392652606
XBB.1.31.1,22F,0.7701710027141463,0.540051267083873,-513.0723974947811,-397.9188914643301,1189.0,1159.7171392652606
GW.3,22F,0.7705009804270495,0.540051267083873,-513.4650739104069,-397.9188914643301,1191.0,1159.7171392652606
GH.1,22F,0.7705785428147242,0.540051267083873,-511.4372017979794,-397.9188914643301,1191.48,1159.7171392652606
FP.4,22F,0.7706847465448199,0.540051267083873,-512.1435947908824,-397.9188914643301,1192.1428571428569,1159.7171392652606
GA.6.1,22F,0.7709170754397401,0.540051267083873,-512.0152707960381,-397.9188914643301,1193.6190476190477,1159.7171392652606
GA.7,22F,0.7712804808438581,0.540051267083873,-515.4939788250829,-397.9188914643301,1196.0,1159.7171392652606
HU.1,22F,0.7745143486591333,0.540051267083873,-518.6207423688325,-397.9188914643301,1198.5,1159.7171392652606
XBB.1.24.3,22F,0.7750184633630616,0.540051267083873,-518.820008516039,-397.9188914643301,1200.6666666666665,1159.7171392652606
XBB.1.31,22F,0.7753269558587788,0.540051267083873,-519.5960687224854,-397.9188914643301,1202.0,1159.7171392652606
XBB.1.44.1,22F,0.7754423358269442,0.540051267083873,-518.3484885947977,-397.9188914643301,1202.5,1159.7171392652606
XBB.1.34,22F,0.7756495480522959,0.540051267083873,-517.6814679220466,-397.9188914643301,1203.4,1159.7171392652606
FY.1.4,22F,0.7756725234284467,0.540051267083873,-517.6138073385213,-397.9188914643301,1203.5,1159.7171392652606
XBB.1.44,22F,0.7776934254212977,0.540051267083873,-519.6802113871241,-397.9188914643301,1212.375,1159.7171392652606
XBB.1.4.2,22F,0.7786378182153787,0.540051267083873,-520.8271456840406,-397.9188914643301,1216.5625,1159.7171392652606
FE.1.1.2,22F,0.779649563544546,0.540051267083873,-521.3064992779598,-397.9188914643301,1221.058823529412,1159.7171392652606
XBB.1.12,22F,0.7798614544616406,0.540051267083873,-524.686223748551,-397.9188914643301,1222.0,1159.7171392652606
FP.2,22F,0.7800865144795571,0.540051267083873,-524.9613521209503,-397.9188914643301,1223.0,1159.7171392652606
XBB.2.4,22F,0.7801741738797,0.540051267083873,-520.9631919390537,-397.9188914643301,1223.39010989011,1159.7171392652606
XBB.1.37.1,22F,0.7805171859819897,0.540051267083873,-523.4516018640184,-397.9188914643301,1224.9130434782608,1159.7171392652606
GA.4,22F,0.78147204755368,0.540051267083873,-525.8128339923694,-397.9188914643301,1229.1428571428569,1159.7171392652606
XBB.1.22.1,22F,0.7815278207295265,0.540051267083873,-523.3274911127288,-397.9188914643301,1229.388888888889,1159.7171392652606
FE.1.1.4,22F,0.7818078787409116,0.540051267083873,-524.9937206517642,-397.9188914643301,1230.625,1159.7171392652606
GW.1,22F,0.7819686366938554,0.540051267083873,-526.5779059749966,-397.9188914643301,1231.3333333333333,1159.7171392652606
HE.1,22F,0.7823206011790853,0.540051267083873,-522.9511196616456,-397.9188914643301,1232.882183908046,1159.7171392652606
FE.1,22F,0.7827307170866152,0.540051267083873,-525.0752093321628,-397.9188914643301,1234.6811594202898,1159.7171392652606
FP.2.1,22F,0.7833762702161228,0.540051267083873,-526.580918149522,-397.9188914643301,1237.5,1159.7171392652606
FE.1.1,22F,0.7840367484084556,0.540051267083873,-525.3534137680083,-397.9188914643301,1240.3650190114067,1159.7171392652606
XBB.1.34.2,22F,0.7843385615823377,0.540051267083873,-529.5083643605332,-397.9188914643301,1241.6666666666665,1159.7171392652606
HL.1,22F,0.7851450455157606,0.540051267083873,-530.2234637841964,-397.9188914643301,1245.125,1159.7171392652606
FE.1.1.1,22F,0.7855695191982341,0.540051267083873,-528.1970820995168,-397.9188914643301,1246.9320388349515,1159.7171392652606
XBB.1.24.1,22F,0.7858307836944165,0.540051267083873,-529.2259091655645,-397.9188914643301,1248.0392156862745,1159.7171392652606
XBB.1.41.3,22F,0.7861129684991,0.540051267083873,-530.2519845701007,-397.9188914643301,1249.2307692307693,1159.7171392652606
XBB.1.33,22F,0.7866075838275961,0.540051267083873,-530.3908144605498,-397.9188914643301,1251.3095238095239,1159.7171392652606
FY.7,22F,0.7866530722125482,0.540051267083873,-532.7991077239134,-397.9188914643301,1251.5,1159.7171392652606
FY.2,22F,0.7867306231504514,0.540051267083873,-529.245523677824,-397.9188914643301,1251.8246753246754,1159.7171392652606
FY.6,22F,0.7870544625171001,0.540051267083873,-531.8548725446157,-397.9188914643301,1253.1764705882354,1159.7171392652606
FE.1.2,22F,0.7871865068158779,0.540051267083873,-528.594015156675,-397.9188914643301,1253.7265774378584,1159.7171392652606
FY.1.1,22F,0.7874128515692966,0.540051267083873,-532.6525714790126,-397.9188914643301,1254.6666666666665,1159.7171392652606
FY.3,22F,0.7887277344102014,0.540051267083873,-532.7303449934154,-397.9188914643301,1260.0862068965516,1159.7171392652606
XBB.1.41,22F,0.7889507476900874,0.540051267083873,-535.4624653261094,-397.9188914643301,1261.0,1159.7171392652606
XBB.1.31.2,22F,0.7897474049582864,0.540051267083873,-536.6914921576983,-397.9188914643301,1264.25,1159.7171392652606
XBB.1.34.1,22F,0.7901378861713049,0.540051267083873,-535.6273236549212,-397.9188914643301,1265.8421052631577,1159.7171392652606
FY.9,22F,0.7902584230565649,0.540051267083873,-534.917710881116,-397.9188914643301,1266.3333333333335,1159.7171392652606
GA.7.2,22F,0.791034113518447,0.540051267083873,-538.3215866602536,-397.9188914643301,1269.5,1159.7171392652606
FY.3.1,22F,0.7916725002913129,0.540051267083873,-535.6749653806455,-397.9188914643301,1272.1259842519685,1159.7171392652606
FY.2.1,22F,0.79205802544637,0.540051267083873,-535.571817914774,-397.9188914643301,1273.7260869565216,1159.7171392652606
FP.2.1.1,22F,0.7923226450708462,0.540051267083873,-537.7635778512754,-397.9188914643301,1274.8333333333333,1159.7171392652606
HE.2,22F,0.7930023995611116,0.540051267083873,-538.847352631958,-397.9188914643301,1277.7241379310344,1159.7171392652606
FY.3.2,22F,0.7930989738167485,0.540051267083873,-537.493876980304,-397.9188914643301,1278.1417322834645,1159.7171392652606
XBB.1.28.1,22F,0.7932426885871507,0.540051267083873,-539.1205991708694,-397.9188914643301,1278.7666666666664,1159.7171392652606
XBB.1.42,22F,0.7954234325137187,0.540051267083873,-540.4675128273436,-397.9188914643301,1280.5238095238094,1159.7171392652606
HB.1,22F,0.7955035545355329,0.540051267083873,-542.4106692808215,-397.9188914643301,1280.75,1159.7171392652606
HU.1.1,22F,0.7957199607242426,0.540051267083873,-540.7636487402948,-397.9188914643301,1281.3576642335765,1159.7171392652606
FY.4.1,22F,0.7958647203366092,0.540051267083873,-541.3918112960718,-397.9188914643301,1281.7613636363635,1159.7171392652606
FY.4.1.2,22F,0.7960986201562724,0.540051267083873,-541.9793729079372,-397.9188914643301,1282.409090909091,1159.7171392652606
FY.3.3,22F,0.7961534057291754,0.540051267083873,-541.9218012944934,-397.9188914643301,1282.56,1159.7171392652606
KE.2,22F,0.7966812944916034,0.540051267083873,-546.9167268919898,-397.9188914643301,1284.0,1159.7171392652606
FY.4,22F,0.7976245769013328,0.540051267083873,-547.4359364471765,-397.9188914643301,1286.5,1159.7171392652606
GA.2.1.1,22F,0.7980107702539613,0.540051267083873,-547.9329654699666,-397.9188914643301,1287.5,1159.7171392652606
FY.6.1,22F,0.7981702220786998,0.540051267083873,-546.4335454880867,-397.9188914643301,1287.909090909091,1159.7171392652606
FY.4.2,22F,0.7982146624694749,0.540051267083873,-543.690177202779,-397.9188914643301,1288.022099447514,1159.7171392652606
XBB.1.22.3,22F,0.7982712819566212,0.540051267083873,-546.4766967035927,-397.9188914643301,1288.1666666666665,1159.7171392652606
XBB.8.2,22F,0.7982885217422044,0.540051267083873,-546.0393737561839,-397.9188914643301,1288.2105263157894,1159.7171392652606
HU.2,22F,0.7989053288811608,0.540051267083873,-546.9456582317937,-397.9188914643301,1289.764705882353,1159.7171392652606
XBB.1.22,22F,0.8004468795015146,0.540051267083873,-545.0804231364025,-397.9188914643301,1293.5124378109451,1159.7171392652606
FW.1,22F,0.8004839297517335,0.540051267083873,-550.2085090276231,-397.9188914643301,1293.6,1159.7171392652606
JC.3,22F,0.8017308817296352,0.540051267083873,-552.7396800351953,-397.9188914643301,1296.5,1159.7171392652606
FY.4.1.1,22F,0.8018321994635271,0.540051267083873,-548.6966609151445,-397.9188914643301,1296.7307692307693,1159.7171392652606
FY.5,22F,0.8024354577565913,0.540051267083873,-549.4870585304684,-397.9188914643301,1298.093023255814,1159.7171392652606
XBB.1.42.2,22F,0.8031840666380659,0.540051267083873,-548.2839897127925,-397.9188914643301,1299.7535211267605,1159.7171392652606
FY.1.2.1,22F,0.8062718090172162,0.540051267083873,-555.8770610244218,-397.9188914643301,1306.3125,1159.7171392652606
FY.1.2,22F,0.808128009588133,0.540051267083873,-557.2493038578795,-397.9188914643301,1310.0869565217392,1159.7171392652606
FY.1.4.1,22F,0.8089129618916938,0.540051267083873,-558.1750924976466,-397.9188914643301,1311.656862745098,1159.7171392652606
FE.1.1.5,22F,0.8090625293801927,0.540051267083873,-559.905224135911,-397.9188914643301,1311.9545454545455,1159.7171392652606
FY.5.2,22F,0.8092363169459684,0.540051267083873,-559.8231028896001,-397.9188914643301,1312.3,1159.7171392652606
GW.5.1,22F,0.8096503608846375,0.540051267083873,-560.271312397872,-397.9188914643301,1313.1212121212122,1159.7171392652606
FY.5.5,22F,0.80976183196103,0.540051267083873,-558.4461471756309,-397.9188914643301,1313.3417721518986,1159.7171392652606
GA.4.1.1,22F,0.8121304022215907,0.540051267083873,-565.931864299249,-397.9188914643301,1318.0,1159.7171392652606
GA.7.1,22F,0.8126406579419735,0.540051267083873,-567.703255167032,-397.9188914643301,1319.0,1159.7171392652606
FW.1.1,22F,0.814559845112441,0.540051267083873,-566.7119021312351,-397.9188914643301,1322.7647058823527,1159.7171392652606
FY.1.2.3,22F,0.8151140735444007,0.540051267083873,-567.6394740854956,-397.9188914643301,1323.857142857143,1159.7171392652606
JC.5,22F,0.8168085482104847,0.540051267083873,-567.3598353851805,-397.9188914643301,1327.2257142857143,1159.7171392652606
JC.1,22F,0.817442158625522,0.540051267083873,-569.075509231078,-397.9188914643301,1328.5,1159.7171392652606
JC.2,22F,0.8179357587127034,0.540051267083873,-574.02195818617,-397.9188914643301,1329.5,1159.7171392652606
FY.5.4,22F,0.8188932913160245,0.540051267083873,-573.4241390484458,-397.9188914643301,1331.4615384615386,1159.7171392652606
JC.6,22F,0.819301507722368,0.540051267083873,-573.9678367637372,-397.9188914643301,1332.3076923076924,1159.7171392652606
XBB.1.41.2,22F,0.8194318796869654,0.540051267083873,-570.753252823257,-397.9188914643301,1332.5792207792206,1159.7171392652606
GA.4.1.3,22F,0.8199657645093344,0.540051267083873,-575.1156556451448,-397.9188914643301,1333.7,1159.7171392652606
GW.5,22F,0.8207471796080051,0.540051267083873,-575.0598636239035,-397.9188914643301,1335.3666666666666,1159.7171392652606
FP.3,22F,0.8210406411622798,0.540051267083873,-578.8530312317497,-397.9188914643301,1336.0,1159.7171392652606
XBB.1.41.1,22F,0.8215898859887547,0.540051267083873,-574.7913639852956,-397.9188914643301,1337.2066115702478,1159.7171392652606
XBB.1.42.1,22F,0.8215988268360391,0.540051267083873,-574.5302062085825,-397.9188914643301,1337.2264150943397,1159.7171392652606
GW.5.2,22F,0.8217785472607632,0.540051267083873,-577.7600324582916,-397.9188914643301,1337.625,1159.7171392652606
FY.5.1,22F,0.8221233335438655,0.540051267083873,-577.9982151502757,-397.9188914643301,1338.4,1159.7171392652606
FY.8,22F,0.8238363811498973,0.540051267083873,-579.1289971968451,-397.9188914643301,1340.46875,1159.7171392652606
GW.5.3,22F,0.8263142234569005,0.540051267083873,-581.9902526123149,-397.9188914643301,1345.2156862745096,1159.7171392652606
GA.4.1,22F,0.8300790223647284,0.540051267083873,-586.5115244061965,-397.9188914643301,1352.4494382022472,1159.7171392652606
JC.4,22F,0.8307045825596187,0.540051267083873,-588.1576957443644,-397.9188914643301,1353.65,1159.7171392652606
GA.4.2,22F,0.8340314083648112,0.540051267083873,-594.9742203143613,-397.9188914643301,1360.0,1159.7171392652606
FY.8.1,22F,0.8345596351387472,0.540051267083873,-595.133254840785,-397.9188914643301,1361.0,1159.7171392652606
FY.5.5.1,22F,0.8351366692828084,0.540051267083873,-592.6125525603697,-397.9188914643301,1362.0890052356021,1159.7171392652606
XBB.1.28,22F,0.8355800505279708,0.540051267083873,-595.2108379993414,-397.9188914643301,1362.923076923077,1159.7171392652606
JW.1.1,22F,0.8377683254735482,0.540051267083873,-600.7627156026249,-397.9188914643301,1367.0,1159.7171392652606
FY.1.2.2,22F,0.8404019112588191,0.540051267083873,-602.7597387695732,-397.9188914643301,1371.8,1159.7171392652606
GA.8.1,22F,0.8450498401268617,0.540051267083873,-609.1547956687817,-397.9188914643301,1379.9,1159.7171392652606
GW.5.3.1,22F,0.8559200310238693,0.540051267083873,-622.8871042270417,-397.9188914643301,1396.5384615384614,1159.7171392652606
KE.3,22F,0.8584629386706939,0.540051267083873,-627.1618665376442,-397.9188914643301,1399.9473684210525,1159.7171392652606
FY.5.1.1,22F,0.860825048185592,0.540051267083873,-628.7071944508866,-397.9188914643301,1402.963963963964,1159.7171392652606
GW.5.1.1,22F,0.8698657306264712,0.540051267083873,-642.054438829401,-397.9188914643301,1413.3833333333332,1159.7171392652606
FW.1.1.1,22F,0.8711058491979771,0.540051267083873,-644.5011693628536,-397.9188914643301,1414.6999999999998,1159.7171392652606
KE.1,22F,0.8760929722522143,0.540051267083873,-653.3610466232326,-397.9188914643301,1419.8,1159.7171392652606
JC.5.1,22F,0.8879690376819164,0.540051267083873,-666.3593393696723,-397.9188914643301,1431.2470588235294,1159.7171392652606
XBB.1.9.3,23D,0.7101607789358988,0.555635761044119,-447.4767461191602,-416.566216767019,1066.0,1284.3420334897883
XBB.1.9.4,23D,0.719024987506678,0.555635761044119,-452.8946906667638,-416.566216767019,1076.5254237288136,1284.3420334897883
XBB.1.9,23D,0.7253990063315722,0.555635761044119,-458.72939107016543,-416.566216767019,1084.526627218935,1284.3420334897883
GD.2,23D,0.7392518835657602,0.555635761044119,-477.06784856725756,-416.566216767019,1104.0,1284.3420334897883
EG.4.1,23D,0.7468125823479621,0.555635761044119,-485.6177317288905,-416.566216767019,1116.6666666666665,1284.3420334897883
FL.2.7,23D,0.753364930404515,0.555635761044119,-491.99510065599674,-416.566216767019,1129.75,1284.3420334897883
EG.1.1,23D,0.7639811399928811,0.555635761044119,-506.21480842535135,-416.566216767019,1160.0,1284.3420334897883
FL.27,23D,0.7641146022088209,0.555635761044119,-503.1916035985634,-416.566216767019,1160.5,1284.3420334897883
FL.4.1,23D,0.7642027437062405,0.555635761044119,-504.6801993005303,-416.566216767019,1160.8333333333333,1284.3420334897883
FL.3.3,23D,0.7647642409954216,0.555635761044119,-505.6202890863082,-416.566216767019,1163.0,1284.3420334897883
FL.26.1,23D,0.7658288687563799,0.555635761044119,-507.95935142120817,-416.566216767019,1167.3333333333333,1284.3420334897883
EG.13,23D,0.7661202879960745,0.555635761044119,-504.5385085337472,-416.566216767019,1168.5736434108528,1284.3420334897883
FL.26,23D,0.7665578761401494,0.555635761044119,-506.35474263811614,-416.566216767019,1170.4857142857143,1284.3420334897883
FL.39,23D,0.7669496951148878,0.555635761044119,-508.98275855425277,-416.566216767019,1172.25,1284.3420334897883
FL.8,23D,0.7675208873977197,0.555635761044119,-505.97048363568496,-416.566216767019,1174.9119496855346,1284.3420334897883
FL.2.2,23D,0.7675460640640143,0.555635761044119,-507.6349821190085,-416.566216767019,1175.032258064516,1284.3420334897883
FL.4.1.1,23D,0.7676094439543967,0.555635761044119,-510.0448440669307,-416.566216767019,1175.3333333333333,1284.3420334897883
FL.17,23D,0.767643759966345,0.555635761044119,-508.0927463059923,-416.566216767019,1175.5,1284.3420334897883
FL.6,23D,0.7681784469270223,0.555635761044119,-509.7335674998633,-416.566216767019,1178.125,1284.3420334897883
FL.13.3,23D,0.7686482250730743,0.555635761044119,-508.62935731468923,-416.566216767019,1180.5238095238096,1284.3420334897883
FL.10,23D,0.7687359226488666,0.555635761044119,-507.3406769187549,-416.566216767019,1180.98224852071,1284.3420334897883
XBB.1.9.5,23D,0.7691145753291752,0.555635761044119,-510.83869798816704,-416.566216767019,1183.0,1284.3420334897883
FL.12,23D,0.7691461848028356,0.555635761044119,-508.0576946347126,-416.566216767019,1183.1716417910447,1284.3420334897883
EG.1.7,23D,0.7706818574210398,0.555635761044119,-512.699767298139,-416.566216767019,1192.125,1284.3420334897883
EG.4,23D,0.7707920186551664,0.555635761044119,-509.1175586668891,-416.566216767019,1192.8201219512193,1284.3420334897883
FL.2.1,23D,0.7708511794571536,0.555635761044119,-510.8702778964239,-416.566216767019,1193.1967213114754,1284.3420334897883
EG.2.1,23D,0.7709759088063014,0.555635761044119,-514.0314187259081,-416.566216767019,1194.0,1284.3420334897883
EG.3,23D,0.7710273732735411,0.555635761044119,-514.0928713390496,-416.566216767019,1194.3333333333333,1284.3420334897883
FL.13,23D,0.7710842309883039,0.555635761044119,-510.3541279620494,-416.566216767019,1194.7037037037035,1284.3420334897883
FL.18.1.1,23D,0.7714281354062271,0.555635761044119,-514.5720409249087,-416.566216767019,1197.0,1284.3420334897883
EG.1.2,23D,0.7714545073411688,0.555635761044119,-511.6768760139167,-416.566216767019,1197.1785714285713,1284.3420334897883
FL.2,23D,0.7747257953510789,0.555635761044119,-513.1838972134371,-416.566216767019,1199.4070945945946,1284.3420334897883
FL.18,23D,0.774828209764301,0.555635761044119,-514.8150658132143,-416.566216767019,1199.8473282442746,1284.3420334897883
EG.4.3,23D,0.7750184218853201,0.555635761044119,-518.126805566176,-416.566216767019,1200.6666666666665,1284.3420334897883
FL.35,23D,0.7757108130303965,0.555635761044119,-518.5537095841154,-416.566216767019,1203.6666666666665,1284.3420334897883
FL.3.1,23D,0.775895299822616,0.555635761044119,-516.2108952371425,-416.566216767019,1204.4700854700855,1284.3420334897883
EG.6,23D,0.7761121284829854,0.555635761044119,-518.749428923375,-416.566216767019,1205.4166666666665,1284.3420334897883
FL.3.2,23D,0.7761592498804454,0.555635761044119,-517.3208492014955,-416.566216767019,1205.6226415094338,1284.3420334897883
FL.23.1,23D,0.7762214616815943,0.555635761044119,-517.7285698576732,-416.566216767019,1205.8947368421052,1284.3420334897883
EG.8,23D,0.7763164332124913,0.555635761044119,-518.113403035679,-416.566216767019,1206.3103448275863,1284.3420334897883
FL.4,23D,0.7763335750771151,0.555635761044119,-514.4255689886807,-416.566216767019,1206.385460693153,1284.3420334897883
FL.5,23D,0.7763534885142861,0.555635761044119,-515.3599842432619,-416.566216767019,1206.4726890756303,1284.3420334897883
FL.33,23D,0.7765470508143343,0.555635761044119,-518.4268076849431,-416.566216767019,1207.3214285714284,1284.3420334897883
FL.22,23D,0.7766118893176814,0.555635761044119,-517.2421829239873,-416.566216767019,1207.6060606060607,1284.3420334897883
FL.1.1,23D,0.7766938371428763,0.555635761044119,-516.9458448275278,-416.566216767019,1207.9659863945576,1284.3420334897883
FL.5.1,23D,0.7767157695856437,0.555635761044119,-518.4970363070717,-416.566216767019,1208.0625,1284.3420334897883
FL.4.3,23D,0.7767340594003519,0.555635761044119,-520.038957783576,-416.566216767019,1208.142857142857,1284.3420334897883
FL.3,23D,0.7771634466136698,0.555635761044119,-517.1617006435112,-416.566216767019,1210.0334928229665,1284.3420334897883
XBB.1.9.7,23D,0.7774956756343171,0.555635761044119,-522.2131386613369,-416.566216767019,1211.5,1284.3420334897883
FL.23,23D,0.7778023659305564,0.555635761044119,-521.3321411984792,-416.566216767019,1212.857142857143,1284.3420334897883
EG.9,23D,0.778060438964646,0.555635761044119,-522.492586524944,-416.566216767019,1214.0,1284.3420334897883
EG.1.4.1,23D,0.7781958553891221,0.555635761044119,-522.1462030583709,-416.566216767019,1214.6000000000001,1284.3420334897883
XBB.1.9.1,23D,0.7782342358477082,0.555635761044119,-516.1055927887448,-416.566216767019,1214.7710131758292,1284.3420334897883
EG.1.3,23D,0.7785185066289811,0.555635761044119,-519.6259743848763,-416.566216767019,1216.032608695652,1284.3420334897883
FL.31,23D,0.7786315562025569,0.555635761044119,-520.2248203451853,-416.566216767019,1216.5344827586207,1284.3420334897883
FL.18.1,23D,0.7786800664784408,0.555635761044119,-521.5716943519417,-416.566216767019,1216.75,1284.3420334897883
FL.4.5,23D,0.7788800158873879,0.555635761044119,-520.7375124711497,-416.566216767019,1217.6382978723404,1284.3420334897883
FL.19,23D,0.7790737483679387,0.555635761044119,-523.4373520694536,-416.566216767019,1218.5,1284.3420334897883
FL.4.10,23D,0.7798614575106163,0.555635761044119,-524.686224290876,-416.566216767019,1222.0,1284.3420334897883
EG.2.5,23D,0.7803113046987853,0.555635761044119,-524.948710127197,-416.566216767019,1224.0,1284.3420334897883
FL.11,23D,0.7805432135308429,0.555635761044119,-523.063632424154,-416.566216767019,1225.0285714285715,1284.3420334897883
FL.1.4,23D,0.7806147905181623,0.555635761044119,-522.7554321081287,-416.566216767019,1225.3461538461538,1284.3420334897883
EG.1.4,23D,0.780716031502485,0.555635761044119,-521.483646153799,-416.566216767019,1225.7952380952381,1284.3420334897883
FL.1,23D,0.780893424877291,0.555635761044119,-522.0178334958998,-416.566216767019,1226.5816993464055,1284.3420334897883
FL.17.2,23D,0.7809427333889837,0.555635761044119,-524.1130253991289,-416.566216767019,1226.8000000000002,1284.3420334897883
FL.4.11,23D,0.7809976586190996,0.555635761044119,-524.040652437486,-416.566216767019,1227.0434782608695,1284.3420334897883
FL.14,23D,0.7810034053247175,0.555635761044119,-523.8159045630453,-416.566216767019,1227.0689655172416,1284.3420334897883
EG.1,23D,0.7816035312528884,0.555635761044119,-521.0670919370685,-416.566216767019,1229.7233368532204,1284.3420334897883
FL.13.1,23D,0.7816210906727619,0.555635761044119,-526.3325507016142,-416.566216767019,1229.8000000000002,1284.3420334897883
XBB.1.9.2,23D,0.7817473387361326,0.555635761044119,-520.9744134375153,-416.566216767019,1230.3580645161292,1284.3420334897883
FL.9,23D,0.7817682304445428,0.555635761044119,-525.1272529433461,-416.566216767019,1230.45,1284.3420334897883
FL.4.6,23D,0.7819313990018043,0.555635761044119,-524.2462773728506,-416.566216767019,1231.1694915254238,1284.3420334897883
EG.1.6,23D,0.7823338197547207,0.555635761044119,-523.9217795822,-416.566216767019,1232.9402985074628,1284.3420334897883
FL.1.3,23D,0.7833094837387691,0.555635761044119,-525.324159439757,-416.566216767019,1237.209090909091,1284.3420334897883
EG.14,23D,0.7835028991289981,0.555635761044119,-525.3367631978675,-416.566216767019,1238.0507246376812,1284.3420334897883
FL.7,23D,0.7835272401569155,0.555635761044119,-525.5492213938057,-416.566216767019,1238.1565217391308,1284.3420334897883
FL.37,23D,0.7835568271508883,0.555635761044119,-528.3848803085226,-416.566216767019,1238.2857142857142,1284.3420334897883
FL.2.7.1,23D,0.7835628155634462,0.555635761044119,-525.8383946523763,-416.566216767019,1238.3111111111111,1284.3420334897883
FL.21.2,23D,0.7837216503496537,0.555635761044119,-528.455505132656,-416.566216767019,1239.0,1284.3420334897883
EG.12,23D,0.7851157282771664,0.555635761044119,-530.0691787686188,-416.566216767019,1245.0,1284.3420334897883
FL.2.4,23D,0.7857584901470841,0.555635761044119,-529.6663230325944,-416.566216767019,1247.7333333333333,1284.3420334897883
FL.4.9,23D,0.7862110426732261,0.555635761044119,-529.55508096389,-416.566216767019,1249.6440677966102,1284.3420334897883
FL.21.1,23D,0.7864147164262625,0.555635761044119,-531.402319205725,-416.566216767019,1250.5,1284.3420334897883
EG.10,23D,0.7864317022355375,0.555635761044119,-531.9625593458517,-416.566216767019,1250.5714285714287,1284.3420334897883
FL.10.3,23D,0.787142926507118,0.555635761044119,-532.4010669538501,-416.566216767019,1253.5454545454545,1284.3420334897883
FL.2.6,23D,0.7880557933339079,0.555635761044119,-532.1838112328826,-416.566216767019,1257.3255813953488,1284.3420334897883
FL.2.3,23D,0.7881258738292644,0.555635761044119,-530.6259632825935,-416.566216767019,1257.6143497757848,1284.3420334897883
FL.1.2,23D,0.788371435929206,0.555635761044119,-534.2626373097689,-416.566216767019,1258.625,1284.3420334897883
EG.1.8,23D,0.7887386728561866,0.555635761044119,-532.3737551565591,-416.566216767019,1260.1309523809523,1284.3420334897883
EG.4.4,23D,0.7888811157630642,0.555635761044119,-535.0381985774965,-416.566216767019,1260.7142857142856,1284.3420334897883
EG.1.5,23D,0.7891264111695172,0.555635761044119,-533.4648385538296,-416.566216767019,1261.7173913043478,1284.3420334897883
FL.2.2.1,23D,0.7891312213013698,0.555635761044119,-534.3551108964938,-416.566216767019,1261.7368421052631,1284.3420334897883
FL.4.2,23D,0.7892704944279297,0.555635761044119,-533.8917962158762,-416.566216767019,1262.3055555555554,1284.3420334897883
GD.1,23D,0.7898595043545723,0.555635761044119,-532.5705591527044,-416.566216767019,1264.7077464788733,1284.3420334897883
FL.35.1,23D,0.7898961561093271,0.555635761044119,-536.3199790820717,-416.566216767019,1264.8571428571427,1284.3420334897883
FL.32,23D,0.7899136665898049,0.555635761044119,-534.9558347629721,-416.566216767019,1264.9285714285716,1284.3420334897883
FL.28,23D,0.7899182990285075,0.555635761044119,-535.3494592749934,-416.566216767019,1264.9473684210525,1284.3420334897883
FL.40,23D,0.7909468692678719,0.555635761044119,-537.6512325407574,-416.566216767019,1269.142857142857,1284.3420334897883
FL.1.6,23D,0.7911393179752735,0.555635761044119,-536.0572737020553,-416.566216767019,1269.9318181818182,1284.3420334897883
EG.9.1,23D,0.7914491419628893,0.555635761044119,-536.4509262631477,-416.566216767019,1271.2045454545455,1284.3420334897883
FL.4.8,23D,0.7914491385201262,0.555635761044119,-536.4509218863791,-416.566216767019,1271.2045454545455,1284.3420334897883
EG.2,23D,0.7918734248005935,0.555635761044119,-535.1153549734802,-416.566216767019,1272.95818815331,1284.3420334897883
FL.21,23D,0.7925783962743038,0.555635761044119,-536.7532933361289,-416.566216767019,1275.912408759124,1284.3420334897883
EG.5.2,23D,0.7929291534093043,0.555635761044119,-535.519841452412,-416.566216767019,1277.4089673913045,1284.3420334897883
FL.2.5,23D,0.792992341232461,0.555635761044119,-536.8546893506073,-416.566216767019,1277.6809523809525,1284.3420334897883
EG.11,23D,0.7949825807035047,0.555635761044119,-541.3383527687965,-416.566216767019,1279.2666666666667,1284.3420334897883
FL.25,23D,0.7952988815093583,0.555635761044119,-539.3513119632532,-416.566216767019,1280.1707317073171,1284.3420334897883
EG.7,23D,0.7962634537193127,0.555635761044119,-541.9145410540485,-416.566216767019,1282.862068965517,1284.3420334897883
EG.5.2.2,23D,0.7967644625231907,0.555635761044119,-544.1331423271712,-416.566216767019,1284.2222222222222,1284.3420334897883
EG.4.5,23D,0.7980497581607688,0.555635761044119,-546.3737209286388,-416.566216767019,1287.6,1284.3420334897883
FL.13.3.1,23D,0.7982057444062075,0.555635761044119,-548.8772151115204,-416.566216767019,1288.0,1284.3420334897883
FL.33.1,23D,0.7991612034970286,0.555635761044119,-547.8063863640471,-416.566216767019,1290.4,1284.3420334897883
EG.5.2.1,23D,0.7993642637554584,0.555635761044119,-544.2820062278727,-416.566216767019,1290.9002267573696,1284.3420334897883
EG.5.2.4,23D,0.7994050486048447,0.555635761044119,-550.423678102527,-416.566216767019,1291.0,1284.3420334897883
EG.5.2.3,23D,0.7995505480798514,0.555635761044119,-545.5363943973816,-416.566216767019,1291.3562499999998,1284.3420334897883
FL.2.3.1,23D,0.7997237687266773,0.555635761044119,-548.6380694336178,-416.566216767019,1291.7777777777778,1284.3420334897883
FL.15,23D,0.7999886899025049,0.555635761044119,-545.0269958059603,-416.566216767019,1292.417910447761,1284.3420334897883
FL.24,23D,0.8001905156803705,0.555635761044119,-546.4080528284097,-416.566216767019,1292.9019607843138,1284.3420334897883
FL.30.1,23D,0.8011417380143425,0.555635761044119,-550.7234853654788,-416.566216767019,1295.142857142857,1284.3420334897883
HN.4.1,23D,0.8014259257592067,0.555635761044119,-551.4281191302819,-416.566216767019,1295.8000000000002,1284.3420334897883
FL.1.5,23D,0.8025256503786952,0.555635761044119,-549.2169344231706,-416.566216767019,1298.294736842105,1284.3420334897883
FL.13.4,23D,0.8035252439485308,0.555635761044119,-555.0696974532942,-416.566216767019,1300.5,1284.3420334897883
FL.19.1,23D,0.8039898761124785,0.555635761044119,-552.1046411453461,-416.566216767019,1301.507042253521,1284.3420334897883
FL.15.2,23D,0.8046891321282206,0.555635761044119,-557.277932234525,-416.566216767019,1303.0,1284.3420334897883
EG.6.1,23D,0.8048418785681896,0.555635761044119,-549.9321246073866,-416.566216767019,1303.3268112109995,1284.3420334897883
FL.10.1,23D,0.8050034223271335,0.555635761044119,-552.3076603225347,-416.566216767019,1303.668202764977,1284.3420334897883
FL.34,23D,0.8071598057567942,0.555635761044119,-557.3681119342712,-416.566216767019,1308.1304347826087,1284.3420334897883
FL.16,23D,0.8075755386130818,0.555635761044119,-556.3202270947762,-416.566216767019,1308.9734513274334,1284.3420334897883
FL.13.2,23D,0.807695640115946,0.555635761044119,-557.5939213883327,-416.566216767019,1309.2162162162163,1284.3420334897883
HN.3,23D,0.8083890685524958,0.555635761044119,-557.7693655216472,-416.566216767019,1310.6103896103896,1284.3420334897883
FL.29,23D,0.8095374230246295,0.555635761044119,-559.2628230722756,-416.566216767019,1312.8974358974358,1284.3420334897883
FL.31.1,23D,0.8097152385302001,0.555635761044119,-561.0804275162678,-416.566216767019,1313.25,1284.3420334897883
FL.15.3,23D,0.8103096247302791,0.555635761044119,-560.1912918241886,-416.566216767019,1314.4235294117648,1284.3420334897883
FL.1.8,23D,0.8107156221751114,0.555635761044119,-562.9705282513106,-416.566216767019,1315.2222222222222,1284.3420334897883
FL.32.1,23D,0.8108823585060658,0.555635761044119,-561.1529748297423,-416.566216767019,1315.5507246376812,1284.3420334897883
FL.10.2,23D,0.8116607674366351,0.555635761044119,-562.7741258717558,-416.566216767019,1317.078947368421,1284.3420334897883
EG.6.1.2,23D,0.8118907466060461,0.555635761044119,-563.8814534249559,-416.566216767019,1317.5294117647059,1284.3420334897883
FL.38,23D,0.8143401589946967,0.555635761044119,-568.8491025999397,-416.566216767019,1322.3333333333333,1284.3420334897883
HN.2.1,23D,0.8152707581175553,0.555635761044119,-568.0010782786633,-416.566216767019,1324.1666666666665,1284.3420334897883
EG.2.2,23D,0.816861737706363,0.555635761044119,-572.189754171454,-416.566216767019,1327.3333333333333,1284.3420334897883
FL.20,23D,0.8185795739668947,0.555635761044119,-570.3565492254274,-416.566216767019,1330.8152173913045,1284.3420334897883
HN.2,23D,0.8188614260233367,0.555635761044119,-570.5530321486027,-416.566216767019,1331.3954545454544,1284.3420334897883
FL.15.4,23D,0.8201487479033893,0.555635761044119,-574.526826276045,-416.566216767019,1334.086956521739,1284.3420334897883
FL.1.5.1,23D,0.8203336795300883,0.555635761044119,-568.6877898266762,-416.566216767019,1334.4804154302674,1284.3420334897883
EG.10.1,23D,0.8203632381085136,0.555635761044119,-572.7335805110129,-416.566216767019,1334.5434782608695,1284.3420334897883
FL.20.1,23D,0.8210024365352688,0.555635761044119,-575.191074302823,-416.566216767019,1335.9189189189192,1284.3420334897883
HN.1,23D,0.8210172408259407,0.555635761044119,-572.2807404590138,-416.566216767019,1335.950937950938,1284.3420334897883
HN.7,23D,0.8211582102178988,0.555635761044119,-574.8829852600416,-416.566216767019,1336.258064516129,1284.3420334897883
HN.3.1,23D,0.823665177274935,0.555635761044119,-577.7018266045176,-416.566216767019,1340.141509433962,1284.3420334897883
HN.6,23D,0.8255102820610956,0.555635761044119,-579.5329558437045,-416.566216767019,1343.6732673267327,1284.3420334897883
HN.4.2,23D,0.8259413961257965,0.555635761044119,-584.7275336675542,-416.566216767019,1344.5,1284.3420334897883
EG.10.1.1,23D,0.826001447541503,0.555635761044119,-580.5385761178139,-416.566216767019,1344.6153846153848,1284.3420334897883
HN.4,23D,0.8264905430718467,0.555635761044119,-580.3541608964517,-416.566216767019,1345.55421686747,1284.3420334897883
EG.5,23D,0.831317901082886,0.555635761044119,-588.2228067754112,-416.566216767019,1354.8255813953485,1284.3420334897883
FL.20.2,23D,0.8320131350420652,0.555635761044119,-588.296527638404,-416.566216767019,1356.1560975609755,1284.3420334897883
FL.13.5,23D,0.8325248440447137,0.555635761044119,-591.6056960921808,-416.566216767019,1357.1333333333332,1284.3420334897883
EG.6.1.1,23D,0.8342986665083343,0.555635761044119,-592.329605197201,-416.566216767019,1360.5061728395062,1284.3420334897883
FL.24.1,23D,0.837645008194833,0.555635761044119,-597.5031094616442,-416.566216767019,1366.7727272727275,1284.3420334897883
FL.1.5.2,23D,0.8458868570194277,0.555635761044119,-608.1941269041108,-416.566216767019,1381.301204819277,1284.3420334897883
FL.13.4.1,23D,0.8512369682895077,0.555635761044119,-616.5296435793458,-416.566216767019,1389.7878787878788,1284.3420334897883
HN.5,23D,0.8513750548504776,0.555635761044119,-614.6886472775935,-416.566216767019,1389.9960317460318,1284.3420334897883
KF.1,23D,0.8536422520850444,0.555635761044119,-620.665232828902,-416.566216767019,1393.3333333333333,1284.3420334897883
FL.36,23D,0.8561732816957979,0.555635761044119,-623.3490359142411,-416.566216767019,1396.8857142857141,1284.3420334897883
KC.1,23D,0.8575670735587586,0.555635761044119,-623.1656936986504,-416.566216767019,1398.7661016949153,1284.3420334897883
FL.15.1.1,23D,0.8576759142433936,0.555635761044119,-623.6436273535966,-416.566216767019,1398.910798122066,1284.3420334897883
KC.1.1,23D,0.8595746862769866,0.555635761044119,-628.4054001309605,-416.566216767019,1401.3846153846155,1284.3420334897883
HN.8,23D,0.8649170291873313,0.555635761044119,-635.9489349795589,-416.566216767019,1407.8799999999999,1284.3420334897883
XBB.2.3.10,23E,0.7692896349283574,0.5579443823938729,-509.3186543378617,-420.2986383535877,1183.9555555555557,1299.5924584004295
XBB.2.3.9,23E,0.7701428583330742,0.5579443823938729,-510.95949458896547,-420.2986383535877,1188.8333333333333,1299.5924584004295
XBB.2.3.1,23E,0.7707730403042358,0.5579443823938729,-511.486738007951,-420.2986383535877,1192.6999999999998,1299.5924584004295
GM.1,23E,0.7772314903852626,0.5579443823938729,-521.487764844299,-420.2986383535877,1210.3333333333333,1299.5924584004295
XBB.2.3.7,23E,0.7778843308735642,0.5579443823938729,-518.7723066220173,-420.2986383535877,1213.22,1299.5924584004295
XBB.2.3.14,23E,0.7782384326847543,0.5579443823938729,-520.8629190127599,-420.2986383535877,1214.7894736842104,1299.5924584004295
XBB.2.3.4,23E,0.778680062301111,0.5579443823938729,-520.1853948054003,-420.2986383535877,1216.75,1299.5924584004295
XBB.2.3.13,23E,0.7796588238732038,0.5579443823938729,-523.2347288443559,-420.2986383535877,1221.1,1299.5924584004295
XBB.2.3.12,23E,0.780520510827307,0.5579443823938729,-522.0164592081842,-420.2986383535877,1224.9278350515463,1299.5924584004295
GJ.3,23E,0.781666176457119,0.5579443823938729,-524.0084517709765,-420.2986383535877,1230.0,1299.5924584004295
XBB.2.3.20,23E,0.7823115008736901,0.5579443823938729,-525.8476633279016,-420.2986383535877,1232.8421052631577,1299.5924584004295
XBB.2.3.6,23E,0.7831981861643399,0.5579443823938729,-526.5196721843522,-420.2986383535877,1236.7241379310344,1299.5924584004295
GM.3,23E,0.7834912125135173,0.5579443823938729,-527.1140560049787,-420.2986383535877,1238.0,1299.5924584004295
XBB.2.3,23E,0.7846188179037735,0.5579443823938729,-524.381449838523,-420.2986383535877,1242.872905027933,1299.5924584004295
XBB.2.3.5,23E,0.7863979431048183,0.5579443823938729,-528.6405040475142,-420.2986383535877,1250.430107526882,1299.5924584004295
XBB.2.3.2,23E,0.7868914463371738,0.5579443823938729,-528.0413125689845,-420.2986383535877,1252.4968152866243,1299.5924584004295
HH.2,23E,0.7872890926999907,0.5579443823938729,-530.3972663534637,-420.2986383535877,1254.1530612244896,1299.5924584004295
GM.3.1,23E,0.7874329612564205,0.5579443823938729,-533.7764085091163,-420.2986383535877,1254.75,1299.5924584004295
HH.7,23E,0.7886288136810907,0.5579443823938729,-531.7173993522063,-420.2986383535877,1259.6808510638298,1299.5924584004295
XBB.2.3.3,23E,0.7895803133166197,0.5579443823938729,-531.6620393951221,-420.2986383535877,1263.569696969697,1299.5924584004295
GJ.1,23E,0.7900129513415729,0.5579443823938729,-535.9287429394769,-420.2986383535877,1265.3333333333333,1299.5924584004295
GJ.1.1,23E,0.7914351687754055,0.5579443823938729,-535.9978456660604,-420.2986383535877,1271.1470588235295,1299.5924584004295
GS.8,23E,0.7915853230386471,0.5579443823938729,-536.5581203602238,-420.2986383535877,1271.7659574468084,1299.5924584004295
XBB.2.3.19,23E,0.7919043006162432,0.5579443823938729,-535.3210811254874,-420.2986383535877,1273.0864197530866,1299.5924584004295
XBB.2.3.11,23E,0.793178085521106,0.5579443823938729,-536.616147785664,-420.2986383535877,1278.4852071005919,1299.5924584004295
HH.1,23E,0.7952553025160076,0.5579443823938729,-538.6949491357432,-420.2986383535877,1280.0468227424751,1299.5924584004295
HH.1.1,23E,0.7953189274755498,0.5579443823938729,-540.5548684499308,-420.2986383535877,1280.2277227722773,1299.5924584004295
HH.8,23E,0.7962225919581211,0.5579443823938729,-543.1499783279629,-420.2986383535877,1282.75,1299.5924584004295
HH.4,23E,0.796681915347678,0.5579443823938729,-546.2243642998956,-420.2986383535877,1284.0,1299.5924584004295
GZ.1,23E,0.7968824914454076,0.5579443823938729,-542.0571163691299,-420.2986383535877,1284.5389221556886,1299.5924584004295
GJ.4,23E,0.7979052133233022,0.5579443823938729,-543.181952132449,-420.2986383535877,1287.227722772277,1299.5924584004295
HG.1,23E,0.7979979368801955,0.5579443823938729,-545.2083889713499,-420.2986383535877,1287.4666666666667,1299.5924584004295
GS.6,23E,0.7981442354957915,0.5579443823938729,-544.7549178221778,-420.2986383535877,1287.842105263158,1299.5924584004295
XBB.2.3.8,23E,0.8000401652954384,0.5579443823938729,-545.668180397612,-420.2986383535877,1292.541666666667,1299.5924584004295
XBB.2.3.21,23E,0.8002561468310819,0.5579443823938729,-548.6901386765519,-420.2986383535877,1293.0588235294117,1299.5924584004295
HH.2.1,23E,0.8008767930842953,0.5579443823938729,-548.2488018882938,-420.2986383535877,1294.5254237288136,1299.5924584004295
HH.5,23E,0.802220224518549,0.5579443823938729,-549.4135699343461,-420.2986383535877,1297.6095238095238,1299.5924584004295
XBB.2.3.15,23E,0.8025915067034942,0.5579443823938729,-548.8727104658606,-420.2986383535877,1298.4417808219177,1299.5924584004295
JS.2,23E,0.8026261736248175,0.5579443823938729,-549.7192812331126,-420.2986383535877,1298.5190839694658,1299.5924584004295
HG.3,23E,0.8027296900107139,0.5579443823938729,-553.3426083410286,-420.2986383535877,1298.75,1299.5924584004295
GJ.1.2,23E,0.80276027401137,0.5579443823938729,-546.7314104297815,-420.2986383535877,1298.817388493859,1299.5924584004295
GJ.1.2.5,23E,0.8031455077343823,0.5579443823938729,-550.2128970592971,-420.2986383535877,1299.6687898089172,1299.5924584004295
GJ.2,23E,0.8036127397123642,0.5579443823938729,-552.1389592159816,-420.2986383535877,1300.690476190476,1299.5924584004295
XBB.2.3.22,23E,0.8038705302524395,0.5579443823938729,-554.8257167997815,-420.2986383535877,1301.25,1299.5924584004295
JA.1,23E,0.8060037187498289,0.5579443823938729,-555.6253655598057,-420.2986383535877,1305.7586206896551,1299.5924584004295
XBB.2.3.17,23E,0.806452041067393,0.5579443823938729,-555.2088215122001,-420.2986383535877,1306.6835443037976,1299.5924584004295
HG.2,23E,0.8065848747081749,0.5579443823938729,-554.676685134278,-420.2986383535877,1306.95625,1299.5924584004295
JS.1,23E,0.8072873741219005,0.5579443823938729,-555.6335466305873,-420.2986383535877,1308.3896103896104,1299.5924584004295
GE.1.3,23E,0.8082926395165063,0.5579443823938729,-556.9695194601267,-420.2986383535877,1310.4172185430464,1299.5924584004295
GS.7,23E,0.8094211145500921,0.5579443823938729,-560.9819345954339,-420.2986383535877,1312.6666666666665,1299.5924584004295
GE.1.4,23E,0.8106454634641042,0.5579443823938729,-559.0544651655396,-420.2986383535877,1315.0849514563106,1299.5924584004295
XBB.2.3.16,23E,0.8107473884826557,0.5579443823938729,-562.1650167059669,-420.2986383535877,1315.2857142857142,1299.5924584004295
GJ.5,23E,0.8108651857660322,0.5579443823938729,-560.1940057980272,-420.2986383535877,1315.5170454545453,1299.5924584004295
GS.1,23E,0.8112138010480224,0.5579443823938729,-560.5100123420086,-420.2986383535877,1316.2019704433499,1299.5924584004295
GS.3,23E,0.8113076260109141,0.5579443823938729,-561.3315990182424,-420.2986383535877,1316.3861386138612,1299.5924584004295
GE.1,23E,0.8120154280399133,0.5579443823938729,-559.6777807253164,-420.2986383535877,1317.7740492170021,1299.5924584004295
GJ.1.2.4,23E,0.8121602608225003,0.5579443823938729,-563.1185852368997,-420.2986383535877,1318.0576923076924,1299.5924584004295
GS.2,23E,0.812584896892308,0.5579443823938729,-565.4324766790801,-420.2986383535877,1318.8888888888887,1299.5924584004295
GJ.1.2.8,23E,0.812697976880557,0.5579443823938729,-563.384404197698,-420.2986383535877,1319.1111111111113,1299.5924584004295
GJ.5.1,23E,0.8144251876605815,0.5579443823938729,-567.0644273687645,-420.2986383535877,1322.5,1299.5924584004295
GS.4,23E,0.8145254108101934,0.5579443823938729,-566.6962070755653,-420.2986383535877,1322.6969696969697,1299.5924584004295
GE.1.5,23E,0.8153622448892545,0.5579443823938729,-567.4716416611228,-420.2986383535877,1324.3478260869565,1299.5924584004295
GE.1.1,23E,0.8161770690219327,0.5579443823938729,-569.0478477647343,-420.2986383535877,1325.9642857142856,1299.5924584004295
HH.8.1,23E,0.8176888262405285,0.5579443823938729,-572.7774237275413,-420.2986383535877,1329.0000000000002,1299.5924584004295
GE.1.6,23E,0.8186230076059753,0.5579443823938729,-572.5847664766102,-420.2986383535877,1330.9047619047617,1299.5924584004295
HH.3,23E,0.8208093675849069,0.5579443823938729,-576.7523456773451,-420.2986383535877,1335.5,1299.5924584004295
HH.6,23E,0.821722550583759,0.5579443823938729,-579.0714268127568,-420.2986383535877,1337.5,1299.5924584004295
GS.5,23E,0.8218564350616145,0.5579443823938729,-578.3342305213876,-420.2986383535877,1337.8000000000002,1299.5924584004295
GE.1.2,23E,0.8227684299740466,0.5579443823938729,-577.2728518049596,-420.2986383535877,1339.8775510204082,1299.5924584004295
GJ.1.2.7,23E,0.8271175753164587,0.5579443823938729,-583.6360831880205,-420.2986383535877,1346.7586206896553,1299.5924584004295
GS.4.1.1,23E,0.8273126140653952,0.5579443823938729,-582.948597525317,-420.2986383535877,1347.1333333333332,1299.5924584004295
GJ.1.2.2,23E,0.8284071774642945,0.5579443823938729,-582.9457020299023,-420.2986383535877,1349.2370820668693,1299.5924584004295
GJ.1.2.6,23E,0.8328415986297045,0.5579443823938729,-590.6328445520097,-420.2986383535877,1357.737704918033,1299.5924584004295
JU.1,23E,0.8345598769584172,0.5579443823938729,-596.3863589009615,-420.2986383535877,1361.0,1299.5924584004295
JY.1,23E,0.8352247433947143,0.5579443823938729,-594.0529721275951,-420.2986383535877,1362.254901960784,1299.5924584004295
JY.1.1,23E,0.8365416019040656,0.5579443823938729,-595.9301762623313,-420.2986383535877,1364.723404255319,1299.5924584004295
XBB.2.3.18,23E,0.838817606710153,0.5579443823938729,-600.2521832160033,-420.2986383535877,1368.9285714285713,1299.5924584004295
GJ.6,23E,0.8391308139853304,0.5579443823938729,-601.0175037154613,-420.2986383535877,1369.5,1299.5924584004295
GS.4.1,23E,0.8392896079298269,0.5579443823938729,-597.0110855071197,-420.2986383535877,1369.789165446559,1299.5924584004295
GS.7.1,23E,0.8394058560976446,0.5579443823938729,-603.0036820213871,-420.2986383535877,1370.0,1299.5924584004295
GJ.1.2.1,23E,0.8395065487906999,0.5579443823938729,-599.7404419784549,-420.2986383535877,1370.1833333333334,1299.5924584004295
JE.1.1,23E,0.8402135793040741,0.5579443823938729,-601.545901827151,-420.2986383535877,1371.4615384615383,1299.5924584004295
JE.1,23E,0.8441366840282479,0.5579443823938729,-605.4884903699241,-420.2986383535877,1378.3513513513512,1299.5924584004295
JE.1.1.1,23E,0.8578510742926164,0.5579443823938729,-624.9061679682148,-420.2986383535877,1399.1428571428573,1299.5924584004295
KH.1,23E,0.8628609403691997,0.5579443823938729,-632.2325107719786,-420.2986383535877,1405.456140350877,1299.5924584004295
KT.1.1,23E,0.887712084245284,0.5579443823938729,-665.5489340959116,-420.2986383535877,1431.0025188916877,1299.5924584004295
GE.1.2.1,23E,0.8916333687085675,0.5579443823938729,-675.7652740120046,-420.2986383535877,1434.75,1299.5924584004295
KT.1.2,23E,0.9098647348135341,0.5579443823938729,-699.2360442777215,-420.2986383535877,1454.1714285714286,1299.5924584004295
KT.1,23E,0.9164926417874633,0.5579443823938729,-710.2057627302837,-420.2986383535877,1462.6842105263156,1299.5924584004295
GE.1.2.2,23E,0.9335979666532337,0.5579443823938729,-735.2274761768912,-420.2986383535877,1492.5833333333333,1299.5924584004295
FU.3,23B,0.7743974490074232,0.5585202534722031,-516.4657643212931,-419.987083407184,1198.0,1303.0877380399443
XBB.1.16.22,23B,0.7789357115452002,0.5585202534722031,-521.100137115263,-419.987083407184,1217.8857142857141,1303.0877380399443
XBB.1.16.4,23B,0.7792379249437501,0.5585202534722031,-520.1485513449765,-419.987083407184,1219.2290076335878,1303.0877380399443
XBB.1.16.20,23B,0.7810862534753484,0.5585202534722031,-522.9281649840126,-419.987083407184,1227.4358974358975,1303.0877380399443
FU.4,23B,0.7819609621285852,0.5585202534722031,-526.0576286892265,-419.987083407184,1231.3000000000002,1303.0877380399443
GY.3,23B,0.7819686634924877,0.5585202534722031,-527.2710864309347,-419.987083407184,1231.3333333333333,1303.0877380399443
XBB.1.16.2,23B,0.7852626722236596,0.5585202534722031,-526.0293990921464,-419.987083407184,1245.6270358306188,1303.0877380399443
XBB.1.16.3,23B,0.7857371764856996,0.5585202534722031,-528.0992856589517,-419.987083407184,1247.642857142857,1303.0877380399443
XBB.1.16.25,23B,0.7858387392481516,0.5585202534722031,-529.1603309591591,-419.987083407184,1248.0727272727272,1303.0877380399443
GY.2.1,23B,0.7874797518561136,0.5585202534722031,-532.331053058531,-419.987083407184,1254.9444444444443,1303.0877380399443
XBB.1.16.1,23B,0.7882143306703001,0.5585202534722031,-527.9747762088186,-419.987083407184,1257.978482446206,1303.0877380399443
XBB.1.16.31,23B,0.7884336623430847,0.5585202534722031,-532.50838636932,-419.987083407184,1258.88,1303.0877380399443
XBB.1.16.18,23B,0.7885687788562472,0.5585202534722031,-531.029860486704,-419.987083407184,1259.4346153846152,1303.0877380399443
XBB.1.16,23B,0.7887395693473729,0.5585202534722031,-527.7682868813013,-419.987083407184,1260.1346885401808,1303.0877380399443
GY.6,23B,0.7889650208102411,0.5585202534722031,-531.9308493391054,-419.987083407184,1261.057471264368,1303.0877380399443
XBB.1.16.13,23B,0.7893796026983243,0.5585202534722031,-532.0796780763036,-419.987083407184,1262.7509881422925,1303.0877380399443
XBB.1.16.5,23B,0.7895868844548518,0.5585202534722031,-532.4455547686184,-419.987083407184,1263.5964912280701,1303.0877380399443
GY.5,23B,0.7900339652029842,0.5585202534722031,-532.4047561459242,-419.987083407184,1265.4186602870816,1303.0877380399443
XBB.1.16.19,23B,0.7900353314259351,0.5585202534722031,-532.7482340413636,-419.987083407184,1265.4242424242425,1303.0877380399443
FU.1,23B,0.7902930323048458,0.5585202534722031,-531.6190709029645,-419.987083407184,1266.4744697564809,1303.0877380399443
XBB.1.16.21,23B,0.7903892256281148,0.5585202534722031,-533.7841020378144,-419.987083407184,1266.8666666666663,1303.0877380399443
XBB.1.16.32,23B,0.7910583461508137,0.5585202534722031,-537.0305978944659,-419.987083407184,1269.6,1303.0877380399443
XBB.1.16.10,23B,0.7917093490697297,0.5585202534722031,-535.9913206081104,-419.987083407184,1272.278350515464,1303.0877380399443
XBB.1.16.29,23B,0.7918616051286196,0.5585202534722031,-535.7228393293838,-419.987083407184,1272.909090909091,1303.0877380399443
FU.3.1,23B,0.7923621053613049,0.5585202534722031,-540.7042616942284,-419.987083407184,1275.0,1303.0877380399443
XBB.1.16.7,23B,0.7925081939176631,0.5585202534722031,-538.3256161378596,-419.987083407184,1275.6153846153845,1303.0877380399443
XBB.1.16.8,23B,0.7966566318860709,0.5585202534722031,-541.1582060191951,-419.987083407184,1283.9315960912054,1303.0877380399443
GY.1,23B,0.796859819293043,0.5585202534722031,-544.0104928271418,-419.987083407184,1284.478260869565,1303.0877380399443
FU.5,23B,0.7980595152625239,0.5585202534722031,-546.6094318523875,-419.987083407184,1287.625,1303.0877380399443
GY.7,23B,0.7989700614635303,0.5585202534722031,-545.1802358314793,-419.987083407184,1289.9259259259259,1303.0877380399443
FU.2.1,23B,0.7999555926215042,0.5585202534722031,-544.517421417127,-419.987083407184,1292.3382352941178,1303.0877380399443
XBB.1.16.16,23B,0.8002198619903451,0.5585202534722031,-545.6987814782834,-419.987083407184,1292.9721362229102,1303.0877380399443
XBB.1.16.12,23B,0.802693986272894,0.5585202534722031,-549.3993359424816,-419.987083407184,1298.6700507614212,1303.0877380399443
FU.1.1.1,23B,0.8040266654257108,0.5585202534722031,-551.02157524032,-419.987083407184,1301.5863636363636,1303.0877380399443
XBB.1.16.14,23B,0.8040888288249533,0.5585202534722031,-550.9051320888256,-419.987083407184,1301.7201492537313,1303.0877380399443
FU.2,23B,0.8045211532325351,0.5585202534722031,-549.8623982720057,-419.987083407184,1302.645692883895,1303.0877380399443
JF.2,23B,0.8046449038589121,0.5585202534722031,-552.7429674939123,-419.987083407184,1302.909090909091,1303.0877380399443
XBB.1.16.30,23B,0.80615863351946,0.5585202534722031,-555.5573815808134,-419.987083407184,1306.0789473684208,1303.0877380399443
XBB.1.16.9,23B,0.8128490422541192,0.5585202534722031,-561.3048495305119,-419.987083407184,1319.4070796460176,1303.0877380399443
GY.8,23B,0.8130124221001224,0.5585202534722031,-564.6972297673083,-419.987083407184,1319.7272727272727,1303.0877380399443
JF.4,23B,0.8136859478962122,0.5585202534722031,-562.029467228793,-419.987083407184,1321.04753673293,1303.0877380399443
HF.1.2,23B,0.8150311595964063,0.5585202534722031,-565.4023337281036,-419.987083407184,1323.6936170212766,1303.0877380399443
XBB.1.16.6,23B,0.8170991446942115,0.5585202534722031,-564.4291380990353,-419.987083407184,1327.8089561521717,1303.0877380399443
HF.1,23B,0.8187354379299124,0.5585202534722031,-568.4252137873585,-419.987083407184,1331.135723431498,1303.0877380399443
XBB.1.16.23,23B,0.819329072113171,0.5585202534722031,-570.4736836159902,-419.987083407184,1332.3648648648648,1303.0877380399443
XBB.1.16.11,23B,0.8204618416030374,0.5585202534722031,-569.790075735531,-419.987083407184,1334.7540160642573,1303.0877380399443
KJ.1,23B,0.8215604674870176,0.5585202534722031,-577.6019058684911,-419.987083407184,1337.142857142857,1303.0877380399443
GY.9,23B,0.8246369156295638,0.5585202534722031,-582.9752979054705,-419.987083407184,1342.0,1303.0877380399443
XBB.1.16.24,23B,0.8251441419485578,0.5585202534722031,-580.7940313579442,-419.987083407184,1342.9714285714285,1303.0877380399443
HF.1.1,23B,0.8252455630419862,0.5585202534722031,-577.8522761720444,-419.987083407184,1343.1657894736838,1303.0877380399443
XBB.1.16.15,23B,0.8263266911462622,0.5585202534722031,-578.6130424597984,-419.987083407184,1345.2396313364054,1303.0877380399443
GY.1.1,23B,0.82793710360152,0.5585202534722031,-585.9105084629776,-419.987083407184,1348.3333333333333,1303.0877380399443
JM.2,23B,0.8301643323838366,0.5585202534722031,-585.3134268765062,-419.987083407184,1352.6132930513597,1303.0877380399443
XBB.1.16.17,23B,0.8314554808787915,0.5585202534722031,-588.2484484898799,-419.987083407184,1355.0891089108911,1303.0877380399443
JF.3,23B,0.8363103608548809,0.5585202534722031,-596.2867381562208,-419.987083407184,1364.2916666666665,1303.0877380399443
JF.1,23B,0.8384047618872439,0.5585202534722031,-595.7469913796458,-419.987083407184,1368.1722222222222,1303.0877380399443
XBB.1.16.26,23B,0.839942697686535,0.5585202534722031,-600.8216447528752,-419.987083407184,1370.9729729729731,1303.0877380399443
JF.1.1,23B,0.8414655313133254,0.5585202534722031,-599.2696462426453,-419.987083407184,1373.6990084985837,1303.0877380399443
JM.1,23B,0.8426178332046022,0.5585202534722031,-605.0154526978757,-419.987083407184,1375.7272727272727,1303.0877380399443
XBB.1.16.28,23B,0.8461572617903766,0.5585202534722031,-610.5016279830149,-419.987083407184,1381.75,1303.0877380399443
XBB.1.16.27,23B,0.8463425378355602,0.5585202534722031,-609.6590531007404,-419.987083407184,1382.0555555555554,1303.0877380399443
JF.1.1.2,23B,0.85459718511124,0.5585202534722031,-620.6269371885536,-419.987083407184,1394.6949152542372,1303.0877380399443
GK.1.3,23G,0.7802251900416304,0.5654031080137001,-522.135272416139,-431.292590261762,1223.6166666666666,1336.8590831918505
GK.1.9,23G,0.7857096080511448,0.5654031080137001,-530.0620948035292,-431.292590261762,1247.5263157894738,1336.8590831918505
GK.2.2,23G,0.7931815374840014,0.5654031080137001,-539.6710182466892,-431.292590261762,1278.5,1336.8590831918505
GK.3,23G,0.7932679608460885,0.5654031080137001,-538.3797285921034,-431.292590261762,1278.876923076923,1336.8590831918505
XBB.1.5.70,23G,0.8005673485895055,0.5654031080137001,-546.8019037442431,-431.292590261762,1293.7976190476188,1336.8590831918505
GK.3.2,23G,0.8028057928507606,0.5654031080137001,-550.9359329646438,-431.292590261762,1298.9183673469388,1336.8590831918505
GK.6,23G,0.8036078933416843,0.5654031080137001,-551.5528373677865,-431.292590261762,1300.68,1336.8590831918505
GK.1.2,23G,0.8045373237148358,0.5654031080137001,-553.8612737928585,-431.292590261762,1302.68,1336.8590831918505
GK.1,23G,0.8057915448614792,0.5654031080137001,-553.2144015588258,-431.292590261762,1305.3183673469389,1336.8590831918505
GK.1.6,23G,0.8058733576594324,0.5654031080137001,-554.3681111231765,-431.292590261762,1305.4883720930231,1336.8590831918505
GK.2,23G,0.8116197067177076,0.5654031080137001,-559.9425368404462,-431.292590261762,1316.9983633387887,1336.8590831918505
GK.5.1,23G,0.8120642371233019,0.5654031080137001,-563.8077788519353,-431.292590261762,1317.8695652173913,1336.8590831918505
GK.2.1.1,23G,0.8125594703897904,0.5654031080137001,-564.3772907069426,-431.292590261762,1318.8400000000001,1336.8590831918505
GK.1.10,23G,0.8154062848887051,0.5654031080137001,-567.124503320167,-431.292590261762,1324.4347826086955,1336.8590831918505
GK.3.1,23G,0.8175381549750744,0.5654031080137001,-568.0467715949158,-431.292590261762,1328.6939655172416,1336.8590831918505
GK.7,23G,0.8224010219396978,0.5654031080137001,-577.1760392154116,-431.292590261762,1339.030303030303,1336.8590831918505
GK.2.1,23G,0.8225889407940533,0.5654031080137001,-575.577108513156,-431.292590261762,1339.4619047619049,1336.8590831918505
GK.1.7,23G,0.8235910385179129,0.5654031080137001,-580.3200014745273,-431.292590261762,1340.0,1336.8590831918505
GK.4,23G,0.8242723558429612,0.5654031080137001,-579.4181233787134,-431.292590261762,1341.3023255813953,1336.8590831918505
GK.2.3,23G,0.8265806755821854,0.5654031080137001,-582.7840744104907,-431.292590261762,1345.7272727272727,1336.8590831918505
GK.1.1,23G,0.8278292235939222,0.5654031080137001,-580.7860295873978,-431.292590261762,1348.1261467889906,1336.8590831918505
GK.12,23G,0.828110608716398,0.5654031080137001,-587.2430941318264,-431.292590261762,1348.6666666666665,1336.8590831918505
GK.1.5,23G,0.8284980586276316,0.5654031080137001,-586.0311747304745,-431.292590261762,1349.4117647058822,1336.8590831918505
GK.1.11.1,23G,0.8325858268323029,0.5654031080137001,-593.0102156128345,-431.292590261762,1357.25,1336.8590831918505
GK.1.1.1,23G,0.8335271361782453,0.5654031080137001,-589.4744376078629,-431.292590261762,1359.042596348884,1336.8590831918505
GK.2.4,23G,0.8394657613747003,0.5654031080137001,-599.6200192803118,-431.292590261762,1370.109375,1336.8590831918505
GK.8.1,23G,0.8402229592116872,0.5654031080137001,-601.6813720114702,-431.292590261762,1371.4782608695655,1336.8590831918505
GK.1.4,23G,0.8412312587795719,0.5654031080137001,-602.2303446769755,-431.292590261762,1373.2830188679245,1336.8590831918505
GK.1.6.1,23G,0.8451201661789588,0.5654031080137001,-606.4981810450001,-431.292590261762,1380.0191082802546,1336.8590831918505
GK.10,23G,0.8504985158710098,0.5654031080137001,-617.9016566337668,-431.292590261762,1388.6666666666665,1336.8590831918505
GK.1.8.1,23G,0.8505945457051997,0.5654031080137001,-616.3610440669632,-431.292590261762,1388.8125,1336.8590831918505
GK.1.11,23G,0.8511455488492798,0.5654031080137001,-616.9033715268633,-431.292590261762,1389.65,1336.8590831918505
GK.1.8,23G,0.85484197175876,0.5654031080137001,-620.0286403222439,-431.292590261762,1395.0397350993376,1336.8590831918505
GK.1.10.1,23G,0.8582858361024506,0.5654031080137001,-627.9124825657191,-431.292590261762,1399.7142857142858,1336.8590831918505
GK.1.2.1,23G,0.8606098995160869,0.5654031080137001,-629.037370194521,-431.292590261762,1402.6949152542375,1336.8590831918505
HK.4,23F,0.8049236741707873,0.5714781136557745,-555.2810170778208,-436.9037555038134,1303.5,1358.2470110534625
EG.5.1.10,23F,0.8060398850338875,0.5714781136557745,-557.2481343471336,-436.9037555038134,1305.8333333333333,1358.2470110534625
EG.5.1.5,23F,0.8067252729690627,0.5714781136557745,-555.1231892419551,-436.9037555038134,1307.2439024390246,1358.2470110534625
EG.5.1.2,23F,0.806847450605788,0.5714781136557745,-555.0199309524086,-436.9037555038134,1307.49375,1358.2470110534625
HK.24,23F,0.8074240264834341,0.5714781136557745,-559.7507019484001,-436.9037555038134,1308.6666666666665,1358.2470110534625
HK.29,23F,0.808317593213434,0.5714781136557745,-555.630938304703,-436.9037555038134,1310.4672268907564,1358.2470110534625
HK.7,23F,0.8090985341899061,0.5714781136557745,-557.7912331966854,-436.9037555038134,1312.0261780104713,1358.2470110534625
EG.5.1.15,23F,0.8094104910024583,0.5714781136557745,-557.6357877903099,-436.9037555038134,1312.6458333333333,1358.2470110534625
HK.15,23F,0.8094620169704828,0.5714781136557745,-558.708352663146,-436.9037555038134,1312.7479674796748,1358.2470110534625
EG.5.1.18,23F,0.810849249637884,0.5714781136557745,-561.7881776157923,-436.9037555038134,1315.4857142857145,1358.2470110534625
EG.5.1.16,23F,0.8122203241214365,0.5714781136557745,-559.6787753448644,-436.9037555038134,1318.1754985754988,1358.2470110534625
EG.5.1.14,23F,0.8125074940828522,0.5714781136557745,-560.7989920379387,-436.9037555038134,1318.7380382775123,1358.2470110534625
HK.9,23F,0.8128355206138901,0.5714781136557745,-564.9157841231639,-436.9037555038134,1319.3809523809523,1358.2470110534625
EG.5.1,23F,0.813198706514288,0.5714781136557745,-560.017833627137,-436.9037555038134,1320.0921892189217,1358.2470110534625
EG.5.1.9,23F,0.8134909394155753,0.5714781136557745,-563.4975986911907,-436.9037555038134,1320.6650485436892,1358.2470110534625
EG.5.1.3,23F,0.814808849024474,0.5714781136557745,-562.4730136157934,-436.9037555038134,1323.255111382362,1358.2470110534625
EG.5.1.4,23F,0.8160835091105346,0.5714781136557745,-564.2113770914469,-436.9037555038134,1325.7783124799487,1358.2470110534625
HK.31,23F,0.816442449484308,0.5714781136557745,-566.1823562852411,-436.9037555038134,1326.4935622317596,1358.2470110534625
EG.5.1.1,23F,0.816493282000765,0.5714781136557745,-564.0626280596996,-436.9037555038134,1326.5950545921644,1358.2470110534625
JG.4,23F,0.8167375036908592,0.5714781136557745,-569.539962466197,-436.9037555038134,1327.083333333333,1358.2470110534625
HK.11,23F,0.8189533596663899,0.5714781136557745,-571.2568841076961,-436.9037555038134,1331.5853658536585,1358.2470110534625
HK.23,23F,0.8190331405051914,0.5714781136557745,-573.6904038916211,-436.9037555038134,1331.75,1358.2470110534625
HK.27,23F,0.8205137898113734,0.5714781136557745,-573.6608220809685,-436.9037555038134,1334.8651685393256,1358.2470110534625
HK.21,23F,0.8206350189637089,0.5714781136557745,-576.2318581852181,-436.9037555038134,1335.125,1358.2470110534625
EG.5.1.19,23F,0.8208579476902355,0.5714781136557745,-573.4442038675905,-436.9037555038134,1335.6057142857142,1358.2470110534625
HK.5,23F,0.8215721099681722,0.5714781136557745,-577.771623393298,-436.9037555038134,1337.1666666666665,1358.2470110534625
HK.16,23F,0.8224135914641444,0.5714781136557745,-577.8561648894325,-436.9037555038134,1339.0588235294117,1358.2470110534625
HK.28,23F,0.8227940999515336,0.5714781136557745,-575.3411344605058,-436.9037555038134,1339.937142857143,1358.2470110534625
EG.5.1.13,23F,0.8237623648689226,0.5714781136557745,-575.4951853811856,-436.9037555038134,1340.3272561531448,1358.2470110534625
EG.5.1.7,23F,0.8245308151294652,0.5714781136557745,-579.3671761722522,-436.9037555038134,1341.796875,1358.2470110534625
HK.1,23F,0.8246052843933729,0.5714781136557745,-580.1294796479766,-436.9037555038134,1341.939393939394,1358.2470110534625
JG.2,23F,0.825539949967289,0.5714781136557745,-580.7379536979922,-436.9037555038134,1343.7301587301583,1358.2470110534625
EG.5.1.12,23F,0.8262161510289034,0.5714781136557745,-581.4996990767473,-436.9037555038134,1345.0273972602738,1358.2470110534625
HK.30,23F,0.8264584646703165,0.5714781136557745,-581.2182916303353,-436.9037555038134,1345.4925373134326,1358.2470110534625
HK.19,23F,0.8265246540238522,0.5714781136557745,-581.942515027954,-436.9037555038134,1345.619718309859,1358.2470110534625
EG.5.1.6,23F,0.8268046124037578,0.5714781136557745,-578.6367864598968,-436.9037555038134,1346.157335223246,1358.2470110534625
HK.2,23F,0.8268146327179112,0.5714781136557745,-583.762263099656,-436.9037555038134,1346.1764705882354,1358.2470110534625
HK.32,23F,0.8268622949386594,0.5714781136557745,-581.472254955928,-436.9037555038134,1346.2681564245809,1358.2470110534625
JG.3.3,23F,0.8282838665954114,0.5714781136557745,-588.5754202853766,-436.9037555038134,1349.0,1358.2470110534625
EG.5.1.17,23F,0.8292499926934288,0.5714781136557745,-587.9336884617259,-436.9037555038134,1350.8571428571427,1358.2470110534625
EG.5.1.11,23F,0.8294544992793274,0.5714781136557745,-588.7696044652447,-436.9037555038134,1351.25,1358.2470110534625
HK.6,23F,0.8297579832935823,0.5714781136557745,-584.3574808074283,-436.9037555038134,1351.8329979879275,1358.2470110534625
HK.17,23F,0.8298710066106266,0.5714781136557745,-586.336844900319,-436.9037555038134,1352.05,1358.2470110534625
KB.4,23F,0.8310569277266042,0.5714781136557745,-587.4638335540301,-436.9037555038134,1354.3255813953488,1358.2470110534625
JG.1,23F,0.8327976512156214,0.5714781136557745,-590.732808357564,-436.9037555038134,1357.6538461538464,1358.2470110534625
HK.34.1,23F,0.8331545889721581,0.5714781136557745,-594.07015686455,-436.9037555038134,1358.3333333333333,1358.2470110534625
HK.18,23F,0.835619077435168,0.5714781136557745,-598.5221375415102,-436.9037555038134,1363.0,1358.2470110534625
HK.25,23F,0.8369201187820978,0.5714781136557745,-597.6579715437754,-436.9037555038134,1365.4285714285713,1358.2470110534625
HK.12,23F,0.8377187286847467,0.5714781136557745,-598.9901672626288,-436.9037555038134,1366.909090909091,1358.2470110534625
HV.1.3,23F,0.8388460412019981,0.5714781136557745,-598.3051941544301,-436.9037555038134,1368.9803921568628,1358.2470110534625
HV.1.4,23F,0.8389928800150883,0.5714781136557745,-597.2732729916145,-436.9037555038134,1369.2485714285713,1358.2470110534625
HK.27.1,23F,0.8391503687210146,0.5714781136557745,-598.0687552213418,-436.9037555038134,1369.535714285714,1358.2470110534625
HK.8,23F,0.8411659104269245,0.5714781136557745,-602.5273791216488,-436.9037555038134,1373.1666666666665,1358.2470110534625
HV.1.6,23F,0.8415037477593609,0.5714781136557745,-600.7371774225643,-436.9037555038134,1373.7667638483963,1358.2470110534625
JJ.1,23F,0.8418593238610221,0.5714781136557745,-601.8594917679163,-436.9037555038134,1374.3956043956046,1358.2470110534625
HK.33,23F,0.8427118506076465,0.5714781136557745,-604.4072049308353,-436.9037555038134,1375.891304347826,1358.2470110534625
HK.13,23F,0.8435098924211404,0.5714781136557745,-603.8705864761771,-436.9037555038134,1377.2754237288136,1358.2470110534625
HK.34,23F,0.8443036473746941,0.5714781136557745,-608.0302832037812,-436.9037555038134,1378.6363636363637,1358.2470110534625
HV.1,23F,0.8449413729144116,0.5714781136557745,-601.2229904554812,-436.9037555038134,1379.7177775923917,1358.2470110534625
EG.5.1.8,23F,0.8466595748292972,0.5714781136557745,-607.3475378794635,-436.9037555038134,1382.5772646536411,1358.2470110534625
HK.27.1.1,23F,0.8468566332117236,0.5714781136557745,-609.8589530173452,-436.9037555038134,1382.9,1358.2470110534625
HK.14,23F,0.846917196199961,0.5714781136557745,-612.9384416368729,-436.9037555038134,1383.0,1358.2470110534625
HV.1.7,23F,0.8473988969643607,0.5714781136557745,-611.5679392037894,-436.9037555038134,1383.782608695652,1358.2470110534625
HV.1.5,23F,0.8479981404912956,0.5714781136557745,-609.9345245483556,-436.9037555038134,1384.7481481481484,1358.2470110534625
HK.26,23F,0.8481173797578502,0.5714781136557745,-609.7217234085938,-436.9037555038134,1384.9390862944165,1358.2470110534625
HK.24.1,23F,0.8492383324708984,0.5714781136557745,-615.3056114618379,-436.9037555038134,1386.7142857142856,1358.2470110534625
HV.1.2,23F,0.8492897434395784,0.5714781136557745,-611.3464670737475,-436.9037555038134,1386.7944162436547,1358.2470110534625
HK.20,23F,0.8503089739195779,0.5714781136557745,-615.9645030810688,-436.9037555038134,1388.375,1358.2470110534625
HK.11.1,23F,0.850840003423404,0.5714781136557745,-615.1570853377268,-436.9037555038134,1389.1866666666667,1358.2470110534625
HV.1.8,23F,0.8511390222714366,0.5714781136557745,-614.368573084641,-436.9037555038134,1389.6400000000003,1358.2470110534625
HV.2,23F,0.8525036759173922,0.5714781136557745,-617.5251267480883,-436.9037555038134,1391.676056338028,1358.2470110534625
HK.13.2.1,23F,0.8531496406654264,0.5714781136557745,-619.3197908445441,-436.9037555038134,1392.6206896551726,1358.2470110534625
HK.26.1,23F,0.8532390536744833,0.5714781136557745,-621.42531746286,-436.9037555038134,1392.75,1358.2470110534625
JG.3.1,23F,0.8533323474065098,0.5714781136557745,-616.6426024540019,-436.9037555038134,1392.8860294117649,1358.2470110534625
HK.23.1,23F,0.8535496635177817,0.5714781136557745,-620.5362307586826,-436.9037555038134,1393.2,1358.2470110534625
HK.8.1,23F,0.8540459804105759,0.5714781136557745,-619.1997297217198,-436.9037555038134,1393.9122807017543,1358.2470110534625
HK.2.1,23F,0.8547471762805497,0.5714781136557745,-621.4479474061832,-436.9037555038134,1394.90625,1358.2470110534625
HV.1.9,23F,0.855107708396686,0.5714781136557745,-622.5834728705757,-436.9037555038134,1395.4117647058824,1358.2470110534625
JR.1.1.1,23F,0.8580018767560486,0.5714781136557745,-625.8233951039609,-436.9037555038134,1399.342105263158,1358.2470110534625
HK.20.1,23F,0.8582997830881873,0.5714781136557745,-623.9194890022754,-436.9037555038134,1399.733850129199,1358.2470110534625
KB.1,23F,0.8583528276063415,0.5714781136557745,-624.7703801345882,-436.9037555038134,1399.8033707865168,1358.2470110534625
HK.13.2,23F,0.8597006327921418,0.5714781136557745,-629.4421073584481,-436.9037555038134,1401.5454545454545,1358.2470110534625
HK.1.2,23F,0.8597696915166189,0.5714781136557745,-627.8424523143365,-436.9037555038134,1401.6333333333332,1358.2470110534625
HK.13.1,23F,0.8603965691222096,0.5714781136557745,-628.3270625551727,-436.9037555038134,1402.4269662921347,1358.2470110534625
JG.3,23F,0.8610247221492383,0.5714781136557745,-626.0870226996117,-436.9037555038134,1403.2125867195243,1358.2470110534625
HV.1.1,23F,0.8619899654040768,0.5714781136557745,-628.0061253047024,-436.9037555038134,1404.401567944251,1358.2470110534625
HV.1.6.1,23F,0.8628561190632165,0.5714781136557745,-633.2730528373252,-436.9037555038134,1405.45,1358.2470110534625
HK.22,23F,0.8638432729795398,0.5714781136557745,-634.8841749669377,-436.9037555038134,1406.625,1358.2470110534625
KB.2,23F,0.8643415793484094,0.5714781136557745,-635.4134000665714,-436.9037555038134,1407.2105263157894,1358.2470110534625
HV.1.10,23F,0.8645895847444828,0.5714781136557745,-633.7096581787574,-436.9037555038134,1407.5,1358.2470110534625
JR.1.1,23F,0.8684049144364544,0.5714781136557745,-639.1294136633213,-436.9037555038134,1411.8028169014083,1358.2470110534625
JG.3.4,23F,0.8725757781323369,0.5714781136557745,-645.3482755873019,-436.9037555038134,1416.2330097087379,1358.2470110534625
KL.1.1,23F,0.8796381649733478,0.5714781136557745,-656.544405548084,-436.9037555038134,1423.28125,1358.2470110534625
HV.1.11,23F,0.8798078335606929,0.5714781136557745,-655.8328009566904,-436.9037555038134,1423.4457831325303,1358.2470110534625
JG.3.2,23F,0.8816572203290953,0.5714781136557745,-656.3205304078798,-436.9037555038134,1425.2295774647887,1358.2470110534625
KL.1,23F,0.8861323266693217,0.5714781136557745,-665.0539122462392,-436.9037555038134,1429.5,1358.2470110534625
HK.3.7,23H,0.8294632138043582,0.5804299129924134,-587.4596259062644,-451.60950190253936,1351.2666666666667,1382.3610804851155
HK.3.12,23H,0.834035124098517,0.5804299129924134,-591.3957557564629,-451.60950190253936,1360.0069444444443,1382.3610804851155
HK.3.6,23H,0.8391309425620894,0.5804299129924134,-600.8353557273457,-451.60950190253936,1369.5,1382.3610804851155
HK.3.4,23H,0.8422965129317088,0.5804299129924134,-603.1536779091456,-451.60950190253936,1375.1648351648353,1382.3610804851155
HK.3,23H,0.8436974102981905,0.5804299129924134,-601.3806865476192,-451.60950190253936,1377.5983717774764,1382.3610804851155
HK.3.9,23H,0.8482678320949938,0.5804299129924134,-610.6915239990137,-451.60950190253936,1385.1793478260868,1382.3610804851155
HK.3.3,23H,0.8483544845447873,0.5804299129924134,-611.8833592140488,-451.60950190253936,1385.3174603174605,1382.3610804851155
HK.3.1,23H,0.8506849540757233,0.5804299129924134,-613.6137520819667,-451.60950190253936,1388.9505300353358,1382.3610804851155
HK.3.5,23H,0.8516595181292312,0.5804299129924134,-617.3554444301628,-451.60950190253936,1390.4230769230771,1382.3610804851155
HK.3.11,23H,0.8517480990761392,0.5804299129924134,-616.5935762772044,-451.60950190253936,1390.5555555555554,1382.3610804851155
HK.3.8,23H,0.8523834713623505,0.5804299129924134,-620.9273808816374,-451.60950190253936,1391.5,1382.3610804851155
HK.3.13,23H,0.8557790715563898,0.5804299129924134,-622.2429512940993,-451.60950190253936,1396.344262295082,1382.3610804851155
HK.3.2,23H,0.861307891295108,0.5804299129924134,-627.8138852455103,-451.60950190253936,1403.563670411985,1382.3610804851155
HK.3.2.1,23H,0.8616174021330759,0.5804299129924134,-630.2382989969506,-451.60950190253936,1403.945205479452,1382.3610804851155
HK.3.2.2,23H,0.8619929201385946,0.5804299129924134,-630.3024612902277,-451.60950190253936,1404.405172413793,1382.3610804851155
HK.3.10,23H,0.8628119546615904,0.5804299129924134,-631.9162557733509,-451.60950190253936,1405.3972602739725,1382.3610804851155
HK.3.14,23H,0.8824603041384095,0.5804299129924134,-661.1974700051172,-451.60950190253936,1426.0,1382.3610804851155
BA.2.86.4,23I,0.8221680119892744,0.5969106243037859,-579.6674593554981,-475.4666518386295,1338.5,1413.155737704918
BA.2.86.5,23I,0.8267228194667057,0.5969106243037859,-585.7787435518532,-475.4666518386295,1346.0,1413.155737704918
BA.2.86.7,23I,0.8466737360953088,0.5969106243037859,-612.0909552847621,-475.4666518386295,1382.6,1413.155737704918
BA.2.86.2,23I,0.8526697891558589,0.5969106243037859,-618.8001256371512,-475.4666518386295,1391.92,1413.155737704918
BA.2.86.6,23I,0.8527241724775045,0.5969106243037859,-620.0152589611301,-475.4666518386295,1392.0,1413.155737704918
JN.5,23I,0.853910705444469,0.5969106243037859,-620.2816418715145,-475.4666518386295,1393.71875,1413.155737704918
JQ.1,23I,0.8634503056953645,0.5969106243037859,-633.1920729190812,-475.4666518386295,1406.16,1413.155737704918
JN.3.3,23I,0.8643856488924062,0.5969106243037859,-632.5590689090691,-475.4666518386295,1407.2621082621085,1413.155737704918
JN.2,23I,0.8646503394203536,0.5969106243037859,-632.8469642776432,-475.4666518386295,1407.5706806282722,1413.155737704918
JN.3,23I,0.8653538552298646,0.5969106243037859,-634.3712736101221,-475.4666518386295,1408.3839285714287,1413.155737704918
BA.2.86.1,23I,0.8659075145301531,0.5969106243037859,-634.0060817727662,-475.4666518386295,1409.0170454545455,1413.155737704918
BA.2.86.3,23I,0.8682484984953204,0.5969106243037859,-640.2268392720457,-475.4666518386295,1411.6315789473683,1413.155737704918
JN.18,23I,0.8699816971800982,0.5969106243037859,-641.4298941000807,-475.4666518386295,1413.507575757576,1413.155737704918
JN.11,23I,0.870028594941793,0.5969106243037859,-642.4277442526967,-475.4666518386295,1413.5576923076924,1413.155737704918
JN.7,23I,0.8717086470895888,0.5969106243037859,-647.6567261203759,-475.4666518386295,1415.3333333333333,1413.155737704918
BA.2.86,23I,0.8722853642437157,0.5969106243037859,-645.2676887817414,-475.4666518386295,1415.9324324324325,1413.155737704918
JN.17,23I,0.8750444940252786,0.5969106243037859,-651.4029603616179,-475.4666518386295,1418.75,1413.155737704918
LV.1,23I,0.8762942967624254,0.5969106243037859,-653.1769018458333,-475.4666518386295,1420.0,1413.155737704918
JN.2.3,23I,0.8779816585395825,0.5969106243037859,-656.5551935959113,-475.4666518386295,1421.6666666666665,1413.155737704918
JN.13,23I,0.8789489387320734,0.5969106243037859,-655.4458909763529,-475.4666518386295,1422.611111111111,1413.155737704918
JN.9,23I,0.8831845635018447,0.5969106243037859,-662.4987785864629,-475.4666518386295,1426.6923076923078,1413.155737704918
JN.6,23I,0.8858946401823584,0.5969106243037859,-664.6432146615797,-475.4666518386295,1429.2739726027396,1413.155737704918
JN.4,23I,0.8860986628485491,0.5969106243037859,-665.3751507015935,-475.4666518386295,1429.4680851063831,1413.155737704918
JN.2.1,23I,0.8896909436557039,0.5969106243037859,-672.1692616658036,-475.4666518386295,1432.8888888888887,1413.155737704918
JN.3.2.1,23I,0.8904348850382044,0.5969106243037859,-673.823302804133,-475.4666518386295,1433.6000000000001,1413.155737704918
JN.10,23I,0.8960912135415235,0.5969106243037859,-680.095479338653,-475.4666518386295,1439.28125,1413.155737704918
JN.13.1,23I,0.9001576114791306,0.5969106243037859,-686.1264024725904,-475.4666518386295,1443.4074074074074,1413.155737704918
JN.14,23I,0.900178094181039,0.5969106243037859,-687.5058902372579,-475.4666518386295,1443.4285714285716,1413.155737704918
JN.2.4,23I,0.9026161786710939,0.5969106243037859,-692.9741314546569,-475.4666518386295,1446.0,1413.155737704918
JN.11.1,23I,0.9073005702265879,0.5969106243037859,-697.9679274227719,-475.4666518386295,1451.1666666666665,1413.155737704918
JN.2.5,23I,0.9078572417105667,0.5969106243037859,-696.6164449289167,-475.4666518386295,1451.8076923076924,1413.155737704918
JN.15,23I,0.9159941042524637,0.5969106243037859,-711.7280182611809,-475.4666518386295,1462.0,1413.155737704918
JN.3.1,23I,0.9201718733139291,0.5969106243037859,-717.8482230852436,-475.4666518386295,1468.0,1413.155737704918
JN.16,23I,0.9299732800213962,0.5969106243037859,-731.3999215803424,-475.4666518386295,1485.0,1413.155737704918
JN.19,23I,0.9308027396628863,0.5969106243037859,-733.1431854950173,-475.4666518386295,1486.6666666666665,1413.155737704918
JN.2.2,23I,0.9367534780902103,0.5969106243037859,-741.3349186446811,-475.4666518386295,1499.8333333333333,1413.155737704918
JQ.2.1,23I,0.943005413534919,0.5969106243037859,-751.8597087845275,-475.4666518386295,1516.0,1413.155737704918
JN.3.2,23I,0.9451325739445008,0.5969106243037859,-755.783985091824,-475.4666518386295,1522.0,1413.155737704918
JQ.2.1.1,23I,0.9699959494431641,0.5969106243037859,-792.49209188109,-475.4666518386295,1594.375,1413.155737704918
JN.1.1.10,24A,0.8788170961749698,0.6328056026334313,-655.4745610873515,-523.5413950795582,1422.4827586206895,1502.327840037201
JN.1.58.1,24A,0.8796916780025901,0.6328056026334313,-658.987691362935,-523.5413950795582,1423.3333333333333,1502.327840037201
JN.1.2.1,24A,0.8840321493381534,0.6328056026334313,-664.8870201314146,-523.5413950795582,1427.5,1502.327840037201
JN.1.1.7,24A,0.8901342423671262,0.6328056026334313,-671.536044305113,-523.5413950795582,1433.3125,1502.327840037201
JN.1.24,24A,0.8924693929007123,0.6328056026334313,-673.9005225982384,-523.5413950795582,1435.7209302325582,1502.327840037201
JN.1.1,24A,0.8926860904826821,0.6328056026334313,-670.2646767250557,-523.5413950795582,1435.931731417022,1502.327840037201
JN.1.44,24A,0.8962650566839262,0.6328056026334313,-680.3149306319445,-523.5413950795582,1439.4545454545455,1502.327840037201
JN.1.2,24A,0.8973798625788024,0.6328056026334313,-678.290685972643,-523.5413950795582,1440.5715434083602,1502.327840037201
JN.1.41,24A,0.8989892955865308,0.6328056026334313,-682.1992532506872,-523.5413950795582,1442.2047244094488,1502.327840037201
JN.1.13,24A,0.9005609328687592,0.6328056026334313,-686.8689865240159,-523.5413950795582,1443.8260869565217,1502.327840037201
JN.1.1.2,24A,0.9023379869672509,0.6328056026334313,-689.4363981778057,-523.5413950795582,1445.695652173913,1502.327840037201
JN.1.65,24A,0.9029350167523329,0.6328056026334313,-690.950300508041,-523.5413950795582,1446.3333333333333,1502.327840037201
JN.1.17,24A,0.9036671075707209,0.6328056026334313,-689.5598684753645,-523.5413950795582,1447.1223021582737,1502.327840037201
JN.1.63.1,24A,0.9040804359602724,0.6328056026334313,-693.1466611755952,-523.5413950795582,1447.5714285714284,1502.327840037201
JN.1.3,24A,0.9048351981364827,0.6328056026334313,-691.4580676625797,-523.5413950795582,1448.3982300884954,1502.327840037201
JN.1.9,24A,0.9053695516154644,0.6328056026334313,-689.8645051845533,-523.5413950795582,1448.9892205638475,1502.327840037201
JN.1.43,24A,0.9055764213945571,0.6328056026334313,-690.6064828681067,-523.5413950795582,1449.21935483871,1502.327840037201
JN.1.38.1,24A,0.9066430685428243,0.6328056026334313,-692.6965410753578,-523.5413950795582,1450.4177777777777,1502.327840037201
JN.1.31,24A,0.9068049220319798,0.6328056026334313,-693.0146928632715,-523.5413950795582,1450.601449275362,1502.327840037201
JN.1.21,24A,0.9071822006817672,0.6328056026334313,-694.7437336948116,-523.5413950795582,1451.0314960629923,1502.327840037201
JN.1.1.4,24A,0.9076449391374439,0.6328056026334313,-696.7937558678641,-523.5413950795582,1451.5625,1502.327840037201
JN.1.38,24A,0.9080857212029462,0.6328056026334313,-695.2790255830597,-523.5413950795582,1452.0724637681158,1502.327840037201
JN.1.47,24A,0.9081984217625058,0.6328056026334313,-695.0518158242196,-523.5413950795582,1452.203431372549,1502.327840037201
JN.1.6,24A,0.9083829967547126,0.6328056026334313,-694.7630655718791,-523.5413950795582,1452.4185393258426,1502.327840037201
JN.1.4.5,24A,0.9092311229443362,0.6328056026334313,-694.2380934610901,-523.5413950795582,1453.4160407075358,1502.327840037201
JN.1.47.2,24A,0.9099669315094415,0.6328056026334313,-699.7013321776617,-523.5413950795582,1454.2941176470588,1502.327840037201
JN.1.19,24A,0.9103427478721948,0.6328056026334313,-697.8845242549727,-523.5413950795582,1454.7472324723246,1502.327840037201
JN.1.45,24A,0.910454138403282,0.6328056026334313,-698.3528817736304,-523.5413950795582,1454.8822055137844,1502.327840037201
JN.1,24A,0.9105319411477977,0.6328056026334313,-694.2166533068514,-523.5413950795582,1454.9766060952925,1502.327840037201
JN.1.54,24A,0.9105513489381849,0.6328056026334313,-701.1159843780405,-523.5413950795582,1455.0,1502.327840037201
JN.1.4.1,24A,0.9106940698433423,0.6328056026334313,-700.456843342849,-523.5413950795582,1455.1739130434783,1502.327840037201
JN.1.46,24A,0.911203211689215,0.6328056026334313,-698.8458263830237,-523.5413950795582,1455.7972413793104,1502.327840037201
JN.1.10,24A,0.9113914748699579,0.6328056026334313,-702.179731283214,-523.5413950795582,1456.029411764706,1502.327840037201
JN.1.14,24A,0.9118062958999307,0.6328056026334313,-702.2671406652879,-523.5413950795582,1456.5438596491226,1502.327840037201
JN.1.12,24A,0.9121710544587952,0.6328056026334313,-704.5389759966305,-523.5413950795582,1457.0,1502.327840037201
JN.1.22,24A,0.9129466145518168,0.6328056026334313,-701.3011649172494,-523.5413950795582,1457.9809885931559,1502.327840037201
JN.1.4,24A,0.9129551812875438,0.6328056026334313,-698.3121099135052,-523.5413950795582,1457.9919354838707,1502.327840037201
JN.1.8,24A,0.9133227354072054,0.6328056026334313,-702.2646487377714,-523.5413950795582,1458.4625719769676,1502.327840037201
JN.1.51,24A,0.9135651436336591,0.6328056026334313,-705.1851001492106,-523.5413950795582,1458.775,1502.327840037201
JN.1.29,24A,0.9136145349349962,0.6328056026334313,-704.1753483117114,-523.5413950795582,1458.8389830508472,1502.327840037201
JN.1.53,24A,0.9138362629422231,0.6328056026334313,-704.8036217662691,-523.5413950795582,1459.126436781609,1502.327840037201
JN.1.59,24A,0.9139515780175446,0.6328056026334313,-705.587650554507,-523.5413950795582,1459.276595744681,1502.327840037201
JN.1.69,24A,0.9145034697470401,0.6328056026334313,-705.8739115646167,-523.5413950795582,1460.0,1502.327840037201
JN.1.25,24A,0.914736035085457,0.6328056026334313,-708.0179918548084,-523.5413950795582,1460.3076923076924,1502.327840037201
JN.1.42,24A,0.9150707256061918,0.6328056026334313,-703.9659802895527,-523.5413950795582,1460.7530762920428,1502.327840037201
JN.1.63,24A,0.9151123999005104,0.6328056026334313,-706.9131347325568,-523.5413950795582,1460.8088235294117,1502.327840037201
JN.1.60,24A,0.9157046100841548,0.6328056026334313,-708.5014761105534,-523.5413950795582,1461.6060606060605,1502.327840037201
JN.1.27,24A,0.9158560437269987,0.6328056026334313,-707.7766856512523,-523.5413950795582,1461.8117647058823,1502.327840037201
JN.1.42.1,24A,0.91586850826077,0.6328056026334313,-708.682207507525,-523.5413950795582,1461.8285714285714,1502.327840037201
JN.1.15,24A,0.9159178967668824,0.6328056026334313,-708.4385567547777,-523.5413950795582,1461.8958333333333,1502.327840037201
JN.1.30,24A,0.9162171878651152,0.6328056026334313,-708.6698131421667,-523.5413950795582,1462.3050847457628,1502.327840037201
JN.1.55,24A,0.9164413498024568,0.6328056026334313,-708.7576901073912,-523.5413950795582,1462.6133333333332,1502.327840037201
KV.1,24A,0.9165662883303717,0.6328056026334313,-709.925721446721,-523.5413950795582,1462.7857142857144,1502.327840037201
JN.1.4.2,24A,0.9166463088585654,0.6328056026334313,-706.4612455382515,-523.5413950795582,1462.8966202783304,1502.327840037201
JN.1.39,24A,0.9166748172891815,0.6328056026334313,-705.9035247694021,-523.5413950795582,1462.936135371179,1502.327840037201
JN.1.49,24A,0.9167587408056479,0.6328056026334313,-709.4964179428488,-523.5413950795582,1463.0526315789473,1502.327840037201
JN.1.1.9,24A,0.9169599939504094,0.6328056026334313,-712.042185417693,-523.5413950795582,1463.333333333333,1502.327840037201
JN.1.4.7,24A,0.9176796481527932,0.6328056026334313,-709.4449795779556,-523.5413950795582,1464.3463203463205,1502.327840037201
JN.1.47.1,24A,0.9190860055402819,0.6328056026334313,-713.5809170221462,-523.5413950795582,1466.379310344828,1502.327840037201
JN.1.64,24A,0.9195093665706373,0.6328056026334313,-712.3542172383474,-523.5413950795582,1467.0054347826087,1502.327840037201
JN.1.6.1,24A,0.9195741387248922,0.6328056026334313,-713.5866397060406,-523.5413950795582,1467.1016949152545,1502.327840037201
JN.1.5,24A,0.919706591185156,0.6328056026334313,-712.0777679699156,-523.5413950795582,1467.2993827160494,1502.327840037201
KZ.1,24A,0.9197404963046723,0.6328056026334313,-714.9125271585981,-523.5413950795582,1467.3500000000001,1502.327840037201
JN.1.56,24A,0.9198484106023792,0.6328056026334313,-714.3054197258546,-523.5413950795582,1467.5116279069769,1502.327840037201
JN.1.58.3,24A,0.9199521236268119,0.6328056026334313,-717.1202193961765,-523.5413950795582,1467.6666666666665,1502.327840037201
JN.1.26,24A,0.9203406939487426,0.6328056026334313,-714.8574072963772,-523.5413950795582,1468.2549019607845,1502.327840037201
JN.1.43.1,24A,0.9204011033594156,0.6328056026334313,-712.9510053606735,-523.5413950795582,1468.3466666666668,1502.327840037201
JN.1.49.1,24A,0.9207689673749659,0.6328056026334313,-716.3271403597487,-523.5413950795582,1468.909090909091,1502.327840037201
JN.1.34,24A,0.9211381282766155,0.6328056026334313,-715.181432171175,-523.5413950795582,1469.4789915966387,1502.327840037201
JN.1.68,24A,0.9212344667521731,0.6328056026334313,-715.8536341480569,-523.5413950795582,1469.6285714285714,1502.327840037201
JN.1.53.1,24A,0.9214497221906778,0.6328056026334313,-717.0863073803253,-523.5413950795582,1469.9642857142856,1502.327840037201
LM.1,24A,0.9214717227151472,0.6328056026334313,-719.7577048123328,-523.5413950795582,1470.0,1502.327840037201
JN.1.57,24A,0.921501087351275,0.6328056026334313,-716.2893258162043,-523.5413950795582,1470.044776119403,1502.327840037201
JN.1.18.1,24A,0.9218697240672403,0.6328056026334313,-718.9565946629983,-523.5413950795582,1470.625,1502.327840037201
JN.1.35,24A,0.9222507463729618,0.6328056026334313,-719.0315501102556,-523.5413950795582,1471.2307692307693,1502.327840037201
JN.1.1.1,24A,0.9244462197418439,0.6328056026334313,-720.6560835715484,-523.5413950795582,1474.846153846154,1502.327840037201
JN.1.52,24A,0.924672106427372,0.6328056026334313,-719.5076704422975,-523.5413950795582,1475.2307692307693,1502.327840037201
JN.1.58,24A,0.9248328384299399,0.6328056026334313,-720.9581496578477,-523.5413950795582,1475.5058823529412,1502.327840037201
JN.1.8.3,24A,0.9250506604154205,0.6328056026334313,-721.0308919162948,-523.5413950795582,1475.8807339449543,1502.327840037201
JN.1.8.2,24A,0.925420125139221,0.6328056026334313,-723.1321488979753,-523.5413950795582,1476.5217391304348,1502.327840037201
JN.1.37,24A,0.9261994169899078,0.6328056026334313,-723.5476182141786,-523.5413950795582,1477.8958333333333,1502.327840037201
JN.1.55.1,24A,0.9263086180312878,0.6328056026334313,-723.5728860960595,-523.5413950795582,1478.090909090909,1502.327840037201
JN.1.67,24A,0.9273598769432142,0.6328056026334313,-727.5256210243949,-523.5413950795582,1480.0,1502.327840037201
JN.1.28,24A,0.9287597834643044,0.6328056026334313,-727.1657130490074,-523.5413950795582,1482.631578947368,1502.327840037201
KU.1,24A,0.9297838865938501,0.6328056026334313,-730.6487070322718,-523.5413950795582,1484.625,1502.327840037201
JN.1.8.1,24A,0.9298619613033305,0.6328056026334313,-724.8026507470316,-523.5413950795582,1484.7795300933378,1502.327840037201
JN.1.11,24A,0.9301167168492913,0.6328056026334313,-728.7115242772011,-523.5413950795582,1485.2857142857142,1502.327840037201
LC.1,24A,0.930196212762993,0.6328056026334313,-731.1432330481143,-523.5413950795582,1485.4444444444443,1502.327840037201
JN.1.61,24A,0.93063813302293,0.6328056026334313,-730.500601890478,-523.5413950795582,1486.3333333333333,1502.327840037201
KV.2,24A,0.9308497559279758,0.6328056026334313,-727.3306901706152,-523.5413950795582,1486.7630111524165,1502.327840037201
JN.1.28.1,24A,0.9314369046199644,0.6328056026334313,-731.7192652243831,-523.5413950795582,1487.96875,1502.327840037201
JN.1.42.2,24A,0.931472108012455,0.6328056026334313,-731.366182461954,-523.5413950795582,1488.0416666666667,1502.327840037201
JN.1.9.1,24A,0.9316126812609213,0.6328056026334313,-732.9616749546442,-523.5413950795582,1488.3333333333333,1502.327840037201
JN.1.55.2,24A,0.9320904833823853,0.6328056026334313,-735.0593340112908,-523.5413950795582,1489.3333333333333,1502.327840037201
JN.1.20,24A,0.9326748246932398,0.6328056026334313,-732.1233169711583,-523.5413950795582,1490.577777777778,1502.327840037201
JN.1.64.1,24A,0.9327296470749692,0.6328056026334313,-733.9748180705261,-523.5413950795582,1490.695652173913,1502.327840037201
JN.1.1.5,24A,0.9338957454729174,0.6328056026334313,-734.3841774668624,-523.5413950795582,1493.2413793103449,1502.327840037201
KY.1,24A,0.9349143103731795,0.6328056026334313,-737.664155958951,-523.5413950795582,1495.5333333333333,1502.327840037201
JN.1.25.1,24A,0.935469486706758,0.6328056026334313,-738.1583268741643,-523.5413950795582,1496.8095238095236,1502.327840037201
JN.1.7.5,24A,0.9358110850808256,0.6328056026334313,-734.5746319322269,-523.5413950795582,1497.6042823156226,1502.327840037201
JN.1.39.3,24A,0.9360119014714285,0.6328056026334313,-738.3262037356392,-523.5413950795582,1498.075,1502.327840037201
JN.1.32.1,24A,0.9362692889937053,0.6328056026334313,-738.6165569844544,-523.5413950795582,1498.6818181818182,1502.327840037201
JN.1.4.3,24A,0.9364684898813176,0.6328056026334313,-737.2743825261574,-523.5413950795582,1499.154185022027,1502.327840037201
JN.1.4.4,24A,0.936724328459066,0.6328056026334313,-738.8634442260412,-523.5413950795582,1499.7647058823527,1502.327840037201
JN.1.4.6,24A,0.93700283478018,0.6328056026334313,-737.8949367831392,-523.5413950795582,1500.4338235294117,1502.327840037201
JN.1.1.3,24A,0.9378412928475978,0.6328056026334313,-740.282306928742,-523.5413950795582,1502.4772727272727,1502.327840037201
JN.1.32,24A,0.9382437907616,0.6328056026334313,-739.0841919367647,-523.5413950795582,1503.4737827715355,1502.327840037201
LE.1,24A,0.9386226798534142,0.6328056026334313,-742.2968307917848,-523.5413950795582,1504.421052631579,1502.327840037201
JN.1.30.1,24A,0.9387359698411665,0.6328056026334313,-742.5785079385302,-523.5413950795582,1504.705882352941,1502.327840037201
JN.1.1.6,24A,0.9390172897247495,0.6328056026334313,-744.0433650980438,-523.5413950795582,1505.4166666666665,1502.327840037201
JN.1.68.1,24A,0.9395723314293339,0.6328056026334313,-744.473858288312,-523.5413950795582,1506.8333333333333,1502.327840037201
JN.1.7.2,24A,0.9398811414240393,0.6328056026334313,-741.894786989299,-523.5413950795582,1507.6296296296298,1502.327840037201
JN.1.57.1,24A,0.9402547629777438,0.6328056026334313,-746.0905634652615,-523.5413950795582,1508.6000000000001,1502.327840037201
JN.1.7,24A,0.9411940794077194,0.6328056026334313,-741.8619140374667,-523.5413950795582,1511.0783345095272,1502.327840037201
JN.1.13.1,24A,0.9412534313380561,0.6328056026334313,-742.6821388852342,-523.5413950795582,1511.2366300366298,1502.327840037201
JN.1.18,24A,0.9418564355624001,0.6328056026334313,-743.9895318234321,-523.5413950795582,1512.8563656147985,1502.327840037201
LK.1,24A,0.9436185017951118,0.6328056026334313,-750.649608484831,-523.5413950795582,1517.705882352941,1502.327840037201
KQ.1,24A,0.9441573780115652,0.6328056026334313,-747.5832776859654,-523.5413950795582,1519.2224909310762,1502.327840037201
KW.1,24A,0.9444545248068215,0.6328056026334313,-750.2308505344868,-523.5413950795582,1520.0652173913043,1502.327840037201
JN.1.16.2,24A,0.9451310477189973,0.6328056026334313,-753.5844216023766,-523.5413950795582,1521.9999999999998,1502.327840037201
JN.1.29.1,24A,0.9452182826671491,0.6328056026334313,-754.528137779743,-523.5413950795582,1522.25,1502.327840037201
JN.1.7.7,24A,0.9458652732051728,0.6328056026334313,-754.8204813849475,-523.5413950795582,1524.125,1502.327840037201
JN.1.4.8,24A,0.9461811398763154,0.6328056026334313,-752.5216742234079,-523.5413950795582,1525.046511627907,1502.327840037201
JN.1.48.2,24A,0.9468455388665655,0.6328056026334313,-755.8304244254124,-523.5413950795582,1527.0000000000002,1502.327840037201
JN.1.9.2,24A,0.9492019849351305,0.6328056026334313,-759.3629001197804,-523.5413950795582,1534.0714285714284,1502.327840037201
JN.1.40,24A,0.9499880512480497,0.6328056026334313,-759.5199034904198,-523.5413950795582,1536.475,1502.327840037201
JN.1.48,24A,0.9508843261741509,0.6328056026334313,-761.5425999448116,-523.5413950795582,1539.2380952380952,1502.327840037201
JN.1.36,24A,0.9509813611371722,0.6328056026334313,-762.1715459991527,-523.5413950795582,1539.538461538462,1502.327840037201
JN.1.23,24A,0.9521283791345421,0.6328056026334313,-762.8935043497361,-523.5413950795582,1543.1081081081084,1502.327840037201
LL.1,24A,0.9521764522677172,0.6328056026334313,-762.0899703008998,-523.5413950795582,1543.258426966292,1502.327840037201
JN.1.7.3,24A,0.9525046568389467,0.6328056026334313,-763.0599279186791,-523.5413950795582,1544.2857142857142,1502.327840037201
JN.1.4.9,24A,0.9528186499194078,0.6328056026334313,-762.5269040078641,-523.5413950795582,1545.2709677419357,1502.327840037201
LF.4,24A,0.9529038075543985,0.6328056026334313,-764.0383708388443,-523.5413950795582,1545.5384615384614,1502.327840037201
NS.1,24A,0.9532094197431066,0.6328056026334313,-766.3826559228514,-523.5413950795582,1546.5,1502.327840037201
JN.1.39.2,24A,0.9532855830288086,0.6328056026334313,-765.1567173857363,-523.5413950795582,1546.7391304347823,1502.327840037201
JN.1.23.1,24A,0.9534740014593416,0.6328056026334313,-765.6933290535821,-523.5413950795582,1547.3333333333335,1502.327840037201
LT.1,24A,0.9537488761611339,0.6328056026334313,-766.3010906370674,-523.5413950795582,1548.2,1502.327840037201
LH.2,24A,0.954476215968518,0.6328056026334313,-768.7497624391849,-523.5413950795582,1550.5,1502.327840037201
MD.2,24A,0.9549755127777989,0.6328056026334313,-768.425696870999,-523.5413950795582,1552.0833333333333,1502.327840037201
LQ.3,24A,0.9552641319543859,0.6328056026334313,-768.7196378761483,-523.5413950795582,1553.0,1502.327840037201
LZ.5,24A,0.9553689267411845,0.6328056026334313,-768.2256213086679,-523.5413950795582,1553.3333333333333,1502.327840037201
KS.2,24A,0.9555609453611069,0.6328056026334313,-768.9294146842731,-523.5413950795582,1553.9444444444443,1502.327840037201
JN.1.51.1,24A,0.9555670052534764,0.6328056026334313,-768.5333653887717,-523.5413950795582,1553.9629629629628,1502.327840037201
JN.1.18.8,24A,0.955971204239087,0.6328056026334313,-771.0712785773018,-523.5413950795582,1555.25,1502.327840037201
JN.1.58.2,24A,0.9559972565473969,0.6328056026334313,-770.7063364102303,-523.5413950795582,1555.3333333333333,1502.327840037201
LJ.1,24A,0.9559972581328644,0.6328056026334313,-770.7063394010361,-523.5413950795582,1555.3333333333333,1502.327840037201
LH.1,24A,0.9560721303408023,0.6328056026334313,-770.6686407857093,-523.5413950795582,1555.5714285714284,1502.327840037201
KU.2,24A,0.9570245972656084,0.6328056026334313,-769.8209658012795,-523.5413950795582,1558.6111111111109,1502.327840037201
LE.1.2,24A,0.9570420587053912,0.6328056026334313,-770.9467952092424,-523.5413950795582,1558.6666666666663,1502.327840037201
JN.1.11.2,24A,0.9579552371338645,0.6328056026334313,-772.7163097667056,-523.5413950795582,1561.5882352941176,1502.327840037201
JN.1.59.1,24A,0.9581977644284471,0.6328056026334313,-771.7852083125916,-523.5413950795582,1562.3650793650795,1502.327840037201
LA.2,24A,0.9582138572497423,0.6328056026334313,-773.4685799240963,-523.5413950795582,1562.4166666666665,1502.327840037201
JN.1.18.2,24A,0.9583039052986456,0.6328056026334313,-771.7374842893526,-523.5413950795582,1562.7051282051282,1502.327840037201
KZ.1.1,24A,0.9585517850354114,0.6328056026334313,-773.8425959640556,-523.5413950795582,1563.5,1502.327840037201
MZ.5,24A,0.9587077401143549,0.6328056026334313,-775.3392383230203,-523.5413950795582,1564.0,1502.327840037201
KR.1,24A,0.9595394952936881,0.6328056026334313,-772.8234972342817,-523.5413950795582,1566.6703296703297,1502.327840037201
KR.1.2,24A,0.9604709697325675,0.6328056026334313,-777.696450099077,-523.5413950795582,1569.6666666666665,1502.327840037201
JN.1.1.8,24A,0.9607892273130801,0.6328056026334313,-776.7298381832767,-523.5413950795582,1570.6923076923076,1502.327840037201
JN.1.67.1,24A,0.9608065468291529,0.6328056026334313,-774.2915528797002,-523.5413950795582,1570.7483660130717,1502.327840037201
JN.1.7.1,24A,0.961658794009849,0.6328056026334313,-778.2639351779047,-523.5413950795582,1573.5,1502.327840037201
LN.1.1,24A,0.9616586491065257,0.6328056026334313,-779.2753058162789,-523.5413950795582,1573.5,1502.327840037201
LF.1.1,24A,0.9618222334610614,0.6328056026334313,-778.0568458919118,-523.5413950795582,1574.0285714285715,1502.327840037201
MZ.2,24A,0.9618465108474745,0.6328056026334313,-778.3182003274201,-523.5413950795582,1574.107142857143,1502.327840037201
LE.1.1,24A,0.9621673195659783,0.6328056026334313,-778.2843571791219,-523.5413950795582,1575.1458333333333,1502.327840037201
LF.1,24A,0.9623726208130862,0.6328056026334313,-777.6749858883172,-523.5413950795582,1575.8114754098362,1502.327840037201
KR.3,24A,0.9625231206088496,0.6328056026334313,-779.7204700197352,-523.5413950795582,1576.3000000000002,1502.327840037201
JN.1.18.3,24A,0.9627438019423511,0.6328056026334313,-778.2683516983334,-523.5413950795582,1577.0165289256197,1502.327840037201
LA.1,24A,0.9630830824330002,0.6328056026334313,-778.5367852406922,-523.5413950795582,1578.120253164557,1502.327840037201
JN.1.18.5,24A,0.9634163879494554,0.6328056026334313,-780.0651137829192,-523.5413950795582,1579.2068965517242,1502.327840037201
JN.1.62,24A,0.9642239559710313,0.6328056026334313,-782.4062060288318,-523.5413950795582,1581.85,1502.327840037201
KR.1.3,24A,0.9654793472450163,0.6328056026334313,-784.7513259342459,-523.5413950795582,1586.0,1502.327840037201
KU.2.1,24A,0.965702502471837,0.6328056026334313,-784.0808254579689,-523.5413950795582,1586.7435897435894,1502.327840037201
LN.1,24A,0.9659286926508083,0.6328056026334313,-785.8007941903687,-523.5413950795582,1587.5,1502.327840037201
LZ.4,24A,0.9661965235275579,0.6328056026334313,-786.919247778015,-523.5413950795582,1588.4,1502.327840037201
MD.1.1,24A,0.9662584692778814,0.6328056026334313,-784.601729875995,-523.5413950795582,1588.6071428571427,1502.327840037201
KW.1.1,24A,0.9664650041169389,0.6328056026334313,-783.0098354164213,-523.5413950795582,1589.303664921466,1502.327840037201
LY.2,24A,0.9684822271879754,0.6328056026334313,-791.0622701523826,-523.5413950795582,1590.6666666666665,1502.327840037201
JN.1.39.1,24A,0.9686044756934485,0.6328056026334313,-788.8289972330202,-523.5413950795582,1590.9705882352944,1502.327840037201
JN.1.18.4,24A,0.9687692482622137,0.6328056026334313,-788.4278847881545,-523.5413950795582,1591.378787878788,1502.327840037201
KS.1,24A,0.9688655429980475,0.6328056026334313,-786.1873831104297,-523.5413950795582,1591.6168741355461,1502.327840037201
KR.4.1,24A,0.9693949232444704,0.6328056026334313,-791.1288032827276,-523.5413950795582,1592.9166666666665,1502.327840037201
KR.1.1,24A,0.9698123545451517,0.6328056026334313,-789.9883938453266,-523.5413950795582,1593.931506849315,1502.327840037201
JN.1.15.1,24A,0.9707513701995792,0.6328056026334313,-793.3787444693165,-523.5413950795582,1596.1818181818185,1502.327840037201
JN.1.48.1,24A,0.970968662181761,0.6328056026334313,-791.4985602110463,-523.5413950795582,1596.6960784313726,1502.327840037201
JN.1.16.3,24A,0.971326643798357,0.6328056026334313,-792.1844128599346,-523.5413950795582,1597.5384615384617,1502.327840037201
MD.3.1,24A,0.9721165862998947,0.6328056026334313,-794.7799085419479,-523.5413950795582,1599.375,1502.327840037201
MD.1.2,24A,0.9722144690333119,0.6328056026334313,-796.5050942044026,-523.5413950795582,1599.6000000000001,1502.327840037201
LB.1.7.3,24A,0.9727200980295246,0.6328056026334313,-795.42711498733,-523.5413950795582,1600.757575757576,1502.327840037201
NS.3,24A,0.9727716754605097,0.6328056026334313,-796.9267464483942,-523.5413950795582,1600.875,1502.327840037201
NU.1,24A,0.9731947421713879,0.6328056026334313,-797.891907126459,-523.5413950795582,1601.833333333333,1502.327840037201
JN.1.50.1,24A,0.97535294691802,0.6328056026334313,-799.6801910106452,-523.5413950795582,1606.59375,1502.327840037201
KR.1.4,24A,0.975495043401287,0.6328056026334313,-798.8744302200417,-523.5413950795582,1606.9,1502.327840037201
LR.3,24A,0.9756811736307345,0.6328056026334313,-801.3707859792889,-523.5413950795582,1607.3000000000002,1502.327840037201
LZ.1.1,24A,0.9756997758358484,0.6328056026334313,-798.3900638083775,-523.5413950795582,1607.3399014778324,1502.327840037201
LF.4.1,24A,0.9757062780708012,0.6328056026334313,-799.5393320932463,-523.5413950795582,1607.3538461538462,1502.327840037201
LF.8.1,24A,0.9757748529453509,0.6328056026334313,-803.1308037614194,-523.5413950795582,1607.5,1502.327840037201
MD.3.1.2,24A,0.9757748240067875,0.6328056026334313,-803.1307563972908,-523.5413950795582,1607.5,1502.327840037201
LE.1.3.1,24A,0.9762732464622772,0.6328056026334313,-801.852792027318,-523.5413950795582,1608.5625,1502.327840037201
LQ.1,24A,0.9763912538618107,0.6328056026334313,-802.0426312044307,-523.5413950795582,1608.8125,1502.327840037201
JN.1.16,24A,0.976734532300711,0.6328056026334313,-798.5027671389317,-523.5413950795582,1609.5365344467639,1502.327840037201
MJ.2.1.1,24A,0.9774351190900342,0.6328056026334313,-805.1094531630195,-523.5413950795582,1611.0,1502.327840037201
LU.1,24A,0.9783530809902611,0.6328056026334313,-804.6796181430946,-523.5413950795582,1612.8888888888887,1502.327840037201
JN.1.7.9,24A,0.978407471417687,0.6328056026334313,-805.7605987018047,-523.5413950795582,1613.0,1502.327840037201
KS.1.3,24A,0.9784972324402484,0.6328056026334313,-803.67537615329,-523.5413950795582,1613.1827956989248,1502.327840037201
MS.1,24A,0.9789147684241678,0.6328056026334313,-804.2765447036262,-523.5413950795582,1614.0299999999997,1502.327840037201
NS.2,24A,0.9790981843375629,0.6328056026334313,-807.5683480853824,-523.5413950795582,1614.4,1502.327840037201
JN.1.18.9,24A,0.9793412342583402,0.6328056026334313,-807.3730016580843,-523.5413950795582,1614.888888888889,1502.327840037201
LU.2,24A,0.9793476619856875,0.6328056026334313,-805.648781488216,-523.5413950795582,1614.9019607843136,1502.327840037201
JN.1.16.1,24A,0.979575347762849,0.6328056026334313,-803.0689931328534,-523.5413950795582,1615.358024691358,1502.327840037201
LQ.1.1,24A,0.9799371502906593,0.6328056026334313,-805.2911733804767,-523.5413950795582,1616.079365079365,1502.327840037201
JN.1.7.8,24A,0.9802089887114649,0.6328056026334313,-806.3975951465683,-523.5413950795582,1616.618556701031,1502.327840037201
JN.1.48.3,24A,0.9808210058465574,0.6328056026334313,-807.4512146624619,-523.5413950795582,1617.824175824176,1502.327840037201
JN.1.65.1,24A,0.9810023040737448,0.6328056026334313,-808.0507220784931,-523.5413950795582,1618.179104477612,1502.327840037201
JN.1.50,24A,0.9810605396528518,0.6328056026334313,-807.7545338725284,-523.5413950795582,1618.2929292929293,1502.327840037201
LR.1,24A,0.9817328662829032,0.6328056026334313,-811.135526546878,-523.5413950795582,1619.6000000000001,1502.327840037201
LQ.1.1.1,24A,0.982162268011665,0.6328056026334313,-812.1878392161271,-523.5413950795582,1620.4285714285713,1502.327840037201
LF.5,24A,0.9822933423658172,0.6328056026334313,-810.4341423068452,-523.5413950795582,1620.68,1502.327840037201
LF.3,24A,0.982826476663256,0.6328056026334313,-812.2147459042899,-523.5413950795582,1621.7,1502.327840037201
JN.1.50.2,24A,0.9830991871909857,0.6328056026334313,-812.187066486101,-523.5413950795582,1622.21875,1502.327840037201
LF.1.1.1,24A,0.9832366962970475,0.6328056026334313,-810.5876236950769,-523.5413950795582,1622.4797979797981,1502.327840037201
MF.1,24A,0.9839993994096379,0.6328056026334313,-812.648002761118,-523.5413950795582,1623.9195402298851,1502.327840037201
LF.6,24A,0.9842883523757135,0.6328056026334313,-815.0182769271275,-523.5413950795582,1624.4615384615386,1502.327840037201
JN.1.7.4,24A,0.9843170856885824,0.6328056026334313,-813.4710194836416,-523.5413950795582,1624.515625,1502.327840037201
LS.1,24A,0.9852477973535868,0.6328056026334313,-816.3700777588097,-523.5413950795582,1626.25,1502.327840037201
KW.1.1.1,24A,0.985308991250402,0.6328056026334313,-816.8442891439911,-523.5413950795582,1626.3636363636365,1502.327840037201
NS.1.1,24A,0.9855444190981661,0.6328056026334313,-818.0156901988062,-523.5413950795582,1626.8,1502.327840037201
LQ.1.2,24A,0.9861536236898982,0.6328056026334313,-816.6652818288084,-523.5413950795582,1627.9230769230771,1502.327840037201
LB.1.8,24A,0.9866378783060265,0.6328056026334313,-815.840549912908,-523.5413950795582,1628.8122605363983,1502.327840037201
LD.1,24A,0.9869154157239288,0.6328056026334313,-816.8267592668668,-523.5413950795582,1629.3202614379084,1502.327840037201
MQ.2,24A,0.9872874946364946,0.6328056026334313,-819.6909703065973,-523.5413950795582,1630.0,1502.327840037201
LF.3.1.1,24A,0.987777569412954,0.6328056026334313,-817.0620909416679,-523.5413950795582,1630.892494929006,1502.327840037201
JN.1.7.6,24A,0.9878386579768336,0.6328056026334313,-823.3622439782672,-523.5413950795582,1631.0,1502.327840037201
LB.1.9,24A,0.9878825524133932,0.6328056026334313,-820.9489195547708,-523.5413950795582,1631.0833333333333,1502.327840037201
LF.2,24A,0.9878899106946745,0.6328056026334313,-820.0118406494759,-523.5413950795582,1631.0967741935483,1502.327840037201
LZ.1,24A,0.9896166631288974,0.6328056026334313,-822.4583685431058,-523.5413950795582,1634.2222222222224,1502.327840037201
LK.2.1,24A,0.9900824376279512,0.6328056026334313,-824.2538147997178,-523.5413950795582,1635.0625,1502.327840037201
JN.1.18.6,24A,0.9904351037571445,0.6328056026334313,-823.8419486299427,-523.5413950795582,1635.6976744186047,1502.327840037201
MF.2,24A,0.990787864361666,0.6328056026334313,-824.6837619565101,-523.5413950795582,1636.3333333333335,1502.327840037201
LB.1.2,24A,0.9914463929264539,0.6328056026334313,-823.3665883532176,-523.5413950795582,1637.5193370165746,1502.327840037201
MD.3.1.4,24A,0.991852206124418,0.6328056026334313,-828.5366125173628,-523.5413950795582,1638.25,1502.327840037201
LF.3.1.2,24A,0.9918555796961003,0.6328056026334313,-825.2010467857432,-523.5413950795582,1638.2566371681414,1502.327840037201
LZ.2.2,24A,0.9918981652522962,0.6328056026334313,-827.8009791590704,-523.5413950795582,1638.3333333333333,1502.327840037201
LB.1.3,24A,0.9921973646760371,0.6328056026334313,-823.1379552484443,-523.5413950795582,1638.8728323699424,1502.327840037201
LB.1.4,24A,0.9922511044999972,0.6328056026334313,-824.512761566259,-523.5413950795582,1638.9697674418605,1502.327840037201
MJ.1,24A,0.9922674588536666,0.6328056026334313,-828.5239059691334,-523.5413950795582,1639.0,1502.327840037201
LB.1.7.2,24A,0.9923020631772766,0.6328056026334313,-825.6764620728105,-523.5413950795582,1639.0616438356165,1502.327840037201
LB.1.7,24A,0.9923228700437403,0.6328056026334313,-822.6123887655414,-523.5413950795582,1639.0992272024728,1502.327840037201
LB.1,24A,0.9924071433928973,0.6328056026334313,-823.077830212081,-523.5413950795582,1639.2512864493997,1502.327840037201
LB.1.3.2,24A,0.9932523050654525,0.6328056026334313,-825.7902839342071,-523.5413950795582,1640.7786752827142,1502.327840037201
LZ.2.1,24A,0.9936896177495221,0.6328056026334313,-829.8915737448349,-523.5413950795582,1641.5714285714284,1502.327840037201
MD.1,24A,0.9937426709722221,0.6328056026334313,-831.2314295322922,-523.5413950795582,1641.6666666666665,1502.327840037201
LF.10,24A,0.9939254189109328,0.6328056026334313,-832.2246134665864,-523.5413950795582,1642.0,1502.327840037201
LB.1.3.5,24A,0.9939824399450673,0.6328056026334313,-826.8530065223677,-523.5413950795582,1642.1029619181945,1502.327840037201
LD.2,24A,0.9944595938544024,0.6328056026334313,-830.6452569338084,-523.5413950795582,1642.9714285714285,1502.327840037201
MD.3.1.3,24A,0.9945581842264504,0.6328056026334313,-830.866087260204,-523.5413950795582,1643.1515151515152,1502.327840037201
LB.1.1,24A,0.9947416979936015,0.6328056026334313,-831.0532488615679,-523.5413950795582,1643.4864864864865,1502.327840037201
LG.1,24A,0.9957739321971659,0.6328056026334313,-832.3542731614127,-523.5413950795582,1645.381818181818,1502.327840037201
LB.1.4.3,24A,0.995779621306397,0.6328056026334313,-832.4391416535237,-523.5413950795582,1645.3921568627452,1502.327840037201
LF.9,24A,0.9961527926586791,0.6328056026334313,-832.5424576478432,-523.5413950795582,1646.0823529411764,1502.327840037201
ME.1,24A,0.9964163999906078,0.6328056026334313,-835.4731815598167,-523.5413950795582,1646.5714285714284,1502.327840037201
LB.1.7.1,24A,0.9968856359481681,0.6328056026334313,-833.0157786202572,-523.5413950795582,1647.4463276836157,1502.327840037201
ND.2,24A,0.997181432394824,0.6328056026334313,-837.2930236452687,-523.5413950795582,1648.0,1502.327840037201
KS.1.1.1,24A,0.9975257330121785,0.6328056026334313,-835.6359203637306,-523.5413950795582,1648.6486486486488,1502.327840037201
LB.1.5,24A,0.9981819287457229,0.6328056026334313,-835.318446734342,-523.5413950795582,1649.8933333333334,1502.327840037201
MA.1,24A,0.9985154265816433,0.6328056026334313,-836.7205409969563,-523.5413950795582,1650.53125,1502.327840037201
MH.1,24A,0.9985478659374069,0.6328056026334313,-836.4221079743241,-523.5413950795582,1650.5934065934068,1502.327840037201
MA.1.2,24A,0.9985593563822932,0.6328056026334313,-835.5537710304502,-523.5413950795582,1650.6153846153848,1502.327840037201
MB.1.1.3,24A,0.9989187865006822,0.6328056026334313,-838.2872420459795,-523.5413950795582,1651.3076923076924,1502.327840037201
KS.1.1.2,24A,0.9992650448258964,0.6328056026334313,-835.9518159002835,-523.5413950795582,1651.9789915966387,1502.327840037201
MA.1.1,24A,0.9994475990466688,0.6328056026334313,-840.6270813365429,-523.5413950795582,1652.3333333333333,1502.327840037201
LB.1.2.1,24A,0.9997600233859414,0.6328056026334313,-837.1699759679817,-523.5413950795582,1652.9467084639498,1502.327840037201
LB.1.3.3,24A,0.9998321117291481,0.6328056026334313,-839.5279700842709,-523.5413950795582,1653.0882352941176,1502.327840037201
LB.1.4.1,24A,1.0000688250189937,0.6328056026334313,-838.1574266137413,-523.5413950795582,1653.5555555555557,1502.327840037201
JN.1.16.4,24A,1.0016777466182194,0.6328056026334313,-844.4992888735422,-523.5413950795582,1656.8000000000002,1502.327840037201
LF.9.1,24A,1.002236115016225,0.6328056026334313,-842.2719807646783,-523.5413950795582,1657.9572649572651,1502.327840037201
KS.1.1,24A,1.0036689193175399,0.6328056026334313,-845.2222028456976,-523.5413950795582,1661.0151515151515,1502.327840037201
LY.1,24A,1.004720519346421,0.6328056026334313,-844.9059729850784,-523.5413950795582,1663.35,1502.327840037201
LB.1.10,24A,1.0050551333581443,0.6328056026334313,-849.5192856574919,-523.5413950795582,1664.111111111111,1502.327840037201
MB.1.1.2,24A,1.0056263922746886,0.6328056026334313,-848.735697596549,-523.5413950795582,1665.4313725490197,1502.327840037201
MQ.1,24A,1.0057624442155453,0.6328056026334313,-849.7160764996332,-523.5413950795582,1665.75,1502.327840037201
MB.1.1,24A,1.0058081946396007,0.6328056026334313,-850.3312836922761,-523.5413950795582,1665.8571428571427,1502.327840037201
LB.1.2.3,24A,1.0064341207866325,0.6328056026334313,-849.2685774111945,-523.5413950795582,1667.3478260869565,1502.327840037201
MT.1,24A,1.0072568902311723,0.6328056026334313,-852.2951350736819,-523.5413950795582,1669.3636363636365,1502.327840037201
MB.1.1.1,24A,1.010947166596464,0.6328056026334313,-857.4850212962776,-523.5413950795582,1674.9827586206898,1502.327840037201
NA.1.1,24A,1.0111015784304258,0.6328056026334313,-860.7055173188791,-523.5413950795582,1675.3333333333333,1502.327840037201
ND.3,24A,1.0112476359293028,0.6328056026334313,-860.9502362616871,-523.5413950795582,1675.6666666666665,1502.327840037201
ND.1,24A,1.012253226561257,0.6328056026334313,-861.6556088001388,-523.5413950795582,1678.0,1502.327840037201
LD.1.1,24A,1.0126125362655891,0.6328056026334313,-861.3423914586109,-523.5413950795582,1678.85,1502.327840037201
MZ.3,24A,1.0126753952975547,0.6328056026334313,-862.8342286431792,-523.5413950795582,1679.0,1502.327840037201
NJ.1,24A,1.0127278602593681,0.6328056026334313,-862.4523104418108,-523.5413950795582,1679.125,1502.327840037201
KS.1.5,24A,1.0128845817316763,0.6328056026334313,-864.1017667269838,-523.5413950795582,1679.5,1502.327840037201
ND.1.1.1,24A,1.0132305287548957,0.6328056026334313,-864.2774875981816,-523.5413950795582,1680.3333333333333,1502.327840037201
LB.1.2.2,24A,1.014064299289715,0.6328056026334313,-861.0127687327696,-523.5413950795582,1682.3793103448274,1502.327840037201
MV.2,24A,1.0144902591995875,0.6328056026334313,-864.6044411512995,-523.5413950795582,1683.4444444444443,1502.327840037201
NA.1,24A,1.019390578066232,0.6328056026334313,-872.3102805527011,-523.5413950795582,1696.75,1502.327840037201
LU.2.1.1,24A,1.0221426204335022,0.6328056026334313,-875.8319262050549,-523.5413950795582,1705.1078431372548,1502.327840037201
NC.1,24A,1.022649201205348,0.6328056026334313,-879.3751669445345,-523.5413950795582,1706.7142857142856,1502.327840037201
ND.1.1,24A,1.0227903913939917,0.6328056026334313,-879.7703242797596,-523.5413950795582,1707.1666666666663,1502.327840037201
LF.8.1.1,24A,1.0233592910602036,0.6328056026334313,-880.9243754062746,-523.5413950795582,1709.0,1502.327840037201
MT.1.1,24A,1.0270047296171005,0.6328056026334313,-886.4834381598763,-523.5413950795582,1721.3,1502.327840037201
NC.1.1,24A,1.028418863754213,0.6328056026334313,-888.3333074029287,-523.5413950795582,1726.2777777777778,1502.327840037201
NL.7,24A,1.0289426395329526,0.6328056026334313,-890.1824396670393,-523.5413950795582,1728.142857142857,1502.327840037201
MJ.1.1,24A,1.0299263905814542,0.6328056026334313,-892.7315347319211,-523.5413950795582,1731.6666666666665,1502.327840037201
NL.3,24A,1.033069751495029,0.6328056026334313,-895.7947382673765,-523.5413950795582,1743.0303030303032,1502.327840037201
NL.5,24A,1.0335507208150727,0.6328056026334313,-895.786202384275,-523.5413950795582,1744.7662337662339,1502.327840037201
NL.2,24A,1.0335649160476816,0.6328056026334313,-894.2198812225516,-523.5413950795582,1744.81746031746,1502.327840037201
ND.1.1.2,24A,1.0355155363027115,0.6328056026334313,-901.9556436812563,-523.5413950795582,1751.8,1502.327840037201
NL.4,24A,1.036325266367194,0.6328056026334313,-899.7697883966575,-523.5413950795582,1754.6576086956522,1502.327840037201
NL.5.1,24A,1.039649133521337,0.6328056026334313,-907.5038157041216,-523.5413950795582,1766.0,1502.327840037201
LB.1.3.1,24A,1.0407490220451392,0.6328056026334313,-905.9780048576446,-523.5413950795582,1769.5800000000002,1502.327840037201
JN.1.16.5,24A,1.0415943259710694,0.6328056026334313,-909.9466379658058,-523.5413950795582,1772.2631578947367,1502.327840037201
KS.1.1.3,24A,1.0421099934338234,0.6328056026334313,-912.0561905411192,-523.5413950795582,1773.8695652173913,1502.327840037201
NF.1.1,24A,1.0443491933199498,0.6328056026334313,-916.3987251603351,-523.5413950795582,1780.5625,1502.327840037201
LB.1.3.4,24A,1.0444016041227928,0.6328056026334313,-917.3187248857342,-523.5413950795582,1780.7142857142858,1502.327840037201
NL.8,24A,1.048101368951403,0.6328056026334313,-923.0385356228178,-523.5413950795582,1790.7058823529412,1502.327840037201
NL.6,24A,1.0483873146328155,0.6328056026334313,-923.1258020804679,-523.5413950795582,1791.4230769230771,1502.327840037201
NC.1.2.1,24A,1.0494429083143169,0.6328056026334313,-928.2762879045671,-523.5413950795582,1794.0,1502.327840037201
NF.1,24A,1.0495726244777002,0.6328056026334313,-924.1022976653304,-523.5413950795582,1794.3170731707316,1502.327840037201
NZ.1,24A,1.0501651131942318,0.6328056026334313,-927.6266383346428,-523.5413950795582,1795.7142857142858,1502.327840037201
NL.4.1,24A,1.0504127609294125,0.6328056026334313,-925.7832149258752,-523.5413950795582,1796.2898550724638,1502.327840037201
NF.1.2,24A,1.050648951044716,0.6328056026334313,-927.5512788321238,-523.5413950795582,1796.8333333333333,1502.327840037201
NL.1.1,24A,1.0516508050244542,0.6328056026334313,-929.7580428260612,-523.5413950795582,1799.0833333333333,1502.327840037201
NC.1.2.2,24A,1.0521366842295137,0.6328056026334313,-929.7851409015541,-523.5413950795582,1800.142857142857,1502.327840037201
ND.1.1.3,24A,1.052335729697932,0.6328056026334313,-931.529788749007,-523.5413950795582,1800.5714285714284,1502.327840037201
NL.9,24A,1.0549576198829358,0.6328056026334313,-935.7188156352937,-523.5413950795582,1805.9166666666667,1502.327840037201
NC.1.2,24A,1.060488972317214,0.6328056026334313,-946.4291952001688,-523.5413950795582,1815.6666666666665,1502.327840037201
NL.5.2,24A,1.077316573390907,0.6328056026334313,-974.805083535832,-523.5413950795582,1836.5625,1502.327840037201
KP.1.1.2,24B,0.94895900682465,0.6491892102690018,-759.8375458240333,-550.9808304465726,1533.3333333333333,1624.2859314305015
KP.1,24B,0.9549217042300404,0.6491892102690018,-764.9864477591445,-550.9808304465726,1551.9127906976746,1624.2859314305015
KP.6,24B,0.9567287649553812,0.6491892102690018,-771.8449232455674,-550.9808304465726,1557.6666666666667,1624.2859314305015
KP.4,24B,0.9570650730616614,0.6491892102690018,-770.8648815030324,-550.9808304465726,1558.7407407407406,1624.2859314305015
KP.2.20,24B,0.9576463423781383,0.6491892102690018,-773.4578662743522,-550.9808304465726,1560.6000000000001,1624.2859314305015
KP.1.2,24B,0.9596420715068178,0.6491892102690018,-775.1924915648564,-550.9808304465726,1567.0000000000002,1624.2859314305015
KP.4.2.1,24B,0.9601279140748816,0.6491892102690018,-776.1773304317081,-550.9808304465726,1568.5625,1624.2859314305015
KP.4.1.1,24B,0.9607751766568776,0.6491892102690018,-777.1326505941284,-550.9808304465726,1570.6470588235295,1624.2859314305015
KP.2.1,24B,0.962665996316426,0.6491892102690018,-778.6647843835912,-550.9808304465726,1576.7638888888891,1624.2859314305015
KP.2.7,24B,0.9636948206434777,0.6491892102690018,-780.8041866601533,-550.9808304465726,1580.1162790697674,1624.2859314305015
KP.2.11,24B,0.9637904761435858,0.6491892102690018,-782.7706368000339,-550.9808304465726,1580.4285714285713,1624.2859314305015
KP.2.25,24B,0.9639482973609942,0.6491892102690018,-781.3550972452821,-550.9808304465726,1580.945945945946,1624.2859314305015
KP.4.2,24B,0.9642016394263229,0.6491892102690018,-780.4991057052273,-550.9808304465726,1581.7769230769234,1624.2859314305015
LP.2,24B,0.9655295837076207,0.6491892102690018,-784.5796875993556,-550.9808304465726,1586.1666666666665,1624.2859314305015
KP.2.16,24B,0.9660125019336919,0.6491892102690018,-783.2528308805967,-550.9808304465726,1587.7808219178082,1624.2859314305015
KP.4.1,24B,0.9662519404817796,0.6491892102690018,-782.7530787805657,-550.9808304465726,1588.585227272727,1624.2859314305015
KP.1.1,24B,0.9704859161538708,0.6491892102690018,-788.427415334388,-550.9808304465726,1595.5500982318272,1624.2859314305015
KP.4.2.2,24B,0.9705172984042457,0.6491892102690018,-793.3236429835194,-550.9808304465726,1595.625,1624.2859314305015
JN.1.11.1,24B,0.9707686954079983,0.6491892102690018,-789.2030640620916,-550.9808304465726,1596.2228260869563,1624.2859314305015
KP.2.4,24B,0.9708012098817742,0.6491892102690018,-792.8604623834642,-550.9808304465726,1596.3000000000002,1624.2859314305015
KP.5,24B,0.9714722181833307,0.6491892102690018,-791.9239112690232,-550.9808304465726,1597.8791946308725,1624.2859314305015
KP.2,24B,0.9715458059840418,0.6491892102690018,-789.0334299191858,-550.9808304465726,1598.0510440835264,1624.2859314305015
KP.2.9,24B,0.974061144399685,0.6491892102690018,-797.121097601991,-550.9808304465726,1603.769230769231,1624.2859314305015
KP.1.1.4,24B,0.9746615509258743,0.6491892102690018,-799.6377596035267,-550.9808304465726,1605.0909090909092,1624.2859314305015
KP.2.25.3,24B,0.9756578924888015,0.6491892102690018,-800.8633620595122,-550.9808304465726,1607.25,1624.2859314305015
KP.2.20.1,24B,0.9775318423596328,0.6491892102690018,-805.0421434093527,-550.9808304465726,1611.2000000000003,1624.2859314305015
KP.1.1.1,24B,0.9780948165970734,0.6491892102690018,-800.552275517541,-550.9808304465726,1612.3605072463768,1624.2859314305015
KP.2.8,24B,0.979760283727132,0.6491892102690018,-806.4629335171809,-550.9808304465726,1615.7272727272727,1624.2859314305015
KP.4.1.2,24B,0.9803504704170155,0.6491892102690018,-807.1235106449258,-550.9808304465726,1616.898305084746,1624.2859314305015
KP.2.27,24B,0.9803852532437864,0.6491892102690018,-806.4614989623601,-550.9808304465726,1616.9669421487604,1624.2859314305015
KP.2.24,24B,0.9812457617449912,0.6491892102690018,-808.2549819585845,-550.9808304465726,1618.6543209876543,1624.2859314305015
KP.2.22,24B,0.9820696113491788,0.6491892102690018,-811.9041728030776,-550.9808304465726,1620.25,1624.2859314305015
KP.1.1.5,24B,0.9823374796220865,0.6491892102690018,-810.1981917531697,-550.9808304465726,1620.764705882353,1624.2859314305015
KP.2.26,24B,0.9835160950117213,0.6491892102690018,-816.3292955143678,-550.9808304465726,1623.0,1624.2859314305015
KP.2.2,24B,0.9854117345061771,0.6491892102690018,-811.5820535163114,-550.9808304465726,1626.553827751196,1624.2859314305015
KP.1.1.6,24B,0.9871507512421018,0.6491892102690018,-820.8543991999944,-550.9808304465726,1629.75,1624.2859314305015
KP.4.2.5,24B,0.989959108957122,0.6491892102690018,-823.605892656903,-550.9808304465726,1634.8400000000001,1624.2859314305015
MG.4,24B,0.9913149821810278,0.6491892102690018,-825.21441889971,-550.9808304465726,1637.282608695652,1624.2859314305015
KP.2.5,24B,0.9913246332309137,0.6491892102690018,-824.6768350390031,-550.9808304465726,1637.3,1624.2859314305015
LP.10.1,24B,0.9916706441154312,0.6491892102690018,-827.06054622561,-550.9808304465726,1637.9230769230771,1624.2859314305015
KP.4.1.3,24B,0.9924924090268855,0.6491892102690018,-825.69909061021,-550.9808304465726,1639.4051282051282,1624.2859314305015
KP.2.10,24B,0.9927822528118373,0.6491892102690018,-827.1988413373314,-550.9808304465726,1639.928571428571,1624.2859314305015
MG.1,24B,0.992867861303739,0.6491892102690018,-827.7165347702163,-550.9808304465726,1640.083333333333,1624.2859314305015
LP.1.1,24B,0.993404092701523,0.6491892102690018,-827.7489611077056,-550.9808304465726,1641.0535714285713,1624.2859314305015
KP.2.15,24B,0.993509585226235,0.6491892102690018,-826.4793816202146,-550.9808304465726,1641.2447257383965,1624.2859314305015
LP.3,24B,0.9937963106492648,0.6491892102690018,-830.2780368529342,-550.9808304465726,1641.764705882353,1624.2859314305015
LP.1,24B,0.9941626109925211,0.6491892102690018,-826.5228288214239,-550.9808304465726,1642.4306184012066,1624.2859314305015
KP.2.2.2,24B,0.994187526095728,0.6491892102690018,-830.7091499134231,-550.9808304465726,1642.4761904761904,1624.2859314305015
MU.2,24B,0.9945269133349239,0.6491892102690018,-828.4852130690797,-550.9808304465726,1643.0943952802359,1624.2859314305015
MU.4,24B,0.9950212050480538,0.6491892102690018,-834.4304561671581,-550.9808304465726,1644.0,1624.2859314305015
KP.1.1.3,24B,0.9961677765955,0.6491892102690018,-829.3305226372298,-550.9808304465726,1646.1100323624596,1624.2859314305015
KP.2.25.2,24B,0.9963289571709129,0.6491892102690018,-834.1840744361515,-550.9808304465726,1646.409090909091,1624.2859314305015
LP.6,24B,0.996674813396063,0.6491892102690018,-832.9543018637645,-550.9808304465726,1647.0526315789473,1624.2859314305015
KP.2.6.1,24B,0.9970052654703124,0.6491892102690018,-833.8457302523839,-550.9808304465726,1647.6702127659573,1624.2859314305015
KP.2.6,24B,0.9992011401422359,0.6491892102690018,-837.884533438098,-550.9808304465726,1651.8548387096773,1624.2859314305015
MU.1,24B,0.9997526760500322,0.6491892102690018,-837.1391970544291,-550.9808304465726,1652.9323076923076,1624.2859314305015
LP.11,24B,0.9997776950007268,0.6491892102690018,-838.975393666746,-550.9808304465726,1652.9814814814813,1624.2859314305015
MG.2,24B,1.0003622668266703,0.6491892102690018,-839.8705584657033,-550.9808304465726,1654.1379310344828,1624.2859314305015
KP.2.14,24B,1.0005612465321658,0.6491892102690018,-838.7150032477572,-550.9808304465726,1654.53515625,1624.2859314305015
KP.2.2.1,24B,1.0020423107086012,0.6491892102690018,-841.9943755354128,-550.9808304465726,1657.5535714285713,1624.2859314305015
KP.2.23,24B,1.0022130497462183,0.6491892102690018,-844.598018249718,-550.9808304465726,1657.909090909091,1624.2859314305015
LP.1.2,24B,1.0027375678768748,0.6491892102690018,-842.7906321615972,-550.9808304465726,1659.0125,1624.2859314305015
KP.2.28,24B,1.003144726896423,0.6491892102690018,-844.8037947026886,-550.9808304465726,1659.8809523809523,1624.2859314305015
MU.2.1,24B,1.00380120225881,0.6491892102690018,-845.1098122167637,-550.9808304465726,1661.304347826087,1624.2859314305015
KP.2.14.2,24B,1.004003969886345,0.6491892102690018,-846.9727717454018,-550.9808304465726,1661.75,1624.2859314305015
LP.7,24B,1.0047827910775666,0.6491892102690018,-846.5629054374027,-550.9808304465726,1663.490909090909,1624.2859314305015
KP.2.19,24B,1.0062986081185947,0.6491892102690018,-847.7787717743792,-550.9808304465726,1667.022113022113,1624.2859314305015
LP.4,24B,1.0088570299432311,0.6491892102690018,-853.4963068756921,-550.9808304465726,1673.4895833333333,1624.2859314305015
KP.2.15.1,24B,1.0089561460044627,0.6491892102690018,-853.5630988446285,-550.9808304465726,1673.7547169811323,1624.2859314305015
KP.2.6.3,24B,1.011825763357655,0.6491892102690018,-862.3248336147864,-550.9808304465726,1677.0,1624.2859314305015
KP.2.18,24B,1.0125353788752156,0.6491892102690018,-862.4168364471121,-550.9808304465726,1678.6666666666665,1624.2859314305015
KP.2.25.1,24B,1.0127355071402961,0.6491892102690018,-862.5986745088336,-550.9808304465726,1679.142857142857,1624.2859314305015
LP.1.2.1,24B,1.0135201314817226,0.6491892102690018,-862.6047364580356,-550.9808304465726,1681.038461538462,1624.2859314305015
NH.4,24B,1.0139456657504533,0.6491892102690018,-862.7282436602283,-550.9808304465726,1682.0851063829787,1624.2859314305015
NE.1,24B,1.0156182465410069,0.6491892102690018,-868.2967258816564,-550.9808304465726,1686.333333333333,1624.2859314305015
MU.5,24B,1.0173164355054736,0.6491892102690018,-870.1834307252045,-550.9808304465726,1690.875,1624.2859314305015
KP.2.14.1,24B,1.0176256026938846,0.6491892102690018,-869.6947238481619,-550.9808304465726,1691.727272727273,1624.2859314305015
KP.4.2.4,24B,1.0187396259124082,0.6491892102690018,-871.9640783572568,-550.9808304465726,1694.8666666666668,1624.2859314305015
KP.2.6.2,24B,1.019318012544786,0.6491892102690018,-873.0879493570624,-550.9808304465726,1696.5384615384614,1624.2859314305015
LP.10.1.1,24B,1.0199999819572827,0.6491892102690018,-874.4126732832074,-550.9808304465726,1698.5454545454547,1624.2859314305015
LP.5,24B,1.021833785505682,0.6491892102690018,-875.7560647854315,-550.9808304465726,1704.1384615384618,1624.2859314305015
KP.4.2.6,24B,1.0222666908456963,0.6491892102690018,-879.2821856317685,-550.9808304465726,1705.5,1624.2859314305015
NH.1,24B,1.0233898416411622,0.6491892102690018,-880.2834379723797,-550.9808304465726,1709.1,1624.2859314305015
MG.3,24B,1.0331488359019405,0.6491892102690018,-895.7915176724235,-550.9808304465726,1743.315789473684,1624.2859314305015
LP.8.2,24B,1.0362805411620324,0.6491892102690018,-902.826808608505,-550.9808304465726,1754.5,1624.2859314305015
LP.9,24B,1.0372345854801035,0.6491892102690018,-903.0263645694273,-550.9808304465726,1757.8285714285714,1624.2859314305015
LP.8.2.1,24B,1.0373954517463229,0.6491892102690018,-904.2995829553918,-550.9808304465726,1758.3846153846152,1624.2859314305015
MU.2.1.1,24B,1.0421350644271021,0.6491892102690018,-912.2917206807209,-550.9808304465726,1773.947368421053,1624.2859314305015
MU.6,24B,1.0497664262716146,0.6491892102690018,-926.6595802691106,-550.9808304465726,1794.7777777777776,1624.2859314305015
KP.2.28.1,24B,1.0530980918889155,0.6491892102690018,-931.7579606622736,-550.9808304465726,1802.181818181818,1624.2859314305015
LP.8,24B,1.0713633855808289,0.6491892102690018,-966.6625974869453,-550.9808304465726,1830.25,1624.2859314305015
XDV.1.8,24D,0.96447203753858,0.6511549793626423,-783.3095655743807,-557.6081382268849,1582.6666666666665,1635.0449050086354
XDV.1.11,24D,0.9658631940978595,0.6511549793626423,-783.9563549173479,-557.6081382268849,1587.2807017543857,1635.0449050086354
XDV.1,24D,0.9757729885283306,0.6511549793626423,-798.0973677083275,-557.6081382268849,1607.496732026144,1635.0449050086354
XDV.1.9,24D,0.9785711922313911,0.6511549793626423,-805.0314551278135,-557.6081382268849,1613.3333333333333,1635.0449050086354
XDV.1.3,24D,0.9806327750048547,0.6511549793626423,-809.2596882616681,-557.6081382268849,1617.4545454545455,1635.0449050086354
XDV.1.7,24D,0.9821796523561179,0.6511549793626423,-810.9038259653896,-557.6081382268849,1620.4615384615386,1635.0449050086354
XDV.1.4,24D,0.9843467684876583,0.6511549793626423,-815.7322125061307,-557.6081382268849,1624.5714285714284,1635.0449050086354
XDV.1.6,24D,0.9947479531349471,0.6511549793626423,-833.981288770955,-557.6081382268849,1643.5,1635.0449050086354
XDV.1.1,24D,0.9976909685071513,0.6511549793626423,-835.5874538496048,-557.6081382268849,1648.9607843137255,1635.0449050086354
XDV.1.5.1,24D,1.0057272234174184,0.6511549793626423,-851.7368410304498,-557.6081382268849,1665.6666666666665,1635.0449050086354
XDV.1.7.1,24D,1.0232045874982247,0.6511549793626423,-880.4777048671792,-557.6081382268849,1708.5,1635.0449050086354
NB.1,24D,1.0382259110664251,0.6511549793626423,-905.06788866428,-557.6081382268849,1761.2307692307695,1635.0449050086354
NB.1.3,24D,1.049649942985772,0.6511549793626423,-927.954619384727,-557.6081382268849,1794.5,1635.0449050086354
NB.1.4,24D,1.0507226945023536,0.6511549793626423,-929.8810141995889,-557.6081382268849,1797.0,1635.0449050086354
NB.1.1,24D,1.0519176383408793,0.6511549793626423,-930.9313174472841,-557.6081382268849,1799.6666666666665,1635.0449050086354
NB.1.5,24D,1.0528914598794377,0.6511549793626423,-931.9917510242522,-557.6081382268849,1801.75,1635.0449050086354
NB.1.2,24D,1.1327884686522838,0.6511549793626423,-1080.2878856403781,-557.6081382268849,1868.6000000000004,1635.0449050086354
NB.1.8.1,24D,1.267067376733854,0.6511549793626423,-1331.7279512678808,-557.6081382268849,1885.3846153846157,1635.0449050086354
KP.3.4.1,24C,0.9646749269128712,0.6524793107249494,-785.0170205310495,-556.4273847288373,1583.3333333333333,1641.6849563953488
KP.3.1.5,24C,0.9780750967958193,0.6524793107249494,-804.3083000850689,-556.4273847288373,1612.32,1641.6849563953488
KP.3.1.4,24C,0.9785848471546543,0.6524793107249494,-801.8925525587599,-556.4273847288373,1613.3610675039245,1641.6849563953488
MK.2,24C,0.9790904973639339,0.6524793107249494,-805.9072813924782,-556.4273847288373,1614.3846153846155,1641.6849563953488
KP.3.2.9,24C,0.9797496110385698,0.6524793107249494,-807.3966630767139,-556.4273847288373,1615.7058823529412,1641.6849563953488
KP.3.2,24C,0.9814645545013216,0.6524793107249494,-806.1191404137799,-556.4273847288373,1619.0798362333676,1641.6849563953488
ML.2,24C,0.9823805612594216,0.6524793107249494,-808.9700736299307,-556.4273847288373,1620.847389558233,1641.6849563953488
KP.3.4,24C,0.9827623796419879,0.6524793107249494,-810.0251309394405,-556.4273847288373,1621.5776397515526,1641.6849563953488
KP.3.2.2,24C,0.9849419373966728,0.6524793107249494,-815.5543086716647,-556.4273847288373,1625.6818181818182,1641.6849563953488
KP.3.3.3,24C,0.9850704118278728,0.6524793107249494,-812.2421816836876,-556.4273847288373,1625.9206989247311,1641.6849563953488
KP.3.1.2,24C,0.9851241256566501,0.6524793107249494,-815.0497395280323,-556.4273847288373,1626.020408163265,1641.6849563953488
KP.3.1.10,24C,0.9852141041995767,0.6524793107249494,-814.3693754844618,-556.4273847288373,1626.1874999999998,1641.6849563953488
KP.3.1.6,24C,0.9853535904877141,0.6524793107249494,-813.5035821780543,-556.4273847288373,1626.4461077844312,1641.6849563953488
KP.3.1.11,24C,0.9866797236999475,0.6524793107249494,-818.1773946093003,-556.4273847288373,1628.8888888888887,1641.6849563953488
KP.3.2.4,24C,0.9876400425317978,0.6524793107249494,-817.5915883215429,-556.4273847288373,1630.6422413793102,1641.6849563953488
KP.3.2.3,24C,0.9881665734947268,0.6524793107249494,-816.5200276440637,-556.4273847288373,1631.5991244527831,1641.6849563953488
KP.3.1.12,24C,0.9890742064553879,0.6524793107249494,-820.7440720261002,-556.4273847288373,1633.2427184466019,1641.6849563953488
KP.3.3,24C,0.9909050630158859,0.6524793107249494,-820.2728076856723,-556.4273847288373,1636.5443499392463,1641.6849563953488
KP.3,24C,0.9911841830615218,0.6524793107249494,-821.5530561277858,-556.4273847288373,1637.0470588235294,1641.6849563953488
MM.1,24C,0.99122966805262,0.6524793107249494,-825.4693961278958,-556.4273847288373,1637.1290322580646,1641.6849563953488
MM.2,24C,0.9915898767955329,0.6524793107249494,-827.2959853078092,-556.4273847288373,1637.7777777777778,1641.6849563953488
KP.3.1.7,24C,0.9918342206944678,0.6524793107249494,-825.8861103268907,-556.4273847288373,1638.2181818181816,1641.6849563953488
ML.1,24C,0.9924635370927266,0.6524793107249494,-828.0915447590008,-556.4273847288373,1639.3529411764707,1641.6849563953488
KP.3.5,24C,0.9927068009375579,0.6524793107249494,-824.7022012003067,-556.4273847288373,1639.7922769640477,1641.6849563953488
KP.3.2.1,24C,0.9936085971781338,0.6524793107249494,-827.9202987901934,-556.4273847288373,1641.4242424242425,1641.6849563953488
KP.3.1,24C,0.9937699926354341,0.6524793107249494,-825.0347087129644,-556.4273847288373,1641.7170668397143,1641.6849563953488
NR.1,24C,0.9947280265897217,0.6524793107249494,-830.6904542729159,-556.4273847288373,1643.4615384615386,1641.6849563953488
KP.3.3.4,24C,0.9953923765273118,0.6524793107249494,-830.8360959009505,-556.4273847288373,1644.6791044776119,1641.6849563953488
MK.3,24C,0.9954989018516869,0.6524793107249494,-832.0379449288432,-556.4273847288373,1644.875,1641.6849563953488
KP.3.2.5,24C,0.9958951000765058,0.6524793107249494,-831.1764921888146,-556.4273847288373,1645.6055045871558,1641.6849563953488
KP.3.3.7,24C,0.996405821784176,0.6524793107249494,-834.0343789546196,-556.4273847288373,1646.551724137931,1641.6849563953488
KP.3.1.8,24C,0.9979667443473195,0.6524793107249494,-836.5401075783117,-556.4273847288373,1649.483870967742,1641.6849563953488
KP.3.1.3,24C,0.9990212971045872,0.6524793107249494,-837.2957847021133,-556.4273847288373,1651.5060240963855,1641.6849563953488
MK.1,24C,1.002649300261934,0.6524793107249494,-842.4463775868959,-556.4273847288373,1658.825641025641,1641.6849563953488
LW.1,24C,1.0044522618209601,0.6524793107249494,-845.3523842667269,-556.4273847288373,1662.7464788732395,1641.6849563953488
MR.1,24C,1.0049700870902543,0.6524793107249494,-849.0900839342419,-556.4273847288373,1663.9166666666665,1641.6849563953488
NP.2,24C,1.0063311508066137,0.6524793107249494,-851.5392546741034,-556.4273847288373,1667.1000000000004,1641.6849563953488
KP.3.2.7,24C,1.0065950778546333,0.6524793107249494,-851.3374728136854,-556.4273847288373,1667.7368421052631,1641.6849563953488
KP.3.3.1,24C,1.011495561436588,0.6524793107249494,-856.3374893454508,-556.4273847288373,1676.235807860262,1641.6849563953488
KP.3.3.2,24C,1.0155427265714294,0.6524793107249494,-863.5154192772482,-556.4273847288373,1686.136507936508,1641.6849563953488
KP.3.7,24C,1.0182676080921893,0.6524793107249494,-870.1347691258086,-556.4273847288373,1693.5238095238096,1641.6849563953488
KP.3.3.8,24C,1.021548466691898,0.6524793107249494,-876.2663075238106,-556.4273847288373,1703.25,1641.6849563953488
KP.3.2.6,24C,1.0294364943371805,0.6524793107249494,-889.8911932439102,-556.4273847288373,1729.9090909090912,1641.6849563953488
KP.3.2.8,24C,1.031357222451095,0.6524793107249494,-892.2172162037457,-556.4273847288373,1736.8333333333335,1641.6849563953488
KP.3.6,24C,1.0340984805391755,0.6524793107249494,-897.3485923189716,-556.4273847288373,1746.738095238095,1641.6849563953488
KP.3.1.9,24C,1.0361254305692031,0.6524793107249494,-900.1455145132724,-556.4273847288373,1753.9550561797755,1641.6849563953488
MY.1,24C,1.0383540519450318,0.6524793107249494,-906.3544761999833,-556.4273847288373,1761.6666666666665,1641.6849563953488
MR.2,24C,1.03942237576656,0.6524793107249494,-908.3562061217383,-556.4273847288373,1765.25,1641.6849563953488
NV.1,24C,1.0429781423938596,0.6524793107249494,-912.8207999074942,-556.4273847288373,1776.5200000000002,1641.6849563953488
KP.3.3.9,24C,1.0455001456103925,0.6524793107249494,-918.131497538795,-556.4273847288373,1783.818181818182,1641.6849563953488
PB.1,24C,1.0578625848116272,0.6524793107249494,-942.0714365004648,-556.4273847288373,1811.25,1641.6849563953488
NP.1,24C,1.0693686554923532,0.6524793107249494,-960.1808389796282,-556.4273847288373,1827.9117647058822,1641.6849563953488
KP.3.3.5,24C,1.0702490234835982,0.6524793107249494,-961.1897632466047,-556.4273847288373,1828.959677419355,1641.6849563953488
KP.2.3.2,24G,0.9857290418285551,0.6532921782905787,-815.7666216934156,-558.1012095817996,1627.140625,1645.5569233381443
KP.2.3.9,24G,0.9871801399374649,0.6532921782905787,-818.3567558892124,-558.1012095817996,1629.8039215686274,1645.5569233381443
KP.2.3.11,24G,0.9878642756468721,0.6532921782905787,-819.3096709667465,-558.1012095817996,1631.0500000000002,1645.5569233381443
KP.2.3.7,24G,0.9884695201379298,0.6532921782905787,-819.5395018241592,-558.1012095817996,1632.1484375,1645.5569233381443
KP.2.3.15,24G,0.9910479643075887,0.6532921782905787,-823.8523508351557,-558.1012095817996,1636.801724137931,1645.5569233381443
KP.2.3.1,24G,0.9914487519535214,0.6532921782905787,-826.2175729649531,-558.1012095817996,1637.5238095238094,1645.5569233381443
KP.2.3.14,24G,0.9928269318302849,0.6532921782905787,-826.8477808104159,-558.1012095817996,1640.0093457943926,1645.5569233381443
KP.2.3.8,24G,0.9941328512988068,0.6532921782905787,-827.8349279613677,-558.1012095817996,1642.3764705882352,1645.5569233381443
KP.2.3,24G,0.9950901037883978,0.6532921782905787,-826.058750980873,-558.1012095817996,1644.124238355881,1645.5569233381443
KP.2.3.5,24G,0.9962162641192671,0.6532921782905787,-832.9152046591342,-558.1012095817996,1646.2,1645.5569233381443
KP.2.3.10,24G,0.9966106724890746,0.6532921782905787,-835.0309606002952,-558.1012095817996,1646.9333333333334,1645.5569233381443
KP.2.3.3,24G,0.9975941328584115,0.6532921782905787,-834.2179463625744,-558.1012095817996,1648.7777777777776,1645.5569233381443
KP.2.3.13,24G,0.9993584291432862,0.6532921782905787,-838.2461597117995,-558.1012095817996,1652.1607142857142,1645.5569233381443
NN.2,24G,0.99976902324672,0.6532921782905787,-839.6178367678667,-558.1012095817996,1652.9642857142858,1645.5569233381443
MW.1,24G,1.000758068374539,0.6532921782905787,-838.9333790502228,-558.1012095817996,1654.9298245614034,1645.5569233381443
KP.2.3.6,24G,1.0012551264469756,0.6532921782905787,-840.3717610274934,-558.1012095817996,1655.935064935065,1645.5569233381443
NM.1,24G,1.0016439289758274,0.6532921782905787,-841.909565115941,-558.1012095817996,1656.7301587301586,1645.5569233381443
NN.1,24G,1.007991408245611,0.6532921782905787,-853.7226604732964,-558.1012095817996,1671.2222222222222,1645.5569233381443
NM.2,24G,1.0123710753144033,0.6532921782905787,-859.9438329977064,-558.1012095817996,1678.2777777777776,1645.5569233381443
KP.2.3.4,24G,1.015365800366115,0.6532921782905787,-863.9657643922512,-558.1012095817996,1685.6778523489932,1645.5569233381443
KP.2.3.12,24G,1.0163966068924253,0.6532921782905787,-866.1443582561478,-558.1012095817996,1688.3854166666665,1645.5569233381443
NK.1,24G,1.0166958046327113,0.6532921782905787,-868.4413992347054,-558.1012095817996,1689.1875,1645.5569233381443
NN.1.1,24G,1.017574591791115,0.6532921782905787,-869.3321776560578,-558.1012095817996,1691.5862068965519,1645.5569233381443
NG.1,24G,1.0278034109093435,0.6532921782905787,-887.8593233222175,-558.1012095817996,1724.1,1645.5569233381443
MC.7,24E,0.9909726344933102,0.6689315491728047,-827.3840314393537,-583.2768607283938,1636.6666666666665,1712.4547628652108
MC.5,24E,0.9937884623343072,0.6689315491728047,-831.7120676091901,-583.2768607283938,1641.75,1712.4547628652108
MC.36.1,24E,0.9939246571042187,0.6689315491728047,-832.6288309095829,-583.2768607283938,1642.0,1712.4547628652108
MC.11.1,24E,1.0118844203132111,0.6689315491728047,-860.0253102630991,-583.2768607283938,1677.1363636363637,1712.4547628652108
MC.29,24E,1.0140157589728986,0.6689315491728047,-862.253648537754,-583.2768607283938,1682.2588235294118,1712.4547628652108
MC.36.2,24E,1.0151308963298524,0.6689315491728047,-864.5664758669532,-583.2768607283938,1685.0727272727272,1712.4547628652108
MC.6,24E,1.0160444637713777,0.6689315491728047,-863.8452214026257,-583.2768607283938,1687.4507575757575,1712.4547628652108
MC.8,24E,1.0160925657231537,0.6689315491728047,-866.3888273231686,-583.2768607283938,1687.5777777777778,1712.4547628652108
MC.14,24E,1.016319767040581,0.6689315491728047,-866.3023129828638,-583.2768607283938,1688.1805555555554,1712.4547628652108
MC.13.1,24E,1.016580733467175,0.6689315491728047,-865.2513072767606,-583.2768607283938,1688.878125,1712.4547628652108
MC.26,24E,1.0170384482183792,0.6689315491728047,-866.0759075192918,-583.2768607283938,1690.115131578947,1712.4547628652108
MC.11,24E,1.017317782655733,0.6689315491728047,-865.4649790625762,-583.2768607283938,1690.878619153675,1712.4547628652108
MC.40,24E,1.0177777965542563,0.6689315491728047,-869.354388987656,-583.2768607283938,1692.15,1712.4547628652108
MC.30,24E,1.0183727495071235,0.6689315491728047,-868.8631280126096,-583.2768607283938,1693.8212290502793,1712.4547628652108
MC.16,24E,1.0189303237114324,0.6689315491728047,-867.6708979684232,-583.2768607283938,1695.4146341463415,1712.4547628652108
MC.3,24E,1.0197345929210386,0.6689315491728047,-871.3229449120024,-583.2768607283938,1697.7597402597405,1712.4547628652108
KP.3.1.1,24E,1.0197401293026496,0.6689315491728047,-866.6196013975733,-583.2768607283938,1697.776021925477,1712.4547628652108
MC.33,24E,1.0198591215930906,0.6689315491728047,-872.7211921212191,-583.2768607283938,1698.127659574468,1712.4547628652108
MC.13,24E,1.020374098933655,0.6689315491728047,-870.342909441087,-583.2768607283938,1699.6636513157894,1712.4547628652108
MC.25,24E,1.0204314265954622,0.6689315491728047,-873.4328005756496,-583.2768607283938,1699.8360655737704,1712.4547628652108
MC.4,24E,1.0206976320119052,0.6689315491728047,-874.0842635210986,-583.2768607283938,1700.6399999999999,1712.4547628652108
MC.6.1,24E,1.0207062096926178,0.6689315491728047,-876.2191183331156,-583.2768607283938,1700.6666666666665,1712.4547628652108
MC.15,24E,1.0208802646858788,0.6689315491728047,-874.593357348593,-583.2768607283938,1701.1951219512196,1712.4547628652108
MC.28,24E,1.0212914587653399,0.6689315491728047,-872.7022609652431,-583.2768607283938,1702.45521023766,1712.4547628652108
MC.24,24E,1.0213871053642027,0.6689315491728047,-871.7930497358776,-583.2768607283938,1702.750312891114,1712.4547628652108
MC.9.1,24E,1.0214586081558343,0.6689315491728047,-875.0428220751922,-583.2768607283938,1702.9714285714285,1712.4547628652108
MC.10,24E,1.0215417562518663,0.6689315491728047,-873.5523935988884,-583.2768607283938,1703.2290502793298,1712.4547628652108
MC.9,24E,1.0219249963066455,0.6689315491728047,-873.8712927753957,-583.2768607283938,1704.4240000000002,1712.4547628652108
MC.12,24E,1.022108356346457,0.6689315491728047,-878.3190355116993,-583.2768607283938,1705.0,1712.4547628652108
MC.24.2,24E,1.0236276001739892,0.6689315491728047,-878.9671158052274,-583.2768607283938,1709.875,1712.4547628652108
MC.2,24E,1.0237797347872633,0.6689315491728047,-876.7772040263754,-583.2768607283938,1710.3728813559321,1712.4547628652108
MC.30.1,24E,1.0238765079053997,0.6689315491728047,-879.6805009819477,-583.2768607283938,1710.6904761904761,1712.4547628652108
MC.22,24E,1.0250656793281867,0.6689315491728047,-880.9115236894309,-583.2768607283938,1714.6489361702127,1712.4547628652108
MC.2.1,24E,1.0254776549165299,0.6689315491728047,-880.8143911318982,-583.2768607283938,1716.0428571428572,1712.4547628652108
MC.35,24E,1.025483643957501,0.6689315491728047,-879.9753318543803,-583.2768607283938,1716.0631364562119,1712.4547628652108
MC.23,24E,1.0256160838228434,0.6689315491728047,-881.4154744445484,-583.2768607283938,1716.5136986301372,1712.4547628652108
MC.27,24E,1.0256609930377856,0.6689315491728047,-882.0817226513079,-583.2768607283938,1716.6666666666665,1712.4547628652108
MC.32,24E,1.0271233993056348,0.6689315491728047,-885.945791676322,-583.2768607283938,1721.7142857142853,1712.4547628652108
MC.18,24E,1.0275922962103259,0.6689315491728047,-887.1589439286248,-583.2768607283938,1723.3571428571427,1712.4547628652108
MC.1.5,24E,1.029806767512269,0.6689315491728047,-889.1922050898594,-583.2768607283938,1731.2380952380952,1712.4547628652108
MC.17,24E,1.0299711907966473,0.6689315491728047,-889.5010069237093,-583.2768607283938,1731.829268292683,1712.4547628652108
MC.20,24E,1.0299722797234887,0.6689315491728047,-890.7315589698737,-583.2768607283938,1731.833333333333,1712.4547628652108
MC.40.1,24E,1.0305733727571758,0.6689315491728047,-893.5649605298219,-583.2768607283938,1734.0,1712.4547628652108
MC.21,24E,1.0316795614397436,0.6689315491728047,-893.288079082189,-583.2768607283938,1738.0,1712.4547628652108
MC.33.2,24E,1.0321400254657866,0.6689315491728047,-895.8805089924422,-583.2768607283938,1739.6666666666665,1712.4547628652108
MC.36,24E,1.0323011511309756,0.6689315491728047,-895.4677130816024,-583.2768607283938,1740.2499999999998,1712.4547628652108
MC.39,24E,1.0329920941377655,0.6689315491728047,-897.7696034622116,-583.2768607283938,1742.75,1712.4547628652108
MC.28.1,24E,1.0338004870638218,0.6689315491728047,-898.368677694067,-583.2768607283938,1745.6666666666665,1712.4547628652108
MC.1.4,24E,1.0349139474963407,0.6689315491728047,-898.034523312868,-583.2768607283938,1749.659090909091,1712.4547628652108
MC.37,24E,1.0349210055531652,0.6689315491728047,-898.8866236481892,-583.2768607283938,1749.6842105263158,1712.4547628652108
MC.8.1,24E,1.03515864368091,0.6689315491728047,-897.0821687623197,-583.2768607283938,1750.5314285714285,1712.4547628652108
MC.26.1,24E,1.0353153092261325,0.6689315491728047,-899.4077309357999,-583.2768607283938,1751.088888888889,1712.4547628652108
MC.1.7,24E,1.036081500971111,0.6689315491728047,-901.8490490337432,-583.2768607283938,1753.8,1712.4547628652108
MC.1,24E,1.0363339319660276,0.6689315491728047,-897.5986981440009,-583.2768607283938,1754.6880341880342,1712.4547628652108
MC.1.6,24E,1.036748512567055,0.6689315491728047,-902.1441716605773,-583.2768607283938,1756.138888888889,1712.4547628652108
MC.13.4,24E,1.0394268956431645,0.6689315491728047,-906.9172684856953,-583.2768607283938,1765.264705882353,1712.4547628652108
MC.1.3.1,24E,1.039642378156101,0.6689315491728047,-907.0174263719992,-583.2768607283938,1765.977777777778,1712.4547628652108
MC.1.1,24E,1.0458803049678675,0.6689315491728047,-916.9521166720006,-583.2768607283938,1784.8652482269501,1712.4547628652108
MC.1.3,24E,1.0472492801584372,0.6689315491728047,-919.5677121527706,-583.2768607283938,1788.521008403361,1712.4547628652108
MC.10.1.2,24E,1.0472891499558212,0.6689315491728047,-921.645556242368,-583.2768607283938,1788.625,1712.4547628652108
MC.10.1.4,24E,1.048491968537504,0.6689315491728047,-923.62695113938,-583.2768607283938,1791.6842105263156,1712.4547628652108
MC.13.3.1,24E,1.0489840132743176,0.6689315491728047,-924.0859833064212,-583.2768607283938,1792.896551724138,1712.4547628652108
MC.10.1,24E,1.0496594305023115,0.6689315491728047,-921.6690176128774,-583.2768607283938,1794.5238095238094,1712.4547628652108
MC.17.1,24E,1.0497195331024545,0.6689315491728047,-926.2877358568319,-583.2768607283938,1794.6666666666665,1712.4547628652108
MC.10.1.1,24E,1.0500637513100002,0.6689315491728047,-923.3743832700037,-583.2768607283938,1795.478048780488,1712.4547628652108
MC.10.1.3,24E,1.0503306909814214,0.6689315491728047,-925.9578845470382,-583.2768607283938,1796.1000000000001,1712.4547628652108
MC.13.2.1,24E,1.0511860557283532,0.6689315491728047,-927.7181876249922,-583.2768607283938,1798.05,1712.4547628652108
MC.30.1.1,24E,1.054137149425726,0.6689315491728047,-932.0592429885734,-583.2768607283938,1804.3018867924527,1712.4547628652108
MC.38,24E,1.055447820730345,0.6689315491728047,-937.14330876537,-583.2768607283938,1806.8571428571427,1712.4547628652108
MC.1.2,24E,1.058245430967738,0.6689315491728047,-939.6853808706245,-583.2768607283938,1811.9080459770116,1712.4547628652108
MC.13.2,24E,1.0612865264229452,0.6689315491728047,-944.6069511196426,-583.2768607283938,1816.9113924050632,1712.4547628652108
MC.10.1.7,24E,1.0622352137750637,0.6689315491728047,-948.5607004371593,-583.2768607283938,1818.3529411764707,1712.4547628652108
MC.10.2,24E,1.062745609048365,0.6689315491728047,-947.7070656561696,-583.2768607283938,1819.1089108910892,1712.4547628652108
MC.10.1.5,24E,1.0650658956149057,0.6689315491728047,-952.6756992736913,-583.2768607283938,1822.3958333333333,1712.4547628652108
MC.21.1,24E,1.0662038132173302,0.6689315491728047,-953.571654514043,-583.2768607283938,1823.923076923077,1712.4547628652108
MC.33.1,24E,1.068440128723492,0.6689315491728047,-957.8284081607165,-583.2768607283938,1826.7786259541983,1712.4547628652108
MC.28.1.1,24E,1.0766238859189734,0.6689315491728047,-972.4825543282285,-583.2768607283938,1835.8743169398908,1712.4547628652108
MC.10.2.1,24E,1.0770235670116548,0.6689315491728047,-975.3348420570427,-583.2768607283938,1836.2727272727273,1712.4547628652108
MC.10.1.6,24E,1.079047965220089,0.6689315491728047,-977.40030115757,-583.2768607283938,1838.234782608696,1712.4547628652108
PA.1,24E,1.0793211968251624,0.6689315491728047,-977.7348775052817,-583.2768607283938,1838.4926470588234,1712.4547628652108
MC.32.1,24E,1.08810173440101,0.6689315491728047,-998.8244984854896,-583.2768607283938,1846.0,1712.4547628652108
MC.31,24E,1.093799391126581,0.6689315491728047,-1005.1648239673165,-583.2768607283938,1850.1666666666667,1712.4547628652108
MV.1,24I,1.0354569172778496,0.6773355136793197,-897.7788176339217,-602.5585631295023,1751.591836734694,1751.909090909091
MV.1.1,24I,1.0374494480974537,0.6773355136793197,-904.3204282285786,-602.5585631295023,1758.5714285714284,1751.909090909091
XEC.10,24F,0.9581285271319762,0.6873460570999008,-773.8742674519241,-616.4462251312727,1562.142857142857,1791.7708760420937
XEC.20,24F,1.0364943599007925,0.6873460570999008,-903.2020354058423,-616.4462251312727,1755.25,1791.7708760420937
XEC.3,24F,1.0427148990088224,0.6873460570999008,-912.415123388185,-616.4462251312727,1775.723404255319,1791.7708760420937
XEC.25,24F,1.0429414750039838,0.6873460570999008,-913.5766426858621,-616.4462251312727,1776.409090909091,1791.7708760420937
XEC.2.1,24F,1.0451502806438588,0.6873460570999008,-914.5800240119021,-616.4462251312727,1782.8418491484185,1791.7708760420937
XEC,24F,1.046398631729612,0.6873460570999008,-913.7352791094316,-616.4462251312727,1786.270617395223,1791.7708760420937
XEC.2.3,24F,1.0468222610242548,0.6873460570999008,-920.0279933313458,-616.4462251312727,1787.4,1791.7708760420937
XEC.17,24F,1.047015549073035,0.6873460570999008,-921.5309827860233,-616.4462251312727,1787.909090909091,1791.7708760420937
XEC.14,24F,1.0471485781768346,0.6873460570999008,-918.8054490868169,-616.4462251312727,1788.2582159624412,1791.7708760420937
XEC.13,24F,1.047318157033083,0.6873460570999008,-921.4742975971536,-616.4462251312727,1788.7,1791.7708760420937
XEC.19,24F,1.0478544677499955,0.6873460570999008,-920.5024463090396,-616.4462251312727,1790.0797101449275,1791.7708760420937
XEC.15,24F,1.0478780342846763,0.6873460570999008,-920.5592317923606,-616.4462251312727,1790.1397058823532,1791.7708760420937
XEC.12,24F,1.0487082551915723,0.6873460570999008,-921.7549593442405,-616.4462251312727,1792.2197802197802,1791.7708760420937
XEC.8,24F,1.0499798613944034,0.6873460570999008,-922.6732536708272,-616.4462251312727,1795.28129395218,1791.7708760420937
XEC.1,24F,1.0500067854044173,0.6873460570999008,-923.8159923260637,-616.4462251312727,1795.344537815126,1791.7708760420937
XEC.18,24F,1.050731988460594,0.6873460570999008,-925.426078028267,-616.4462251312727,1797.022857142857,1791.7708760420937
XEC.9,24F,1.0507987115768938,0.6873460570999008,-924.3138421478274,-616.4462251312727,1797.175,1791.7708760420937
XEC.22,24F,1.0514393401414817,0.6873460570999008,-928.1989946694799,-616.4462251312727,1798.6153846153848,1791.7708760420937
XEC.23,24F,1.0517142316106969,0.6873460570999008,-929.0612286008726,-616.4462251312727,1799.2222222222222,1791.7708760420937
XEC.16,24F,1.0524300332001049,0.6873460570999008,-930.5544660749357,-616.4462251312727,1800.7727272727275,1791.7708760420937
XEC.2,24F,1.0527283330132966,0.6873460570999008,-927.0843971778631,-616.4462251312727,1801.406611570248,1791.7708760420937
XEC.6,24F,1.0529102621818922,0.6873460570999008,-930.4674853236485,-616.4462251312727,1801.7894736842106,1791.7708760420937
XEC.5,24F,1.054933461493167,0.6873460570999008,-933.5549269570453,-616.4462251312727,1805.8700000000001,1791.7708760420937
XEC.2.2,24F,1.0565818943005023,0.6873460570999008,-935.5904569634437,-616.4462251312727,1808.9688715953307,1791.7708760420937
XEC.4,24F,1.0587808467995008,0.6873460570999008,-939.6879352568615,-616.4462251312727,1812.8165938864627,1791.7708760420937
XEC.24,24F,1.05911070829269,0.6873460570999008,-941.5303684732561,-616.4462251312727,1813.4242424242425,1791.7708760420937
XEC.2.3.1,24F,1.0620061974770862,0.6873460570999008,-949.0316157217659,-616.4462251312727,1817.9999999999998,1791.7708760420937
XEC.11.1.1,24F,1.0621336592753985,0.6873460570999008,-948.2135278391718,-616.4462251312727,1818.2,1791.7708760420937
XEC.11.1,24F,1.064288641144738,0.6873460570999008,-949.4854038864164,-616.4462251312727,1821.3215547703182,1791.7708760420937
XEC.21,24F,1.0646494874941923,0.6873460570999008,-951.8563331253872,-616.4462251312727,1821.8235294117644,1791.7708760420937
XEC.4.1,24F,1.065238794024593,0.6873460570999008,-950.880595788148,-616.4462251312727,1822.6313131313132,1791.7708760420937
XEC.8.1,24F,1.0681587189611081,0.6873460570999008,-959.1450592044047,-616.4462251312727,1826.428571428571,1791.7708760420937
XEC.11,24F,1.0727558627830236,0.6873460570999008,-967.8259788923734,-616.4462251312727,1831.8125,1791.7708760420937
LF.7.1.1,24H,1.0258757492889536,0.6948627434287983,-885.2354709392143,-632.1400467608506,1717.4,1812.0612602100352
LF.7.4,24H,1.029503844868205,0.6948627434287983,-890.1030189274012,-632.1400467608506,1730.1500000000003,1812.0612602100352
LF.7.5,24H,1.0334307628277128,0.6948627434287983,-898.1289774257434,-632.1400467608506,1744.3333333333333,1812.0612602100352
LF.7.1.4,24H,1.0427589363214367,0.6948627434287983,-914.3975618842552,-632.1400467608506,1775.8571428571427,1812.0612602100352
LF.7.2,24H,1.042994456875513,0.6948627434287983,-912.7013634490985,-632.1400467608506,1776.5689655172412,1812.0612602100352
LF.7.7,24H,1.0447107980388204,0.6948627434287983,-918.2059217863443,-632.1400467608506,1781.6000000000001,1812.0612602100352
LF.7,24H,1.0455195421041603,0.6948627434287983,-916.9004334831621,-632.1400467608506,1783.8717948717947,1812.0612602100352
PC.1,24H,1.045883954906929,0.6948627434287983,-919.8279528558157,-632.1400467608506,1784.875,1812.0612602100352
LF.7.3.1,24H,1.0471206153887722,0.6948627434287983,-920.8209008695737,-632.1400467608506,1788.1851851851852,1812.0612602100352
LF.7.1,24H,1.0483416032258506,0.6948627434287983,-920.584983787196,-632.1400467608506,1791.3092105263154,1812.0612602100352
LF.7.1.3,24H,1.0487542649037858,0.6948627434287983,-923.9969053243733,-632.1400467608506,1792.3333333333333,1812.0612602100352
NT.1,24H,1.0487544237250634,0.6948627434287983,-924.844491099136,-632.1400467608506,1792.3333333333333,1812.0612602100352
LF.7.3.2,24H,1.049026202943018,0.6948627434287983,-925.7371609425335,-632.1400467608506,1792.9999999999998,1812.0612602100352
LF.7.1.5,24H,1.0503188480942256,0.6948627434287983,-925.0283551602265,-632.1400467608506,1796.072580645161,1812.0612602100352
LF.7.3,24H,1.051795249651023,0.6948627434287983,-928.328453788417,-632.1400467608506,1799.4,1812.0612602100352
LF.7.6,24H,1.0522792524664837,0.6948627434287983,-930.378277762828,-632.1400467608506,1800.45,1812.0612602100352
LF.7.1.2,24H,1.0564103187771638,0.6948627434287983,-936.7687423229264,-632.1400467608506,1808.655172413793,1812.0612602100352
LF.7.2.1,24H,1.0567962953542467,0.6948627434287983,-935.9253008517104,-632.1400467608506,1809.3579335793358,1812.0612602100352
LF.7.6.1,24H,1.0568032195211152,0.6948627434287983,-937.5509641287993,-632.1400467608506,1809.3703703703702,1812.0612602100352
LF.7.3.5,24H,1.058635173444225,0.6948627434287983,-941.8130729406514,-632.1400467608506,1812.5714285714284,1812.0612602100352
LF.7.3.3,24H,1.0588050466709131,0.6948627434287983,-943.2196201979152,-632.1400467608506,1812.8571428571427,1812.0612602100352
NT.2,24H,1.0786921405432595,0.6948627434287983,-979.1886171237319,-632.1400467608506,1837.9,1812.0612602100352
LF.7.7.1,24H,1.0790297907721502,0.6948627434287983,-976.6353609880175,-632.1400467608506,1838.217573221757,1812.0612602100352
LF.7.7.2,24H,1.0999826699636248,0.6948627434287983,-1015.301849660729,-632.1400467608506,1854.1585365853657,1812.0612602100352
LF.7.9,24H,1.1184055388950982,0.6948627434287983,-1051.5603321526437,-632.1400467608506,1863.4242424242425,1812.0612602100352
LP.8.1.2,25A,1.0629657630033662,0.711104540068781,-948.0977329196635,-660.4369423741957,1819.4313725490197,1837.4138445472174
NY.2,25A,1.0637037930853075,0.711104540068781,-951.986451290145,-660.4369423741957,1820.5,1837.4138445472174
LP.8.1.7,25A,1.0649278303690075,0.711104540068781,-952.2348607776528,-660.4369423741957,1822.2068965517242,1837.4138445472174
LP.8.1.9,25A,1.0654682338169403,0.711104540068781,-953.7837236026071,-660.4369423741957,1822.939393939394,1837.4138445472174
LP.8.1.5,25A,1.067378391526037,0.711104540068781,-954.8758725856493,-660.4369423741957,1825.4459833795013,1837.4138445472174
LP.8.1,25A,1.0692634755130055,0.711104540068781,-956.5893512543412,-660.4369423741957,1827.784872298625,1837.4138445472174
NY.5,25A,1.0729265015401444,0.711104540068781,-967.3558137789089,-660.4369423741957,1832.0,1837.4138445472174
LP.8.1.3,25A,1.073674479657188,0.711104540068781,-967.7174143856287,-660.4369423741957,1832.8125,1837.4138445472174
NY.6,25A,1.0748173328378527,0.711104540068781,-970.6882149325587,-660.4369423741957,1834.0249999999999,1837.4138445472174
NY.4,25A,1.074941807568054,0.711104540068781,-970.7987294830211,-660.4369423741957,1834.1555555555556,1837.4138445472174
LP.8.1.4,25A,1.0767702712799876,0.711104540068781,-972.2909154024436,-660.4369423741957,1836.0206896551724,1837.4138445472174
NY.8,25A,1.0786029449574877,0.711104540068781,-977.3569837114325,-660.4369423741957,1837.8113207547167,1837.4138445472174
LP.8.1.6,25A,1.0796735120504886,0.711104540068781,-978.2327245435683,-660.4369423741957,1838.8227848101267,1837.4138445472174
LP.8.1.8,25A,1.0819267776436352,0.711104540068781,-982.4303700579765,-660.4369423741957,1840.8733333333334,1837.4138445472174
NY.1,25A,1.085403553958133,0.711104540068781,-990.3808031142007,-660.4369423741957,1843.84375,1837.4138445472174
NY.3,25A,1.0857210659593848,0.711104540068781,-989.395070318945,-660.4369423741957,1844.1038961038962,1837.4138445472174
LP.8.1.1,25A,1.0879465352842743,0.711104540068781,-990.5454038421449,-660.4369423741957,1845.8790131801286,1837.4138445472174
NW.1,25A,1.0983154905958046,0.711104540068781,-1013.497309095555,-660.4369423741957,1853.1323529411766,1837.4138445472174
NY.7,25A,1.1024963826533718,0.711104540068781,-1022.2510053660559,-660.4369423741957,1855.6399999999999,1837.4138445472174
