seqName,clade,pango_growth,clade_growth,pango_lif,clade_lif,pango_time,clade_time
A,19B,0.0,0.0,0.0,0.0,45.18181818181817,150.19930575643622
A.5,19B,-0.10469778922278032,0.0,3.548219818432364,0.0,45.375,150.19930575643622
A.1,19B,-0.04307317434769589,0.0,6.203679161628212,0.0,63.35018315018315,150.19930575643622
A.3,19B,-0.03479592637508675,0.0,4.70391982128349,0.0,66.62626262626262,150.19930575643622
A.2,19B,-0.008009435671375617,0.0,-0.34049561711388543,0.0,109.26174496644293,150.19930575643622
A.19,19B,0.008931539233431873,0.0,-6.74269045565374,0.0,246.0,150.19930575643622
A.23,19B,0.012769018145677963,0.0,-6.8434035187806606,0.0,283.0,150.19930575643622
A.27,19B,0.03918535480608115,0.0,-15.665804968936879,0.0,392.75,150.19930575643622
A.21,19B,0.03922072894461999,0.0,-13.952478261684483,0.0,392.8222222222222,150.19930575643622
A.28,19B,0.043001602902321384,0.0,-17.31251312076804,0.0,400.1428571428571,150.19930575643622
A.23.1,19B,0.0474189161321113,0.0,-16.49235712947053,0.0,412.15,150.19930575643622
A.29,19B,0.05212914683066524,0.0,-21.449049677364577,0.0,420.40000000000003,150.19930575643622
A.2.5.3,19B,0.06995811344910781,0.0,-28.334394949814737,0.0,450.66666666666663,150.19930575643622
A.2.5,19B,0.07582896478511071,0.0,-26.54003852595812,0.0,462.28136882129274,150.19930575643622
A.2.5.1,19B,0.07589194455894104,0.0,-29.46716276587325,0.0,462.41379310344826,150.19930575643622
A.2.5.2,19B,0.07682352394162001,0.0,-28.655996700127726,0.0,464.3980099502487,150.19930575643622
B.1.371,20C,-0.018047394689695385,0.007651817666639879,3.4105120524041843,1.3194005630805827,82.61111111111111,249.96376972281448
B.1.356,20C,-0.01680542912886943,0.007651817666639879,-0.21130202983427374,1.3194005630805827,85.14893617021276,249.96376972281448
B.1.319,20C,-0.012821762950850853,0.007651817666639879,1.5630507227841788,1.3194005630805827,98.20000000000002,249.96376972281448
B.1.320,20C,-0.009830674776833605,0.007651817666639879,2.649866793000971,1.3194005630805827,107.63888888888889,249.96376972281448
B.1.503,20C,-3.6112565523097985e-05,0.007651817666639879,0.3496108322550419,1.3194005630805827,156.55438596491229,249.96376972281448
B.1.426,20C,0.00044589160013395535,0.007651817666639879,1.5422969494898509,1.3194005630805827,160.32797202797204,249.96376972281448
B.1.606,20C,0.0013541737752750303,0.007651817666639879,-0.8161222366752459,1.3194005630805827,168.35668789808915,249.96376972281448
B.1.336,20C,0.002003455700815393,0.007651817666639879,0.13006501301081833,1.3194005630805827,174.36283185840705,249.96376972281448
B.1.3,20C,0.0039007266043078097,0.007651817666639879,0.07664143225636336,1.3194005630805827,193.01317957166395,249.96376972281448
B.1.453,20C,0.004638074022613719,0.007651817666639879,-0.5289624761606425,1.3194005630805827,200.6135770234987,249.96376972281448
B.1.570,20C,0.005866346248162905,0.007651817666639879,-0.5127230397912054,1.3194005630805827,213.54980079681275,249.96376972281448
B.1.499,20C,0.006501284024205256,0.007651817666639879,-3.062396616954224,1.3194005630805827,220.31111111111113,249.96376972281448
B.1.340,20C,0.0065559377912150765,0.007651817666639879,-1.2356689257395317,1.3194005630805827,220.8939929328622,249.96376972281448
B.1.428,20C,0.006686424511186993,0.007651817666639879,-4.270972692006883,1.3194005630805827,222.28571428571425,249.96376972281448
B.1.567,20C,0.008189605403155052,0.007651817666639879,-1.5457628411897673,1.3194005630805827,238.24834437086093,249.96376972281448
B.1.509,20C,0.0082011315803256,0.007651817666639879,0.02038221941846147,1.3194005630805827,238.3696551724138,249.96376972281448
B.1.350,20C,0.009017890469839368,0.007651817666639879,-3.267463897677177,1.3194005630805827,246.8939393939394,249.96376972281448
B.1.566,20C,0.009189778539701177,0.007651817666639879,-4.003202119764498,1.3194005630805827,248.66666666666669,249.96376972281448
B.1.324,20C,0.010718781703497741,0.007651817666639879,-1.02170009332299,1.3194005630805827,264.0031152647975,249.96376972281448
B.1.367,20C,0.011396216885974158,0.007651817666639879,-7.379653950433739,1.3194005630805827,270.5,249.96376972281448
B.1.346,20C,0.012814362121504741,0.007651817666639879,-2.1890384991053913,1.3194005630805827,283.3966165413534,249.96376972281448
B.1.587,20C,0.01553765249708021,0.007651817666639879,-2.744493232822194,1.3194005630805827,305.20851688693097,249.96376972281448
B.1.349,20C,0.015980898814652474,0.007651817666639879,-2.0586808317484273,1.3194005630805827,308.38411878631376,249.96376972281448
B.1.265,20C,0.016041165403886424,0.007651817666639879,-2.5630288223399664,1.3194005630805827,308.8079748163694,249.96376972281448
B.1.361,20C,0.01633670426629822,0.007651817666639879,-2.5759282325026143,1.3194005630805827,310.85935984481085,249.96376972281448
B.1.298,20C,0.016678205923776238,0.007651817666639879,-3.309033841432236,1.3194005630805827,313.1742286751361,249.96376972281448
B.1.577,20C,0.017729004128795644,0.007651817666639879,-2.2765134351393783,1.3194005630805827,319.93466172381835,249.96376972281448
B.1.605,20C,0.020561855077099452,0.007651817666639879,-5.521597603702613,1.3194005630805827,335.69014084507046,249.96376972281448
B.1.311,20C,0.021464512700276394,0.007651817666639879,-2.826184219330662,1.3194005630805827,340.0504672897196,249.96376972281448
B.1.433,20C,0.02208981890813439,0.007651817666639879,-5.566617905719838,1.3194005630805827,342.90935672514615,249.96376972281448
B.1.497,20C,0.02211011112285896,0.007651817666639879,-10.715236261255768,1.3194005630805827,343.0,249.96376972281448
B.1.375,20C,0.022267857170413834,0.007651817666639879,-4.504101793920927,1.3194005630805827,343.7005703422053,249.96376972281448
B.1.588,20C,0.02678867569608317,0.007651817666639879,-5.777981953096617,1.3194005630805827,360.9972413793103,249.96376972281448
B.1.517,20C,0.028390753504306518,0.007651817666639879,-5.784641011234923,1.3194005630805827,366.1081814656844,249.96376972281448
B.1.568,20C,0.030395217848731206,0.007651817666639879,-7.432624801022223,1.3194005630805827,371.95480769230767,249.96376972281448
B.1.362,20C,0.03783916116633477,0.007651817666639879,-12.861693127619926,1.3194005630805827,389.94871794871796,249.96376972281448
B.1.575,20C,0.043616529970333336,0.007651817666639879,-11.352069985635948,1.3194005630805827,404.99363057324837,249.96376972281448
B.1.623,20C,0.052205721778039976,0.007651817666639879,-15.468029399318683,1.3194005630805827,420.5308219178083,249.96376972281448
B.1.575.1,20C,0.05668704109993272,0.007651817666639879,-24.992045021974334,1.3194005630805827,428.0,249.96376972281448
B.1.637,20C,0.06579356852482011,0.007651817666639879,-19.311560605417665,1.3194005630805827,443.19592760181,249.96376972281448
B.1.630,20C,0.09821816895111034,0.007651817666639879,-39.626049789055834,1.3194005630805827,517.3145161290322,249.96376972281448
B.1.626,20C,0.10076863549488772,0.007651817666639879,-40.986308755674756,1.3194005630805827,523.6166666666666,249.96376972281448
B.1.91,20A,-0.09555935294073478,0.010435270606816177,2.6756318301027773,0.41734082689292484,47.578947368421055,286.8953708124453
B.1.8,20A,-0.015532486757201746,0.010435270606816177,-0.05141959294694047,0.41734082689292484,88.0,286.8953708124453
B.1.1.326,20A,-0.010568915106670953,0.010435270606816177,-2.744787592274627,0.41734082689292484,99.68421052631577,286.8953708124453
B.1.110,20A,-0.00762560285712468,0.010435270606816177,0.3451596934545985,0.41734082689292484,115.74999999999999,286.8953708124453
B.1.391,20A,-0.006216939116375011,0.010435270606816177,-0.791816402847648,0.41734082689292484,129.8709677419355,286.8953708124453
B.1.441,20A,-0.0009058132665732809,0.010435270606816177,-2.1467328006818374,0.41734082689292484,155.0,286.8953708124453
B.1.128,20A,-0.00018772575864547546,0.010435270606816177,-4.9301017082351954,0.41734082689292484,156.25373134328356,286.8953708124453
B.1.379,20A,0.0005239311285879991,0.010435270606816177,-2.0980849148449043,0.41734082689292484,161.0,286.8953708124453
B.1.206,20A,0.0007886579376240498,0.010435270606816177,1.5491843970626817,0.41734082689292484,163.3048620236531,286.8953708124453
B.1.540,20A,0.001315001802728494,0.010435270606816177,-5.865772908456333,0.41734082689292484,168.0,286.8953708124453
B.1,20A,0.004657136651972812,0.010435270606816177,5.049696116175851,0.41734082689292484,200.81205600589536,286.8953708124453
B.1.600,20A,0.005057501294607455,0.010435270606816177,-6.562059497467936,0.41734082689292484,205.0,286.8953708124453
B.1.36.16,20A,0.008623800204429516,0.010435270606816177,-5.751186436563931,0.41734082689292484,242.8,286.8953708124453
B.1.397,20A,0.008696546482721066,0.010435270606816177,-2.017023815017121,0.41734082689292484,243.5586854460094,286.8953708124453
B.1.189,20A,0.008704624375757168,0.010435270606816177,-4.741226713846585,0.41734082689292484,243.64285714285714,286.8953708124453
B.1.399,20A,0.009288136184272525,0.010435270606816177,-1.178580953053749,0.41734082689292484,249.67719298245615,286.8953708124453
B.1.377,20A,0.009288770796948218,0.010435270606816177,-1.7781726091595784,0.41734082689292484,249.6837060702875,286.8953708124453
B.1.402,20A,0.0101855265158899,0.010435270606816177,-2.8323866079840254,0.41734082689292484,258.75182481751824,286.8953708124453
B.1.240,20A,0.010229138001952957,0.010435270606816177,1.1665680153126183,0.41734082689292484,259.18552335582905,286.8953708124453
B.1.9,20A,0.010267380468216205,0.010435270606816177,-4.638086568846896,0.41734082689292484,259.5652173913044,286.8953708124453
B.1.416,20A,0.010341543435425404,0.010435270606816177,-5.490273007486705,0.41734082689292484,260.3,286.8953708124453
B.1.210,20A,0.010446204883295746,0.010435270606816177,-6.721544802464274,0.41734082689292484,261.3333333333333,286.8953708124453
B.1.147,20A,0.010659091605712016,0.010435270606816177,-4.931573835767693,0.41734082689292484,263.42105263157896,286.8953708124453
B.1.565,20A,0.011641789897584727,0.010435270606816177,-0.35421659484896467,0.41734082689292484,272.804158004158,286.8953708124453
B.1.236,20A,0.012053314832189603,0.010435270606816177,-6.643134846411524,0.41734082689292484,276.6,286.8953708124453
B.1.146,20A,0.01242989697396841,0.010435270606816177,-8.357382545832024,0.41734082689292484,280.0,286.8953708124453
B.1.436,20A,0.012545991354113826,0.010435270606816177,-1.2598443359318043,0.41734082689292484,281.03362690152125,286.8953708124453
B.1.126,20A,0.012596628880982313,0.010435270606816177,-1.16928666169077,0.41734082689292484,281.4823359769286,286.8953708124453
B.1.110.3,20A,0.012783570085687996,0.010435270606816177,-0.9454351509301588,0.41734082689292484,283.1273920174959,286.8953708124453
B.1.396,20A,0.013291567335337756,0.010435270606816177,-1.246264362309924,0.41734082689292484,287.5054313099041,286.8953708124453
B.1.466,20A,0.013628447784053819,0.010435270606816177,-7.600625488595715,0.41734082689292484,290.3333333333333,286.8953708124453
B.1.558,20A,0.013731084875618384,0.010435270606816177,-3.564295100326743,0.41734082689292484,291.18285714285713,286.8953708124453
B.1.36.38,20A,0.014159375064688702,0.010435270606816177,-6.657317527394862,0.41734082689292484,294.66666666666663,286.8953708124453
B.1.239,20A,0.014640105686664715,0.010435270606816177,-2.0453411422030485,0.41734082689292484,298.4593301435407,286.8953708124453
B.1.241,20A,0.01488956796915603,0.010435270606816177,-1.6199854811950245,0.41734082689292484,300.3784097504353,286.8953708124453
B.1.400,20A,0.015020754047969447,0.010435270606816177,-1.054217901444784,0.41734082689292484,301.3742078580482,286.8953708124453
B.1.78,20A,0.01617138490796057,0.010435270606816177,-4.247980077279168,0.41734082689292484,309.7173913043478,286.8953708124453
B.1.609,20A,0.01635487047308387,0.010435270606816177,-2.053061508237678,0.41734082689292484,310.98399085191534,286.8953708124453
B.1.260,20A,0.01702585510752307,0.010435270606816177,-6.896831007836676,0.41734082689292484,315.4705882352941,286.8953708124453
B.1.395,20A,0.01705949936411922,0.010435270606816177,-6.373366072015166,0.41734082689292484,315.6896551724138,286.8953708124453
B.1.243,20A,0.01750991649219735,0.010435270606816177,-0.09290725204403832,0.41734082689292484,318.56921354603975,286.8953708124453
B.1.222,20A,0.018460695942566233,0.010435270606816177,-9.090556066603984,0.41734082689292484,324.3333333333333,286.8953708124453
B.1.36.1,20A,0.018783966037062172,0.010435270606816177,-7.9917336900013405,0.41734082689292484,326.20000000000005,286.8953708124453
B.1.398,20A,0.019043655435219978,0.010435270606816177,-8.58746053007444,0.41734082689292484,327.66666666666663,286.8953708124453
B.1.234,20A,0.019741411702872167,0.010435270606816177,-1.4636010337816947,0.41734082689292484,331.46772644830895,286.8953708124453
B.1.232,20A,0.01989726283408911,0.010435270606816177,-2.9484695009956385,0.41734082689292484,332.28980322003576,286.8953708124453
B.1.462,20A,0.0199374148006833,0.010435270606816177,-9.981116583019704,0.41734082689292484,332.5,286.8953708124453
B.1.36,20A,0.01996839237253747,0.010435270606816177,-5.067791139773356,0.41734082689292484,332.6618181818182,286.8953708124453
B.1.212,20A,0.020227389958157777,0.010435270606816177,-10.077745954742163,0.41734082689292484,334.0,286.8953708124453
B.1.179,20A,0.020624080814652748,0.010435270606816177,-8.195738639978495,0.41734082689292484,336.0,286.8953708124453
B.1.258.3,20A,0.020624082258824006,0.010435270606816177,-10.210646192120741,0.41734082689292484,336.0,286.8953708124453
B.1.544,20A,0.021083038730749525,0.010435270606816177,-5.750247667210815,0.41734082689292484,338.24257425742576,286.8953708124453
B.1.160,20A,0.02115291560861005,0.010435270606816177,-6.819482645184264,0.41734082689292484,338.57746478873236,286.8953708124453
B.1.438,20A,0.021271337037775003,0.010435270606816177,-6.679639474215119,0.41734082689292484,339.1411764705882,286.8953708124453
B.1.404,20A,0.021511347153068835,0.010435270606816177,-4.1738507751700125,0.41734082689292484,340.2690265486725,286.8953708124453
B.1.258.17,20A,0.02242945350387752,0.010435270606816177,-7.8545868340675975,0.41734082689292484,344.4102564102564,286.8953708124453
B.1.466.1,20A,0.022477932835791054,0.010435270606816177,-7.923932580592172,0.41734082689292484,344.62162162162167,286.8953708124453
B.1.409,20A,0.022628867435257893,0.010435270606816177,-4.351295898969298,0.41734082689292484,345.2752161383285,286.8953708124453
B.1.561,20A,0.0227147920475172,0.010435270606816177,-3.633158484996093,0.41734082689292484,345.64427012278304,286.8953708124453
B.1.527,20A,0.022983037818198368,0.010435270606816177,-8.573975058198375,0.41734082689292484,346.78260869565213,286.8953708124453
B.1.36.19,20A,0.023275297769995016,0.010435270606816177,-11.117850786390859,0.41734082689292484,348.0,286.8953708124453
B.1.530,20A,0.02450110718605421,0.010435270606816177,-10.294686718647615,0.41734082689292484,352.8571428571429,286.8953708124453
B.1.416.1,20A,0.024538534499176534,0.010435270606816177,-12.253797994069451,0.41734082689292484,353.0,286.8953708124453
B.1.160.16,20A,0.024626583601928764,0.010435270606816177,-11.186286825026434,0.41734082689292484,353.3333333333333,286.8953708124453
B.1.549,20A,0.02489335279248969,0.010435270606816177,-11.280678887336919,0.41734082689292484,354.3333333333333,286.8953708124453
B.1.480,20A,0.025446371818207962,0.010435270606816177,-9.14182112960929,0.41734082689292484,356.3548387096774,286.8953708124453
B.1.221,20A,0.025910289992785683,0.010435270606816177,-10.033461670467858,0.41734082689292484,358.0,286.8953708124453
B.1.258,20A,0.026066144604982508,0.010435270606816177,-8.548854320523926,0.41734082689292484,358.5428571428572,286.8953708124453
B.1.36.31,20A,0.02648868449072699,0.010435270606816177,-8.31442643381355,0.41734082689292484,359.9902912621359,286.8953708124453
B.1.551,20A,0.02702539786225466,0.010435270606816177,-6.1516728198006705,0.41734082689292484,361.7801287948482,286.8953708124453
B.1.471,20A,0.028555817202625684,0.010435270606816177,-10.809899344487876,0.41734082689292484,366.6111111111111,286.8953708124453
B.1.36.18,20A,0.028951380991604065,0.010435270606816177,-12.236087568541922,0.41734082689292484,367.8,286.8953708124453
B.1.36.7,20A,0.030878504725926077,0.010435270606816177,-12.61377744794574,0.41734082689292484,373.2857142857142,286.8953708124453
B.1.36.24,20A,0.032152251354349036,0.010435270606816177,-13.938714178078667,0.41734082689292484,376.66666666666663,286.8953708124453
B.1.111,20A,0.03306754845479559,0.010435270606816177,-9.123578160102559,0.41734082689292484,378.99043977055453,286.8953708124453
B.1.420,20A,0.03357136587532621,0.010435270606816177,-12.741203140003444,0.41734082689292484,380.235294117647,286.8953708124453
B.1.36.35,20A,0.034512408958149034,0.010435270606816177,-15.240155924223702,0.41734082689292484,382.5,286.8953708124453
B.1.36.29,20A,0.04349213730091405,0.010435270606816177,-15.216780835127535,0.41734082689292484,404.74999999999994,286.8953708124453
B.1.214.3,20A,0.04448005431479405,0.010435270606816177,-18.79564159640389,0.41734082689292484,406.66666666666663,286.8953708124453
B.1.438.1,20A,0.044608762043245126,0.010435270606816177,-15.886170571269522,0.41734082689292484,406.91379310344826,286.8953708124453
B.1.618,20A,0.04553266858209302,0.010435270606816177,-18.126152723814563,0.41734082689292484,408.66666666666663,286.8953708124453
B.1.619,20A,0.04893279987604424,0.010435270606816177,-18.632492931659954,0.41734082689292484,414.8636363636364,286.8953708124453
B.1.36.22,20A,0.05017294450914951,0.010435270606816177,-22.239073332331856,0.41734082689292484,417.0,286.8953708124453
B.1.470,20A,0.05189356178564549,0.010435270606816177,-22.95950199340206,0.41734082689292484,420.0,286.8953708124453
B.1.214.2,20A,0.05443584655293345,0.010435270606816177,-19.008839331517326,0.41734082689292484,424.27631578947364,286.8953708124453
B.1.636,20A,0.05639617260725888,0.010435270606816177,-20.30327721300705,0.41734082689292484,427.52083333333326,286.8953708124453
B.1.466.2,20A,0.05817381640945126,0.010435270606816177,-23.43298200372264,0.41734082689292484,430.44444444444446,286.8953708124453
B.1.560,20A,0.0591181923288847,0.010435270606816177,-24.24570188476098,0.41734082689292484,431.99999999999994,286.8953708124453
B.1.617.3,20A,0.061324544405331395,0.010435270606816177,-24.596683643738036,0.41734082689292484,435.6363636363636,286.8953708124453
B.1.627,20A,0.06238154469846359,0.010435270606816177,-21.49240110635461,0.41734082689292484,437.39588688946014,286.8953708124453
B.1.620,20A,0.07080203247867566,0.010435270606816177,-27.868089458153296,0.41734082689292484,452.25,286.8953708124453
B.1.625,20A,0.07237033907773087,0.010435270606816177,-26.92147971049413,0.41734082689292484,455.265306122449,286.8953708124453
B.1.639,20A,0.07282933235788978,0.010435270606816177,-28.249881577803052,0.41734082689292484,456.16666666666663,286.8953708124453
B.1.634,20A,0.0834054655290028,0.010435270606816177,-31.741675499630645,0.41734082689292484,479.52195121951223,286.8953708124453
B.1.631,20A,0.09347275565919236,0.010435270606816177,-36.506633418581735,0.41734082689292484,505.19354838709677,286.8953708124453
B.1.22,20A,0.10291258027627333,0.010435270606816177,-44.06873610894146,0.41734082689292484,528.7647058823529,286.8953708124453
B.1.415.1,20A,0.10313876162181025,0.010435270606816177,-44.025868479455525,0.41734082689292484,529.3,286.8953708124453
B.1.617,20A,0.11846171692458567,0.010435270606816177,-49.94281158610719,0.41734082689292484,562.8497854077253,286.8953708124453
B.1.640.1,20A,0.18865561587101506,0.010435270606816177,-97.59400074400098,0.41734082689292484,679.4,286.8953708124453
B.1.459,20A,0.2233002474592142,0.010435270606816177,-123.69043532819735,0.41734082689292484,693.0,286.8953708124453
B.1.1.369,20B,-0.08918835122606263,0.014998388834402193,0.4275514958780326,-1.4710107053118264,51.74358974358974,333.95096580113994
B.1.1.61,20B,-0.010123438245993065,0.014998388834402193,0.33789819951677846,-1.4710107053118264,100.69367088607595,333.95096580113994
B.1.1.10,20B,-0.003671766098679758,0.014998388834402193,-1.0019079024405297,-1.4710107053118264,135.76785714285714,333.95096580113994
B.1.1.398,20B,-0.0027602096902001197,0.014998388834402193,-1.2247273823484857,-1.4710107053118264,149.24137931034483,333.95096580113994
B.1.1.291,20B,0.0001967041285263064,0.014998388834402193,1.6370806659698525,-1.4710107053118264,158.20516214427528,333.95096580113994
B.1.1.8,20B,0.0003288252694040645,0.014998388834402193,-1.1505455538135914,-1.4710107053118264,159.32631578947368,333.95096580113994
B.1.1.33,20B,0.0023852320502026052,0.014998388834402193,-0.608457595080002,-1.4710107053118264,177.991341991342,333.95096580113994
B.1.1.83,20B,0.0032990712636068284,0.014998388834402193,-3.384379741330739,-1.4710107053118264,186.94117647058826,333.95096580113994
B.1.1.462,20B,0.0034547762535817005,0.014998388834402193,-3.356450217887196,-1.4710107053118264,188.5,333.95096580113994
B.1.1.376,20B,0.0035160343752049347,0.014998388834402193,-1.0113639804037537,-1.4710107053118264,189.11578947368423,333.95096580113994
B.1.1.391,20B,0.00564493885652124,0.014998388834402193,-5.074863103478245,-1.4710107053118264,211.2,333.95096580113994
B.1.1.135,20B,0.005645464354469582,0.014998388834402193,-0.5488478904555437,-1.4710107053118264,211.20562770562773,333.95096580113994
B.1.1.174,20B,0.005747482232005497,0.014998388834402193,-1.2854796480388926,-1.4710107053118264,212.28761061946904,333.95096580113994
B.1.1.205,20B,0.00654319959697643,0.014998388834402193,-1.5076649046495167,-1.4710107053118264,220.7581395348837,333.95096580113994
B.1.1.228,20B,0.007292960547928463,0.014998388834402193,-0.7910658907614049,-1.4710107053118264,228.75047984644917,333.95096580113994
B.1.1.464,20B,0.007429227047977321,0.014998388834402193,-0.07957613239383847,-1.4710107053118264,230.20000000000002,333.95096580113994
B.1.1.70,20B,0.007592782092784802,0.014998388834402193,-4.34328999535869,-1.4710107053118264,231.9375,333.95096580113994
B.1.1.378,20B,0.00841984044229339,0.014998388834402193,-6.212708797663722,-1.4710107053118264,240.66666666666666,333.95096580113994
B.1.1.27,20B,0.008682919828347763,0.014998388834402193,-4.890091565259072,-1.4710107053118264,243.41666666666666,333.95096580113994
B.1.1.231,20B,0.009166427416882299,0.014998388834402193,-1.5537342013975757,-1.4710107053118264,248.42631578947373,333.95096580113994
B.1.1.203,20B,0.009287057616092413,0.014998388834402193,-6.4253406723473425,-1.4710107053118264,249.66666666666666,333.95096580113994
B.1.1.63,20B,0.009570836926895414,0.014998388834402193,-4.45971593989695,-1.4710107053118264,252.56521739130434,333.95096580113994
B.1.1.485,20B,0.009695765237085817,0.014998388834402193,-5.835083920880345,-1.4710107053118264,253.83333333333331,333.95096580113994
B.1.1.189,20B,0.010554728000559545,0.014998388834402193,-6.239139113789337,-1.4710107053118264,262.40000000000003,333.95096580113994
B.1.1.181,20B,0.010847158035984794,0.014998388834402193,-6.53943303366548,-1.4710107053118264,265.25,333.95096580113994
B.1.1.459,20B,0.010924734738834244,0.014998388834402193,-7.946340475948879,-1.4710107053118264,266.0,333.95096580113994
N.4,20B,0.01095066852651224,0.014998388834402193,-6.566939021528519,-1.4710107053118264,266.25,333.95096580113994
B.1.1,20B,0.011430428975404989,0.014998388834402193,1.8405330137931049,-1.4710107053118264,270.8230648484254,333.95096580113994
B.1.1.305,20B,0.011537934141789588,0.014998388834402193,-5.626332643753855,-1.4710107053118264,271.8333333333333,333.95096580113994
B.1.1.192,20B,0.01192277630623851,0.014998388834402193,-1.923123049473681,-1.4710107053118264,275.40480591497226,333.95096580113994
B.1.1.46,20B,0.011951302585646714,0.014998388834402193,-7.125789937444678,-1.4710107053118264,275.66666666666663,333.95096580113994
B.1.1.404,20B,0.012097191907116406,0.014998388834402193,-8.26470813137972,-1.4710107053118264,277.0,333.95096580113994
B.1.1.294,20B,0.012107217090298918,0.014998388834402193,-5.869599651731658,-1.4710107053118264,277.0909090909091,333.95096580113994
B.1.1.298,20B,0.01220741681857928,0.014998388834402193,-8.29530689072554,-1.4710107053118264,278.0,333.95096580113994
B.1.1.359,20B,0.012207433477530082,0.014998388834402193,-6.9090147336447805,-1.4710107053118264,278.0,333.95096580113994
B.1.1.329,20B,0.012873852293589956,0.014998388834402193,-2.7173656343357573,-1.4710107053118264,283.9153605015674,333.95096580113994
B.1.1.263,20B,0.013290923983523467,0.014998388834402193,-7.215424955689708,-1.4710107053118264,287.5,333.95096580113994
B.1.1.44,20B,0.013725451138626108,0.014998388834402193,-5.636398564637616,-1.4710107053118264,291.1363636363637,333.95096580113994
B.1.1.186,20B,0.013761983943449473,0.014998388834402193,-2.8744511523163925,-1.4710107053118264,291.4375,333.95096580113994
AD.2,20B,0.014183144256611055,0.014998388834402193,-6.915638647667253,-1.4710107053118264,294.85714285714283,333.95096580113994
B.1.1.159,20B,0.014402460590955981,0.014998388834402193,-7.316967240125473,-1.4710107053118264,296.6,333.95096580113994
B.1.1.243,20B,0.014421489853691573,0.014998388834402193,-6.85260950482898,-1.4710107053118264,296.75,333.95096580113994
B.1.533,20B,0.01615219287055411,0.014998388834402193,-2.8763338956111055,-1.4710107053118264,309.5839112343967,333.95096580113994
B.1.1.50,20B,0.016936922596752408,0.014998388834402193,-7.504788463037627,-1.4710107053118264,314.8888888888888,333.95096580113994
B.1.1.432,20B,0.017089573596891144,0.014998388834402193,-2.9623138556363444,-1.4710107053118264,315.8850056369786,333.95096580113994
B.1.1.265,20B,0.01745901495748925,0.014998388834402193,-3.9114611123752607,-1.4710107053118264,318.24870466321244,333.95096580113994
B.1.1.487,20B,0.017498846768095967,0.014998388834402193,-9.186834941916988,-1.4710107053118264,318.5,333.95096580113994
B.1.1.312,20B,0.01862463303234387,0.014998388834402193,-8.296505602908345,-1.4710107053118264,325.28571428571433,333.95096580113994
B.1.1.418,20B,0.018754777667231402,0.014998388834402193,-6.190455182932619,-1.4710107053118264,326.03333333333336,333.95096580113994
B.1.1.306,20B,0.01918377607280669,0.014998388834402193,-6.250800696612587,-1.4710107053118264,328.4461538461539,333.95096580113994
B.1.1.416,20B,0.01935580650735197,0.014998388834402193,-3.1480957414271664,-1.4710107053118264,329.3919007184847,333.95096580113994
B.1.1.434,20B,0.02016674827001877,0.014998388834402193,-2.7740543381146883,-1.4710107053118264,333.6888736263736,333.95096580113994
B.1.1.207,20B,0.020705333923806343,0.014998388834402193,-3.8620819832895488,-1.4710107053118264,336.40255319148935,333.95096580113994
B.1.1.163,20B,0.020725010486783556,0.014998388834402193,-10.244573834583656,-1.4710107053118264,336.5,333.95096580113994
B.1.1.39,20B,0.020775865637189545,0.014998388834402193,-7.959112471787286,-1.4710107053118264,336.75,333.95096580113994
B.1.1.371,20B,0.020877996002861353,0.014998388834402193,-9.602963717067857,-1.4710107053118264,337.25,333.95096580113994
B.1.1.141,20B,0.021799977905109305,0.014998388834402193,-9.692788895939842,-1.4710107053118264,341.6,333.95096580113994
B.1.1.67,20B,0.021887819606591214,0.014998388834402193,-11.332261081692627,-1.4710107053118264,342.0,333.95096580113994
B.1.1.25,20B,0.02203716505018698,0.014998388834402193,-6.105264653505124,-1.4710107053118264,342.6734693877551,333.95096580113994
N.9,20B,0.022335758668480542,0.014998388834402193,-11.48590527609966,-1.4710107053118264,344.0,333.95096580113994
B.1.1.486,20B,0.022494787012426364,0.014998388834402193,-4.996747396533289,-1.4710107053118264,344.694964028777,333.95096580113994
B.1.1.37,20B,0.02264235613166285,0.014998388834402193,-10.492959985151884,-1.4710107053118264,345.3333333333333,333.95096580113994
B.1.1.316,20B,0.023478715855100946,0.014998388834402193,-4.560023018707073,-1.4710107053118264,348.83278255122275,333.95096580113994
B.1.1.176,20B,0.023519781449914276,0.014998388834402193,-11.8962009336706,-1.4710107053118264,349.0,333.95096580113994
B.1.1.216,20B,0.02352672578369509,0.014998388834402193,-8.315106084764077,-1.4710107053118264,349.02777777777777,333.95096580113994
B.1.1.368,20B,0.023807735574434562,0.014998388834402193,-6.15622253625689,-1.4710107053118264,350.156976744186,333.95096580113994
B.1.1.153,20B,0.02402096183943131,0.014998388834402193,-10.685325875574184,-1.4710107053118264,351.0,333.95096580113994
B.1.1.214,20B,0.02421310067861068,0.014998388834402193,-9.654223548961133,-1.4710107053118264,351.75,333.95096580113994
B.1.1.317,20B,0.024273809805849287,0.014998388834402193,-7.955799066529412,-1.4710107053118264,351.98507462686564,333.95096580113994
B.1.1.57,20B,0.02434249966155504,0.014998388834402193,-10.798379986340166,-1.4710107053118264,352.25,333.95096580113994
B.1.1.101,20B,0.024364189410441307,0.014998388834402193,-8.69581189543367,-1.4710107053118264,352.3333333333333,333.95096580113994
B.1.1.351,20B,0.024794920979562977,0.014998388834402193,-8.266896345557887,-1.4710107053118264,353.9661016949152,333.95096580113994
B.1.1.220,20B,0.025384883033001317,0.014998388834402193,-9.845853555399993,-1.4710107053118264,356.1333333333333,333.95096580113994
B.1.1.413,20B,0.02619850312140629,0.014998388834402193,-10.765393993999972,-1.4710107053118264,359.0,333.95096580113994
B.1.1.170,20B,0.026849701519779924,0.014998388834402193,-11.469899046067347,-1.4710107053118264,361.20000000000005,333.95096580113994
B.1.1.397,20B,0.027031414166727788,0.014998388834402193,-11.535587135506491,-1.4710107053118264,361.8,333.95096580113994
B.1.1.354,20B,0.02724583200671628,0.014998388834402193,-12.529535878098226,-1.4710107053118264,362.5,333.95096580113994
L.3,20B,0.0275310945741148,0.014998388834402193,-9.8922297494831,-1.4710107053118264,363.41935483870964,333.95096580113994
B.1.1.28,20B,0.03213912544268378,0.014998388834402193,-9.812028239635273,-1.4710107053118264,376.63243243243244,333.95096580113994
B.1.1.117,20B,0.03406696982990275,0.014998388834402193,-12.99057213458539,-1.4710107053118264,381.4375,333.95096580113994
B.1.1.99,20B,0.03438602698469166,0.014998388834402193,-14.275546822979786,-1.4710107053118264,382.20000000000005,333.95096580113994
B.1.1.274,20B,0.034470272248706385,0.014998388834402193,-12.51599287880493,-1.4710107053118264,382.40000000000003,333.95096580113994
B.1.1.525,20B,0.0354543399955753,0.014998388834402193,-13.729682999029546,-1.4710107053118264,384.6923076923077,333.95096580113994
B.1.1.348,20B,0.03612659681663292,0.014998388834402193,-10.180438134483586,-1.4710107053118264,386.2150170648464,333.95096580113994
P.2,20B,0.03734571601149363,0.014998388834402193,-9.646611008517635,-1.4710107053118264,388.8933250155958,333.95096580113994
N.5,20B,0.038261677599774925,0.014998388834402193,-13.471327080295804,-1.4710107053118264,390.84,333.95096580113994
B.1.1.420,20B,0.039350239226079324,0.014998388834402193,-13.156072018997712,-1.4710107053118264,393.08571428571435,333.95096580113994
B.1.1.374,20B,0.04514963621604282,0.014998388834402193,-20.1220804803563,-1.4710107053118264,404.0,333.95096580113994
P.6,20B,0.044653873950331845,0.014998388834402193,-19.27180014217874,-1.4710107053118264,407.0,333.95096580113994
AZ.1,20B,0.04538634752117789,0.014998388834402193,-18.654248702799254,-1.4710107053118264,408.40000000000003,333.95096580113994
P.7,20B,0.045530021932131064,0.014998388834402193,-19.22373473304806,-1.4710107053118264,408.66666666666663,333.95096580113994
R.1,20B,0.04621872299675342,0.014998388834402193,-12.4937569422054,-1.4710107053118264,409.9477320516672,333.95096580113994
B.1.1.519,20B,0.04807408265471608,0.014998388834402193,-11.648437401275006,-1.4710107053118264,413.332712302422,333.95096580113994
AZ.2,20B,0.06333146551394135,0.014998388834402193,-27.872258281259544,-1.4710107053118264,439.0,333.95096580113994
AZ.3,20B,0.06671618577959305,0.014998388834402193,-22.80824512807834,-1.4710107053118264,444.8073654390935,333.95096580113994
B.1.1.318,20B,0.07073090580479655,0.014998388834402193,-23.658248744781698,-1.4710107053118264,452.11555312157725,333.95096580113994
B.1.1.523,20B,0.08095202733664354,0.014998388834402193,-32.599599625798014,-1.4710107053118264,473.66666666666663,333.95096580113994
AZ.5,20B,0.12178727770667444,0.014998388834402193,-57.27728946902593,-1.4710107053118264,570.0,333.95096580113994
B.1.1.161,20B,0.14290333401044616,0.014998388834402193,-64.39643471425741,-1.4710107053118264,619.7991266375547,333.95096580113994
B.1.2,20G,0.021140923509441054,0.015562051613376576,0.8293080213514168,-0.8065618544669886,338.5201197072026,338.5201197072026
B.1.177.81,20E,0.010615987051751668,0.01653853159697682,-7.864674166795394,-7.272211020498445,263.0,347.39009287925694
B.1.177.54,20E,0.012207429192352525,0.01653853159697682,-7.602156198138615,-7.272211020498445,278.0,347.39009287925694
B.1.177.82,20E,0.014014590669503548,0.01653853159697682,-8.118821036336568,-7.272211020498445,293.5,347.39009287925694
B.1.177.86,20E,0.020081632718994852,0.01653853159697682,-8.237358615479957,-7.272211020498445,333.25,347.39009287925694
B.1.177.60,20E,0.020826810658900005,0.01653853159697682,-9.873391228298832,-7.272211020498445,337.0,347.39009287925694
B.1.177.53,20E,0.02104782869838037,0.01653853159697682,-7.333036736584967,-7.272211020498445,338.07317073170736,347.39009287925694
B.1.177.46,20E,0.021669110350091465,0.01653853159697682,-11.25755965698073,-7.272211020498445,341.0,347.39009287925694
B.1.177.18,20E,0.022534340719265907,0.01653853159697682,-8.846246632992782,-7.272211020498445,344.8666666666667,347.39009287925694
B.1.177,20E,0.023013599482191113,0.01653853159697682,-6.467796024560517,-7.272211020498445,346.9109947643979,347.39009287925694
W.1,20E,0.028130844514474215,0.01653853159697682,-9.593503225183287,-7.272211020498445,365.3076923076923,347.39009287925694
B.1.177.7,20E,0.036328742378232894,0.01653853159697682,-15.533259284784526,-7.272211020498445,386.66666666666663,347.39009287925694
B.1.429,21C,0.03691532584967415,0.024355891453842936,-6.027400486261896,-4.726535342595608,387.9595636191154,387.99927351979653
B.1.427,21C,0.037038025195299584,0.024355891453842936,-6.845426384327471,-4.726535342595608,388.227047570245,387.99927351979653
C.1,20D,0.004739116506611617,0.02617016026941899,-5.398709382060619,-9.610260230361053,201.66666666666663,394.2587412587412
C.33,20D,0.013952955434001437,0.02617016026941899,-8.793886459476598,-9.610260230361053,293.0,394.2587412587412
B.1.1.1,20D,0.014155000171860128,0.02617016026941899,-3.423906678497387,-9.610260230361053,294.6315789473684,394.2587412587412
C.35,20D,0.014201006232872671,0.02617016026941899,-7.075057199366252,-9.610260230361053,295.0,394.2587412587412
C.23,20D,0.021918344886746443,0.02617016026941899,-6.029488585590572,-9.610260230361053,342.1379310344828,394.2587412587412
C.14,20D,0.02615705600364558,0.02617016026941899,-10.884050025304518,-9.610260230361053,358.85714285714283,394.2587412587412
C.36,20D,0.02633831587830859,0.02617016026941899,-9.023861469039986,-9.610260230361053,359.4791666666666,394.2587412587412
C.13,20D,0.028542724812611664,0.02617016026941899,-11.749560778852015,-9.610260230361053,366.57142857142856,394.2587412587412
C.4,20D,0.030591894080912622,0.02617016026941899,-13.759661725055263,-9.610260230361053,372.5,394.2587412587412
C.2.1,20D,0.034350411609911626,0.02617016026941899,-11.920128992837157,-9.610260230361053,382.11538461538464,394.2587412587412
C.16,20D,0.047864697748763944,0.02617016026941899,-16.54523735038475,-9.610260230361053,412.95614035087715,394.2587412587412
C.38,20D,0.06905558986190528,0.02617016026941899,-27.640722427344386,-9.610260230361053,449.0,394.2587412587412
C.36.3,20D,0.0759135331977277,0.02617016026941899,-28.078003224857266,-9.610260230361053,462.4595744680851,394.2587412587412
C.36.3.1,20D,0.08217546458157891,0.02617016026941899,-31.078539061048996,-9.610260230361053,476.5565610859729,394.2587412587412
C.1.2,20D,0.10259040816804522,0.02617016026941899,-46.73149354560397,-9.610260230361053,528.0,394.2587412587412
B.1.525,21D,0.05671400773074606,0.04011836073058054,-17.71193319081523,-15.115045532283235,428.0442779291553,428.0442779291553
B.1.526,21F,0.06103422692037255,0.0435941855950791,-16.16392566638439,-13.20251805228607,435.1555730160512,435.1555730160512
B.1.351,20H,0.06184755640378779,0.04419909528027736,-19.160851947303993,-16.066936553452305,436.50551876379694,437.10600600600606
B.1.351.2,20H,0.06448789217388401,0.04419909528027736,-25.385280163724143,-16.066936553452305,440.95000000000005,437.10600600600606
B.1.351.3,20H,0.06602162403159588,0.04419909528027736,-24.728602979944917,-16.066936553452305,443.5921052631579,437.10600600600606
B.1.351.5,20H,0.07389118796491821,0.04419909528027736,-28.463450751798536,-16.066936553452305,458.2857142857142,437.10600600600606
P.3,21E,0.06382666296621459,0.04555940220279676,-24.95432722259454,-21.638617786306504,439.82608695652175,439.82608695652175
B.1.617.1,21B,0.06487452607478317,0.04644952120606161,-22.716821385198042,-19.331592798865756,441.6111111111111,441.6111111111111
Q.7,20I,0.056079715767073005,0.04898178480791309,-23.346114470867132,-13.84679248599876,427.0,446.7448112018154
Q.4,20I,0.06141085743791356,0.04898178480791309,-20.475412756852023,-13.84679248599876,435.77982954545456,446.7448112018154
Q.8,20I,0.06625579125844525,0.04898178480791309,-26.860678862967504,-13.84679248599876,444.00000000000006,446.7448112018154
B.1.1.7,20I,0.06766473522330231,0.04898178480791309,-17.379097467596377,-13.84679248599876,446.4880234522913,446.7448112018154
Q.3,20I,0.07281600732006364,0.04898178480791309,-23.201857951388885,-13.84679248599876,456.1403957463993,446.7448112018154
Q.1,20I,0.07656513209268237,0.04898178480791309,-29.680493695895716,-13.84679248599876,463.84375,446.7448112018154
B.23,19A,-0.10366746664282518,0.052181464013797696,3.183113978538007,-18.980703950751746,46.857142857142854,453.4379157427938
B.39,19A,-0.0915366935978601,0.052181464013797696,3.484217797671832,-18.980703950751746,48.0,453.4379157427938
B.3,19A,-0.06947889765050597,0.052181464013797696,3.1091203883336336,-18.980703950751746,54.56944444444444,453.4379157427938
B.6,19A,-0.05737695884052827,0.052181464013797696,3.0795923334330757,-18.980703950751746,56.24603174603175,453.4379157427938
B.40,19A,-0.05150538278515678,0.052181464013797696,3.314007331907207,-18.980703950751746,59.25230602278893,453.4379157427938
B.4,19A,-0.02995788028500972,0.052181464013797696,1.7660536711863075,-18.980703950751746,80.37551355792934,453.4379157427938
B.6.6,19A,-0.014248227126064142,0.052181464013797696,-2.6264260406813014,-18.980703950751746,91.56,453.4379157427938
B.55,19A,0.0011485475816998358,0.052181464013797696,-3.3530345260768883,-18.980703950751746,166.5,453.4379157427938
B,19A,0.08297466804581949,0.052181464013797696,-28.169710841758388,-18.980703950751746,478.4768323504633,453.4379157427938
P.1.1,20J,0.0541294335761308,0.0597954696379272,-21.06958213190354,-20.92054662275029,423.7647058823529,471.14681892332794
P.1.13,20J,0.07507968551352656,0.0597954696379272,-26.152362250971414,-20.92054662275029,460.7164995442115,471.14681892332794
P.1.14,20J,0.07761888115610502,0.0597954696379272,-29.934899446711185,-20.92054662275029,466.12345679012344,471.14681892332794
P.1.10,20J,0.07841584016955672,0.0597954696379272,-26.760944248181307,-20.92054662275029,467.88145247419016,471.14681892332794
P.1,20J,0.07909554915981679,0.0597954696379272,-25.070221327721942,-20.92054662275029,469.40374242207275,471.14681892332794
P.1.10.1,20J,0.07978662076838917,0.0597954696379272,-28.6479658733609,-20.92054662275029,470.9728395061728,471.14681892332794
P.1.17,20J,0.08332957046721484,0.0597954696379272,-28.663091441762322,-20.92054662275029,479.33736903376024,471.14681892332794
P.1.15,20J,0.08573362577838284,0.0597954696379272,-32.39474431391822,-20.92054662275029,485.280487804878,471.14681892332794
P.1.17.1,20J,0.0953234846175106,0.0597954696379272,-42.266802495069754,-20.92054662275029,510.0,471.14681892332794
P.1.2,20J,0.09603926653158501,0.0597954696379272,-41.71572055847197,-20.92054662275029,511.80000000000007,471.14681892332794
P.1.4,20J,0.1015046654031381,0.0597954696379272,-43.85727026460676,-20.92054662275029,525.4,471.14681892332794
P.1.8,20J,0.10258767295608114,0.0597954696379272,-45.344052976795794,-20.92054662275029,528.0,471.14681892332794
P.1.7,20J,0.10839327300269873,0.0597954696379272,-44.52146390014924,-20.92054662275029,541.2906403940887,471.14681892332794
P.1.11,20J,0.10917123085290727,0.0597954696379272,-50.25631084196777,-20.92054662275029,543.0,471.14681892332794
P.1.12.1,20J,0.1140223658074599,0.0597954696379272,-50.1434777217594,-20.92054662275029,553.4375,471.14681892332794
P.1.7.1,20J,0.11531832035356825,0.0597954696379272,-50.59053693209724,-20.92054662275029,556.1904761904761,471.14681892332794
P.1.9,20J,0.12338601494200821,0.0597954696379272,-57.49842826005232,-20.92054662275029,573.5,471.14681892332794
C.37.1,21G,0.0761623917396506,0.06163889604743395,-29.390061209642056,-24.926212452582586,462.98591549295776,475.71257485029946
C.37,21G,0.08212111087914435,0.06163889604743395,-29.30797528558137,-24.926212452582586,476.42687747035575,475.71257485029946
B.1.621.1,21H,0.09775981809169704,0.07788185970349656,-37.022582668019886,-31.386727048635038,516.1633888048411,518.5675715990453
B.1.621,21H,0.09801497704657006,0.07788185970349656,-35.83716127943625,-31.386727048635038,516.8048632218844,518.5675715990453
BB.2,21H,0.10679376138382901,0.07788185970349656,-43.042124216424014,-31.386727048635038,537.7234042553191,518.5675715990453
B.1.621.2,21H,0.1282073126304068,0.07788185970349656,-56.719968111756174,-31.386727048635038,584.4084507042253,518.5675715990453
AY.16.1,21A,0.10343779318802408,0.09561969247267427,-47.17983471950771,-38.84937799696539,530.0,560.0098351796811
AY.53,21A,0.10708371019610544,0.09561969247267427,-45.94966616161489,-38.84937799696539,538.375,560.0098351796811
AY.49,21A,0.10812894270479562,0.09561969247267427,-44.32569151778379,-38.84937799696539,540.7056074766355,560.0098351796811
AY.52,21A,0.11038948767193119,0.09561969247267427,-43.77991521780715,-38.84937799696539,545.6582077716098,560.0098351796811
AY.48,21A,0.11242705918772324,0.09561969247267427,-44.530376945206854,-38.84937799696539,550.0412541254125,560.0098351796811
AY.13,21A,0.11426201278973912,0.09561969247267427,-44.206151848305836,-38.84937799696539,553.9459771775241,560.0098351796811
AY.15,21A,0.11432049717883914,0.09561969247267427,-48.4759871098684,-38.84937799696539,554.0699999999999,560.0098351796811
AY.14,21A,0.11769574026334245,0.09561969247267427,-45.38794418824697,-38.84937799696539,561.2212272664167,560.0098351796811
AY.35,21A,0.11942763540800123,0.09561969247267427,-48.4682876434875,-38.84937799696539,564.9111111111113,560.0098351796811
AY.54,21A,0.12267170549584956,0.09561969247267427,-48.27974981749467,-38.84937799696539,571.9298297999402,560.0098351796811
AY.51,21A,0.1264747423622699,0.09561969247267427,-55.59155479617945,-38.84937799696539,580.4250000000001,560.0098351796811
B.1.617.2,21A,0.1289110155465749,0.09561969247267427,-49.92963654239693,-38.84937799696539,586.046881066051,560.0098351796811
AY.30,21A,0.1324377469426538,0.09561969247267427,-60.53155427818902,-38.84937799696539,594.421052631579,560.0098351796811
AY.16,21A,0.13394049251795834,0.09561969247267427,-57.91521701688692,-38.84937799696539,598.0565149136578,560.0098351796811
AY.10,21I,0.0687598260026096,0.10417509379158839,-27.71565083970557,-42.95129325388189,448.4615384615384,579.2578550830931
AY.55,21I,0.09743060005040838,0.10417509379158839,-41.3316397930764,-42.95129325388189,515.3333333333334,579.2578550830931
AY.2,21I,0.10661284299370556,0.10417509379158839,-40.69051039548585,-42.95129325388189,537.3156572704438,579.2578550830931
AY.68,21I,0.10736284946793048,0.10417509379158839,-48.58501830390209,-42.95129325388189,539.0,579.2578550830931
AY.38,21I,0.10758673498261487,0.10417509379158839,-45.04211147617099,-42.95129325388189,539.5,579.2578550830931
AY.71,21I,0.11213321819391932,0.10417509379158839,-50.26500478029305,-42.95129325388189,549.4,579.2578550830931
AY.67,21I,0.11384528831449514,0.10417509379158839,-45.06061894062121,-42.95129325388189,553.0615647712698,579.2578550830931
AY.60,21I,0.11428937857018394,0.10417509379158839,-51.96521463313232,-42.95129325388189,554.0,579.2578550830931
AY.62,21I,0.11765155071030936,0.10417509379158839,-47.32522122210123,-42.95129325388189,561.1274074074074,579.2578550830931
AY.9,21I,0.11796064782537784,0.10417509379158839,-51.01774924660085,-42.95129325388189,561.7833333333333,579.2578550830931
AY.9.2.2,21I,0.11923386468501387,0.10417509379158839,-55.135820318695814,-42.95129325388189,564.5,579.2578550830931
AY.75.2,21I,0.12002021781377264,0.10417509379158839,-53.87574529937369,-42.95129325388189,566.1818181818181,579.2578550830931
AY.74,21I,0.122224558285785,0.10417509379158839,-50.6272201402793,-42.95129325388189,570.9516129032257,579.2578550830931
AY.37,21I,0.12281770876732198,0.10417509379158839,-50.00773405566825,-42.95129325388189,572.2500966370313,579.2578550830931
AY.56,21I,0.12299997469094247,0.10417509379158839,-52.05143236899144,-42.95129325388189,572.6505376344086,579.2578550830931
AY.24,21I,0.12308370242610868,0.10417509379158839,-52.10748436076869,-42.95129325388189,572.8346883468835,579.2578550830931
AY.26,21I,0.12325497811301143,0.10417509379158839,-50.46435504127908,-42.95129325388189,573.2118764845605,579.2578550830931
AY.75,21I,0.12405864651248893,0.10417509379158839,-48.65973115489688,-42.95129325388189,574.9901448704051,579.2578550830931
AY.73,21I,0.12416890430689587,0.10417509379158839,-55.8080086194732,-42.95129325388189,575.2352941176471,579.2578550830931
AY.59,21I,0.1253638623439565,0.10417509379158839,-56.93230306077414,-42.95129325388189,577.9090909090909,579.2578550830931
AY.65,21I,0.12595307617824708,0.10417509379158839,-56.45222553981915,-42.95129325388189,579.24,579.2578550830931
AY.64,21I,0.12700659128734873,0.10417509379158839,-52.678704204338445,-42.95129325388189,581.6400797607179,579.2578550830931
AY.70,21I,0.1272332327356635,0.10417509379158839,-57.19560831729799,-42.95129325388189,582.16,579.2578550830931
AY.28,21I,0.12854789515853904,0.10417509379158839,-59.572373841935544,-42.95129325388189,585.2,579.2578550830931
AY.47,21I,0.1287848657050819,0.10417509379158839,-50.746659643226025,-42.95129325388189,585.752308125112,579.2578550830931
AY.9.2,21I,0.1319226711244914,0.10417509379158839,-56.22798625810818,-42.95129325388189,593.1826086956521,579.2578550830931
AY.72,21I,0.13747486471305148,0.10417509379158839,-63.72838651559174,-42.95129325388189,606.6875,579.2578550830931
AY.57,21I,0.14265659355201546,0.10417509379158839,-65.74547359579672,-42.95129325388189,619.2156862745097,579.2578550830931
AY.27,21I,0.1481995154857282,0.10417509379158839,-67.37980153696928,-42.95129325388189,631.7993730407525,579.2578550830931
AY.26.1,21I,0.1495920942690743,0.10417509379158839,-72.6405806565797,-42.95129325388189,634.75,579.2578550830931
AY.133,21I,0.15706006978836848,0.10417509379158839,-76.42348031875653,-42.95129325388189,648.7272727272726,579.2578550830931
AY.69,21I,0.16647052871481632,0.10417509379158839,-83.19986757832311,-42.95129325388189,661.8333333333333,579.2578550830931
AY.94,21J,0.10588830769693669,0.1168880733167978,-47.38708257311714,-48.08692123145074,535.6666666666666,610.3001398527043
AY.78,21J,0.10684266249074217,0.1168880733167978,-46.513102081891546,-48.08692123145074,537.8333333333333,610.3001398527043
AY.91,21J,0.10709451835379531,0.1168880733167978,-47.52411345699716,-48.08692123145074,538.4000000000001,610.3001398527043
AY.5.2,21J,0.11334848775987429,0.1168880733167978,-52.54351702382183,-48.08692123145074,552.0,610.3001398527043
AY.33.1,21J,0.11380424647668055,0.1168880733167978,-52.79506254583356,-48.08692123145074,553.0,610.3001398527043
AY.99,21J,0.11381638941922245,0.1168880733167978,-49.80638429228877,-48.08692123145074,553.0,610.3001398527043
AY.7,21J,0.11570352017258204,0.1168880733167978,-53.84901087990091,-48.08692123145074,557.0,610.3001398527043
AY.87,21J,0.11606357703428392,0.1168880733167978,-51.005642009188406,-48.08692123145074,557.7619047619047,610.3001398527043
AY.4.7,21J,0.11695220411365682,0.1168880733167978,-49.77595814415601,-48.08692123145074,559.6440677966102,610.3001398527043
AY.86,21J,0.11757085694687464,0.1168880733167978,-50.3824117983159,-48.08692123145074,560.956043956044,610.3001398527043
AY.110,21J,0.11838144065702154,0.1168880733167978,-47.181889138392734,-48.08692123145074,562.6788756388416,610.3001398527043
AY.23,21J,0.11843221325054043,0.1168880733167978,-49.93916567939133,-48.08692123145074,562.7869565217392,610.3001398527043
AY.5.5,21J,0.1185320334822183,0.1168880733167978,-55.43362321023778,-48.08692123145074,563.0,610.3001398527043
AY.122.2,21J,0.11900304810178673,0.1168880733167978,-55.005813960270686,-48.08692123145074,564.0,610.3001398527043
AY.82,21J,0.11923132000370007,0.1168880733167978,-54.035855479812305,-48.08692123145074,564.5,610.3001398527043
AY.116,21J,0.1209241301207751,0.1168880733167978,-51.54985926486994,-48.08692123145074,568.1276595744681,610.3001398527043
AY.77,21J,0.1222048219620656,0.1168880733167978,-51.33980797575708,-48.08692123145074,570.9085239085239,610.3001398527043
AY.95,21J,0.12226398212110415,0.1168880733167978,-53.57916104852991,-48.08692123145074,571.0377358490566,610.3001398527043
AY.108,21J,0.12260865856781489,0.1168880733167978,-53.87520621972315,-48.08692123145074,571.7916666666665,610.3001398527043
AY.120.2,21J,0.1227042975591637,0.1168880733167978,-57.107982915471815,-48.08692123145074,572.0,610.3001398527043
AY.120.2.1,21J,0.12308319089188381,0.1168880733167978,-56.226223997926404,-48.08692123145074,572.8333333333333,610.3001398527043
AY.46.2,21J,0.12324131554144242,0.1168880733167978,-53.513474342410994,-48.08692123145074,573.1818181818182,610.3001398527043
AY.4.1,21J,0.12360817141832962,0.1168880733167978,-58.31899936474585,-48.08692123145074,574.0,610.3001398527043
AY.76,21J,0.1237243565883456,0.1168880733167978,-56.99946211129031,-48.08692123145074,574.25,610.3001398527043
AY.29.1,21J,0.12451129688527586,0.1168880733167978,-58.8381561026512,-48.08692123145074,576.0,610.3001398527043
AY.42.1,21J,0.12532224278810153,0.1168880733167978,-55.131761214483916,-48.08692123145074,577.8153846153846,610.3001398527043
AY.81,21J,0.12533574803589573,0.1168880733167978,-52.8698206976646,-48.08692123145074,577.845786963434,610.3001398527043
AY.1,21J,0.12567507679889256,0.1168880733167978,-51.66945494190187,-48.08692123145074,578.6109362706529,610.3001398527043
AY.5.4,21J,0.12598146926570242,0.1168880733167978,-56.552056711220175,-48.08692123145074,579.304347826087,610.3001398527043
AY.29,21J,0.12727076755315436,0.1168880733167978,-56.261950934537104,-48.08692123145074,582.2461538461539,610.3001398527043
AY.4.6,21J,0.12828478841663832,0.1168880733167978,-58.19471954746246,-48.08692123145074,584.5882352941177,610.3001398527043
AY.104,21J,0.12888751536049148,0.1168880733167978,-61.380156049665835,-48.08692123145074,586.0,610.3001398527043
AY.6,21J,0.1293181215944051,0.1168880733167978,-57.895582039956615,-48.08692123145074,586.9999999999999,610.3001398527043
AY.114,21J,0.12958355512958514,0.1168880733167978,-53.21689401600106,-48.08692123145074,587.6235093696763,610.3001398527043
AY.116.1,21J,0.1296748687867345,0.1168880733167978,-53.35216741747006,-48.08692123145074,587.8383651673856,610.3001398527043
AY.5,21J,0.12981578028761642,0.1168880733167978,-54.03508530901101,-48.08692123145074,588.1702844311377,610.3001398527043
AY.120.1,21J,0.13046164149556394,0.1168880733167978,-53.9382721234381,-48.08692123145074,589.697166744078,610.3001398527043
AY.106,21J,0.1309766057104638,0.1168880733167978,-57.67555078429164,-48.08692123145074,590.9208633093526,610.3001398527043
AY.4.4,21J,0.1311085915161954,0.1168880733167978,-59.85482772315347,-48.08692123145074,591.235294117647,610.3001398527043
AY.25.1.1,21J,0.13127416383211582,0.1168880733167978,-53.92234766461442,-48.08692123145074,591.6304101838756,610.3001398527043
AY.105,21J,0.13134448985989117,0.1168880733167978,-55.948220563506915,-48.08692123145074,591.798353909465,610.3001398527043
AY.39.1.1,21J,0.13205857525138434,0.1168880733167978,-62.55775934999225,-48.08692123145074,593.5,610.3001398527043
AY.118,21J,0.13336805271254584,0.1168880733167978,-54.06577962416298,-48.08692123145074,596.6678586552488,610.3001398527043
AY.45,21J,0.13422969523254596,0.1168880733167978,-58.88556563630704,-48.08692123145074,598.7595818815331,610.3001398527043
AY.3.1,21J,0.13440568903610553,0.1168880733167978,-54.893795256794256,-48.08692123145074,599.1878510625978,610.3001398527043
AY.88,21J,0.13470750157496997,0.1168880733167978,-59.43779188605306,-48.08692123145074,599.9227272727273,610.3001398527043
AY.20,21J,0.1348204795808152,0.1168880733167978,-54.99637317533266,-48.08692123145074,600.1984289788363,610.3001398527043
AY.122,21J,0.13548341335933825,0.1168880733167978,-55.096976548615615,-48.08692123145074,601.8164629842875,610.3001398527043
AY.46,21J,0.13580059503892908,0.1168880733167978,-58.88605872052486,-48.08692123145074,602.5915875169605,610.3001398527043
AY.44,21J,0.1358321637079001,0.1168880733167978,-53.046022246443776,-48.08692123145074,602.6687628997719,610.3001398527043
AY.5.3,21J,0.135869182575112,0.1168880733167978,-57.76908934790405,-48.08692123145074,602.7592671495527,610.3001398527043
AY.25,21J,0.13671833102953196,0.1168880733167978,-54.14542057061226,-48.08692123145074,604.8364223169419,610.3001398527043
AY.112,21J,0.1369161988435422,0.1168880733167978,-61.287224687449935,-48.08692123145074,605.3206106870228,610.3001398527043
AY.92,21J,0.13699350887355172,0.1168880733167978,-62.277400793590346,-48.08692123145074,605.5098039215686,610.3001398527043
AY.34.2,21J,0.13711946548232215,0.1168880733167978,-63.88761873143731,-48.08692123145074,605.8181818181819,610.3001398527043
AY.84,21J,0.1371392292871962,0.1168880733167978,-64.21799601493264,-48.08692123145074,605.875,610.3001398527043
AY.93,21J,0.13739751523201876,0.1168880733167978,-65.06775148543456,-48.08692123145074,606.5,610.3001398527043
AY.33,21J,0.13758272687192988,0.1168880733167978,-59.57433222194875,-48.08692123145074,606.9512867647059,610.3001398527043
AY.46.4,21J,0.13805297605588696,0.1168880733167978,-58.14413853054819,-48.08692123145074,608.1009750454471,610.3001398527043
AY.102,21J,0.1381681306225551,0.1168880733167978,-63.39579849465957,-48.08692123145074,608.3823529411766,610.3001398527043
AY.3,21J,0.13837843174477352,0.1168880733167978,-55.025300194372335,-48.08692123145074,608.8959850405452,610.3001398527043
AY.7.1,21J,0.13891481838077457,0.1168880733167978,-63.59292206045776,-48.08692123145074,610.2045454545455,610.3001398527043
AY.98,21J,0.13932501367144207,0.1168880733167978,-62.18520158488264,-48.08692123145074,611.2034632034632,610.3001398527043
AY.20.1,21J,0.13961124291633717,0.1168880733167978,-60.45022219343457,-48.08692123145074,611.8993589743591,610.3001398527043
AY.79,21J,0.13965279113075255,0.1168880733167978,-66.44179978499875,-48.08692123145074,612.0,610.3001398527043
AY.107,21J,0.13969082175509953,0.1168880733167978,-59.72307503058819,-48.08692123145074,612.0926526999115,610.3001398527043
AY.25.1,21J,0.13969655373145992,0.1168880733167978,-56.81161598070977,-48.08692123145074,612.1065721917437,610.3001398527043
AY.119,21J,0.13981847224042693,0.1168880733167978,-57.48603537069948,-48.08692123145074,612.402534965035,610.3001398527043
AY.3.2,21J,0.14026059909467747,0.1168880733167978,-61.777268524121716,-48.08692123145074,613.474025974026,610.3001398527043
AY.99.2,21J,0.1403913053825578,0.1168880733167978,-62.624729534036675,-48.08692123145074,613.7902097902098,610.3001398527043
AY.39.1,21J,0.1411639247651899,0.1168880733167978,-59.770472825180036,-48.08692123145074,615.6530561122245,610.3001398527043
AY.124,21J,0.14194220749688458,0.1168880733167978,-64.76963790172674,-48.08692123145074,617.5172413793103,610.3001398527043
AY.32,21J,0.142143966217236,0.1168880733167978,-67.05758282843922,-48.08692123145074,618.0,610.3001398527043
AY.103,21J,0.1422178018820539,0.1168880733167978,-56.785511767097496,-48.08692123145074,618.1740268236832,610.3001398527043
AY.122.1,21J,0.14257750601257244,0.1168880733167978,-64.27174820945598,-48.08692123145074,619.0283018867924,610.3001398527043
AY.39,21J,0.1426092377905479,0.1168880733167978,-58.873092981013144,-48.08692123145074,619.1035038175921,610.3001398527043
AY.42,21J,0.14282568931028367,0.1168880733167978,-63.62718172870605,-48.08692123145074,619.6157112526539,610.3001398527043
AY.46.5,21J,0.1430021141592536,0.1168880733167978,-66.45740417041411,-48.08692123145074,620.0322580645161,610.3001398527043
AY.117,21J,0.143109773379873,0.1168880733167978,-60.29814432220293,-48.08692123145074,620.2859420844495,610.3001398527043
AY.36,21J,0.14313492845983733,0.1168880733167978,-62.89879895140924,-48.08692123145074,620.3451776649747,610.3001398527043
AY.100,21J,0.14330865175029028,0.1168880733167978,-58.77969500441975,-48.08692123145074,620.753745075519,610.3001398527043
AY.119.2,21J,0.1434557913711668,0.1168880733167978,-60.84356185364433,-48.08692123145074,621.0990767045455,610.3001398527043
AY.39.2,21J,0.1435218931289148,0.1168880733167978,-62.90076938620975,-48.08692123145074,621.254,610.3001398527043
AY.83,21J,0.14377761706699943,0.1168880733167978,-63.45820493106597,-48.08692123145074,621.8520357497516,610.3001398527043
AY.126,21J,0.1438437612050605,0.1168880733167978,-63.74966376232047,-48.08692123145074,622.0063775510204,610.3001398527043
AY.113,21J,0.14407551178546138,0.1168880733167978,-61.41911915140301,-48.08692123145074,622.5460109524321,610.3001398527043
AY.4,21J,0.14422421019773132,0.1168880733167978,-61.550245879290344,-48.08692123145074,622.8913067737976,610.3001398527043
AY.128,21J,0.14459557043257656,0.1168880733167978,-68.80292242786899,-48.08692123145074,623.75,610.3001398527043
AY.98.1,21J,0.14493463984805452,0.1168880733167978,-63.102732793599316,-48.08692123145074,624.5302876480542,610.3001398527043
AY.120,21J,0.1449879384424715,0.1168880733167978,-64.18415409774407,-48.08692123145074,624.6525096525097,610.3001398527043
AY.34.1.1,21J,0.1470985308489657,0.1168880733167978,-70.14812590795538,-48.08692123145074,629.4000000000001,610.3001398527043
AY.46.1,21J,0.14809958046404684,0.1168880733167978,-65.78477356865325,-48.08692123145074,631.5840108401085,610.3001398527043
AY.34,21J,0.14816346111793935,0.1168880733167978,-66.19760256531505,-48.08692123145074,631.7217305801377,610.3001398527043
AY.7.2,21J,0.1481865273262117,0.1168880733167978,-69.58143863239856,-48.08692123145074,631.7714285714285,610.3001398527043
AY.41,21J,0.14821609375949438,0.1168880733167978,-71.36371349869565,-48.08692123145074,631.8333333333333,610.3001398527043
AY.111,21J,0.14840378688096006,0.1168880733167978,-68.84327809516012,-48.08692123145074,632.2380952380952,610.3001398527043
AY.109,21J,0.14852131935596086,0.1168880733167978,-68.38557482538515,-48.08692123145074,632.4895104895104,610.3001398527043
AY.4.3,21J,0.14923422538738476,0.1168880733167978,-71.31495819808617,-48.08692123145074,633.9999999999999,610.3001398527043
AY.101,21J,0.15017758150454458,0.1168880733167978,-70.52767908717404,-48.08692123145074,635.9583333333333,610.3001398527043
AY.3.3,21J,0.15062398033202987,0.1168880733167978,-66.77385247492815,-48.08692123145074,636.8684790595152,610.3001398527043
AY.46.6,21J,0.1507271659336319,0.1168880733167978,-69.41598255046262,-48.08692123145074,637.0772946859903,610.3001398527043
AY.125,21J,0.15097993827687475,0.1168880733167978,-67.86141463094326,-48.08692123145074,637.5864465682016,610.3001398527043
AY.46.3,21J,0.15169289964874325,0.1168880733167978,-74.26620929712227,-48.08692123145074,639.0,610.3001398527043
AY.121,21J,0.15224311529421622,0.1168880733167978,-68.36112711162609,-48.08692123145074,640.0773162939297,610.3001398527043
AY.4.2.3,21J,0.15267752411191815,0.1168880733167978,-72.85951190685438,-48.08692123145074,640.9130434782609,610.3001398527043
AY.43,21J,0.15307609487395085,0.1168880733167978,-67.68538461563257,-48.08692123145074,641.6702249332823,610.3001398527043
AY.129,21J,0.15358552029251665,0.1168880733167978,-70.7939074685902,-48.08692123145074,642.6246153846153,610.3001398527043
AY.4.9,21J,0.15389555134887933,0.1168880733167978,-74.47446062216882,-48.08692123145074,643.1999999999999,610.3001398527043
AY.34.1,21J,0.15447090718221979,0.1168880733167978,-69.97884587531327,-48.08692123145074,644.2473035439139,610.3001398527043
AY.127.1,21J,0.15533919136604415,0.1168880733167978,-72.83229257852042,-48.08692123145074,645.7938931297709,610.3001398527043
AY.127,21J,0.1560035116563669,0.1168880733167978,-71.11938249142601,-48.08692123145074,646.9471326164875,610.3001398527043
AY.43.1,21J,0.16233721063329873,0.1168880733167978,-80.47463296287937,-48.08692123145074,656.6666666666666,610.3001398527043
AY.99.1,21J,0.16278775206255544,0.1168880733167978,-78.35771594438378,-48.08692123145074,657.2686567164179,610.3001398527043
AY.43.6,21J,0.1633504426994554,0.1168880733167978,-82.93265224592096,-48.08692123145074,658.0,610.3001398527043
AY.23.1,21J,0.16653035237365352,0.1168880733167978,-84.33926499927259,-48.08692123145074,662.0,610.3001398527043
AY.85,21J,0.1668724093756361,0.1168880733167978,-82.12344125617548,-48.08692123145074,662.3913043478261,610.3001398527043
AY.4.8,21J,0.16696796110752193,0.1168880733167978,-83.24279716704551,-48.08692123145074,662.5,610.3001398527043
AY.4.2,21J,0.16874746476687186,0.1168880733167978,-81.34385434531438,-48.08692123145074,664.4482758620691,610.3001398527043
AY.4.5,21J,0.17016376785899145,0.1168880733167978,-82.90171339741876,-48.08692123145074,665.904255319149,610.3001398527043
AY.124.1,21J,0.170200778444259,0.1168880733167978,-83.94328892559605,-48.08692123145074,665.9411764705882,610.3001398527043
AY.43.3,21J,0.17085681542307699,0.1168880733167978,-82.70274491111104,-48.08692123145074,666.5879120879122,610.3001398527043
AY.121.1,21J,0.17202429763766117,0.1168880733167978,-84.26679346411245,-48.08692123145074,667.6987951807229,610.3001398527043
AY.119.1,21J,0.17296188696822312,0.1168880733167978,-85.03539869287816,-48.08692123145074,668.5555555555555,610.3001398527043
AY.4.2.2,21J,0.17538288857952955,0.1168880733167978,-87.04136970663747,-48.08692123145074,670.6326530612245,610.3001398527043
AY.4.2.1,21J,0.17654877590220683,0.1168880733167978,-87.7837984590487,-48.08692123145074,671.5686274509803,610.3001398527043
AY.131,21J,0.17775873460370084,0.1168880733167978,-91.1425311477816,-48.08692123145074,672.5,610.3001398527043
AY.80,21J,0.1784329714138797,0.1168880733167978,-91.88369375706719,-48.08692123145074,673.0,610.3001398527043
AY.90,21J,0.1798247873087713,0.1168880733167978,-93.2266004299144,-48.08692123145074,674.0,610.3001398527043
AY.4.10,21J,0.181852842725259,0.1168880733167978,-93.20864229972814,-48.08692123145074,675.375,610.3001398527043
AY.43.4,21J,0.20067230881183412,0.1168880733167978,-107.40285263558451,-48.08692123145074,685.0,610.3001398527043
AY.132,21J,0.2233167287722155,0.1168880733167978,-123.70170384727702,-48.08692123145074,693.0,610.3001398527043
BA.1.8,21K,0.2546555554480356,0.27136806007395364,-143.9630963657485,-154.33349646107382,702.8,721.6526385076467
BA.1.4,21K,0.2582871115021036,0.27136806007395364,-148.1270750445962,-154.33349646107382,704.0,721.6526385076467
BC.2,21K,0.26981294458943406,0.27136806007395364,-156.26392740119238,-154.33349646107382,708.0,721.6526385076467
BA.1.15.1,21K,0.2723867454668551,0.27136806007395364,-151.13464638240717,-154.33349646107382,708.9455066921606,721.6526385076467
BA.1.17,21K,0.27696818263548556,0.27136806007395364,-152.66908073412048,-154.33349646107382,710.6941822550198,721.6526385076467
BA.1,21K,0.28004055910481856,0.27136806007395364,-152.01765571906475,-154.33349646107382,711.9155669107588,721.6526385076467
BA.1.17.2,21K,0.28086224021008566,0.27136806007395364,-154.61981301547365,-154.33349646107382,712.2494140772662,721.6526385076467
BA.1.19,21K,0.280946696498844,0.27136806007395364,-157.40149074461405,-154.33349646107382,712.283908045977,721.6526385076467
BA.1.18,21K,0.2811729641173431,0.27136806007395364,-154.7956263094582,-154.33349646107382,712.3765079823737,721.6526385076467
BA.1.15,21K,0.28419866014483985,0.27136806007395364,-154.65360091910435,-154.33349646107382,713.6386610041744,721.6526385076467
BA.1.20,21K,0.28491628468433405,0.27136806007395364,-156.53437307435615,-154.33349646107382,713.9448652958935,721.6526385076467
BA.1.1.5,21K,0.2917362579620155,0.27136806007395364,-171.880077366925,-154.33349646107382,717.0,721.6526385076467
BA.1.13,21K,0.2926821958544686,0.27136806007395364,-166.94175613867606,-154.33349646107382,717.4472727272728,721.6526385076467
BA.1.22,21K,0.29307060268635343,0.27136806007395364,-168.28334407553635,-154.33349646107382,717.6315789473683,721.6526385076467
BA.1.6,21K,0.294456877084158,0.27136806007395364,-169.10513185663783,-154.33349646107382,718.3008849557522,721.6526385076467
BA.1.17.1,21K,0.29588493261516774,0.27136806007395364,-174.16561219251597,-154.33349646107382,719.0,721.6526385076467
BA.1.1.6,21K,0.2966756535779162,0.27136806007395364,-171.0454552720263,-154.33349646107382,719.4,721.6526385076467
BA.1.7,21K,0.2972785272070331,0.27136806007395364,-173.55867033093597,-154.33349646107382,719.7,721.6526385076467
BA.1.1.17,21K,0.29738371967986715,0.27136806007395364,-169.3859114079465,-154.33349646107382,719.7585714285714,721.6526385076467
BA.1.16.2,21K,0.29785779927192474,0.27136806007395364,-175.58511793262335,-154.33349646107382,720.0,721.6526385076467
BA.1.14,21K,0.29798858813491236,0.27136806007395364,-170.24995221599642,-154.33349646107382,720.0679824561403,721.6526385076467
BA.1.1.18,21K,0.3005877378874436,0.27136806007395364,-167.02852819732706,-154.33349646107382,721.4300690841644,721.6526385076467
BA.1.15.3,21K,0.3015780035265494,0.27136806007395364,-173.84244428198366,-154.33349646107382,721.9640718562874,721.6526385076467
BA.1.1.8,21K,0.30247747335102676,0.27136806007395364,-172.59792551527488,-154.33349646107382,722.4558558558559,721.6526385076467
BA.1.16,21K,0.30390615385473274,0.27136806007395364,-175.80649106523757,-154.33349646107382,723.2539682539682,721.6526385076467
BA.1.1.4,21K,0.30711322573483607,0.27136806007395364,-179.18106342603303,-154.33349646107382,725.1136363636363,721.6526385076467
BA.1.21,21K,0.30816076516360325,0.27136806007395364,-179.598025399858,-154.33349646107382,725.741935483871,721.6526385076467
BA.1.1.14,21K,0.3091698586803164,0.27136806007395364,-176.3070595252684,-154.33349646107382,726.3603577611078,721.6526385076467
BA.1.1,21K,0.30937321380641813,0.27136806007395364,-171.42164284844935,-154.33349646107382,726.4861227084322,721.6526385076467
BA.1.14.1,21K,0.3122524734121989,0.27136806007395364,-181.91240094151905,-154.33349646107382,728.3166666666666,721.6526385076467
BA.1.3,21K,0.3133975068161931,0.27136806007395364,-184.89522510915427,-154.33349646107382,729.0714285714287,721.6526385076467
BA.1.10,21K,0.3150667102124317,0.27136806007395364,-185.75644054896082,-154.33349646107382,730.2,721.6526385076467
BA.1.13.1,21K,0.31800439887428505,0.27136806007395364,-187.4037879028051,-154.33349646107382,732.2727272727273,721.6526385076467
BA.1.1.16,21K,0.3180822547472426,0.27136806007395364,-182.96267456058484,-154.33349646107382,732.329173693086,721.6526385076467
BA.1.21.1,21K,0.3212091562710849,0.27136806007395364,-191.45904504933074,-154.33349646107382,734.6666666666666,721.6526385076467
BA.1.15.2,21K,0.32164333135793144,0.27136806007395364,-185.81841848254268,-154.33349646107382,735.0021505376345,721.6526385076467
BA.1.1.7,21K,0.32235561598038975,0.27136806007395364,-189.05666989563406,-154.33349646107382,735.5584415584416,721.6526385076467
BA.1.9,21K,0.3246143867024248,0.27136806007395364,-191.99591394990952,-154.33349646107382,737.3720930232558,721.6526385076467
BA.1.1.15,21K,0.3249523048140879,0.27136806007395364,-191.62430528741254,-154.33349646107382,737.6500000000001,721.6526385076467
BA.1.1.13,21K,0.32499834914879944,0.27136806007395364,-190.51883647482225,-154.33349646107382,737.6879999999999,721.6526385076467
BA.1.14.2,21K,0.3261708105386013,0.27136806007395364,-194.70861487542248,-154.33349646107382,738.6666666666666,721.6526385076467
BC.1,21K,0.328017376938006,0.27136806007395364,-196.8848934933388,-154.33349646107382,740.25,721.6526385076467
BA.1.1.10,21K,0.3285915368375331,0.27136806007395364,-191.53322633508677,-154.33349646107382,740.7544539116963,721.6526385076467
BA.1.5,21K,0.32886608373901377,0.27136806007395364,-198.89990008999627,-154.33349646107382,741.0,721.6526385076467
BA.1.1.1,21K,0.3302607800533063,0.27136806007395364,-193.57629582072772,-154.33349646107382,742.2478336221836,721.6526385076467
BA.1.1.12,21K,0.33088542120814635,0.27136806007395364,-198.00003470336267,-154.33349646107382,742.8181818181819,721.6526385076467
BA.1.1.9,21K,0.3311251088029743,0.27136806007395364,-196.6247808711713,-154.33349646107382,743.0384615384618,721.6526385076467
BA.1.1.3,21K,0.33373202262538865,0.27136806007395364,-201.82310474832545,-154.33349646107382,745.5,721.6526385076467
BA.1.1.11,21K,0.3450632435450435,0.27136806007395364,-206.56322245156028,-154.33349646107382,757.367816091954,721.6526385076467
BD.1,21K,0.3587625531040241,0.27136806007395364,-219.11612382286162,-154.33349646107382,773.5454545454546,721.6526385076467
BA.1.23,21K,0.374036916723669,0.27136806007395364,-230.63538525911596,-154.33349646107382,791.529411764706,721.6526385076467
BA.3,21M,0.2895713393282056,0.32519944668926415,-168.0263290577065,-202.7352283164449,716.0,775.719298245614
BA.3.1,21M,0.3820010764357967,0.32519944668926415,-236.67152411051268,-202.7352283164449,800.086956521739,775.719298245614
BA.2.33,21L,0.36495904049993244,0.35894924126709815,-226.33044273030734,-222.62331989377134,781.0,817.5416739411294
BA.2.9.2,21L,0.37108383050731775,0.35894924126709815,-224.38263052816183,-222.62331989377134,788.1831971995332,817.5416739411294
BA.2.3.21,21L,0.37117295532835265,0.35894924126709815,-229.26039929868924,-222.62331989377134,788.2857142857142,817.5416739411294
BA.2.10,21L,0.37199885391168575,0.35894924126709815,-223.03912342268873,-222.62331989377134,789.2290279627165,817.5416739411294
BA.2.10.1,21L,0.37369828823715195,0.35894924126709815,-226.21499088226048,-222.62331989377134,791.149861239593,817.5416739411294
BA.2.3.17,21L,0.37550359773983294,0.35894924126709815,-226.9214125529149,-222.62331989377134,793.1579183490354,817.5416739411294
BA.2.87,21L,0.3763182697754503,0.35894924126709815,-232.33281092746492,-222.62331989377134,794.0526315789473,817.5416739411294
BA.2.19,21L,0.37783741314903374,0.35894924126709815,-234.18222524960296,-222.62331989377134,795.7,817.5416739411294
BA.2.25,21L,0.37838699948550114,0.35894924126709815,-233.74420146710105,-222.62331989377134,796.2916666666666,817.5416739411294
BA.2.7,21L,0.3804730073295961,0.35894924126709815,-230.26713911564588,-222.62331989377134,798.5006099048549,817.5416739411294
BA.2.3.8,21L,0.3813125588376602,0.35894924126709815,-237.17695312596095,-222.62331989377134,799.375,817.5416739411294
BA.2.2.1,21L,0.382890148753119,0.35894924126709815,-240.51873187619506,-222.62331989377134,801.0,817.5416739411294
BA.2.10.3,21L,0.3830020848583026,0.35894924126709815,-238.411210847773,-222.62331989377134,801.1111111111111,817.5416739411294
BA.2.4,21L,0.3868725109596078,0.35894924126709815,-239.19479433395054,-222.62331989377134,804.9673913043478,817.5416739411294
BA.2.26,21L,0.38759983347912863,0.35894924126709815,-237.05238652120872,-222.62331989377134,805.6732954545455,817.5416739411294
BA.2.3.5,21L,0.38788377447280903,0.35894924126709815,-239.50723405871054,-222.62331989377134,805.9473684210526,817.5416739411294
BA.2.2,21L,0.3880359581840556,0.35894924126709815,-239.80174974020818,-222.62331989377134,806.09375,817.5416739411294
BA.2.17,21L,0.3885965307676675,0.35894924126709815,-240.7750689640082,-222.62331989377134,806.6315789473684,817.5416739411294
BA.2.3,21L,0.39035857425084963,0.35894924126709815,-236.22949298998154,-222.62331989377134,808.2999730694136,817.5416739411294
BA.2.63,21L,0.3924843088595257,0.35894924126709815,-244.3777310314988,-222.62331989377134,810.2708333333333,817.5416739411294
BA.2.70,21L,0.39312699891628294,0.35894924126709815,-246.13082634658286,-222.62331989377134,810.8571428571428,817.5416739411294
BA.2.5,21L,0.3937445030903387,0.35894924126709815,-244.1232607455225,-222.62331989377134,811.4186046511629,817.5416739411294
BA.2.32,21L,0.3945977804330008,0.35894924126709815,-243.53534291648174,-222.62331989377134,812.1873990306946,817.5416739411294
BA.2.39,21L,0.394889248678312,0.35894924126709815,-246.83291993339873,-222.62331989377134,812.448275862069,817.5416739411294
BA.2.3.4,21L,0.3949830692756716,0.35894924126709815,-243.77665472334763,-222.62331989377134,812.5323308270677,817.5416739411294
BA.2.37,21L,0.3957091019197199,0.35894924126709815,-243.9138730298025,-222.62331989377134,813.1787762906309,817.5416739411294
BA.2.3.10,21L,0.3958747668547871,0.35894924126709815,-245.30423727009287,-222.62331989377134,813.3255033557048,817.5416739411294
BA.2.3.12,21L,0.39606316759127763,0.35894924126709815,-246.28704208933837,-222.62331989377134,813.4923076923077,817.5416739411294
BA.2.68,21L,0.39619491659204403,0.35894924126709815,-246.33450707983275,-222.62331989377134,813.608695652174,817.5416739411294
BA.2,21L,0.39665471527755436,0.35894924126709815,-239.6975670193871,-222.62331989377134,814.0138862568532,817.5416739411294
BA.2.62,21L,0.3974684281303256,0.35894924126709815,-249.207562243138,-222.62331989377134,814.7272727272727,817.5416739411294
BA.2.9,21L,0.39762127559112376,0.35894924126709815,-242.41607113585374,-222.62331989377134,814.8597123923724,817.5416739411294
BA.2.21,21L,0.3980683782817648,0.35894924126709815,-245.67442357366104,-222.62331989377134,815.2483713355049,817.5416739411294
BA.2.3.15,21L,0.3986817991531252,0.35894924126709815,-248.94401132521895,-222.62331989377134,815.7792207792209,817.5416739411294
BA.2.6,21L,0.39894865412530967,0.35894924126709815,-247.40522534907154,-222.62331989377134,816.0089686098654,817.5416739411294
BA.2.3.16,21L,0.39937383159081274,0.35894924126709815,-249.98136001260676,-222.62331989377134,816.375,817.5416739411294
BA.2.73,21L,0.40082709992454335,0.35894924126709815,-248.27830999745046,-222.62331989377134,817.6122685185185,817.5416739411294
BA.2.3.14,21L,0.4013401506341825,0.35894924126709815,-249.97882987765456,-222.62331989377134,818.0458333333333,817.5416739411294
BA.2.27,21L,0.4021040073000391,0.35894924126709815,-253.31199816247673,-222.62331989377134,818.6875,817.5416739411294
BA.2.14,21L,0.40227537084340315,0.35894924126709815,-251.96221184268828,-222.62331989377134,818.830985915493,817.5416739411294
BA.2.3.13,21L,0.4024981742923322,0.35894924126709815,-255.30893648610106,-222.62331989377134,819.0,817.5416739411294
BA.2.31,21L,0.40266537917576894,0.35894924126709815,-249.62264757552833,-222.62331989377134,819.1568047337278,817.5416739411294
BA.2.64,21L,0.4032581647537724,0.35894924126709815,-252.08839418939294,-222.62331989377134,819.6500000000001,817.5416739411294
BA.2.20,21L,0.4050413584139421,0.35894924126709815,-251.8008614783088,-222.62331989377134,821.120347394541,817.5416739411294
BA.2.51,21L,0.40540363678632274,0.35894924126709815,-256.30556621615204,-222.62331989377134,821.4166666666665,817.5416739411294
BA.2.8,21L,0.40552795958205123,0.35894924126709815,-253.64032680486102,-222.62331989377134,821.5183246073298,817.5416739411294
BA.2.3.9,21L,0.40864636315248754,0.35894924126709815,-257.46938176907133,-222.62331989377134,824.0370370370371,817.5416739411294
BA.2.23.1,21L,0.40884823517351465,0.35894924126709815,-255.4303266101087,-222.62331989377134,824.1979591836734,817.5416739411294
BA.2.9.1,21L,0.40955302066456306,0.35894924126709815,-258.2937844818376,-222.62331989377134,824.76,817.5416739411294
BA.2.3.6,21L,0.4096786440701217,0.35894924126709815,-256.22038290328146,-222.62331989377134,824.859410430839,817.5416739411294
BA.2.22,21L,0.4097862847419267,0.35894924126709815,-256.40425666624157,-222.62331989377134,824.9451371571072,817.5416739411294
BA.2.3.11,21L,0.4099197843541007,0.35894924126709815,-258.8447920007135,-222.62331989377134,825.0512820512821,817.5416739411294
BA.2.23,21L,0.41062387607481443,0.35894924126709815,-255.69067962454625,-222.62331989377134,825.608323133415,817.5416739411294
BA.2.34,21L,0.4122117981342325,0.35894924126709815,-261.356943630381,-222.62331989377134,826.8571428571429,817.5416739411294
BA.2.65,21L,0.41239281420481516,0.35894924126709815,-257.1591164216129,-222.62331989377134,826.9993838570548,817.5416739411294
BA.2.9.5,21L,0.4139898546576332,0.35894924126709815,-262.0662315458487,-222.62331989377134,828.2444444444445,817.5416739411294
BA.2.66,21L,0.4144071415725158,0.35894924126709815,-262.6076654193512,-222.62331989377134,828.5675675675677,817.5416739411294
BA.2.30,21L,0.41444170163320165,0.35894924126709815,-262.50954063718575,-222.62331989377134,828.5952380952381,817.5416739411294
BA.2.40,21L,0.4174542658281218,0.35894924126709815,-265.6114237362037,-222.62331989377134,830.9130434782609,817.5416739411294
BA.2.59,21L,0.4176888843283068,0.35894924126709815,-262.93306513145467,-222.62331989377134,831.0933660933661,817.5416739411294
BA.2.49,21L,0.41827653203016046,0.35894924126709815,-265.01155828489584,-222.62331989377134,831.5421686746988,817.5416739411294
BA.2.45,21L,0.41923237269874747,0.35894924126709815,-265.9214999091933,-222.62331989377134,832.2702702702704,817.5416739411294
BA.2.47,21L,0.41952257549153704,0.35894924126709815,-264.7370286413008,-222.62331989377134,832.4902597402598,817.5416739411294
BA.2.15,21L,0.4199015270050953,0.35894924126709815,-268.5854333812343,-222.62331989377134,832.7777777777777,817.5416739411294
BA.2.3.2,21L,0.4203976389946728,0.35894924126709815,-265.2796995971244,-222.62331989377134,833.1536388140163,817.5416739411294
BA.2.72,21L,0.4208837729824172,0.35894924126709815,-265.1568836534418,-222.62331989377134,833.5214626391097,817.5416739411294
BA.2.60,21L,0.4213515560983076,0.35894924126709815,-268.30212352458176,-222.62331989377134,833.8750000000001,817.5416739411294
BA.2.50,21L,0.4255703004357849,0.35894924126709815,-272.33754342228013,-222.62331989377134,837.0416666666665,817.5416739411294
BA.2.28,21L,0.4256917279005828,0.35894924126709815,-271.10638713697693,-222.62331989377134,837.1318681318681,817.5416739411294
BA.2.58,21L,0.42702371015478097,0.35894924126709815,-273.9603636008336,-222.62331989377134,838.125,817.5416739411294
BA.2.48,21L,0.42933210018693535,0.35894924126709815,-271.2160909594241,-222.62331989377134,839.8400926998842,817.5416739411294
BA.2.36,21L,0.4302335155551367,0.35894924126709815,-272.53740755765375,-222.62331989377134,840.5081466395112,817.5416739411294
BA.2.12,21L,0.4312729063080194,0.35894924126709815,-274.4038612684851,-222.62331989377134,841.2774725274726,817.5416739411294
BA.2.31.1,21L,0.4313101513438437,0.35894924126709815,-275.6502151837493,-222.62331989377134,841.3055555555555,817.5416739411294
BA.2.41,21L,0.43197708557923975,0.35894924126709815,-275.1190568206584,-222.62331989377134,841.7981366459628,817.5416739411294
BA.2.55,21L,0.433400352769601,0.35894924126709815,-277.8020012952411,-222.62331989377134,842.8493150684932,817.5416739411294
BA.2.40.1,21L,0.4341150383947522,0.35894924126709815,-276.61280196333547,-222.62331989377134,843.3767123287671,817.5416739411294
BA.2.9.7,21L,0.4359735673524005,0.35894924126709815,-277.06704811068715,-222.62331989377134,844.7468164794009,817.5416739411294
BA.2.35,21L,0.4363905695339656,0.35894924126709815,-281.6716318520057,-222.62331989377134,845.0526315789473,817.5416739411294
BA.2.9.6,21L,0.43648669842058013,0.35894924126709815,-281.51924250391846,-222.62331989377134,845.125,817.5416739411294
BA.2.44,21L,0.43654335230750585,0.35894924126709815,-281.5671238771491,-222.62331989377134,845.1666666666666,817.5416739411294
BA.2.53,21L,0.43692361471065766,0.35894924126709815,-282.8693939627337,-222.62331989377134,845.4444444444445,817.5416739411294
BA.2.69,21L,0.437226664550531,0.35894924126709815,-284.224278821891,-222.62331989377134,845.6666666666666,817.5416739411294
BA.2.18,21L,0.438041813470465,0.35894924126709815,-277.74039489908006,-222.62331989377134,846.2701252236135,817.5416739411294
BA.2.1,21L,0.43808099264701467,0.35894924126709815,-278.9859936471852,-222.62331989377134,846.298969072165,817.5416739411294
BA.2.13,21L,0.43923026501003265,0.35894924126709815,-279.4053999019304,-222.62331989377134,847.1451851851851,817.5416739411294
BA.2.77,21L,0.4400635166741987,0.35894924126709815,-286.3386415531155,-222.62331989377134,847.75,817.5416739411294
BA.2.57,21L,0.44010318082515765,0.35894924126709815,-283.90834877676934,-222.62331989377134,847.7872340425531,817.5416739411294
BA.2.43,21L,0.440158003370039,0.35894924126709815,-283.8537390370788,-222.62331989377134,847.8269230769231,817.5416739411294
BA.2.9.3,21L,0.44018429919136404,0.35894924126709815,-282.14029075413737,-222.62331989377134,847.8474576271186,817.5416739411294
BA.2.42,21L,0.4428884519222559,0.35894924126709815,-285.1187209155048,-222.62331989377134,849.8389261744966,817.5416739411294
BA.2.71,21L,0.44341747403315945,0.35894924126709815,-285.54191582942536,-222.62331989377134,850.2287581699347,817.5416739411294
BA.2.52,21L,0.44577532695398864,0.35894924126709815,-286.95149645362,-222.62331989377134,851.9676258992806,817.5416739411294
BA.2.38,21L,0.44953594843794525,0.35894924126709815,-289.070466218433,-222.62331989377134,854.7484885126964,817.5416739411294
BA.2.56,21L,0.45275994523828705,0.35894924126709815,-292.04055680838377,-222.62331989377134,857.1432835820896,817.5416739411294
BA.2.54,21L,0.45279156227515394,0.35894924126709815,-295.68456479277125,-222.62331989377134,857.1666666666666,817.5416739411294
BA.2.78,21L,0.453530980014257,0.35894924126709815,-295.7432002358421,-222.62331989377134,857.71875,817.5416739411294
BA.2.61,21L,0.45444381807158746,0.35894924126709815,-297.2841551657265,-222.62331989377134,858.4,817.5416739411294
BA.2.3.7,21L,0.45618327444933404,0.35894924126709815,-297.02058285239144,-222.62331989377134,859.7011494252874,817.5416739411294
BA.2.38.4,21L,0.45703333267793383,0.35894924126709815,-301.11898903089303,-222.62331989377134,860.3333333333333,817.5416739411294
BA.2.13.1,21L,0.4607729616577468,0.35894924126709815,-298.5546668874323,-222.62331989377134,863.1625766871166,817.5416739411294
BA.2.16,21L,0.46253537906408726,0.35894924126709815,-306.26949223544284,-222.62331989377134,864.5,817.5416739411294
BA.2.9.4,21L,0.4626613281582632,0.35894924126709815,-305.46206224772817,-222.62331989377134,864.6,817.5416739411294
BA.2.81,21L,0.4630585442751008,0.35894924126709815,-303.28786009592676,-222.62331989377134,864.9032258064516,817.5416739411294
BA.2.12.2,21L,0.46383681335832694,0.35894924126709815,-306.0089050595682,-222.62331989377134,865.5,817.5416739411294
BA.2.79,21L,0.46725569267856293,0.35894924126709815,-307.6845930932261,-222.62331989377134,868.1379310344828,817.5416739411294
BA.2.11,21L,0.46910757967489897,0.35894924126709815,-310.1760102766092,-222.62331989377134,869.5833333333333,817.5416739411294
BA.2.79.1,21L,0.4824709818821275,0.35894924126709815,-323.66019305754173,-222.62331989377134,880.5,817.5416739411294
BA.2.82,21L,0.4905940708579702,0.35894924126709815,-329.9254514774864,-222.62331989377134,887.8,817.5416739411294
BA.2.76,21L,0.4933617256622288,0.35894924126709815,-327.5643490230149,-222.62331989377134,890.4605475040257,817.5416739411294
BA.2.38.3,21L,0.49352829343781973,0.35894924126709815,-331.37142311235203,-222.62331989377134,890.625,817.5416739411294
BA.2.74,21L,0.49605296835308343,0.35894924126709815,-331.6683402022611,-222.62331989377134,893.1592920353982,817.5416739411294
BA.2.38.1,21L,0.49946221959717885,0.35894924126709815,-335.4578218748607,-222.62331989377134,896.7592592592592,817.5416739411294
BA.2.38.2,21L,0.5030797048744303,0.35894924126709815,-339.7536859055125,-222.62331989377134,900.8421052631578,817.5416739411294
BH.1,21L,0.5254100647095618,0.35894924126709815,-359.1742736199667,-222.62331989377134,933.3962264150942,817.5416739411294
BS.1,21L,0.5447936755080977,0.35894924126709815,-380.2450540582049,-222.62331989377134,975.75,817.5416739411294
CM.1,21L,0.5477753491548054,0.35894924126709815,-382.60540912760877,-222.62331989377134,982.8571428571427,817.5416739411294
CM.7.1,21L,0.5536433900359187,0.35894924126709815,-389.66684693192036,-222.62331989377134,997.0,817.5416739411294
CM.4,21L,0.554714570573353,0.35894924126709815,-386.7566052541338,-222.62331989377134,999.6728971962616,817.5416739411294
CM.5.1,21L,0.5547650318719879,0.35894924126709815,-389.87045174272697,-222.62331989377134,999.8,817.5416739411294
CM.6,21L,0.5548735316086021,0.35894924126709815,-389.02342752288314,-222.62331989377134,1000.0769230769231,817.5416739411294
CM.8,21L,0.5572453211111643,0.35894924126709815,-392.17602666064687,-222.62331989377134,1006.4999999999999,817.5416739411294
CM.5,21L,0.5580526832933151,0.35894924126709815,-390.7923978345266,-222.62331989377134,1008.9814814814815,817.5416739411294
BA.2.3.20,21L,0.5646535393172196,0.35894924126709815,-394.553314200616,-222.62331989377134,1014.5424973767051,817.5416739411294
CM.2,21L,0.5649135418012777,0.35894924126709815,-395.6153107249574,-222.62331989377134,1014.965034965035,817.5416739411294
CM.9,21L,0.5676402676585336,0.35894924126709815,-400.60005859013495,-222.62331989377134,1019.2553191489361,817.5416739411294
CM.6.1,21L,0.5679502242785174,0.35894924126709815,-401.67516087584045,-222.62331989377134,1019.7272727272727,817.5416739411294
BJ.1,21L,0.5690550062893396,0.35894924126709815,-403.3287491042318,-222.62331989377134,1021.3846153846154,817.5416739411294
CM.4.1,21L,0.5718756848346127,0.35894924126709815,-405.4131875611713,-222.62331989377134,1025.4482758620688,817.5416739411294
BA.2.10.4,21L,0.573582128134699,0.35894924126709815,-408.9229237761636,-222.62331989377134,1027.8000000000002,817.5416739411294
BS.1.1,21L,0.574827556592832,0.35894924126709815,-408.9802494208826,-222.62331989377134,1029.4705882352941,817.5416739411294
CM.3,21L,0.5756995026592778,0.35894924126709815,-409.6670858418265,-222.62331989377134,1030.6190476190475,817.5416739411294
CM.5.2,21L,0.5775551086738983,0.35894924126709815,-410.0619135115197,-222.62331989377134,1033.0104166666665,817.5416739411294
CM.8.1.3,21L,0.5899166132970735,0.35894924126709815,-423.3782285976507,-222.62331989377134,1048.032786885246,817.5416739411294
CM.7,21L,0.5901535018589154,0.35894924126709815,-425.54018009596325,-222.62331989377134,1048.3333333333335,817.5416739411294
CM.11,21L,0.5926711981305455,0.35894924126709815,-426.9470190516351,-222.62331989377134,1051.774193548387,817.5416739411294
CM.12,21L,0.5976156985144417,0.35894924126709815,-432.4215158101747,-222.62331989377134,1057.0416666666665,817.5416739411294
CM.8.1.4,21L,0.598425312168275,0.35894924126709815,-433.27768660844714,-222.62331989377134,1057.9583333333333,817.5416739411294
CM.10,21L,0.6013592156260256,0.35894924126709815,-435.1102199085177,-222.62331989377134,1061.2906976744187,817.5416739411294
CM.8.1,21L,0.6128242401192855,0.35894924126709815,-445.50760407241967,-222.62331989377134,1074.6990825688074,817.5416739411294
CM.8.1.2,21L,0.6297914813287205,0.35894924126709815,-467.45323058481796,-222.62331989377134,1096.875,817.5416739411294
CM.2.1,21L,0.6473984219357619,0.35894924126709815,-489.78892760346014,-222.62331989377134,1127.0,817.5416739411294
FV.1,21L,0.6746993700728706,0.35894924126709815,-518.8376304842621,-222.62331989377134,1219.9411764705883,817.5416739411294
CM.7.1.1,21L,0.6877817642248375,0.35894924126709815,-537.3069757941306,-222.62331989377134,1275.5,817.5416739411294
BG.4,22C,0.4379863587533612,0.3890773060524936,-279.77316582773346,-247.7499753760463,846.2290388548058,847.2164894262263
BA.2.12.1,22C,0.43877884840658776,0.3890773060524936,-274.27933110882105,-247.7499753760463,846.8127775747547,847.2164894262263
BG.1,22C,0.44059746248976006,0.3890773060524936,-284.6811221834937,-247.7499753760463,848.1515151515151,847.2164894262263
BG.2,22C,0.4472625784705353,0.3890773060524936,-284.4234293361505,-247.7499753760463,853.0660903288357,847.2164894262263
BG.5,22C,0.45505297035675774,0.3890773060524936,-293.05360583427023,-247.7499753760463,858.8545977011494,847.2164894262263
BG.3,22C,0.46627273882455705,0.3890773060524936,-307.02087457477086,-247.7499753760463,867.375,847.2164894262263
BG.7,22C,0.46830582362628037,0.3890773060524936,-308.17979736779654,-247.7499753760463,868.9545454545455,847.2164894262263
BG.6,22C,0.48188414784742156,0.3890773060524936,-321.75731557684236,-247.7499753760463,880.0,847.2164894262263
BA.4.1.7,22A,0.4646336460954126,0.4431273625914516,-306.58102960504186,-296.1336327246722,866.111111111111,915.7180003482956
BA.4.1.2,22A,0.4807020918449851,0.4431273625914516,-322.7971058375597,-296.1336327246722,879.0,915.7180003482956
BA.4.1.6,22A,0.4870048717430162,0.4431273625914516,-321.11231678100376,-296.1336327246722,884.4896206156047,915.7180003482956
BA.4.1.1,22A,0.4877189184948508,0.4431273625914516,-321.93607404742136,-296.1336327246722,885.1361665221162,915.7180003482956
BA.4.1,22A,0.4914833499022136,0.4431273625914516,-321.9039244122648,-296.1336327246722,888.6421971864569,915.7180003482956
BA.4.3,22A,0.4926759110546841,0.4431273625914516,-326.69065718010455,-296.1336327246722,889.7908415841582,915.7180003482956
BA.4.2,22A,0.49281851867470633,0.4431273625914516,-325.23191590216373,-296.1336327246722,889.9295310519645,915.7180003482956
BA.4.4,22A,0.4933163999085788,0.4431273625914516,-325.4254083503997,-296.1336327246722,890.4160742496051,915.7180003482956
BA.4,22A,0.493844359530865,0.4431273625914516,-325.571324410457,-296.1336327246722,890.9360365505426,915.7180003482956
BA.4.5,22A,0.49384912456828495,0.4431273625914516,-330.90344333967363,-296.1336327246722,890.9411764705883,915.7180003482956
BA.4.1.3,22A,0.4944758362013341,0.4431273625914516,-332.21578195569754,-296.1336327246722,891.5625,915.7180003482956
BA.4.1.4,22A,0.5087903761613614,0.4431273625914516,-344.27767847450775,-296.1336327246722,907.4444444444445,915.7180003482956
BA.4.1.5,22A,0.5128168843636507,0.4431273625914516,-348.53001051671356,-296.1336327246722,912.85,915.7180003482956
BA.4.7,22A,0.5283590532204029,0.4431273625914516,-360.9496299708184,-296.1336327246722,939.0915492957746,915.7180003482956
BA.4.1.8,22A,0.5326703677014462,0.4431273625914516,-362.91783372866774,-296.1336327246722,948.0025884383087,915.7180003482956
BA.4.6.5,22A,0.5341598550463649,0.4431273625914516,-363.55041837211417,-296.1336327246722,951.2281879194632,915.7180003482956
BA.4.6,22A,0.5342940753628436,0.4431273625914516,-361.0797159503698,-296.1336327246722,951.52221797997,915.7180003482956
BA.4.1.9,22A,0.5388785941324247,0.4431273625914516,-370.24154383277596,-296.1336327246722,961.8536585365854,915.7180003482956
CS.1,22A,0.5415183502586558,0.4431273625914516,-378.44819407059094,-296.1336327246722,968.0,915.7180003482956
BA.4.6.1,22A,0.5455062738444645,0.4431273625914516,-377.7121604262118,-296.1336327246722,977.4455445544554,915.7180003482956
BA.4.6.4,22A,0.5459866304855729,0.4431273625914516,-377.8626040962664,-296.1336327246722,978.5899280575541,915.7180003482956
BA.4.1.10,22A,0.5461588092716914,0.4431273625914516,-379.70751073482734,-296.1336327246722,979.0000000000001,915.7180003482956
BA.4.6.2,22A,0.550259775898071,0.4431273625914516,-381.682408886063,-296.1336327246722,988.7990196078431,915.7180003482956
DC.1,22A,0.551418913280758,0.4431273625914516,-383.58394694506643,-296.1336327246722,991.5833333333333,915.7180003482956
BA.4.1.11,22A,0.5658257550498066,0.4431273625914516,-400.65739279616366,-296.1336327246722,1016.4285714285713,915.7180003482956
BA.4.6.3,22A,0.5800426445991431,0.4431273625914516,-412.6671992597139,-296.1336327246722,1036.1182795698924,915.7180003482956
BF.1.1,22B,0.46750517035810574,0.45246697522466606,-305.2972342113882,-302.9872356837063,868.3316326530613,939.1235281351505
BA.5.3.2,22B,0.48420054541357144,0.45246697522466606,-322.1163107228964,-302.9872356837063,882.0,939.1235281351505
BA.5.2.5,22B,0.49491106202420315,0.45246697522466606,-333.1792643098768,-302.9872356837063,892.0,939.1235281351505
BE.12,22B,0.4957610106427006,0.45246697522466606,-331.27519660235123,-302.9872356837063,892.860465116279,939.1235281351505
DE.1,22B,0.5010756358459696,0.45246697522466606,-336.1588877204456,-302.9872356837063,898.5438596491229,939.1235281351505
BA.5.5,22B,0.5025722538597139,0.45246697522466606,-331.4017494972465,-302.9872356837063,900.251970974701,939.1235281351505
BA.5.3,22B,0.5044677607841876,0.45246697522466606,-337.230665419681,-302.9872356837063,902.4939613526569,939.1235281351505
BF.20,22B,0.5068444892498666,0.45246697522466606,-342.8397091590464,-302.9872356837063,905.0000000000001,939.1235281351505
BF.1,22B,0.5070454494259757,0.45246697522466606,-338.8203610160825,-302.9872356837063,905.2476958525345,939.1235281351505
BA.5.3.4,22B,0.5070809424123092,0.45246697522466606,-343.13377669400967,-302.9872356837063,905.2916666666665,939.1235281351505
BE.1.3,22B,0.5086065496727389,0.45246697522466606,-342.99392462837204,-302.9872356837063,907.209090909091,939.1235281351505
BA.5.8,22B,0.5094816538131482,0.45246697522466606,-340.96369876906954,-302.9872356837063,908.3381877022654,939.1235281351505
BT.1,22B,0.5098832465436544,0.45246697522466606,-345.06949806154546,-302.9872356837063,908.8636363636364,939.1235281351505
BE.3,22B,0.5105970175832834,0.45246697522466606,-340.4787333737124,-302.9872356837063,909.8093975903615,939.1235281351505
BF.28,22B,0.5107748664625502,0.45246697522466606,-341.5280556752458,-302.9872356837063,910.0474100087796,939.1235281351505
BF.12,22B,0.5131365395227446,0.45246697522466606,-347.2850162020244,-302.9872356837063,913.3010752688173,939.1235281351505
BA.5.6,22B,0.5134911297154815,0.45246697522466606,-341.79813403653264,-302.9872356837063,913.8050045085663,939.1235281351505
BA.5.1.1,22B,0.5136331616936888,0.45246697522466606,-343.05185818080884,-302.9872356837063,914.008026159334,939.1235281351505
BF.19,22B,0.5137079676564817,0.45246697522466606,-349.0816367140458,-302.9872356837063,914.1153846153846,939.1235281351505
BF.8,22B,0.5137635186949759,0.45246697522466606,-343.9332850289716,-302.9872356837063,914.1949458483755,939.1235281351505
BE.2,22B,0.5146789469246205,0.45246697522466606,-345.76005958648074,-302.9872356837063,915.523700742433,939.1235281351505
BA.5.1.15,22B,0.5150802591809985,0.45246697522466606,-347.4643049371088,-302.9872356837063,916.1152173913044,939.1235281351505
BA.5.5.2,22B,0.5154327839036272,0.45246697522466606,-347.12399039541657,-302.9872356837063,916.6394176931691,939.1235281351505
BA.5.1.4,22B,0.515432943330446,0.45246697522466606,-349.20919285370263,-302.9872356837063,916.6396396396397,939.1235281351505
BA.5.2.2,22B,0.5157337459655797,0.45246697522466606,-347.9620701855412,-302.9872356837063,917.090373280943,939.1235281351505
BF.21,22B,0.5161863334645561,0.45246697522466606,-345.984406435878,-302.9872356837063,917.7745467600072,939.1235281351505
BA.5.1.35,22B,0.5168651735172017,0.45246697522466606,-349.20483212775315,-302.9872356837063,918.8144578313254,939.1235281351505
BE.1,22B,0.517416613169483,0.45246697522466606,-346.67991848647836,-302.9872356837063,919.6714700755374,939.1235281351505
BA.5.1.8,22B,0.5182184304089991,0.45246697522466606,-350.0944244686315,-302.9872356837063,920.9375,939.1235281351505
BE.1.4,22B,0.518316319052661,0.45246697522466606,-349.08259694306753,-302.9872356837063,921.0937149270484,939.1235281351505
BF.9,22B,0.5184825336052232,0.45246697522466606,-349.2234481467595,-302.9872356837063,921.3597560975609,939.1235281351505
BF.3,22B,0.5185093540930131,0.45246697522466606,-352.4692553670396,-302.9872356837063,921.4027777777777,939.1235281351505
BF.27,22B,0.5190388037563183,0.45246697522466606,-348.6422401136077,-302.9872356837063,922.2576573231854,939.1235281351505
BA.5.5.3,22B,0.5194966669657807,0.45246697522466606,-351.060641532755,-302.9872356837063,923.0054644808743,939.1235281351505
BF.24,22B,0.5200599301564583,0.45246697522466606,-353.0232876401636,-302.9872356837063,923.936416184971,939.1235281351505
BE.1.4.4,22B,0.5201929047015071,0.45246697522466606,-355.3550147102085,-302.9872356837063,924.1578947368421,939.1235281351505
BA.5.1.24,22B,0.5205607843364549,0.45246697522466606,-351.4632915849844,-302.9872356837063,924.7744648318043,939.1235281351505
BF.18,22B,0.5210318219992089,0.45246697522466606,-356.4362777897243,-302.9872356837063,925.5714285714284,939.1235281351505
BA.5.3.3,22B,0.521283019441015,0.45246697522466606,-354.2389877588523,-302.9872356837063,926.0,939.1235281351505
BF.35,22B,0.5220320997101071,0.45246697522466606,-351.06559343876853,-302.9872356837063,927.2926091530774,939.1235281351505
BF.36,22B,0.5229625177941778,0.45246697522466606,-355.0454682482162,-302.9872356837063,928.9287833827893,939.1235281351505
BE.1.4.1,22B,0.5229683591139022,0.45246697522466606,-355.1806183475084,-302.9872356837063,928.9391891891892,939.1235281351505
BF.41,22B,0.5237040787231246,0.45246697522466606,-356.6422450184135,-302.9872356837063,930.2573529411764,939.1235281351505
BA.5.1.9,22B,0.5240289305898612,0.45246697522466606,-358.1936299928484,-302.9872356837063,930.8461538461538,939.1235281351505
BA.5.1.25,22B,0.5240911163813629,0.45246697522466606,-353.8830453314263,-302.9872356837063,930.959389213775,939.1235281351505
BA.5.1,22B,0.5243407842715911,0.45246697522466606,-351.4289147106344,-302.9872356837063,931.4153924453984,939.1235281351505
BA.5.2.1,22B,0.524400505673269,0.45246697522466606,-350.557814111453,-302.9872356837063,931.5248372940445,939.1235281351505
BF.4,22B,0.5250688138315979,0.45246697522466606,-355.5530611688954,-302.9872356837063,932.7591950034698,939.1235281351505
BA.5.1.3,22B,0.5255090638787432,0.45246697522466606,-355.41013978431135,-302.9872356837063,933.5819704826487,939.1235281351505
BE.11,22B,0.5257508592347206,0.45246697522466606,-360.16693355702097,-302.9872356837063,934.037037037037,939.1235281351505
BA.5.1.17,22B,0.52576364544928,0.45246697522466606,-358.8897469956256,-302.9872356837063,934.0612244897959,939.1235281351505
BA.5.2.10,22B,0.5260156585655272,0.45246697522466606,-361.1452220541295,-302.9872356837063,934.5384615384617,939.1235281351505
BA.5.2.4,22B,0.5263269758469116,0.45246697522466606,-359.32837215750493,-302.9872356837063,935.1308411214952,939.1235281351505
BA.5.1.30,22B,0.5263999308837253,0.45246697522466606,-355.21662105755274,-302.9872356837063,935.270231627109,939.1235281351505
BA.5.1.23,22B,0.5264540317341003,0.45246697522466606,-355.7700733680223,-302.9872356837063,935.3737588652482,939.1235281351505
BF.40,22B,0.5266243729977637,0.45246697522466606,-358.2296577535694,-302.9872356837063,935.7004716981132,939.1235281351505
BA.5.2.44,22B,0.526643128988771,0.45246697522466606,-359.29972890547646,-302.9872356837063,935.7364864864865,939.1235281351505
BA.5.10,22B,0.5267107485803806,0.45246697522466606,-361.6521679983761,-302.9872356837063,935.8666666666667,939.1235281351505
BF.10,22B,0.5267128703814281,0.45246697522466606,-354.597348324863,-302.9872356837063,935.8706564815348,939.1235281351505
BA.5,22B,0.5270967228768693,0.45246697522466606,-355.31691140961107,-302.9872356837063,936.6123507616302,939.1235281351505
BA.5.1.19,22B,0.5274076912751099,0.45246697522466606,-360.7788283852052,-302.9872356837063,937.2173913043478,939.1235281351505
BF.6,22B,0.5275226986578518,0.45246697522466606,-359.8737109878032,-302.9872356837063,937.4421052631579,939.1235281351505
BF.3.1,22B,0.5276117911156788,0.45246697522466606,-359.07521151957286,-302.9872356837063,937.6165577342049,939.1235281351505
BE.1.1,22B,0.5280060380148619,0.45246697522466606,-356.73609533358007,-302.9872356837063,938.3921056450442,939.1235281351505
BF.2,22B,0.5283654922043608,0.45246697522466606,-360.70749740613746,-302.9872356837063,939.1043956043957,939.1235281351505
BA.5.2.21,22B,0.5286296195093341,0.45246697522466606,-357.50092343972204,-302.9872356837063,939.6309027777777,939.1235281351505
BA.5.2.16,22B,0.5287839841529668,0.45246697522466606,-360.1267414559547,-302.9872356837063,939.9398340248963,939.1235281351505
BA.5.1.22,22B,0.5292399584554569,0.45246697522466606,-358.42997840543416,-302.9872356837063,940.8576027736503,939.1235281351505
BA.5.1.29,22B,0.5293102928671274,0.45246697522466606,-366.7997121724116,-302.9872356837063,941.0,939.1235281351505
BZ.1,22B,0.5293106096490292,0.45246697522466606,-366.1067983866013,-302.9872356837063,941.0,939.1235281351505
BA.5.1.2,22B,0.5294823820671395,0.45246697522466606,-359.2893363358115,-302.9872356837063,941.348696461825,939.1235281351505
BA.5.1.10,22B,0.529507645448829,0.45246697522466606,-358.38663789786165,-302.9872356837063,941.4000000000001,939.1235281351505
BF.7.9,22B,0.5296388189498521,0.45246697522466606,-366.0102923081947,-302.9872356837063,941.6666666666666,939.1235281351505
BE.4,22B,0.5296584867962407,0.45246697522466606,-360.77655056105823,-302.9872356837063,941.7068062827225,939.1235281351505
BF.5,22B,0.5297009092274043,0.45246697522466606,-358.03004811661884,-302.9872356837063,941.7932444061962,939.1235281351505
BA.5.1.21,22B,0.530452966082961,0.45246697522466606,-362.1141971491801,-302.9872356837063,943.3364779874214,939.1235281351505
BA.5.2.3,22B,0.5307580325323911,0.45246697522466606,-360.95183079040686,-302.9872356837063,943.9682890855457,939.1235281351505
BF.29,22B,0.5311938874809524,0.45246697522466606,-364.28529670991065,-302.9872356837063,944.876712328767,939.1235281351505
BA.5.1.20,22B,0.5312600175013408,0.45246697522466606,-364.448591022875,-302.9872356837063,945.0151515151515,939.1235281351505
BF.38,22B,0.5313058494390138,0.45246697522466606,-364.87489505061086,-302.9872356837063,945.1111111111112,939.1235281351505
BA.5.2.9,22B,0.5313690736660339,0.45246697522466606,-359.36707437614575,-302.9872356837063,945.2436974789916,939.1235281351505
BF.23,22B,0.5316593761809418,0.45246697522466606,-365.1446144738129,-302.9872356837063,945.8541666666665,939.1235281351505
BA.5.2.33,22B,0.5319101818746613,0.45246697522466606,-363.39803316316414,-302.9872356837063,946.3839541547278,939.1235281351505
BA.5.2,22B,0.5319262523728755,0.45246697522466606,-358.4030653636792,-302.9872356837063,946.417975767305,939.1235281351505
BA.5.1.6,22B,0.5320899320254016,0.45246697522466606,-361.6296649729896,-302.9872356837063,946.7649484536082,939.1235281351505
BA.5.2.8,22B,0.5321459197499042,0.45246697522466606,-363.4948481728581,-302.9872356837063,946.8838383838383,939.1235281351505
BK.1,22B,0.532460186833199,0.45246697522466606,-362.3905736772248,-302.9872356837063,947.5531385954009,939.1235281351505
BA.5.6.2,22B,0.5332031747070625,0.45246697522466606,-363.6147504242734,-302.9872356837063,949.1483803552769,939.1235281351505
CF.1,22B,0.5332887900832851,0.45246697522466606,-365.6770210712051,-302.9872356837063,949.3333333333334,939.1235281351505
BA.5.2.28,22B,0.533405771306896,0.45246697522466606,-363.7452972417154,-302.9872356837063,949.5864440078585,939.1235281351505
BA.5.1.11,22B,0.5334237913531491,0.45246697522466606,-368.60857498952504,-302.9872356837063,949.625,939.1235281351505
BA.5.6.1,22B,0.533787060658735,0.45246697522466606,-365.83462027921667,-302.9872356837063,950.4143646408841,939.1235281351505
BA.5.2.27,22B,0.5339614710560774,0.45246697522466606,-364.29315938777745,-302.9872356837063,950.7945891783567,939.1235281351505
BF.39,22B,0.5352724094978945,0.45246697522466606,-365.71264068736355,-302.9872356837063,953.6813317479191,939.1235281351505
BA.5.2.38,22B,0.5353577556057663,0.45246697522466606,-369.0946463096834,-302.9872356837063,953.8709677419354,939.1235281351505
BA.5.2.22,22B,0.5354016705103403,0.45246697522466606,-365.3708465140515,-302.9872356837063,953.968633308439,939.1235281351505
BE.1.4.3,22B,0.5354414908812161,0.45246697522466606,-369.0531695979322,-302.9872356837063,954.0571428571427,939.1235281351505
BA.5.2.31,22B,0.5354971125083422,0.45246697522466606,-365.38433594114343,-302.9872356837063,954.1810642709054,939.1235281351505
BA.5.2.20,22B,0.5357419507328873,0.45246697522466606,-364.22244198938125,-302.9872356837063,954.7271482369051,939.1235281351505
BF.17,22B,0.535741966421966,0.45246697522466606,-370.49738505353395,-302.9872356837063,954.7272727272727,939.1235281351505
BF.16,22B,0.5366124853772356,0.45246697522466606,-367.4010933807888,-302.9872356837063,956.6815742397139,939.1235281351505
BA.5.1.7,22B,0.53690207220784,0.45246697522466606,-367.55707407962063,-302.9872356837063,957.3359746434232,939.1235281351505
DJ.1,22B,0.537524735583226,0.45246697522466606,-372.1160068614387,-302.9872356837063,958.75,939.1235281351505
BF.26,22B,0.5377222879033638,0.45246697522466606,-365.8021691043617,-302.9872356837063,959.2002997002998,939.1235281351505
BE.1.1.2,22B,0.5380254352960925,0.45246697522466606,-369.0602260731077,-302.9872356837063,959.8932038834951,939.1235281351505
BF.15,22B,0.5380348219832165,0.45246697522466606,-370.23044727011325,-302.9872356837063,959.9147286821706,939.1235281351505
BA.5.5.1,22B,0.5383138161798777,0.45246697522466606,-367.7379447922333,-302.9872356837063,960.5541932319766,939.1235281351505
BA.5.10.1,22B,0.5385924284008776,0.45246697522466606,-369.33430142116765,-302.9872356837063,961.1944444444446,939.1235281351505
BA.5.3.1,22B,0.5386795477448273,0.45246697522466606,-368.6279096396673,-302.9872356837063,961.3949579831932,939.1235281351505
BA.5.2.19,22B,0.5396447045904565,0.45246697522466606,-370.1740024880535,-302.9872356837063,963.6261682242991,939.1235281351505
BE.4.1.1,22B,0.5405415159325151,0.45246697522466606,-375.55779355990416,-302.9872356837063,965.7142857142856,939.1235281351505
BA.5.2.12,22B,0.5409970541361613,0.45246697522466606,-373.7243715509725,-302.9872356837063,966.7794117647059,939.1235281351505
BU.2,22B,0.5416211213078421,0.45246697522466606,-373.80273935399447,-302.9872356837063,968.2434782608696,939.1235281351505
BA.5.2.37,22B,0.5418136823081192,0.45246697522466606,-373.82888530245935,-302.9872356837063,968.6962962962962,939.1235281351505
BA.5.2.24,22B,0.5419110666643344,0.45246697522466606,-373.74710258116687,-302.9872356837063,968.9254658385091,939.1235281351505
BA.5.1.31,22B,0.5422259378131691,0.45246697522466606,-376.9365054013946,-302.9872356837063,969.6666666666666,939.1235281351505
BV.1,22B,0.5422728961581819,0.45246697522466606,-375.3725863695407,-302.9872356837063,969.7777777777777,939.1235281351505
BF.13,22B,0.5428667583240014,0.45246697522466606,-372.2876353184445,-302.9872356837063,971.1798972015991,939.1235281351505
BF.25,22B,0.5436042679048915,0.45246697522466606,-373.65355143149344,-302.9872356837063,972.9256830601093,939.1235281351505
BA.5.2.41,22B,0.5442444252476739,0.45246697522466606,-378.2054158239329,-302.9872356837063,974.4444444444443,939.1235281351505
BV.2,22B,0.5447504657954522,0.45246697522466606,-378.7559852693371,-302.9872356837063,975.6470588235295,939.1235281351505
BA.5.2.62,22B,0.5447706967017285,0.45246697522466606,-377.20221963067854,-302.9872356837063,975.6951219512196,939.1235281351505
BF.5.5,22B,0.5449210684986581,0.45246697522466606,-378.8112442059267,-302.9872356837063,976.0526315789473,939.1235281351505
BF.31,22B,0.54509200603479,0.45246697522466606,-377.61849536503246,-302.9872356837063,976.4594594594596,939.1235281351505
BE.1.2,22B,0.5459642018283896,0.45246697522466606,-376.1313409339187,-302.9872356837063,978.5364583333333,939.1235281351505
CK.2,22B,0.5462006513039622,0.45246697522466606,-379.3176940964284,-302.9872356837063,979.1000000000001,939.1235281351505
BA.5.1.5,22B,0.5463888521522118,0.45246697522466606,-375.6428523138915,-302.9872356837063,979.5487612018978,939.1235281351505
BA.5.2.26,22B,0.5464590027402995,0.45246697522466606,-377.47885950808814,-302.9872356837063,979.716049382716,939.1235281351505
BF.7.13.2,22B,0.5465782684178254,0.45246697522466606,-383.3764362174151,-302.9872356837063,980.0,939.1235281351505
CC.1,22B,0.5467457695411417,0.45246697522466606,-381.93120508066374,-302.9872356837063,980.4,939.1235281351505
BA.5.2.45,22B,0.5472489873816957,0.45246697522466606,-382.4248668618718,-302.9872356837063,981.6000000000001,939.1235281351505
BA.5.2.29,22B,0.5473324445747232,0.45246697522466606,-381.8136514404684,-302.9872356837063,981.8000000000001,939.1235281351505
CD.2,22B,0.5473430073045961,0.45246697522466606,-379.1637636613156,-302.9872356837063,981.8251748251748,939.1235281351505
BT.2,22B,0.5481655440786292,0.45246697522466606,-381.29741683472673,-302.9872356837063,983.7894736842104,939.1235281351505
BA.5.6.4,22B,0.5483213449903088,0.45246697522466606,-381.65432254165677,-302.9872356837063,984.1612903225806,939.1235281351505
CD.1,22B,0.5483235154080714,0.45246697522466606,-380.65962741835926,-302.9872356837063,984.1666666666665,939.1235281351505
CG.1,22B,0.5483403761261944,0.45246697522466606,-381.7397425180595,-302.9872356837063,984.2068965517242,939.1235281351505
BA.5.2.7,22B,0.5484049490846787,0.45246697522466606,-379.32415705100146,-302.9872356837063,984.3612716763005,939.1235281351505
BA.5.1.12,22B,0.5486100095583611,0.45246697522466606,-378.67917582691865,-302.9872356837063,984.8513011152415,939.1235281351505
BF.7.4.2,22B,0.5487750951372775,0.45246697522466606,-381.4242434594263,-302.9872356837063,985.2459016393443,939.1235281351505
BA.5.2.46,22B,0.5489854463484021,0.45246697522466606,-384.3560887438981,-302.9872356837063,985.75,939.1235281351505
CE.1,22B,0.5490631170050166,0.45246697522466606,-381.7081154028388,-302.9872356837063,985.9344262295083,939.1235281351505
BA.5.9,22B,0.5491581883900777,0.45246697522466606,-379.12151250603216,-302.9872356837063,986.161797752809,939.1235281351505
BA.5.7,22B,0.5494539940613962,0.45246697522466606,-383.0690590909681,-302.9872356837063,986.8695652173914,939.1235281351505
BF.5.4,22B,0.5498562265411687,0.45246697522466606,-384.8099251143635,-302.9872356837063,987.8333333333333,939.1235281351505
BA.5.2.53,22B,0.5501500595640759,0.45246697522466606,-380.7962317287419,-302.9872356837063,988.5360360360361,939.1235281351505
BA.5.2.55,22B,0.5502973232348343,0.45246697522466606,-384.8404301347807,-302.9872356837063,988.8888888888888,939.1235281351505
BA.5.2.51,22B,0.550342227236847,0.45246697522466606,-387.08201716928085,-302.9872356837063,989.0,939.1235281351505
BE.1.1.1,22B,0.5504466053962432,0.45246697522466606,-380.21834079097925,-302.9872356837063,989.2469368520264,939.1235281351505
BA.5.2.56,22B,0.550951728151854,0.45246697522466606,-382.9757750756104,-302.9872356837063,990.4594594594596,939.1235281351505
BA.5.1.28,22B,0.5509568008837616,0.45246697522466606,-383.0268900482591,-302.9872356837063,990.4716981132074,939.1235281351505
BA.5.2.30,22B,0.551187216343119,0.45246697522466606,-384.255047054802,-302.9872356837063,991.025641025641,939.1235281351505
BE.4.1,22B,0.5514814000110312,0.45246697522466606,-383.3899790733059,-302.9872356837063,991.7338709677418,939.1235281351505
BF.7.16,22B,0.552081212795151,0.45246697522466606,-385.3090442165502,-302.9872356837063,993.1818181818182,939.1235281351505
CR.1.3,22B,0.5528308145786267,0.45246697522466606,-389.5506800746744,-302.9872356837063,995.0,939.1235281351505
EQ.1,22B,0.5528982813325488,0.45246697522466606,-387.1329503610207,-302.9872356837063,995.1666666666665,939.1235281351505
CR.2,22B,0.5531030048287772,0.45246697522466606,-387.6244218378399,-302.9872356837063,995.6666666666666,939.1235281351505
BA.5.1.18,22B,0.5532325555764438,0.45246697522466606,-382.28771440490846,-302.9872356837063,995.9844924812029,939.1235281351505
BF.11.1,22B,0.5537364220303274,0.45246697522466606,-385.74327747623965,-302.9872356837063,997.2252252252254,939.1235281351505
BF.14,22B,0.5540186590398273,0.45246697522466606,-383.5220656011113,-302.9872356837063,997.9255162241888,939.1235281351505
BF.7.27,22B,0.5545826934876202,0.45246697522466606,-385.303660944586,-302.9872356837063,999.3391521197008,939.1235281351505
CP.6,22B,0.5546407542744732,0.45246697522466606,-387.800303304509,-302.9872356837063,999.4857142857144,939.1235281351505
CT.1,22B,0.5552331258621686,0.45246697522466606,-389.0037221481488,-302.9872356837063,1001.0,939.1235281351505
BF.34,22B,0.5555534068658631,0.45246697522466606,-389.78398778781826,-302.9872356837063,1001.8333333333333,939.1235281351505
BA.5.1.36,22B,0.5557713849058787,0.45246697522466606,-387.71665242401485,-302.9872356837063,1002.4067796610169,939.1235281351505
BF.7.26,22B,0.5557770473209092,0.45246697522466606,-388.33412956734907,-302.9872356837063,1002.421875,939.1235281351505
DA.1,22B,0.5564359571855748,0.45246697522466606,-391.54466102512566,-302.9872356837063,1004.2,939.1235281351505
BA.5.2.36,22B,0.5568521367764748,0.45246697522466606,-388.9771489872654,-302.9872356837063,1005.3636363636364,939.1235281351505
CP.1.3,22B,0.5570740636354681,0.45246697522466606,-393.79545993241317,-302.9872356837063,1006.0,939.1235281351505
BF.11,22B,0.5575216087046613,0.45246697522466606,-386.20296037688234,-302.9872356837063,1007.3242287917737,939.1235281351505
BF.11.4,22B,0.5577841340824926,0.45246697522466606,-390.2764274116556,-302.9872356837063,1008.1304347826086,939.1235281351505
BF.7.4,22B,0.5578693768551125,0.45246697522466606,-386.92979164508387,-302.9872356837063,1008.3974719101124,939.1235281351505
BA.5.2.23,22B,0.5620396901724105,0.45246697522466606,-391.6121277104594,-302.9872356837063,1010.1585937499999,939.1235281351505
BA.5.2.59,22B,0.562167791691162,0.45246697522466606,-393.04395759656774,-302.9872356837063,1010.3793103448277,939.1235281351505
BA.5.2.25,22B,0.5622047412744385,0.45246697522466606,-393.2987047520256,-302.9872356837063,1010.4428571428571,939.1235281351505
BF.32,22B,0.5622319835564904,0.45246697522466606,-392.4418744463761,-302.9872356837063,1010.4896755162242,939.1235281351505
BF.7.20,22B,0.5625829809466477,0.45246697522466606,-394.02250171410634,-302.9872356837063,1011.0904522613065,939.1235281351505
BF.7,22B,0.5625839729546629,0.45246697522466606,-390.18248670360254,-302.9872356837063,1011.0921450151059,939.1235281351505
BA.5.2.57,22B,0.5634937351016054,0.45246697522466606,-393.905862054797,-302.9872356837063,1012.6281138790035,939.1235281351505
BF.7.7,22B,0.5635376527960219,0.45246697522466606,-394.4677072825197,-302.9872356837063,1012.7014925373134,939.1235281351505
BA.5.1.32,22B,0.5637167752663875,0.45246697522466606,-398.5173560037128,-302.9872356837063,1013.0,939.1235281351505
BA.5.1.33,22B,0.5639125504030708,0.45246697522466606,-395.0268246019975,-302.9872356837063,1013.325,939.1235281351505
BA.5.2.39,22B,0.5642290502561105,0.45246697522466606,-396.2117296683543,-302.9872356837063,1013.8474576271186,939.1235281351505
BF.11.3,22B,0.5643218778205261,0.45246697522466606,-396.9821897195657,-302.9872356837063,1014.0,939.1235281351505
BF.7.6,22B,0.5643393708078948,0.45246697522466606,-395.0587909661435,-302.9872356837063,1014.0287081339712,939.1235281351505
DE.2,22B,0.5653395288774161,0.45246697522466606,-398.9737807075275,-302.9872356837063,1015.6521739130434,939.1235281351505
BQ.2,22B,0.5654152167474632,0.45246697522466606,-397.5227142005943,-302.9872356837063,1015.7735849056603,939.1235281351505
BZ.2,22B,0.5655736829284688,0.45246697522466606,-397.13220348424426,-302.9872356837063,1016.0271739130435,939.1235281351505
BE.1.4.2,22B,0.5658408815443916,0.45246697522466606,-396.4100871738996,-302.9872356837063,1016.4527162977869,939.1235281351505
BA.5.6.3,22B,0.5661414858229571,0.45246697522466606,-398.8989471524137,-302.9872356837063,1016.9285714285714,939.1235281351505
BF.7.12,22B,0.566388382647926,0.45246697522466606,-398.76870405314514,-302.9872356837063,1017.3170731707318,939.1235281351505
CP.1.2,22B,0.566491243095054,0.45246697522466606,-400.144577435428,-302.9872356837063,1017.4782608695651,939.1235281351505
BF.7.3,22B,0.5669014239966714,0.45246697522466606,-400.8643412468746,-302.9872356837063,1018.1176470588234,939.1235281351505
BF.7.8,22B,0.5670307484751075,0.45246697522466606,-400.0450468874604,-302.9872356837063,1018.3181818181818,939.1235281351505
BA.5.2.13,22B,0.5672621578408327,0.45246697522466606,-397.65146601756834,-302.9872356837063,1018.6754098360657,939.1235281351505
BA.5.2.6,22B,0.567304180322626,0.45246697522466606,-395.86866828827874,-302.9872356837063,1018.7400950871632,939.1235281351505
BA.5.2.34,22B,0.5675188926730126,0.45246697522466606,-396.5630587082059,-302.9872356837063,1019.0696982575436,939.1235281351505
BF.7.23,22B,0.5676866219122197,0.45246697522466606,-399.57020073571135,-302.9872356837063,1019.3260869565216,939.1235281351505
BF.7.22,22B,0.5677656232519216,0.45246697522466606,-399.94325846382714,-302.9872356837063,1019.4466019417475,939.1235281351505
CP.3,22B,0.5684320119762878,0.45246697522466606,-402.8597783798193,-302.9872356837063,1020.4545454545454,939.1235281351505
CN.2,22B,0.5684576646780207,0.45246697522466606,-399.039682693466,-302.9872356837063,1020.4932038834952,939.1235281351505
BF.41.1,22B,0.5686723514959497,0.45246697522466606,-402.20713366959757,-302.9872356837063,1020.8148148148148,939.1235281351505
CP.1,22B,0.5688405198158708,0.45246697522466606,-399.51768140212545,-302.9872356837063,1021.0656779661017,939.1235281351505
BA.5.2.47,22B,0.5688627039215823,0.45246697522466606,-400.2462737358211,-302.9872356837063,1021.098712446352,939.1235281351505
BA.5.2.58,22B,0.5692296509314755,0.45246697522466606,-401.2358193956266,-302.9872356837063,1021.6428571428571,939.1235281351505
BF.7.18,22B,0.5694758047110162,0.45246697522466606,-406.3236226827848,-302.9872356837063,1022.0,939.1235281351505
BA.5.2.54,22B,0.5695666442462364,0.45246697522466606,-401.44665852092004,-302.9872356837063,1022.1388888888888,939.1235281351505
BF.7.19,22B,0.5696045370466275,0.45246697522466606,-402.8716830094107,-302.9872356837063,1022.1944444444443,939.1235281351505
BF.7.24,22B,0.5699374764373621,0.45246697522466606,-402.2523195775867,-302.9872356837063,1022.6808510638298,939.1235281351505
BF.30,22B,0.5700947348529566,0.45246697522466606,-404.5585660369357,-302.9872356837063,1022.909090909091,939.1235281351505
BA.5.1.27,22B,0.5702298325662377,0.45246697522466606,-399.3706588593087,-302.9872356837063,1023.1052166224579,939.1235281351505
CN.1,22B,0.5702953639918613,0.45246697522466606,-401.7910741178995,-302.9872356837063,1023.2,939.1235281351505
BF.7.10,22B,0.5703392153885902,0.45246697522466606,-404.2621427853508,-302.9872356837063,1023.2631578947368,939.1235281351505
BU.3,22B,0.5707132508577448,0.45246697522466606,-402.640659906776,-302.9872356837063,1023.8014184397163,939.1235281351505
BA.5.2.14,22B,0.5707881995406122,0.45246697522466606,-402.09400242883646,-302.9872356837063,1023.9087452471482,939.1235281351505
BE.6,22B,0.5708358341739515,0.45246697522466606,-403.95373190485566,-302.9872356837063,1023.9767441860464,939.1235281351505
BF.7.4.1,22B,0.5709465289906165,0.45246697522466606,-400.03842069161203,-302.9872356837063,1024.1349337748345,939.1235281351505
DB.2,22B,0.5710135625064362,0.45246697522466606,-405.3319967122187,-302.9872356837063,1024.2307692307693,939.1235281351505
BF.7.19.1,22B,0.5713637087730071,0.45246697522466606,-405.8577640928603,-302.9872356837063,1024.7272727272727,939.1235281351505
CP.2,22B,0.5714622055850828,0.45246697522466606,-404.9554036708937,-302.9872356837063,1024.8666666666666,939.1235281351505
BA.5.2.52,22B,0.571533400413156,0.45246697522466606,-404.3186954058207,-302.9872356837063,1024.967213114754,939.1235281351505
CL.1.3,22B,0.5718414607343996,0.45246697522466606,-407.1359566294907,-302.9872356837063,1025.4,939.1235281351505
BA.5.2.60,22B,0.5721405091413955,0.45246697522466606,-405.9610527520499,-302.9872356837063,1025.8181818181818,939.1235281351505
BA.5.1.26,22B,0.5724965659175855,0.45246697522466606,-406.6448437173323,-302.9872356837063,1026.3125,939.1235281351505
BA.5.1.37,22B,0.572646004208897,0.45246697522466606,-405.61957467688813,-302.9872356837063,1026.519230769231,939.1235281351505
BU.1,22B,0.5728768119056568,0.45246697522466606,-403.378064137719,-302.9872356837063,1026.8370967741937,939.1235281351505
CR.1,22B,0.5730261823001873,0.45246697522466606,-405.4073010885795,-302.9872356837063,1027.0421052631577,939.1235281351505
CP.5,22B,0.5730612823097945,0.45246697522466606,-405.1932070390851,-302.9872356837063,1027.090163934426,939.1235281351505
BF.11.5,22B,0.5730715972756611,0.45246697522466606,-406.13662144999904,-302.9872356837063,1027.1041666666665,939.1235281351505
CP.8,22B,0.5730746718167576,0.45246697522466606,-405.5921398906396,-302.9872356837063,1027.1084337349398,939.1235281351505
BF.7.1,22B,0.5736375424216636,0.45246697522466606,-407.8167395650086,-302.9872356837063,1027.875,939.1235281351505
CK.3,22B,0.5740140917813703,0.45246697522466606,-405.90756330528814,-302.9872356837063,1028.383647798742,939.1235281351505
BE.7,22B,0.5741695798606291,0.45246697522466606,-407.840547718318,-302.9872356837063,1028.5925925925926,939.1235281351505
BE.1.2.1,22B,0.5744756006320527,0.45246697522466606,-404.6815764106172,-302.9872356837063,1029.0022962112514,939.1235281351505
CQ.1.1,22B,0.5745306615529222,0.45246697522466606,-407.318223418,-302.9872356837063,1029.0757575757575,939.1235281351505
BF.7.5,22B,0.5746705502307419,0.45246697522466606,-404.96100503459127,-302.9872356837063,1029.2621118012423,939.1235281351505
DW.1,22B,0.5747740976305793,0.45246697522466606,-410.1490015789873,-302.9872356837063,1029.4,939.1235281351505
BA.5.2.43,22B,0.5750386868012428,0.45246697522466606,-409.54593834905546,-302.9872356837063,1029.75,939.1235281351505
BF.10.1,22B,0.5756573765277102,0.45246697522466606,-408.31148533140816,-302.9872356837063,1030.5641025641025,939.1235281351505
BF.7.5.1,22B,0.5756686985899166,0.45246697522466606,-409.7354239930732,-302.9872356837063,1030.5789473684208,939.1235281351505
EB.1,22B,0.5758822092618396,0.45246697522466606,-407.4234685409639,-302.9872356837063,1030.857740585774,939.1235281351505
BA.5.2.35,22B,0.5758954369753315,0.45246697522466606,-406.0550029825339,-302.9872356837063,1030.875,939.1235281351505
CQ.1,22B,0.576422426727564,0.45246697522466606,-409.9306491368495,-302.9872356837063,1031.5588235294117,939.1235281351505
BF.7.21,22B,0.5769881017435738,0.45246697522466606,-408.60266308783014,-302.9872356837063,1032.286956521739,939.1235281351505
CK.1,22B,0.577018752270876,0.45246697522466606,-407.586222364128,-302.9872356837063,1032.3262195121952,939.1235281351505
BA.5.2.32,22B,0.5775370902100605,0.45246697522466606,-410.22562191122205,-302.9872356837063,1032.9875000000002,939.1235281351505
BA.5.2.61,22B,0.5794067387758487,0.45246697522466606,-413.24533720933573,-302.9872356837063,1035.3333333333333,939.1235281351505
DF.1,22B,0.5795906276295133,0.45246697522466606,-411.29350204299476,-302.9872356837063,1035.5608695652174,939.1235281351505
BF.31.1,22B,0.5796465385245788,0.45246697522466606,-412.18431222789764,-302.9872356837063,1035.63,939.1235281351505
BF.7.11,22B,0.5809682748690242,0.45246697522466606,-416.7731027959335,-302.9872356837063,1037.25,939.1235281351505
DL.1,22B,0.5814190329930269,0.45246697522466606,-413.43967335216485,-302.9872356837063,1037.7988826815642,939.1235281351505
DJ.1.2,22B,0.5822069939020496,0.45246697522466606,-418.058886464291,-302.9872356837063,1038.75,939.1235281351505
BA.5.2.63,22B,0.5822626782125442,0.45246697522466606,-417.10512615997857,-302.9872356837063,1038.8181818181818,939.1235281351505
CK.2.1.1,22B,0.5833828646944202,0.45246697522466606,-414.3430879840654,-302.9872356837063,1040.1612903225807,939.1235281351505
CK.2.1,22B,0.5836127666412982,0.45246697522466606,-415.29714156192125,-302.9872356837063,1040.4358974358975,939.1235281351505
CR.1.1,22B,0.5841975722150606,0.45246697522466606,-414.77003382813814,-302.9872356837063,1041.1329411764707,939.1235281351505
BE.4.2,22B,0.5844070936883129,0.45246697522466606,-415.7221686012499,-302.9872356837063,1041.3823529411764,939.1235281351505
BE.9,22B,0.5848661979476091,0.45246697522466606,-416.44022330297736,-302.9872356837063,1041.9283489096574,939.1235281351505
DG.1,22B,0.585054955056009,0.45246697522466606,-418.13169065474904,-302.9872356837063,1042.1527777777778,939.1235281351505
BE.8,22B,0.5851600639024428,0.45246697522466606,-419.62753054595515,-302.9872356837063,1042.2777777777778,939.1235281351505
DJ.1.3,22B,0.5851672608473669,0.45246697522466606,-419.8863472518886,-302.9872356837063,1042.2857142857142,939.1235281351505
CP.4,22B,0.5863680549919084,0.45246697522466606,-420.733309903712,-302.9872356837063,1043.7142857142858,939.1235281351505
CQ.2,22B,0.5864932517776297,0.45246697522466606,-416.99676424889896,-302.9872356837063,1043.8635458167332,939.1235281351505
DQ.1,22B,0.5873832404524437,0.45246697522466606,-420.4191706965919,-302.9872356837063,1044.9277108433737,939.1235281351505
CP.1.1,22B,0.5874616464391939,0.45246697522466606,-420.3981549590633,-302.9872356837063,1045.021739130435,939.1235281351505
BF.7.17,22B,0.5879277187310082,0.45246697522466606,-422.92222474227793,-302.9872356837063,1045.5833333333333,939.1235281351505
BA.5.3.5,22B,0.5883743011934613,0.45246697522466606,-420.7927854565373,-302.9872356837063,1046.1242236024843,939.1235281351505
BF.39.1,22B,0.5896566661401107,0.45246697522466606,-424.3834977137425,-302.9872356837063,1047.7058823529412,939.1235281351505
BW.1.2,22B,0.5900488590980674,0.45246697522466606,-425.3251252874961,-302.9872356837063,1048.2,939.1235281351505
DJ.1.1.1,22B,0.5909016180152685,0.45246697522466606,-423.8306929003516,-302.9872356837063,1049.3027522935781,939.1235281351505
CL.1.1,22B,0.5909073725360681,0.45246697522466606,-425.16078281358756,-302.9872356837063,1049.310344827586,939.1235281351505
DB.1,22B,0.5912255110789766,0.45246697522466606,-425.05530874196694,-302.9872356837063,1049.7333333333333,939.1235281351505
BW.1,22B,0.5918317190555309,0.45246697522466606,-423.8602237627217,-302.9872356837063,1050.5622775800712,939.1235281351505
BF.11.2,22B,0.5919617638794391,0.45246697522466606,-425.7850628052418,-302.9872356837063,1050.7446808510638,939.1235281351505
CL.1.2,22B,0.5922807123668226,0.45246697522466606,-428.36098294137076,-302.9872356837063,1051.2,939.1235281351505
DJ.1.1,22B,0.5929298400044769,0.45246697522466606,-428.86133003720136,-302.9872356837063,1052.1666666666665,939.1235281351505
CK.1.5,22B,0.5938939126598004,0.45246697522466606,-425.4799337575478,-302.9872356837063,1053.7412731006161,939.1235281351505
BE.10,22B,0.5979164081731363,0.45246697522466606,-430.3302348955539,-302.9872356837063,1057.3820224719102,939.1235281351505
BF.7.14.5,22B,0.5990500879383286,0.45246697522466606,-436.0183205053664,-302.9872356837063,1058.6666666666665,939.1235281351505
DY.1,22B,0.5993440664744405,0.45246697522466606,-436.04192151953083,-302.9872356837063,1059.0,939.1235281351505
DF.1.1,22B,0.599359602237978,0.45246697522466606,-431.08682841254307,-302.9872356837063,1059.0173310225305,939.1235281351505
CK.1.2,22B,0.5998130020887599,0.45246697522466606,-434.07479788945705,-302.9872356837063,1059.5319148936169,939.1235281351505
BW.1.1.1,22B,0.6009852773755778,0.45246697522466606,-433.83506972408065,-302.9872356837063,1060.8647342995168,939.1235281351505
BF.5.2,22B,0.6011027480933226,0.45246697522466606,-439.29243743202284,-302.9872356837063,1061.0,939.1235281351505
BW.1.1,22B,0.6019145760878608,0.45246697522466606,-433.9908271263815,-302.9872356837063,1061.9242105263156,939.1235281351505
CL.1,22B,0.6020552250326564,0.45246697522466606,-434.19871849225103,-302.9872356837063,1062.0848214285713,939.1235281351505
BF.7.14.4,22B,0.6025646727132585,0.45246697522466606,-439.7461327123384,-302.9872356837063,1062.6666666666665,939.1235281351505
CK.1.4,22B,0.6028694901290782,0.45246697522466606,-435.0956648504844,-302.9872356837063,1063.016129032258,939.1235281351505
BF.7.14.6,22B,0.6037271162317691,0.45246697522466606,-440.0013569924802,-302.9872356837063,1064.0,939.1235281351505
BA.5.2.48,22B,0.6040315663084639,0.45246697522466606,-439.40905883174867,-302.9872356837063,1064.3500000000001,939.1235281351505
BW.1.1.2,22B,0.6042734266198246,0.45246697522466606,-437.66503490334946,-302.9872356837063,1064.6283783783783,939.1235281351505
DY.3,22B,0.6056053243597784,0.45246697522466606,-440.90319251845557,-302.9872356837063,1066.1666666666665,939.1235281351505
BF.7.13,22B,0.606323863891115,0.45246697522466606,-444.84759804317224,-302.9872356837063,1067.0,939.1235281351505
DY.4,22B,0.6067244861082982,0.45246697522466606,-442.567136826498,-302.9872356837063,1067.4666666666667,939.1235281351505
DY.2,22B,0.6077727062550609,0.45246697522466606,-442.3874339194486,-302.9872356837063,1068.6909090909091,939.1235281351505
BA.5.11,22B,0.6080987973224617,0.45246697522466606,-443.02974835335624,-302.9872356837063,1069.0731707317075,939.1235281351505
BF.7.14.3,22B,0.6084612168329849,0.45246697522466606,-446.4377098567727,-302.9872356837063,1069.5,939.1235281351505
BF.7.14,22B,0.6085664659606289,0.45246697522466606,-443.2731285126981,-302.9872356837063,1069.6226415094338,939.1235281351505
BF.7.14.1,22B,0.6099206480306524,0.45246697522466606,-446.4957356947948,-302.9872356837063,1071.2222222222222,939.1235281351505
BA.5.1.38,22B,0.61224488759467,0.45246697522466606,-451.18596567536866,-302.9872356837063,1074.0,939.1235281351505
CK.1.3,22B,0.6163082058560116,0.45246697522466606,-450.1893692362331,-302.9872356837063,1078.9674418604652,939.1235281351505
DZ.1,22B,0.617136817414211,0.45246697522466606,-454.15189715392296,-302.9872356837063,1080.0,939.1235281351505
BF.7.15,22B,0.6318318795877791,0.45246697522466606,-470.5209963518505,-302.9872356837063,1099.857142857143,939.1235281351505
BE.13,22B,0.6381183202574521,0.45246697522466606,-477.802211724033,-302.9872356837063,1109.8,939.1235281351505
CK.1.1.2,22B,0.6959537354454179,0.45246697522466606,-548.4877380618801,-302.9872356837063,1294.0,939.1235281351505
BM.4,22D,0.5074505363233756,0.4832606328277219,-345.26021933202446,-336.9477416261544,905.75,1027.627403213063
BM.3,22D,0.5126864690761606,0.4832606328277219,-350.30807787189394,-336.9477416261544,912.6666666666666,1027.627403213063
BA.2.75.10,22D,0.5214544536453543,0.4832606328277219,-356.6334496427706,-336.9477416261544,926.2941176470588,1027.627403213063
BA.2.75,22D,0.5227409176204493,0.4832606328277219,-355.25706728211765,-336.9477416261544,928.536036036036,1027.627403213063
BL.3,22D,0.5231017957054255,0.4832606328277219,-358.1617393894651,-336.9477416261544,929.1764705882354,1027.627403213063
BN.2,22D,0.5294583842325298,0.4832606328277219,-364.6364566013403,-336.9477416261544,941.3,1027.627403213063
BM.5,22D,0.5318638912388501,0.4832606328277219,-367.2633900227051,-336.9477416261544,946.2857142857142,1027.627403213063
BA.2.75.1,22D,0.5329310326273687,0.4832606328277219,-364.66737054510867,-336.9477416261544,948.562015503876,1027.627403213063
BA.2.75.3,22D,0.5344442806875129,0.4832606328277219,-366.9760887995228,-336.9477416261544,951.8518518518518,1027.627403213063
BL.4,22D,0.534874666193872,0.4832606328277219,-369.3600384521464,-336.9477416261544,952.8,1027.627403213063
BL.1.3,22D,0.5398054849003739,0.4832606328277219,-375.00178314103886,-336.9477416261544,964.0,1027.627403213063
BM.1,22D,0.5405353571351901,0.4832606328277219,-374.50203558952256,-336.9477416261544,965.7,1027.627403213063
CH.1,22D,0.5420034250676576,0.4832606328277219,-376.9720989986934,-336.9477416261544,969.1428571428571,1027.627403213063
BN.5,22D,0.5421088787260931,0.4832606328277219,-374.7861122191109,-336.9477416261544,969.3913043478261,1027.627403213063
BA.2.75.6,22D,0.5428039287179866,0.4832606328277219,-376.2288310712619,-336.9477416261544,971.03125,1027.627403213063
CA.2,22D,0.542896700536404,0.4832606328277219,-378.39837507066244,-336.9477416261544,971.25,1027.627403213063
CH.2,22D,0.5439868541005334,0.4832606328277219,-379.0531056869468,-336.9477416261544,973.8333333333333,1027.627403213063
CA.3,22D,0.5447820750518755,0.4832606328277219,-378.0365205456583,-336.9477416261544,975.7222222222223,1027.627403213063
BL.1,22D,0.5449407313951107,0.4832606328277219,-376.4230161143512,-336.9477416261544,976.0995260663508,1027.627403213063
BN.6,22D,0.5451918590591504,0.4832606328277219,-377.83042164937905,-336.9477416261544,976.6969696969697,1027.627403213063
BM.1.1.1,22D,0.5458440549274204,0.4832606328277219,-379.32537881553236,-336.9477416261544,978.25,1027.627403213063
BL.2.1,22D,0.5462052261761786,0.4832606328277219,-380.81383074855614,-336.9477416261544,979.1111111111111,1027.627403213063
BN.3,22D,0.5472487896688886,0.4832606328277219,-382.4246697752764,-336.9477416261544,981.6,1027.627403213063
BM.4.1,22D,0.5475560663038362,0.4832606328277219,-383.237241825341,-336.9477416261544,982.3333333333333,1027.627403213063
BA.2.75.7,22D,0.5476854238042599,0.4832606328277219,-381.8238812315865,-336.9477416261544,982.6428571428571,1027.627403213063
BA.2.75.2,22D,0.5483162318043044,0.4832606328277219,-378.26873277836137,-336.9477416261544,984.1492864983535,1027.627403213063
BN.1.8,22D,0.549509714587411,0.4832606328277219,-385.5664018374805,-336.9477416261544,987.0,1027.627403213063
BA.2.75.5,22D,0.5499070651863345,0.4832606328277219,-380.74112174602,-336.9477416261544,987.9539295392955,1027.627403213063
BN.4,22D,0.5499262215765247,0.4832606328277219,-384.72492503645765,-336.9477416261544,988.0,1027.627403213063
BA.2.75.4,22D,0.5501824153082392,0.4832606328277219,-383.1398512574921,-336.9477416261544,988.6136363636364,1027.627403213063
BM.1.1,22D,0.5506983952988873,0.4832606328277219,-381.9748808271363,-336.9477416261544,989.8510638297872,1027.627403213063
BL.2,22D,0.5507368769850108,0.4832606328277219,-382.80912044667724,-336.9477416261544,989.9433962264151,1027.627403213063
BY.1,22D,0.5534266980849617,0.4832606328277219,-384.4503293394974,-336.9477416261544,996.4612794612794,1027.627403213063
BY.1.2,22D,0.5538036048456775,0.4832606328277219,-387.3843143398277,-336.9477416261544,997.391304347826,1027.627403213063
BM.1.1.3,22D,0.5541288218825242,0.4832606328277219,-384.8528453875916,-336.9477416261544,998.2,1027.627403213063
BM.4.1.1,22D,0.5541839235437709,0.4832606328277219,-385.4439946877131,-336.9477416261544,998.3376068376067,1027.627403213063
BN.2.1,22D,0.5550547887129083,0.4832606328277219,-388.15877000954356,-336.9477416261544,1000.5405405405405,1027.627403213063
BR.3,22D,0.5550666804211534,0.4832606328277219,-389.8356776481566,-336.9477416261544,1000.5714285714284,1027.627403213063
CA.1,22D,0.5554729902594222,0.4832606328277219,-386.31622348293683,-336.9477416261544,1001.6225352112676,1027.627403213063
CB.1,22D,0.5558579853520167,0.4832606328277219,-389.07764762831994,-336.9477416261544,1002.6363636363637,1027.627403213063
BL.1.4,22D,0.5562411305698721,0.4832606328277219,-390.76128351854766,-336.9477416261544,1003.6666666666666,1027.627403213063
BM.2,22D,0.5572714001531681,0.4832606328277219,-390.7359363442115,-336.9477416261544,1006.5769230769232,1027.627403213063
BL.6,22D,0.561386944327659,0.4832606328277219,-394.3941636150852,-336.9477416261544,1009.0243902439024,1027.627403213063
BM.2.1,22D,0.5614402706126803,0.4832606328277219,-395.32833132389413,-336.9477416261544,1009.1176470588234,1027.627403213063
BL.1.5,22D,0.5614874399943954,0.4832606328277219,-395.50109822493175,-336.9477416261544,1009.2000000000002,1027.627403213063
BR.1,22D,0.562633189920262,0.4832606328277219,-393.77932586723006,-336.9477416261544,1011.1760299625469,1027.627403213063
CA.6,22D,0.5643219273992269,0.4832606328277219,-400.38344650170086,-336.9477416261544,1014.0,1027.627403213063
BR.4,22D,0.5654316937369307,0.4832606328277219,-398.9840148045874,-336.9477416261544,1015.8,1027.627403213063
CA.5,22D,0.5661600309810394,0.4832606328277219,-397.4750980702599,-336.9477416261544,1016.957805907173,1027.627403213063
CV.2,22D,0.5665691554631004,0.4832606328277219,-401.056767463505,-336.9477416261544,1017.6,1027.627403213063
CV.1,22D,0.5705923457330164,0.4832606328277219,-403.01130016473815,-336.9477416261544,1023.6279069767442,1027.627403213063
EJ.2,22D,0.5763351520758808,0.4832606328277219,-409.1925978026623,-336.9477416261544,1031.446153846154,1027.627403213063
BR.1.2,22D,0.5767462744053201,0.4832606328277219,-408.42985254578747,-336.9477416261544,1031.9765258215964,1027.627403213063
BN.1.5.1,22D,0.5787945215036997,0.4832606328277219,-413.96164946834693,-336.9477416261544,1034.5714285714284,1027.627403213063
BN.1.4.5,22D,0.5798889238966511,0.4832606328277219,-412.09178043281764,-336.9477416261544,1035.9290780141844,1027.627403213063
BN.1.9,22D,0.5808909184497727,0.4832606328277219,-413.04871396743266,-336.9477416261544,1037.1568627450981,1027.627403213063
BN.1.3.8,22D,0.5813680317351211,0.4832606328277219,-415.62969159239765,-336.9477416261544,1037.7368421052631,1027.627403213063
BN.1.3.6,22D,0.5813831020809269,0.4832606328277219,-412.6601817085483,-336.9477416261544,1037.755319148936,1027.627403213063
CA.7,22D,0.5823267864931451,0.4832606328277219,-414.9156626302838,-336.9477416261544,1038.8952380952383,1027.627403213063
DS.3,22D,0.5824141846427328,0.4832606328277219,-417.8686663971446,-336.9477416261544,1039.0,1027.627403213063
BN.1.10,22D,0.5825215158669435,0.4832606328277219,-415.32929775057545,-336.9477416261544,1039.1294117647058,1027.627403213063
BN.1.4,22D,0.5833484435013266,0.4832606328277219,-414.6009585795487,-336.9477416261544,1040.1201923076924,1027.627403213063
BN.1.3.12,22D,0.5835903338976385,0.4832606328277219,-417.7922311916436,-336.9477416261544,1040.409090909091,1027.627403213063
BN.1.5,22D,0.5845151690964603,0.4832606328277219,-414.93026730465726,-336.9477416261544,1041.5109126984128,1027.627403213063
BN.1,22D,0.5853482286186402,0.4832606328277219,-415.1287628325057,-336.9477416261544,1042.5012696800404,1027.627403213063
BN.1.3.3,22D,0.586237741166408,0.4832606328277219,-419.1092327594471,-336.9477416261544,1043.5591397849462,1027.627403213063
BN.1.2.1,22D,0.5869488960439404,0.4832606328277219,-421.088429732952,-336.9477416261544,1044.4074074074074,1027.627403213063
BN.1.3,22D,0.5871034073906127,0.4832606328277219,-417.2684051711918,-336.9477416261544,1044.5922598479613,1027.627403213063
CJ.1,22D,0.5878587151276262,0.4832606328277219,-423.25553878795967,-336.9477416261544,1045.5,1027.627403213063
BN.1.4.3,22D,0.5882933264220448,0.4832606328277219,-421.0358936474139,-336.9477416261544,1046.0258620689656,1027.627403213063
BN.1.7,22D,0.5886952573425714,0.4832606328277219,-420.67267815282656,-336.9477416261544,1046.515748031496,1027.627403213063
BN.1.3.7,22D,0.5892635532684678,0.4832606328277219,-422.63055452974857,-336.9477416261544,1047.2153846153847,1027.627403213063
BN.1.3.1,22D,0.5901257624909532,0.4832606328277219,-420.83206039703293,-336.9477416261544,1048.298245614035,1027.627403213063
EJ.1,22D,0.5901855794625732,0.4832606328277219,-425.6915895143321,-336.9477416261544,1048.375,1027.627403213063
BN.1.2.8,22D,0.5906741933582491,0.4832606328277219,-428.2834532490418,-336.9477416261544,1049.0,1027.627403213063
BR.5,22D,0.5909618453029024,0.4832606328277219,-425.0588793701589,-336.9477416261544,1049.3823529411766,1027.627403213063
CJ.1.2,22D,0.5909807192364872,0.4832606328277219,-425.30920983081324,-336.9477416261544,1049.4074074074074,1027.627403213063
BN.1.5.2,22D,0.5918901842065668,0.4832606328277219,-424.78931741369666,-336.9477416261544,1050.6440677966102,1027.627403213063
BN.1.1,22D,0.5921597108878278,0.4832606328277219,-424.7933738852458,-336.9477416261544,1051.025641025641,1027.627403213063
BN.1.2.3,22D,0.5923709989730902,0.4832606328277219,-425.22114415160894,-336.9477416261544,1051.330708661417,1027.627403213063
BN.1.4.1,22D,0.5928210809244581,0.4832606328277219,-427.49414595906495,-336.9477416261544,1052.0,1027.627403213063
BN.1.2,22D,0.5931805378303181,0.4832606328277219,-424.42316048744584,-336.9477416261544,1052.5582450832076,1027.627403213063
BN.1.2.6,22D,0.593977934149008,0.4832606328277219,-429.55950830982096,-336.9477416261544,1053.888888888889,1027.627403213063
BN.3.1,22D,0.5941209940267925,0.4832606328277219,-427.0247267277236,-336.9477416261544,1054.1439393939395,1027.627403213063
BN.1.1.1,22D,0.5957767523880202,0.4832606328277219,-430.39953911687195,-336.9477416261544,1054.9615384615386,1027.627403213063
BN.1.11,22D,0.596063470427115,0.4832606328277219,-432.0142548216262,-336.9477416261544,1055.2857142857142,1027.627403213063
BN.1.3.5,22D,0.5961168657327186,0.4832606328277219,-428.96665623736493,-336.9477416261544,1055.3461538461538,1027.627403213063
BN.1.2.2,22D,0.5968719223019969,0.4832606328277219,-431.59480328388986,-336.9477416261544,1056.2,1027.627403213063
BM.1.1.5,22D,0.5975766620808323,0.4832606328277219,-435.5583014315147,-336.9477416261544,1057.0,1027.627403213063
BN.1.2.5,22D,0.5977261195412475,0.4832606328277219,-433.2313919199645,-336.9477416261544,1057.1666666666665,1027.627403213063
BN.1.4.2,22D,0.5979186264354591,0.4832606328277219,-432.6617317694203,-336.9477416261544,1057.3846153846155,1027.627403213063
BM.1.1.4,22D,0.5987073231444411,0.4832606328277219,-433.8637648842841,-336.9477416261544,1058.2777777777778,1027.627403213063
CA.3.1,22D,0.5993101452858227,0.4832606328277219,-431.43387179695026,-336.9477416261544,1058.9612403100775,1027.627403213063
BN.1.3.9,22D,0.6015422799468043,0.4832606328277219,-438.37257893841894,-336.9477416261544,1061.5,1027.627403213063
BN.1.3.4,22D,0.6032910128766837,0.4832606328277219,-440.92374302443034,-336.9477416261544,1063.5,1027.627403213063
BN.1.2.4,22D,0.603361974363856,0.4832606328277219,-438.2583806026892,-336.9477416261544,1063.5806451612902,1027.627403213063
BY.1.1.1,22D,0.6037271016357795,0.4832606328277219,-439.37273942372605,-336.9477416261544,1064.0,1027.627403213063
BR.5.1,22D,0.6053380550567552,0.4832606328277219,-441.85042174827265,-336.9477416261544,1065.857142857143,1027.627403213063
BR.2.1,22D,0.6054573692603997,0.4832606328277219,-437.87614240458475,-336.9477416261544,1065.9952718676122,1027.627403213063
DS.2,22D,0.6119357558549524,0.4832606328277219,-447.09281620500536,-336.9477416261544,1073.6279069767443,1027.627403213063
BR.2,22D,0.614005115380687,0.4832606328277219,-450.37027193490206,-336.9477416261544,1076.1333333333332,1027.627403213063
BN.1.6,22D,0.6143042582300123,0.4832606328277219,-452.7071436679859,-336.9477416261544,1076.5,1027.627403213063
CJ.1.1,22D,0.6147171009235133,0.4832606328277219,-453.84479662507385,-336.9477416261544,1077.0,1027.627403213063
DS.1,22D,0.622217364603525,0.4832606328277219,-458.96212017706324,-336.9477416261544,1086.5000000000002,1027.627403213063
BN.1.3.11,22D,0.6248499423366244,0.4832606328277219,-462.8768270557169,-336.9477416261544,1090.0,1027.627403213063
BN.1.3.2,22D,0.626682903493774,0.4832606328277219,-466.1298013779819,-336.9477416261544,1092.5,1027.627403213063
BY.1.1,22D,0.6329937174427889,0.4832606328277219,-471.037721857052,-336.9477416261544,1101.6,1027.627403213063
EP.2,22D,0.6373473510622393,0.4832606328277219,-477.86335179991545,-336.9477416261544,1108.5,1027.627403213063
FR.1,22D,0.6515176123757546,0.4832606328277219,-490.6000385635556,-336.9477416261544,1136.4468085106382,1027.627403213063
FR.2,22D,0.6517390605595497,0.4832606328277219,-494.00876576042174,-336.9477416261544,1137.0,1027.627403213063
CJ.1.3,22D,0.654184430846628,0.4832606328277219,-495.0051882202288,-336.9477416261544,1143.5,1027.627403213063
BN.1.2.7,22D,0.6632938769550792,0.4832606328277219,-506.43646540314876,-336.9477416261544,1177.2,1027.627403213063
FR.1.2,22D,0.6708588044899093,0.4832606328277219,-515.9196244978067,-336.9477416261544,1203.0,1027.627403213063
FR.1.1,22D,0.6737223286080978,0.4832606328277219,-518.1784470718617,-336.9477416261544,1215.6000000000001,1027.627403213063
FR.1.4,22D,0.674150017893392,0.4832606328277219,-519.615043194817,-336.9477416261544,1217.5,1027.627403213063
FR.1.3,22D,0.6773076738041776,0.4832606328277219,-522.3830115253675,-336.9477416261544,1231.5,1027.627403213063
FR.1.5,22D,0.6809652732186758,0.4832606328277219,-528.3027834042855,-336.9477416261544,1247.3333333333333,1027.627403213063
BQ.1.1.78,22E,0.5497176457350437,0.49622051231334174,-385.7716897766408,-348.01214920833087,987.5,1050.9645053894194
BQ.1.1.64,22E,0.5570739524352653,0.49622051231334174,-393.79534486866254,-348.01214920833087,1006.0,1050.9645053894194
BQ.1.1.12,22E,0.5622380832598562,0.49622051231334174,-398.274061819314,-348.01214920833087,1010.5,1050.9645053894194
BQ.1.7,22E,0.5672046836457656,0.49622051231334174,-398.8883861843426,-348.01214920833087,1018.5868263473054,1050.9645053894194
BQ.1.19,22E,0.569396398497147,0.49622051231334174,-404.0452526387864,-348.01214920833087,1021.8888888888889,1050.9645053894194
BQ.1.6,22E,0.5701944911963016,0.49622051231334174,-400.1153840380209,-348.01214920833087,1023.0540540540542,1050.9645053894194
BQ.1.17,22E,0.5707125516638468,0.49622051231334174,-405.9792612188461,-348.01214920833087,1023.8000000000001,1050.9645053894194
BQ.1.16,22E,0.5708375633524337,0.49622051231334174,-402.73996853202414,-348.01214920833087,1023.9793103448276,1050.9645053894194
BQ.1.20,22E,0.5791603667655782,0.49622051231334174,-411.9956754128655,-348.01214920833087,1035.027397260274,1050.9645053894194
BQ.1.14,22E,0.5808486994754717,0.49622051231334174,-409.8066544424117,-348.01214920833087,1037.1054176674672,1050.9645053894194
BQ.1.15,22E,0.5809663554305506,0.49622051231334174,-411.21330808248615,-348.01214920833087,1037.248794599807,1050.9645053894194
BQ.1.5,22E,0.581176030978013,0.49622051231334174,-410.9537302359519,-348.01214920833087,1037.5038898862956,1050.9645053894194
BQ.1.1.19,22E,0.5821524562083704,0.49622051231334174,-415.39954663560513,-348.01214920833087,1038.6851851851852,1050.9645053894194
BQ.1.11,22E,0.5825171024614462,0.49622051231334174,-411.66659486345657,-348.01214920833087,1039.1240521686382,1050.9645053894194
BQ.1.3.2,22E,0.5829982956101974,0.49622051231334174,-411.883859631144,-348.01214920833087,1039.7012571428572,1050.9645053894194
BQ.1.13,22E,0.5830930357818486,0.49622051231334174,-412.6188633057258,-348.01214920833087,1039.8146868250537,1050.9645053894194
BQ.1.26.1,22E,0.5831662405858423,0.49622051231334174,-416.7285788491252,-348.01214920833087,1039.9024390243903,1050.9645053894194
BQ.1,22E,0.5832113215771138,0.49622051231334174,-410.3111755299584,-348.01214920833087,1039.9562210230297,1050.9645053894194
BQ.1.2.3,22E,0.5836682160580068,0.49622051231334174,-414.066602008438,-348.01214920833087,1040.5020202020203,1050.9645053894194
BQ.1.12,22E,0.5840303124184358,0.49622051231334174,-412.79226147826375,-348.01214920833087,1040.9337337725244,1050.9645053894194
BQ.1.8,22E,0.5848541748967784,0.49622051231334174,-415.3384736394963,-348.01214920833087,1041.9140461215934,1050.9645053894194
BQ.1.3,22E,0.5857183696074781,0.49622051231334174,-418.4750251575774,-348.01214920833087,1042.9411764705883,1050.9645053894194
EA.2,22E,0.5859206535534776,0.49622051231334174,-420.21995090608505,-348.01214920833087,1043.1818181818182,1050.9645053894194
BQ.1.4,22E,0.586046499777938,0.49622051231334174,-418.22734651849584,-348.01214920833087,1043.3315217391305,1050.9645053894194
DN.2,22E,0.5876415181986301,0.49622051231334174,-417.30940982172024,-348.01214920833087,1045.2379975379563,1050.9645053894194
BQ.1.10,22E,0.5879480216985461,0.49622051231334174,-417.47997327574615,-348.01214920833087,1045.607559166372,1050.9645053894194
BQ.1.1.27,22E,0.5884248231569605,0.49622051231334174,-420.57993606407064,-348.01214920833087,1046.1857142857143,1050.9645053894194
BQ.1.29,22E,0.5888824715858039,0.49622051231334174,-421.74251748459045,-348.01214920833087,1046.7452830188681,1050.9645053894194
BQ.1.1.68,22E,0.5889479768575611,0.49622051231334174,-419.04678766795695,-348.01214920833087,1046.8258026159333,1050.9645053894194
DM.1,22E,0.5889847636897483,0.49622051231334174,-423.079049582332,-348.01214920833087,1046.8709677419356,1050.9645053894194
EE.1,22E,0.5890448803924018,0.49622051231334174,-419.91156438462747,-348.01214920833087,1046.9451530612243,1050.9645053894194
CZ.2,22E,0.5891237523985912,0.49622051231334174,-421.19896604689535,-348.01214920833087,1047.0425531914893,1050.9645053894194
BQ.1.2,22E,0.5891718054497922,0.49622051231334174,-418.20051266777233,-348.01214920833087,1047.1018966908796,1050.9645053894194
BQ.1.23,22E,0.5897048063848689,0.49622051231334174,-419.94002645427304,-348.01214920833087,1047.7659434582508,1050.9645053894194
BQ.1.1.3,22E,0.5900018516379896,0.49622051231334174,-419.3022990224424,-348.01214920833087,1048.1407482820055,1050.9645053894194
BQ.1.1.8,22E,0.5901051057520045,0.49622051231334174,-422.95047252083754,-348.01214920833087,1048.2719298245613,1050.9645053894194
BQ.1.1.67,22E,0.5902290935118606,0.49622051231334174,-421.93612040169614,-348.01214920833087,1048.4301675977654,1050.9645053894194
DN.3,22E,0.5904051619896347,0.49622051231334174,-424.5355327317418,-348.01214920833087,1048.65625,1050.9645053894194
BQ.1.27,22E,0.5904749428327861,0.49622051231334174,-422.8117580630908,-348.01214920833087,1048.7461139896373,1050.9645053894194
BQ.1.1.74,22E,0.590477849520986,0.49622051231334174,-425.5925880155208,-348.01214920833087,1048.75,1050.9645053894194
BQ.1.1.7,22E,0.5905283424418056,0.49622051231334174,-420.940530447139,-348.01214920833087,1048.8152337858219,1050.9645053894194
BQ.1.1.5,22E,0.5906979567884033,0.49622051231334174,-420.4547605785055,-348.01214920833087,1049.03572815534,1050.9645053894194
BQ.1.1.25,22E,0.5911578386759486,0.49622051231334174,-423.6669729993391,-348.01214920833087,1049.6428571428569,1050.9645053894194
BQ.1.3.1,22E,0.5913398365134439,0.49622051231334174,-422.5081014900834,-348.01214920833087,1049.8873456790125,1050.9645053894194
ED.2,22E,0.591607877944236,0.49622051231334174,-423.0192869662406,-348.01214920833087,1050.252427184466,1050.9645053894194
BQ.1.1.6,22E,0.59161972816158,0.49622051231334174,-422.8991728088201,-348.01214920833087,1050.268707482993,1050.9645053894194
BQ.1.10.1,22E,0.5916392271256533,0.49622051231334174,-422.92990882084786,-348.01214920833087,1050.295532646048,1050.9645053894194
BQ.1.1.57,22E,0.5921916313434498,0.49622051231334174,-424.3473506624553,-348.01214920833087,1051.0714285714284,1050.9645053894194
DK.1,22E,0.5923008219630866,0.49622051231334174,-425.2208707816355,-348.01214920833087,1051.2288135593221,1050.9645053894194
BQ.1.1.4,22E,0.5931587928609412,0.49622051231334174,-422.50466690607925,-348.01214920833087,1052.5238636363636,1050.9645053894194
BQ.1.1.14,22E,0.5932065616523068,0.49622051231334174,-428.6417204606747,-348.01214920833087,1052.6,1050.9645053894194
DR.2,22E,0.5932514811087586,0.49622051231334174,-425.0435554793527,-348.01214920833087,1052.6710182767624,1050.9645053894194
BQ.1.1.17,22E,0.5933545159903688,0.49622051231334174,-426.45566997662456,-348.01214920833087,1052.8365384615386,1050.9645053894194
BQ.1.1.69,22E,0.5933656254893923,0.49622051231334174,-423.61122758082814,-348.01214920833087,1052.8546158098395,1050.9645053894194
BQ.1.32,22E,0.5936358195579539,0.49622051231334174,-424.3401166860434,-348.01214920833087,1053.3000000000002,1050.9645053894194
EE.5,22E,0.593747235583305,0.49622051231334174,-425.346140535681,-348.01214920833087,1053.4884696016773,1050.9645053894194
BQ.1.10.3,22E,0.5938901386197587,0.49622051231334174,-427.079253726027,-348.01214920833087,1053.7346938775509,1050.9645053894194
BQ.1.1,22E,0.5939469272952654,0.49622051231334174,-420.8417430939836,-348.01214920833087,1053.8340128130458,1050.9645053894194
BQ.1.1.52,22E,0.5943195303621058,0.49622051231334174,-425.2624958343478,-348.01214920833087,1054.5084388185653,1050.9645053894194
BQ.1.1.51,22E,0.5956500131812154,0.49622051231334174,-426.26271911176633,-348.01214920833087,1054.8181179775281,1050.9645053894194
BQ.1.1.34,22E,0.595810854460952,0.49622051231334174,-432.08418020321324,-348.01214920833087,1055.0,1050.9645053894194
BQ.1.1.72,22E,0.5963476663987844,0.49622051231334174,-430.927911952137,-348.01214920833087,1055.607142857143,1050.9645053894194
BQ.1.1.28,22E,0.5963921353969797,0.49622051231334174,-427.5796280598371,-348.01214920833087,1055.65748502994,1050.9645053894194
BQ.1.30,22E,0.5970662761625409,0.49622051231334174,-431.10695524521645,-348.01214920833087,1056.42,1050.9645053894194
BQ.1.11.1,22E,0.5973341454371073,0.49622051231334174,-431.12761423079064,-348.01214920833087,1056.7230769230769,1050.9645053894194
BQ.1.1.22,22E,0.5975413903281599,0.49622051231334174,-430.415080689982,-348.01214920833087,1056.9575757575758,1050.9645053894194
BQ.1.8.2,22E,0.5975573263623981,0.49622051231334174,-431.82429773059283,-348.01214920833087,1056.9756097560976,1050.9645053894194
BQ.1.1.18,22E,0.5978371983003203,0.49622051231334174,-427.8458679327066,-348.01214920833087,1057.2923599320882,1050.9645053894194
BQ.1.9,22E,0.5980719382077032,0.49622051231334174,-430.7113143767,-348.01214920833087,1057.5581395348836,1050.9645053894194
BQ.1.1.1,22E,0.5981568012052343,0.49622051231334174,-429.1233175244174,-348.01214920833087,1057.6542137271938,1050.9645053894194
BQ.1.1.62,22E,0.5984632376569258,0.49622051231334174,-435.39725209682706,-348.01214920833087,1058.0,1050.9645053894194
BQ.1.1.66,22E,0.5997573932114997,0.49622051231334174,-433.7071447887641,-348.01214920833087,1059.46875,1050.9645053894194
EE.3,22E,0.6001692117268768,0.49622051231334174,-433.46615134861577,-348.01214920833087,1059.936507936508,1050.9645053894194
EF.1.2,22E,0.6006986462979338,0.49622051231334174,-434.2193687613951,-348.01214920833087,1060.5384615384617,1050.9645053894194
BQ.1.1.15,22E,0.6011924022788848,0.49622051231334174,-433.5945318999937,-348.01214920833087,1061.1006097560976,1050.9645053894194
ED.1,22E,0.6013548126290247,0.49622051231334174,-437.61397321652953,-348.01214920833087,1061.2857142857142,1050.9645053894194
DN.3.1,22E,0.6018714315658641,0.49622051231334174,-436.93027251900014,-348.01214920833087,1061.875,1050.9645053894194
BQ.1.1.41,22E,0.6023908662929384,0.49622051231334174,-433.19841503915796,-348.01214920833087,1062.4683908045977,1050.9645053894194
BQ.1.1.16,22E,0.60250628027167,0.49622051231334174,-439.1732511755633,-348.01214920833087,1062.6000000000001,1050.9645053894194
BQ.1.1.24,22E,0.602625198672874,0.49622051231334174,-436.04924525440475,-348.01214920833087,1062.7364341085272,1050.9645053894194
BQ.1.1.23,22E,0.6027227702212163,0.49622051231334174,-434.9536329258192,-348.01214920833087,1062.8481308411215,1050.9645053894194
BQ.1.1.2,22E,0.6032073023242279,0.49622051231334174,-435.0176162479096,-348.01214920833087,1063.4032738095239,1050.9645053894194
BQ.1.1.70,22E,0.6032293684299208,0.49622051231334174,-439.6054289908546,-348.01214920833087,1063.4285714285713,1050.9645053894194
BQ.1.1.40,22E,0.6033413733758589,0.49622051231334174,-435.1691668012383,-348.01214920833087,1063.5570570570571,1050.9645053894194
BQ.1.1.31,22E,0.6036889943436701,0.49622051231334174,-437.30404194488995,-348.01214920833087,1063.9561403508771,1050.9645053894194
DN.1.1.2,22E,0.6037263876017186,0.49622051231334174,-441.3868854371593,-348.01214920833087,1064.0,1050.9645053894194
DP.1,22E,0.6045955329449598,0.49622051231334174,-442.3120624928854,-348.01214920833087,1065.0,1050.9645053894194
BQ.1.18,22E,0.6048318364762836,0.49622051231334174,-436.74073286884504,-348.01214920833087,1065.2721893491125,1050.9645053894194
BQ.1.1.9,22E,0.6051157317593359,0.49622051231334174,-441.25681360071883,-348.01214920833087,1065.6,1050.9645053894194
BQ.1.1.49,22E,0.6051157315107099,0.49622051231334174,-441.2568133847935,-348.01214920833087,1065.6,1050.9645053894194
EF.1,22E,0.6053856857828033,0.49622051231334174,-437.67540290248746,-348.01214920833087,1065.9123173277662,1050.9645053894194
BQ.1.28,22E,0.6055219593746164,0.49622051231334174,-437.1593378392757,-348.01214920833087,1066.0700431034481,1050.9645053894194
ED.3,22E,0.605695180308424,0.49622051231334174,-438.74333091729636,-348.01214920833087,1066.2707423580787,1050.9645053894194
BQ.1.1.56,22E,0.6057081284814487,0.49622051231334174,-440.29903874444165,-348.01214920833087,1066.2857142857142,1050.9645053894194
CW.1,22E,0.6058921087149057,0.49622051231334174,-443.6938959864102,-348.01214920833087,1066.5,1050.9645053894194
DR.1,22E,0.6059187455897261,0.49622051231334174,-438.6043218351117,-348.01214920833087,1066.5299401197606,1050.9645053894194
BQ.1.1.60,22E,0.6063424492908018,0.49622051231334174,-440.3566002806606,-348.01214920833087,1067.0219780219782,1050.9645053894194
BQ.1.10.2,22E,0.6065512542426352,0.49622051231334174,-439.869928710277,-348.01214920833087,1067.2648648648649,1050.9645053894194
BQ.1.25,22E,0.6068137090554654,0.49622051231334174,-439.6501215461768,-348.01214920833087,1067.5704918032786,1050.9645053894194
EE.2,22E,0.6071412135620112,0.49622051231334174,-439.53804519252236,-348.01214920833087,1067.952479338843,1050.9645053894194
BQ.1.1.77,22E,0.6071980999349526,0.49622051231334174,-441.81059183518227,-348.01214920833087,1068.0188679245282,1050.9645053894194
BQ.1.1.54,22E,0.6074215837635599,0.49622051231334174,-439.8562832180318,-348.01214920833087,1068.28,1050.9645053894194
BQ.1.26,22E,0.607477026729036,0.49622051231334174,-442.7115306175634,-348.01214920833087,1068.344827586207,1050.9645053894194
BQ.1.22,22E,0.607506510119895,0.49622051231334174,-440.34513632759746,-348.01214920833087,1068.3793103448277,1050.9645053894194
EF.1.3,22E,0.607575109665311,0.49622051231334174,-442.57270594166175,-348.01214920833087,1068.4594594594596,1050.9645053894194
BQ.1.1.11,22E,0.6077689951792509,0.49622051231334174,-441.08749650341025,-348.01214920833087,1068.686567164179,1050.9645053894194
BQ.1.13.1,22E,0.6086772711878747,0.49622051231334174,-440.5651239773061,-348.01214920833087,1069.7530726256985,1050.9645053894194
BQ.1.25.1,22E,0.608852967481359,0.49622051231334174,-440.067798573783,-348.01214920833087,1069.9600225225226,1050.9645053894194
EH.1,22E,0.6088878181135128,0.49622051231334174,-446.488599121606,-348.01214920833087,1070.0,1050.9645053894194
BQ.1.21,22E,0.6089793689545678,0.49622051231334174,-443.67783818026106,-348.01214920833087,1070.1090909090908,1050.9645053894194
BQ.1.1.29,22E,0.609034360660713,0.49622051231334174,-443.22223164224135,-348.01214920833087,1070.1739130434783,1050.9645053894194
BQ.1.1.13,22E,0.6093234143140965,0.49622051231334174,-441.99662339653094,-348.01214920833087,1070.5152224824355,1050.9645053894194
BQ.1.1.32,22E,0.6093735908369601,0.49622051231334174,-440.1972669195525,-348.01214920833087,1070.5745227606462,1050.9645053894194
DN.1.1,22E,0.6095213044300811,0.49622051231334174,-446.8789850785569,-348.01214920833087,1070.75,1050.9645053894194
FC.1,22E,0.6097340189611604,0.49622051231334174,-447.39445520559843,-348.01214920833087,1071.0,1050.9645053894194
EW.2,22E,0.6099870421033697,0.49622051231334174,-443.5383448561802,-348.01214920833087,1071.3010752688174,1050.9645053894194
BQ.1.1.10,22E,0.6117946630555482,0.49622051231334174,-443.8566640503049,-348.01214920833087,1073.4585106382979,1050.9645053894194
FM.1,22E,0.6120366019790855,0.49622051231334174,-449.5759943003973,-348.01214920833087,1073.75,1050.9645053894194
BQ.1.1.61,22E,0.612115742644961,0.49622051231334174,-446.54746121722826,-348.01214920833087,1073.8444444444444,1050.9645053894194
BQ.1.24,22E,0.612300366294296,0.49622051231334174,-447.84435202230503,-348.01214920833087,1074.0666666666666,1050.9645053894194
ER.1,22E,0.613072548725294,0.49622051231334174,-452.07529111370985,-348.01214920833087,1075.0,1050.9645053894194
BQ.1.2.1,22E,0.6133848573373616,0.49622051231334174,-447.70154481414994,-348.01214920833087,1075.3783783783783,1050.9645053894194
BQ.1.1.26,22E,0.6134556240511506,0.49622051231334174,-449.1549718425278,-348.01214920833087,1075.4642857142858,1050.9645053894194
BQ.1.31,22E,0.614055852277604,0.49622051231334174,-449.419349519167,-348.01214920833087,1076.1951219512196,1050.9645053894194
BQ.1.1.30,22E,0.614193778235766,0.49622051231334174,-449.78486221900914,-348.01214920833087,1076.3636363636363,1050.9645053894194
EF.3,22E,0.6142472192688291,0.49622051231334174,-451.39298332468593,-348.01214920833087,1076.4285714285713,1050.9645053894194
BQ.1.1.36,22E,0.6142528447452399,0.49622051231334174,-448.7298277602891,-348.01214920833087,1076.4356435643565,1050.9645053894194
BQ.1.15.2,22E,0.6148045301134558,0.49622051231334174,-451.7417639813824,-348.01214920833087,1077.111111111111,1050.9645053894194
FA.1,22E,0.6149566884389657,0.49622051231334174,-449.4585033494287,-348.01214920833087,1077.298076923077,1050.9645053894194
BQ.1.1.58,22E,0.6154309305778852,0.49622051231334174,-449.91345208231115,-348.01214920833087,1077.881818181818,1050.9645053894194
ER.1.1,22E,0.6155262219552405,0.49622051231334174,-454.7166258183098,-348.01214920833087,1078.0,1050.9645053894194
EF.1.1,22E,0.6158401723804263,0.49622051231334174,-448.93046678888027,-348.01214920833087,1078.387308533917,1050.9645053894194
BQ.1.1.47,22E,0.6161503796788904,0.49622051231334174,-451.8343875358817,-348.01214920833087,1078.7714285714285,1050.9645053894194
BQ.1.1.42,22E,0.6167180317233215,0.49622051231334174,-451.5249634631004,-348.01214920833087,1079.4772727272727,1050.9645053894194
BQ.1.1.37,22E,0.6169143345703034,0.49622051231334174,-453.3238577050844,-348.01214920833087,1079.7222222222222,1050.9645053894194
BQ.1.1.76,22E,0.6175018239987136,0.49622051231334174,-452.60027408263767,-348.01214920833087,1080.4571428571428,1050.9645053894194
FB.2,22E,0.6175473562066564,0.49622051231334174,-452.2440066294459,-348.01214920833087,1080.5142857142857,1050.9645053894194
BQ.1.1.38,22E,0.6180592091188108,0.49622051231334174,-454.5067578144337,-348.01214920833087,1081.157894736842,1050.9645053894194
BQ.1.1.20,22E,0.6183302892929983,0.49622051231334174,-454.34312779060457,-348.01214920833087,1081.5,1050.9645053894194
BQ.1.1.55,22E,0.6188270068542656,0.49622051231334174,-454.8476911864997,-348.01214920833087,1082.1290322580644,1050.9645053894194
BQ.1.1.35,22E,0.6188399623956317,0.49622051231334174,-452.6537915119675,-348.01214920833087,1082.1453900709218,1050.9645053894194
EW.3,22E,0.6195099843671257,0.49622051231334174,-459.0210491636149,-348.01214920833087,1083.0,1050.9645053894194
BQ.1.1.46,22E,0.6199995509777009,0.49622051231334174,-457.47196143210806,-348.01214920833087,1083.625,1050.9645053894194
BQ.1.1.43,22E,0.6206480278666283,0.49622051231334174,-454.45225596371193,-348.01214920833087,1084.4592145015106,1050.9645053894194
DN.1,22E,0.6209493571553234,0.49622051231334174,-455.55733162147703,-348.01214920833087,1084.8486842105262,1050.9645053894194
DT.2,22E,0.6212113752105527,0.49622051231334174,-453.85790594078395,-348.01214920833087,1085.1882352941175,1050.9645053894194
DT.3,22E,0.6225293295342306,0.49622051231334174,-457.5873368706962,-348.01214920833087,1086.90990990991,1050.9645053894194
BQ.1.1.48,22E,0.6233340935613774,0.49622051231334174,-458.1815675494544,-348.01214920833087,1087.9727891156463,1050.9645053894194
BQ.1.1.44,22E,0.625279209747345,0.49622051231334174,-461.85677334936076,-348.01214920833087,1090.5806451612905,1050.9645053894194
BQ.1.1.39,22E,0.6258303325286162,0.49622051231334174,-461.2868402674088,-348.01214920833087,1091.3300000000002,1050.9645053894194
EC.1,22E,0.6259025456010346,0.49622051231334174,-464.02491433798264,-348.01214920833087,1091.428571428571,1050.9645053894194
BQ.1.1.65,22E,0.6260542711183439,0.49622051231334174,-459.96682497337525,-348.01214920833087,1091.635983263598,1050.9645053894194
EW.1,22E,0.627044842168304,0.49622051231334174,-466.52529949250834,-348.01214920833087,1093.0,1050.9645053894194
EF.2,22E,0.6271063685600473,0.49622051231334174,-463.208167494773,-348.01214920833087,1093.084745762712,1050.9645053894194
BQ.1.1.63,22E,0.6279684479839421,0.49622051231334174,-462.01594043172264,-348.01214920833087,1094.2865731462928,1050.9645053894194
DU.1,22E,0.6315298394927418,0.49622051231334174,-468.35058231294175,-348.01214920833087,1099.409090909091,1050.9645053894194
BQ.1.1.53,22E,0.6329426492803771,0.49622051231334174,-469.9053248718547,-348.01214920833087,1101.5227272727273,1050.9645053894194
BQ.1.1.71,22E,0.6337487259697274,0.49622051231334174,-473.19163846367456,-348.01214920833087,1102.75,1050.9645053894194
BQ.1.1.59,22E,0.6355661628527293,0.49622051231334174,-474.97523465484915,-348.01214920833087,1105.6000000000001,1050.9645053894194
ES.1,22E,0.6357720515457345,0.49622051231334174,-473.0746690418227,-348.01214920833087,1105.9285714285716,1050.9645053894194
EF.1.1.1,22E,0.6383223033077393,0.49622051231334174,-476.11169487154945,-348.01214920833087,1110.1470588235293,1050.9645053894194
EA.1,22E,0.6387278112368706,0.49622051231334174,-476.28171050000725,-348.01214920833087,1110.8444444444444,1050.9645053894194
ET.1,22E,0.6415347657651064,0.49622051231334174,-481.1354502786576,-348.01214920833087,1115.625,1050.9645053894194
BQ.1.1.45,22E,0.6422683238843272,0.49622051231334174,-478.79200494183203,-348.01214920833087,1116.9470899470898,1050.9645053894194
BQ.1.1.79,22E,0.6444318374735473,0.49622051231334174,-484.84518540086117,-348.01214920833087,1121.0,1050.9645053894194
EE.4,22E,0.6458679201340518,0.49622051231334174,-486.2747339216159,-348.01214920833087,1123.8333333333333,1050.9645053894194
EC.1.1,22E,0.6466027942345545,0.49622051231334174,-487.7942998859033,-348.01214920833087,1125.3333333333333,1050.9645053894194
BQ.1.15.1,22E,0.6480205829334816,0.49622051231334174,-488.29328449004083,-348.01214920833087,1128.3333333333335,1050.9645053894194
EY.1,22E,0.6481611643666453,0.49622051231334174,-485.51925590281905,-348.01214920833087,1128.6390532544378,1050.9645053894194
BQ.1.2.2,22E,0.6543611715037663,0.49622051231334174,-496.99908820196157,-348.01214920833087,1144.0,1050.9645053894194
DN.1.1.4,22E,0.6553913944349194,0.49622051231334174,-498.8723607682495,-348.01214920833087,1147.0,1050.9645053894194
FB.1,22E,0.6555630537891933,0.49622051231334174,-495.77345279400316,-348.01214920833087,1147.5185185185185,1050.9645053894194
EN.1,22E,0.6559623953636449,0.49622051231334174,-496.5833453350373,-348.01214920833087,1148.7368421052631,1050.9645053894194
EZ.1,22E,0.6566371879289444,0.49622051231334174,-498.3577417252892,-348.01214920833087,1150.8571428571427,1050.9645053894194
BQ.1.33,22E,0.6566815997820564,0.49622051231334174,-500.3547821995701,-348.01214920833087,1151.0,1050.9645053894194
FM.2,22E,0.6581754123974888,0.49622051231334174,-501.3846809657894,-348.01214920833087,1156.0,1050.9645053894194
EN.1.1,22E,0.6634946149563802,0.49622051231334174,-506.67287210676653,-348.01214920833087,1178.2,1050.9645053894194
FQ.1,22E,0.6660420151251606,0.49622051231334174,-510.60800878807134,-348.01214920833087,1192.5,1050.9645053894194
JH.1,22E,0.6879473291435151,0.49622051231334174,-535.5033142245563,-348.01214920833087,1276.2,1050.9645053894194
JH.2,22E,0.7016639991662538,0.49622051231334174,-553.6107373191345,-348.01214920833087,1306.5,1050.9645053894194
CH.1.1.25,23C,0.6096199128381758,0.5359774429121739,-441.79718516689167,-394.67147322125385,1070.8659217877096,1136.7885736494363
CH.1.1.26,23C,0.6134164169588636,0.5359774429121739,-449.9601111621116,-394.67147322125385,1075.4166666666667,1136.7885736494363
CH.1.1,23C,0.6177044576266233,0.5359774429121739,-449.5611409540645,-394.67147322125385,1080.7115384615383,1136.7885736494363
CH.1.1.11,23C,0.6210332222560498,0.5359774429121739,-456.42370227456894,-394.67147322125385,1084.957142857143,1136.7885736494363
CH.1.1.18,23C,0.6212880094635387,0.5359774429121739,-456.6582127349602,-394.67147322125385,1085.2876712328766,1136.7885736494363
CH.1.1.13,23C,0.6216436028680761,0.5359774429121739,-459.94839459915613,-394.67147322125385,1085.75,1136.7885736494363
CH.1.1.27,23C,0.623238567215755,0.5359774429121739,-460.5031250241592,-394.67147322125385,1087.8461538461538,1136.7885736494363
CH.1.1.21,23C,0.6233551952627174,0.5359774429121739,-461.8086683680895,-394.67147322125385,1088.0,1136.7885736494363
CH.1.1.3,23C,0.6235489046037022,0.5359774429121739,-459.9717530300771,-394.67147322125385,1088.258064516129,1136.7885736494363
DV.3.1,23C,0.6236563103575615,0.5359774429121739,-461.91319630733943,-394.67147322125385,1088.4,1136.7885736494363
CH.1.1.10,23C,0.6253048775804911,0.5359774429121739,-462.7537965225387,-394.67147322125385,1090.6153846153848,1136.7885736494363
CH.1.1.19,23C,0.625474899748198,0.5359774429121739,-462.9392546330879,-394.67147322125385,1090.8461538461538,1136.7885736494363
GP.3,23C,0.626075651131432,0.5359774429121739,-465.06116140373314,-394.67147322125385,1091.6666666666665,1136.7885736494363
CH.1.1.24,23C,0.628535410978535,0.5359774429121739,-464.58651214674563,-394.67147322125385,1095.0845070422536,1136.7885736494363
CH.1.1.7,23C,0.6311566010000355,0.5359774429121739,-467.4618522679882,-394.67147322125385,1098.8591549295775,1136.7885736494363
CH.1.1.9,23C,0.6339076890551256,0.5359774429121739,-473.65463259779136,-394.67147322125385,1103.0,1136.7885736494363
CH.1.1.23,23C,0.6351859521305837,0.5359774429121739,-476.16442963681436,-394.67147322125385,1105.0,1136.7885736494363
CH.1.1.5,23C,0.6353537551837792,0.5359774429121739,-473.21437823741167,-394.67147322125385,1105.2608695652173,1136.7885736494363
FJ.1,23C,0.635816911906249,0.5359774429121739,-475.0701960230726,-394.67147322125385,1106.0,1136.7885736494363
CH.1.1.6,23C,0.6364351502989088,0.5359774429121739,-475.75427246657796,-394.67147322125385,1107.0,1136.7885736494363
GP.2,23C,0.6373989462661094,0.5359774429121739,-475.08736035018677,-394.67147322125385,1108.5882352941178,1136.7885736494363
CH.1.1.28,23C,0.6382050863744338,0.5359774429121739,-476.56350119719025,-394.67147322125385,1109.9473684210525,1136.7885736494363
CH.1.1.1,23C,0.6386463301920563,0.5359774429121739,-474.10898670090387,-394.67147322125385,1110.7036011080331,1136.7885736494363
CH.1.1.2,23C,0.6397139638631536,0.5359774429121739,-475.60873371413766,-394.67147322125385,1112.5757575757575,1136.7885736494363
CH.1.1.14,23C,0.6400897860229561,0.5359774429121739,-479.11803462402287,-394.67147322125385,1113.2499999999998,1136.7885736494363
DV.2,23C,0.6455773652670141,0.5359774429121739,-485.6606005894932,-394.67147322125385,1123.25,1136.7885736494363
DV.3,23C,0.6461148157056187,0.5359774429121739,-485.85911417345176,-394.67147322125385,1124.3333333333333,1136.7885736494363
DV.4,23C,0.6482348797011587,0.5359774429121739,-489.12292068637726,-394.67147322125385,1128.8,1136.7885736494363
DV.6,23C,0.6490445822576235,0.5359774429121739,-487.00268344848325,-394.67147322125385,1130.596153846154,1136.7885736494363
DV.1,23C,0.652009500493832,0.5359774429121739,-491.371907890903,-394.67147322125385,1137.6842105263158,1136.7885736494363
CH.1.1.30,23C,0.656047703285663,0.5359774429121739,-499.6258011091108,-394.67147322125385,1149.0,1136.7885736494363
FK.1.2.2,23C,0.6600983670237732,0.5359774429121739,-500.8734906864591,-394.67147322125385,1163.1290322580644,1136.7885736494363
DV.1.1,23C,0.6602859833697573,0.5359774429121739,-500.07142245052256,-394.67147322125385,1163.8720930232557,1136.7885736494363
FK.1.2.1,23C,0.6620636426692182,0.5359774429121739,-504.99185252648556,-394.67147322125385,1171.4,1136.7885736494363
CH.1.1.16,23C,0.6633341622755771,0.5359774429121739,-506.48388853753465,-394.67147322125385,1177.4,1136.7885736494363
DV.7.2,23C,0.6638487853526658,0.5359774429121739,-508.6998972490611,-394.67147322125385,1180.0,1136.7885736494363
CH.1.1.12,23C,0.6642303094913234,0.5359774429121739,-509.1505024826399,-394.67147322125385,1182.0,1136.7885736494363
CH.1.1.20,23C,0.6645990736046818,0.5359774429121739,-508.2004422665366,-394.67147322125385,1184.0,1136.7885736494363
DV.8,23C,0.6646444138202726,0.5359774429121739,-508.2541313499459,-394.67147322125385,1184.25,1136.7885736494363
DV.6.1,23C,0.6647793744550029,0.5359774429121739,-508.41400410017764,-394.67147322125385,1185.0,1136.7885736494363
FK.1.4.1,23C,0.6667295908049322,0.5359774429121739,-510.1767219890494,-394.67147322125385,1197.0,1136.7885736494363
FK.1.3,23C,0.6712910430825043,0.5359774429121739,-514.7054140529793,-394.67147322125385,1204.8823529411766,1136.7885736494363
FK.1,23C,0.6722301899144312,0.5359774429121739,-515.4940661723193,-394.67147322125385,1209.0,1136.7885736494363
FK.1.5,23C,0.6722634157608308,0.5359774429121739,-514.9987201551236,-394.67147322125385,1209.1463414634147,1136.7885736494363
CH.1.1.15,23C,0.6722825582592536,0.5359774429121739,-516.170488721787,-394.67147322125385,1209.2307692307693,1136.7885736494363
CH.1.1.29,23C,0.6725932848738186,0.5359774429121739,-517.5019506243814,-394.67147322125385,1210.6000000000001,1136.7885736494363
GP.1,23C,0.6730457520017249,0.5359774429121739,-518.0501584037847,-394.67147322125385,1212.6000000000001,1136.7885736494363
FK.1.3.2,23C,0.6758247346010637,0.5359774429121739,-520.2133235721931,-394.67147322125385,1224.9411764705885,1136.7885736494363
CH.1.1.32,23C,0.6767754839973944,0.5359774429121739,-520.3845105801031,-394.67147322125385,1229.1521739130433,1136.7885736494363
DV.5,23C,0.6781699562046103,0.5359774429121739,-523.9855434807655,-394.67147322125385,1235.2857142857142,1136.7885736494363
DV.7,23C,0.6791420588574014,0.5359774429121739,-523.7670410328567,-394.67147322125385,1239.5172413793102,1136.7885736494363
DV.6.2,23C,0.6814068908053428,0.5359774429121739,-526.1459882340266,-394.67147322125385,1249.1999999999998,1136.7885736494363
FK.1.1,23C,0.6819586642277475,0.5359774429121739,-525.0294382415101,-394.67147322125385,1251.5182481751824,1136.7885736494363
GQ.1,23C,0.6837639776316594,0.5359774429121739,-531.2992884440005,-394.67147322125385,1259.0,1136.7885736494363
FK.1.1.2,23C,0.6850121526807588,0.5359774429121739,-530.5915441485157,-394.67147322125385,1264.1020408163265,1136.7885736494363
JV.1,23C,0.6873049938460573,0.5359774429121739,-536.6993368762717,-394.67147322125385,1273.5,1136.7885736494363
JL.1,23C,0.6905400232284464,0.5359774429121739,-539.2165197415982,-394.67147322125385,1280.0,1136.7885736494363
FS.1,23C,0.69390106812781,0.5359774429121739,-544.7380546040071,-394.67147322125385,1289.0,1136.7885736494363
DV.7.1.2,23C,0.7131667095684494,0.5359774429121739,-566.6425582661195,-394.67147322125385,1329.3571428571427,1136.7885736494363
DV.7.1.5,23C,0.7136070373509205,0.5359774429121739,-566.8882405721663,-394.67147322125385,1330.2542372881358,1136.7885736494363
DV.7.1.7,23C,0.7144542671348693,0.5359774429121739,-571.1772578169766,-394.67147322125385,1332.0,1136.7885736494363
DV.7.1,23C,0.7164329547127402,0.5359774429121739,-570.7724652705477,-394.67147322125385,1336.2,1136.7885736494363
DV.7.1.6,23C,0.7209529886428654,0.5359774429121739,-578.5926665402634,-394.67147322125385,1343.9444444444443,1136.7885736494363
JP.1.1,23C,0.720981632436661,0.5359774429121739,-581.5215958626977,-394.67147322125385,1344.0,1136.7885736494363
KG.2,23C,0.7209820511634905,0.5359774429121739,-581.5221204303706,-394.67147322125385,1344.0,1136.7885736494363
DV.7.1.4,23C,0.7214196839636519,0.5359774429121739,-576.7825816820409,-394.67147322125385,1344.8398058252428,1136.7885736494363
DV.7.1.3,23C,0.7275234044512721,0.5359774429121739,-588.1575363474172,-394.67147322125385,1356.5555555555554,1136.7885736494363
DV.7.1.1,23C,0.7366382123090883,0.5359774429121739,-599.2711674913388,-394.67147322125385,1373.4705882352941,1136.7885736494363
JV.2,23C,0.74201587963966,0.5359774429121739,-609.1100462172282,-394.67147322125385,1382.6666666666665,1136.7885736494363
KG.1,23C,0.7666943535563113,0.5359774429121739,-643.6618903618431,-394.67147322125385,1415.0,1136.7885736494363
XBB.1.5.6,23A,0.6355347290218261,0.5380403649605504,-471.3966301798366,-393.4734519837823,1105.549132947977,1147.631701191323
XBB.1.5.9,23A,0.6383688290347715,0.5380403649605504,-472.9743258802694,-393.4734519837823,1110.2266666666667,1147.631701191323
XBB.1.5.19,23A,0.638716065796012,0.5380403649605504,-473.0749898782358,-393.4734519837823,1110.8240656335458,1147.631701191323
FT.4,23A,0.6393879507812316,0.5380403649605504,-480.8220695638511,-393.4734519837823,1112.0,1147.631701191323
FZ.1.1,23A,0.6393891272874709,0.5380403649605504,-479.2139325571608,-393.4734519837823,1112.0,1147.631701191323
XBB.1.5.8,23A,0.6399882309310204,0.5380403649605504,-476.07824674364326,-393.4734519837823,1113.0669642857142,1147.631701191323
GC.2,23A,0.6405641705258527,0.5380403649605504,-478.1609595650133,-393.4734519837823,1114.1132075471696,1147.631701191323
XBB.1.5.11,23A,0.6414214915919727,0.5380403649605504,-475.94966578519353,-393.4734519837823,1115.423015873016,1147.631701191323
XBB.1.5.34,23A,0.6428563619534027,0.5380403649605504,-478.2341058378498,-393.4734519837823,1118.0251177394034,1147.631701191323
EK.3,23A,0.6443021069438309,0.5380403649605504,-483.82430430279425,-393.4734519837823,1120.75,1147.631701191323
XBB.1.5.39,23A,0.6443117265415315,0.5380403649605504,-481.00678657515067,-393.4734519837823,1120.768472906404,1147.631701191323
XBB.1.5.33,23A,0.6447524089336324,0.5380403649605504,-479.4232846091399,-393.4734519837823,1121.6218383713758,1147.631701191323
XBB.1.5.31,23A,0.6453017397854419,0.5380403649605504,-480.088388582366,-393.4734519837823,1122.7014248704663,1147.631701191323
XBB.1.5.67,23A,0.6455538188278672,0.5380403649605504,-480.5971987833917,-393.4734519837823,1123.2029220779223,1147.631701191323
XBB.1.5.79,23A,0.6458616591386295,0.5380403649605504,-482.53400201905947,-393.4734519837823,1123.820717131474,1147.631701191323
XBB.1.5.55,23A,0.646027596374994,0.5380403649605504,-482.58300610575634,-393.4734519837823,1124.1562499999998,1147.631701191323
FD.4.1,23A,0.6460802855493213,0.5380403649605504,-485.3607608722559,-393.4734519837823,1124.2631578947367,1147.631701191323
XBB.1.5.48,23A,0.646148413636786,0.5380403649605504,-481.18736198399995,-393.4734519837823,1124.4016516516517,1147.631701191323
XBB.1.5.13,23A,0.6461564554978326,0.5380403649605504,-480.4624351127181,-393.4734519837823,1124.418018018018,1147.631701191323
XBB.1.5.17,23A,0.6471915902170383,0.5380403649605504,-481.6857022703731,-393.4734519837823,1126.5614973262032,1147.631701191323
XBB.1.5.3,23A,0.6472414602013824,0.5380403649605504,-483.9387293149332,-393.4734519837823,1126.6666666666667,1147.631701191323
XBB.1.5,23A,0.6476831965077585,0.5380403649605504,-478.539509702853,-393.4734519837823,1127.6060517371602,1147.631701191323
FD.2,23A,0.6477431642303367,0.5380403649605504,-482.19140804105257,-393.4734519837823,1127.7346938775509,1147.631701191323
XBB.1.5.29,23A,0.6477890490026743,0.5380403649605504,-486.4916513752845,-393.4734519837823,1127.8333333333333,1147.631701191323
XBB.1.5.21,23A,0.6478655978812466,0.5380403649605504,-483.307156464121,-393.4734519837823,1127.998191681736,1147.631701191323
XBB.1.5.15,23A,0.6480944466746916,0.5380403649605504,-482.57451639366315,-393.4734519837823,1128.49378986237,1147.631701191323
XBB.1.5.32,23A,0.6483768395518382,0.5380403649605504,-483.37619167270753,-393.4734519837823,1129.1109902067465,1147.631701191323
FD.3,23A,0.6484752349891344,0.5380403649605504,-486.94329189119134,-393.4734519837823,1129.3275862068965,1147.631701191323
XBB.1.5.42,23A,0.6485875981252608,0.5380403649605504,-487.63413582741003,-393.4734519837823,1129.5757575757575,1147.631701191323
XBB.1.5.96,23A,0.6486686838616701,0.5380403649605504,-485.1129957946153,-393.4734519837823,1129.7555555555555,1147.631701191323
XBB.1.5.16,23A,0.6487042581774964,0.5380403649605504,-484.0831271665187,-393.4734519837823,1129.8346036585367,1147.631701191323
XBB.1.5.52,23A,0.6488986975306796,0.5380403649605504,-484.62991917348177,-393.4734519837823,1130.2684989429176,1147.631701191323
XBB.1.5.36,23A,0.6489703985188773,0.5380403649605504,-486.2749416783718,-393.4734519837823,1130.4292929292928,1147.631701191323
XBB.1.5.62,23A,0.6491518770436858,0.5380403649605504,-485.7571272451441,-393.4734519837823,1130.8382352941176,1147.631701191323
XBB.1.5.20,23A,0.6494926059269475,0.5380403649605504,-485.10458065757683,-393.4734519837823,1131.6137152777776,1147.631701191323
EK.2,23A,0.6495426782288144,0.5380403649605504,-486.1443927913661,-393.4734519837823,1131.7285382830628,1147.631701191323
XBB.1.5.61,23A,0.6498761376881369,0.5380403649605504,-486.4163140345654,-393.4734519837823,1132.4989561586638,1147.631701191323
FZ.2,23A,0.6504962805771797,0.5380403649605504,-488.7058092114926,-393.4734519837823,1133.9591836734692,1147.631701191323
XBB.1.5.7,23A,0.650752847683953,0.5380403649605504,-486.9724428251464,-393.4734519837823,1134.5741239892184,1147.631701191323
XBB.1.5.74,23A,0.6510658882043984,0.5380403649605504,-492.14531827918205,-393.4734519837823,1135.3333333333333,1147.631701191323
XBB.1.5.26,23A,0.6512115601337732,0.5380403649605504,-488.9608269171178,-393.4734519837823,1135.6900584795321,1147.631701191323
FD.5,23A,0.6512262976925628,0.5380403649605504,-489.56535111650174,-393.4734519837823,1135.7263157894736,1147.631701191323
XBB.1.5.64,23A,0.6512590607768177,0.5380403649605504,-489.17970554482906,-393.4734519837823,1135.8068965517243,1147.631701191323
XBB.1.5.58,23A,0.6518184065888004,0.5380403649605504,-493.1827005932342,-393.4734519837823,1137.2,1147.631701191323
XBB.1.5.80,23A,0.6518626807159472,0.5380403649605504,-488.83367404455794,-393.4734519837823,1137.3120393120394,1147.631701191323
XBB.1.5.51,23A,0.6519524021725294,0.5380403649605504,-487.60175952715036,-393.4734519837823,1137.5391585760517,1147.631701191323
XBB.1.5.5,23A,0.6520798890423534,0.5380403649605504,-489.0211550767944,-393.4734519837823,1137.8634259259259,1147.631701191323
XBB.1.5.63,23A,0.6521797600753968,0.5380403649605504,-489.81416129683663,-393.4734519837823,1138.118721461187,1147.631701191323
XBB.1.5.56,23A,0.652246949631769,0.5380403649605504,-489.30082271768595,-393.4734519837823,1138.2911392405065,1147.631701191323
XBB.1.5.93,23A,0.6525821408419854,0.5380403649605504,-491.8772085673246,-393.4734519837823,1139.159090909091,1147.631701191323
XBB.1.5.14,23A,0.6526059577079084,0.5380403649605504,-489.88943803573534,-393.4734519837823,1139.221212121212,1147.631701191323
XBB.1.5.2,23A,0.6527295075991418,0.5380403649605504,-489.08642068976604,-393.4734519837823,1139.544811320755,1147.631701191323
XBB.1.5.66,23A,0.6527768978155903,0.5380403649605504,-488.8902924292166,-393.4734519837823,1139.6694214876031,1147.631701191323
XBB.1.5.88,23A,0.65320679592529,0.5380403649605504,-492.5022930096837,-393.4734519837823,1140.8124999999998,1147.631701191323
HJ.1,23A,0.6535488445531059,0.5380403649605504,-491.6163709353152,-393.4734519837823,1141.7383720930231,1147.631701191323
FH.1,23A,0.6538468150057036,0.5380403649605504,-491.94513616959784,-393.4734519837823,1142.557471264368,1147.631701191323
XBB.1.5.41,23A,0.6539143974975818,0.5380403649605504,-492.5964472530599,-393.4734519837823,1142.7448979591836,1147.631701191323
XBB.1.5.47,23A,0.6542982519789893,0.5380403649605504,-492.28754956578575,-393.4734519837823,1143.8212560386473,1147.631701191323
GC.1,23A,0.6543090789542021,0.5380403649605504,-494.33681287491555,-393.4734519837823,1143.8518518518517,1147.631701191323
XBB.1.5.95,23A,0.6543126643030136,0.5380403649605504,-490.90216209995356,-393.4734519837823,1143.8620689655172,1147.631701191323
XBB.1.5.22,23A,0.65475648235228,0.5380403649605504,-495.4366521115626,-393.4734519837823,1145.1333333333334,1147.631701191323
XBB.1.5.25,23A,0.654757562983565,0.5380403649605504,-495.0548966345618,-393.4734519837823,1145.1363636363637,1147.631701191323
XBB.1.5.84,23A,0.6549016466565131,0.5380403649605504,-495.42059169998606,-393.4734519837823,1145.5555555555557,1147.631701191323
FT.1,23A,0.655155311579891,0.5380403649605504,-495.60591336441894,-393.4734519837823,1146.3000000000002,1147.631701191323
XBB.1.5.91,23A,0.6553417933917626,0.5380403649605504,-492.54636541408024,-393.4734519837823,1146.8541666666667,1147.631701191323
XBB.1.5.69,23A,0.6555057498710685,0.5380403649605504,-492.7593692006837,-393.4734519837823,1147.3456310679612,1147.631701191323
XBB.1.5.60,23A,0.6556965792974779,0.5380403649605504,-496.65759045849177,-393.4734519837823,1147.9230769230771,1147.631701191323
EK.2.1,23A,0.6557467583493264,0.5380403649605504,-494.39734206693174,-393.4734519837823,1148.0757575757575,1147.631701191323
EK.4,23A,0.6561292604520518,0.5380403649605504,-495.57637514924284,-393.4734519837823,1149.2539682539682,1147.631701191323
JK.1,23A,0.6561534554549038,0.5380403649605504,-494.6293232199833,-393.4734519837823,1149.3293413173653,1147.631701191323
XBB.1.5.1,23A,0.6562060926124605,0.5380403649605504,-492.15479837262865,-393.4734519837823,1149.4935927859517,1147.631701191323
XBB.1.5.50,23A,0.656351673234537,0.5380403649605504,-494.2647688939739,-393.4734519837823,1149.950331125828,1147.631701191323
XBB.1.5.107,23A,0.6564578406746862,0.5380403649605504,-494.78409500552345,-393.4734519837823,1150.2857142857142,1147.631701191323
XBB.1.5.35,23A,0.6566323927682273,0.5380403649605504,-493.18907208302267,-393.4734519837823,1150.8413736713,1147.631701191323
XBB.1.5.4,23A,0.6567006754452689,0.5380403649605504,-493.22289040959,-393.4734519837823,1151.0602032838156,1147.631701191323
FG.2,23A,0.6567080588313017,0.5380403649605504,-495.42237840883905,-393.4734519837823,1151.083916083916,1147.631701191323
XBB.1.5.12,23A,0.6568885704343711,0.5380403649605504,-494.732273300651,-393.4734519837823,1151.6666666666665,1147.631701191323
FZ.1,23A,0.6572939028926704,0.5380403649605504,-501.060145175447,-393.4734519837823,1153.0,1147.631701191323
EU.1,23A,0.6576524873499415,0.5380403649605504,-499.8643562556106,-393.4734519837823,1154.2000000000003,1147.631701191323
XBB.1.5.23,23A,0.6577492890815103,0.5380403649605504,-496.64389970534404,-393.4734519837823,1154.5285714285715,1147.631701191323
XBB.1.5.30,23A,0.6577839085955426,0.5380403649605504,-494.98302654440573,-393.4734519837823,1154.6466753585398,1147.631701191323
FT.3,23A,0.6579723682980348,0.5380403649605504,-496.76800489129965,-393.4734519837823,1155.29375,1147.631701191323
XBB.1.5.75,23A,0.6582425816825025,0.5380403649605504,-497.0928861384094,-393.4734519837823,1156.23417721519,1147.631701191323
XBB.1.5.38,23A,0.6583703331986596,0.5380403649605504,-499.3587820806097,-393.4734519837823,1156.6842105263158,1147.631701191323
FD.4,23A,0.6585783286475551,0.5380403649605504,-495.7481765391541,-393.4734519837823,1157.423937360179,1147.631701191323
XBB.1.5.46,23A,0.659789907427741,0.5380403649605504,-499.72937864791294,-393.4734519837823,1161.9264705882351,1147.631701191323
XBB.1.5.43,23A,0.6600268383880036,0.5380403649605504,-500.3956497944074,-393.4734519837823,1162.8478260869565,1147.631701191323
XBB.1.5.78,23A,0.660323072027528,0.5380403649605504,-498.86849540949817,-393.4734519837823,1164.020066889632,1147.631701191323
XBB.1.5.100,23A,0.6608979424101359,0.5380403649605504,-499.22261109289155,-393.4734519837823,1166.3609756097562,1147.631701191323
EM.1,23A,0.6609095768976393,0.5380403649605504,-502.16129723742563,-393.4734519837823,1166.409090909091,1147.631701191323
FG.3,23A,0.6609164195481352,0.5380403649605504,-502.487733002042,-393.4734519837823,1166.4375,1147.631701191323
XBB.1.5.86,23A,0.661024572393993,0.5380403649605504,-500.4166843971085,-393.4734519837823,1166.888888888889,1147.631701191323
XBB.1.5.57,23A,0.6613218386068415,0.5380403649605504,-502.0199890541535,-393.4734519837823,1168.1463414634145,1147.631701191323
XBB.1.5.101,23A,0.6617892529652374,0.5380403649605504,-503.4468257978237,-393.4734519837823,1170.1764705882351,1147.631701191323
XBB.1.5.49,23A,0.6619057956719925,0.5380403649605504,-498.44088184664,-393.4734519837823,1170.6930216569267,1147.631701191323
HZ.3,23A,0.6621026761267627,0.5380403649605504,-501.3587527603044,-393.4734519837823,1171.5757575757577,1147.631701191323
XBB.1.5.24,23A,0.6626414999184981,0.5380403649605504,-501.58859732145237,-393.4734519837823,1174.0574324324325,1147.631701191323
XBB.1.5.99,23A,0.6627221564830793,0.5380403649605504,-503.5024667025149,-393.4734519837823,1174.4374999999998,1147.631701191323
XBB.1.5.18,23A,0.6629016391138144,0.5380403649605504,-502.3270397387367,-393.4734519837823,1175.2916666666665,1147.631701191323
XBB.1.5.90,23A,0.66350931846432,0.5380403649605504,-505.20859018264787,-393.4734519837823,1178.2727272727273,1147.631701191323
XBB.1.5.27,23A,0.6635822938326157,0.5380403649605504,-502.47212958337786,-393.4734519837823,1178.6405405405405,1147.631701191323
XBB.1.5.76,23A,0.6636380792426912,0.5380403649605504,-503.58385698947006,-393.4734519837823,1178.9230769230771,1147.631701191323
XBB.1.5.97,23A,0.6636379700384062,0.5380403649605504,-505.8863140374305,-393.4734519837823,1178.9230769230771,1147.631701191323
HT.1,23A,0.6640691995844854,0.5380403649605504,-503.3041347520931,-393.4734519837823,1181.1503496503497,1147.631701191323
XBB.1.5.92,23A,0.6642890242409119,0.5380403649605504,-504.81318130902287,-393.4734519837823,1182.3170731707319,1147.631701191323
FD.1,23A,0.6648684300777085,0.5380403649605504,-508.5195617312452,-393.4734519837823,1185.5,1147.631701191323
HD.1,23A,0.6650308706448924,0.5380403649605504,-506.84040643531415,-393.4734519837823,1186.423076923077,1147.631701191323
FG.1,23A,0.6652823307350395,0.5380403649605504,-506.09295897375716,-393.4734519837823,1187.8783783783783,1147.631701191323
XBB.1.5.73,23A,0.6654472240977944,0.5380403649605504,-504.18609782827787,-393.4734519837823,1188.851485148515,1147.631701191323
JD.2,23A,0.665459570856201,0.5380403649605504,-506.91877637442116,-393.4734519837823,1188.9250000000002,1147.631701191323
XBB.1.5.104,23A,0.665519496774144,0.5380403649605504,-504.66275764338417,-393.4734519837823,1189.2829268292685,1147.631701191323
GU.1,23A,0.6661203089461882,0.5380403649605504,-505.88516510507554,-393.4734519837823,1192.9919028340082,1147.631701191323
XBB.1.5.83,23A,0.6661697425586635,0.5380403649605504,-508.8885872928611,-393.4734519837823,1193.3076923076924,1147.631701191323
EL.1,23A,0.6665138373989633,0.5380403649605504,-507.4825026185359,-393.4734519837823,1195.5500000000002,1147.631701191323
HC.1,23A,0.666534965510218,0.5380403649605504,-508.152120825474,-393.4734519837823,1195.6904761904761,1147.631701191323
GG.1,23A,0.6666084853632647,0.5380403649605504,-508.8866733262316,-393.4734519837823,1196.1818181818182,1147.631701191323
XBB.1.5.77,23A,0.6666211794021012,0.5380403649605504,-505.6685417862212,-393.4734519837823,1196.2670250896058,1147.631701191323
HT.2,23A,0.666643046239321,0.5380403649605504,-506.1136989831737,-393.4734519837823,1196.4141689373296,1147.631701191323
XBB.1.5.65,23A,0.6667951684434722,0.5380403649605504,-507.3728263282014,-393.4734519837823,1197.4479999999999,1147.631701191323
XBB.1.5.40,23A,0.6701052624402117,0.5380403649605504,-511.8088906588827,-393.4734519837823,1199.7432432432433,1147.631701191323
GB.2,23A,0.6711652502002464,0.5380403649605504,-516.2884846521283,-393.4734519837823,1204.3333333333333,1147.631701191323
HP.1,23A,0.6713546600580851,0.5380403649605504,-514.3964114849991,-393.4734519837823,1205.1599999999999,1147.631701191323
FT.2,23A,0.6721077936070943,0.5380403649605504,-515.9592221363981,-393.4734519837823,1208.4615384615386,1147.631701191323
EU.1.1.1,23A,0.6723639572347715,0.5380403649605504,-514.1153847805625,-393.4734519837823,1209.5892857142856,1147.631701191323
XBB.1.5.110,23A,0.6725878913907521,0.5380403649605504,-513.0295169006486,-393.4734519837823,1210.577011494253,1147.631701191323
XBB.1.5.37,23A,0.6737070764219039,0.5380403649605504,-514.0857658540169,-393.4734519837823,1215.5323129251701,1147.631701191323
XBB.1.5.94,23A,0.6737340920758027,0.5380403649605504,-517.3598385397994,-393.4734519837823,1215.6521739130435,1147.631701191323
EU.1.1,23A,0.6737516095003885,0.5380403649605504,-514.4366953957935,-393.4734519837823,1215.7299771167047,1147.631701191323
GR.1,23A,0.6737637321588519,0.5380403649605504,-515.534154404218,-393.4734519837823,1215.7837837837837,1147.631701191323
XBB.1.5.85,23A,0.6740038358273701,0.5380403649605504,-517.134529384311,-393.4734519837823,1216.8500000000001,1147.631701191323
GN.5,23A,0.674543768315816,0.5380403649605504,-520.094779262782,-393.4734519837823,1219.25,1147.631701191323
XBB.1.5.68,23A,0.6748625853415688,0.5380403649605504,-518.0633543753412,-393.4734519837823,1220.6666666666667,1147.631701191323
XBB.1.5.44,23A,0.6755312365978366,0.5380403649605504,-517.5281551185979,-393.4734519837823,1223.6379310344826,1147.631701191323
EU.1.1.2,23A,0.6758382944231198,0.5380403649605504,-522.3700012335374,-393.4734519837823,1225.0,1147.631701191323
XBB.1.5.102,23A,0.6761454651297573,0.5380403649605504,-520.3485973388388,-393.4734519837823,1226.3636363636365,1147.631701191323
XBB.1.5.45,23A,0.6766657687714719,0.5380403649605504,-522.9797062727398,-393.4734519837823,1228.6666666666665,1147.631701191323
XBB.1.5.10,23A,0.6768001251649629,0.5380403649605504,-516.4577204128238,-393.4734519837823,1229.2610141313385,1147.631701191323
GN.3,23A,0.6768416143677213,0.5380403649605504,-522.0972227642729,-393.4734519837823,1229.4444444444446,1147.631701191323
XBB.1.5.53,23A,0.6770811087119148,0.5380403649605504,-523.8958734717748,-393.4734519837823,1230.5,1147.631701191323
GF.1,23A,0.6779937373496826,0.5380403649605504,-521.0224934847048,-393.4734519837823,1234.51376146789,1147.631701191323
GN.4,23A,0.6784210927338322,0.5380403649605504,-522.7154560624801,-393.4734519837823,1236.3823529411764,1147.631701191323
XBB.1.5.81,23A,0.6787158611130489,0.5380403649605504,-523.4283990378465,-393.4734519837823,1237.6666666666665,1147.631701191323
XBB.1.5.28,23A,0.6788415787368677,0.5380403649605504,-519.8941093454803,-393.4734519837823,1238.2133194588969,1147.631701191323
XBB.1.5.54,23A,0.6789896596802424,0.5380403649605504,-524.9995804164565,-393.4734519837823,1238.857142857143,1147.631701191323
HQ.1,23A,0.6796962957911332,0.5380403649605504,-523.7966367260174,-393.4734519837823,1241.9107142857142,1147.631701191323
GB.1,23A,0.6809528968373296,0.5380403649605504,-524.7131280473667,-393.4734519837823,1247.2803738317757,1147.631701191323
EU.1.1.3,23A,0.6822987993676634,0.5380403649605504,-527.5719862352969,-393.4734519837823,1252.939393939394,1147.631701191323
XBB.1.5.59,23A,0.6828758582343604,0.5380403649605504,-526.0524133538538,-393.4734519837823,1255.3376205787781,1147.631701191323
HZ.2,23A,0.6831146417397874,0.5380403649605504,-526.1571838520899,-393.4734519837823,1256.3253968253966,1147.631701191323
HD.1.1,23A,0.6837640927420897,0.5380403649605504,-530.9629575214749,-393.4734519837823,1259.0,1147.631701191323
GN.2,23A,0.6850923067304071,0.5380403649605504,-532.6387876330601,-393.4734519837823,1264.4285714285713,1147.631701191323
XBB.1.5.71,23A,0.6851282036724833,0.5380403649605504,-530.9412125398426,-393.4734519837823,1264.5749999999998,1147.631701191323
JB.2,23A,0.6855394783992519,0.5380403649605504,-533.7642322865934,-393.4734519837823,1266.25,1147.631701191323
HS.1,23A,0.6859412971707072,0.5380403649605504,-530.1583991593859,-393.4734519837823,1267.8897959183676,1147.631701191323
HA.2,23A,0.6863850601596282,0.5380403649605504,-531.4777697535533,-393.4734519837823,1269.704347826087,1147.631701191323
XBB.1.5.105,23A,0.686900827732447,0.5380403649605504,-532.303409318121,-393.4734519837823,1271.824742268041,1147.631701191323
FD.1.1,23A,0.6874598017756813,0.5380403649605504,-531.3871491288478,-393.4734519837823,1274.1457489878542,1147.631701191323
HR.1,23A,0.6881739655333958,0.5380403649605504,-534.0698907201993,-393.4734519837823,1277.1666666666665,1147.631701191323
JZ.1,23A,0.6883470192919791,0.5380403649605504,-533.9944027529674,-393.4734519837823,1277.9115044247785,1147.631701191323
GV.1,23A,0.6883933142314161,0.5380403649605504,-532.9520106356457,-393.4734519837823,1278.1117647058823,1147.631701191323
FT.3.1,23A,0.6886376082367923,0.5380403649605504,-535.1614953482375,-393.4734519837823,1279.1764705882354,1147.631701191323
HA.1,23A,0.6909068160295319,0.5380403649605504,-538.6929550029264,-393.4734519837823,1281.037037037037,1147.631701191323
XBB.1.5.98,23A,0.6912175915677546,0.5380403649605504,-538.6493721259322,-393.4734519837823,1281.9047619047617,1147.631701191323
XBB.1.5.89,23A,0.692329668399887,0.5380403649605504,-540.0766414206117,-393.4734519837823,1284.9285714285713,1147.631701191323
XBB.1.5.72,23A,0.6924884397502766,0.5380403649605504,-536.7411063391775,-393.4734519837823,1285.350380096752,1147.631701191323
XBB.1.5.106,23A,0.6928419616001844,0.5380403649605504,-540.4298673491152,-393.4734519837823,1286.280701754386,1147.631701191323
HC.4,23A,0.6944741199431625,0.5380403649605504,-544.6298376961712,-393.4734519837823,1290.4285714285713,1147.631701191323
XBB.1.5.109,23A,0.6961932805584196,0.5380403649605504,-545.0842157917984,-393.4734519837823,1294.5609756097563,1147.631701191323
HY.1,23A,0.6962501273021109,0.5380403649605504,-542.6060822233939,-393.4734519837823,1294.6939163498098,1147.631701191323
JD.2.1,23A,0.6973149901715033,0.5380403649605504,-548.3054534272184,-393.4734519837823,1297.1428571428569,1147.631701191323
HP.1.1,23A,0.6977235322913644,0.5380403649605504,-545.9452095122872,-393.4734519837823,1298.0634920634918,1147.631701191323
HZ.1,23A,0.6983807163087549,0.5380403649605504,-544.7649857138399,-393.4734519837823,1299.5233644859813,1147.631701191323
XBB.1.5.103,23A,0.6991078188698769,0.5380403649605504,-547.6106913465408,-393.4734519837823,1301.111111111111,1147.631701191323
GN.1,23A,0.6996302937864813,0.5380403649605504,-547.4199552710686,-393.4734519837823,1302.2354651162789,1147.631701191323
HS.1.1,23A,0.6998917716050234,0.5380403649605504,-548.8053849975787,-393.4734519837823,1302.7933884297522,1147.631701191323
HC.3,23A,0.7008221074959733,0.5380403649605504,-550.7710745751043,-393.4734519837823,1304.7543859649122,1147.631701191323
FT.3.1.1,23A,0.7020533034538153,0.5380403649605504,-550.9796883158544,-393.4734519837823,1307.2987012987014,1147.631701191323
XBB.1.5.108,23A,0.7022006467907966,0.5380403649605504,-555.0053098371403,-393.4734519837823,1307.6000000000001,1147.631701191323
JD.1.2.2,23A,0.7065511500877064,0.5380403649605504,-559.2314137836167,-393.4734519837823,1316.2727272727273,1147.631701191323
JD.1.2,23A,0.707299691536503,0.5380403649605504,-560.0124535127956,-393.4734519837823,1317.7407407407406,1147.631701191323
GN.1.2,23A,0.7095392496350871,0.5380403649605504,-562.6267758669162,-393.4734519837823,1322.1315789473683,1147.631701191323
GN.1.3,23A,0.71023497229322,0.5380403649605504,-565.7983817255339,-393.4734519837823,1323.5,1147.631701191323
HC.2,23A,0.7104356357623371,0.5380403649605504,-563.7867309891457,-393.4734519837823,1323.8974358974358,1147.631701191323
HR.1.1,23A,0.7120251200620029,0.5380403649605504,-564.8842828788157,-393.4734519837823,1327.0560747663549,1147.631701191323
GN.1.1,23A,0.7127812574452752,0.5380403649605504,-565.4253237052645,-393.4734519837823,1328.5764705882352,1147.631701191323
KA.1,23A,0.7143243632068383,0.5380403649605504,-569.0027613116783,-393.4734519837823,1331.7297297297296,1147.631701191323
FD.5.1,23A,0.7218618416749254,0.5380403649605504,-578.0418380798448,-393.4734519837823,1345.6886792452829,1147.631701191323
JD.1.2.1,23A,0.7234273964747867,0.5380403649605504,-581.3178737655002,-393.4734519837823,1348.69696969697,1147.631701191323
JD.1,23A,0.7237151760125914,0.5380403649605504,-583.8163037842334,-393.4734519837823,1349.25,1147.631701191323
JB.2.1,23A,0.735258971625408,0.5380403649605504,-600.2117362412292,-393.4734519837823,1371.0,1147.631701191323
JD.1.1.7,23A,0.7360750571892196,0.5380403649605504,-596.4752597463771,-393.4734519837823,1372.4669260700389,1147.631701191323
GN.1.4,23A,0.7394451069744481,0.5380403649605504,-604.2617400128084,-393.4734519837823,1378.3636363636365,1147.631701191323
JD.1.1.8,23A,0.7474999053796384,0.5380403649605504,-612.121375678767,-393.4734519837823,1391.2255892255891,1147.631701191323
JD.1.1,23A,0.7475651806462303,0.5380403649605504,-609.9811276162451,-393.4734519837823,1391.3222423146476,1147.631701191323
JD.1.1.2,23A,0.7486455977878284,0.5380403649605504,-615.9760059299069,-393.4734519837823,1392.9032258064517,1147.631701191323
JD.1.1.5,23A,0.7517720053017937,0.5380403649605504,-618.6069178175675,-393.4734519837823,1397.2914285714287,1147.631701191323
KK.1,23A,0.7567393545221907,0.5380403649605504,-625.3126759548912,-393.4734519837823,1403.7244444444445,1147.631701191323
JD.1.1.1,23A,0.7589590826153425,0.5380403649605504,-627.3299884429317,-393.4734519837823,1406.4062038404727,1147.631701191323
JD.1.1.3,23A,0.7591162053352459,0.5380403649605504,-629.2403388417961,-393.4734519837823,1406.592,1147.631701191323
JD.1.1.6,23A,0.7608009375684409,0.5380403649605504,-632.0833336234191,-393.4734519837823,1408.5512820512822,1147.631701191323
KK.2,23A,0.7736237262102359,0.5380403649605504,-653.2038157153904,-393.4734519837823,1422.0,1147.631701191323
JD.1.1.4,23A,0.7878816948226827,0.5380403649605504,-673.863932063762,-393.4734519837823,1435.6666666666665,1147.631701191323
XBB.5,22F,0.5528302298489882,0.540051267083873,-389.5501171236423,-397.9188914643301,995.0,1159.7171392652606
XBB.2.1,22F,0.5532388144556287,0.540051267083873,-388.85828366884584,-397.9188914643301,996.0,1159.7171392652606
XBB.4.1,22F,0.5532388364396921,0.540051267083873,-389.2637635663522,-397.9188914643301,996.0,1159.7171392652606
XBB.1.8,22F,0.5548475393075544,0.540051267083873,-391.5624566189813,-397.9188914643301,1000.0,1159.7171392652606
XBB.1.39,22F,0.557741414805128,0.540051267083873,-394.46743984319943,-397.9188914643301,1008.0,1159.7171392652606
XBB.1.3,22F,0.5720146350609949,0.540051267083873,-406.28392137573564,-397.9188914643301,1025.642857142857,1159.7171392652606
XBB.3.1,22F,0.5735821250380368,0.540051267083873,-408.92292278013724,-397.9188914643301,1027.8,1159.7171392652606
XBB.3.3,22F,0.5749251154095926,0.540051267083873,-408.2250253267336,-397.9188914643301,1029.6,1159.7171392652606
XBB.9,22F,0.5758094040055433,0.540051267083873,-408.7473460896513,-397.9188914643301,1030.7627118644068,1159.7171392652606
XBB.1.17,22F,0.5775479230238904,0.540051267083873,-413.9257028836742,-397.9188914643301,1033.0,1159.7171392652606
XBB.3,22F,0.5777182038890305,0.540051267083873,-409.7133531047431,-397.9188914643301,1033.2173913043478,1159.7171392652606
XBB.1.1,22F,0.5816494195845413,0.540051267083873,-413.42376864960056,-397.9188914643301,1038.077922077922,1159.7171392652606
XBB.6,22F,0.5820694631396494,0.540051267083873,-414.89561137822574,-397.9188914643301,1038.5853658536585,1159.7171392652606
XBB.1.38.1,22F,0.5832475013226398,0.540051267083873,-419.8335024716566,-397.9188914643301,1040.0,1159.7171392652606
XBB.1.6,22F,0.5833847263713583,0.540051267083873,-415.6004792022573,-397.9188914643301,1040.1635220125786,1159.7171392652606
XBB.3.2,22F,0.5849101863490984,0.540051267083873,-417.214073153437,-397.9188914643301,1041.9806451612903,1159.7171392652606
XBB.1.11,22F,0.5856425886616341,0.540051267083873,-419.17081878507497,-397.9188914643301,1042.8510638297873,1159.7171392652606
XBB.1.14,22F,0.5874358511403606,0.540051267083873,-424.892946091631,-397.9188914643301,1045.0,1159.7171392652606
XBB.8,22F,0.5907727049969217,0.540051267083873,-424.58012060651487,-397.9188914643301,1049.1333333333334,1159.7171392652606
XBB.2,22F,0.5910819045347441,0.540051267083873,-422.3744115372342,-397.9188914643301,1049.541592920354,1159.7171392652606
XBB.1.45,22F,0.591190915064912,0.540051267083873,-426.05306518359765,-397.9188914643301,1049.6875,1159.7171392652606
XBB.1.7,22F,0.5919571399427593,0.540051267083873,-424.50638785558635,-397.9188914643301,1050.7380952380952,1159.7171392652606
XBB.3.5,22F,0.5930375502236258,0.540051267083873,-429.66782567219917,-397.9188914643301,1052.3333333333333,1159.7171392652606
XBB.1.37,22F,0.5938504828320005,0.540051267083873,-429.8306765798302,-397.9188914643301,1053.6666666666665,1159.7171392652606
XBB.1.43,22F,0.594039451952884,0.540051267083873,-431.1284304319728,-397.9188914643301,1054.0,1159.7171392652606
XBB.1,22F,0.5941820502952435,0.540051267083873,-423.6681415766999,-397.9188914643301,1054.254766031196,1159.7171392652606
XBB.2.8,22F,0.5944277402252232,0.540051267083873,-427.8489425296108,-397.9188914643301,1054.7125,1159.7171392652606
XBB.2.6,22F,0.5959287979983982,0.540051267083873,-427.409526709965,-397.9188914643301,1055.1334431630971,1159.7171392652606
XBB,22F,0.596125821547184,0.540051267083873,-427.8234279987428,-397.9188914643301,1055.3562753036438,1159.7171392652606
XBB.1.32,22F,0.5962160238509161,0.540051267083873,-430.94311033080976,-397.9188914643301,1055.4583333333333,1159.7171392652606
XBB.2.10,22F,0.5984630050823256,0.540051267083873,-436.49561348943496,-397.9188914643301,1058.0,1159.7171392652606
XBB.4,22F,0.5994128903122586,0.540051267083873,-433.00129571137376,-397.9188914643301,1059.0777777777776,1159.7171392652606
XBB.1.36,22F,0.600225283647857,0.540051267083873,-437.66870780446,-397.9188914643301,1060.0,1159.7171392652606
XBB.2.6.2,22F,0.6018166995727227,0.540051267083873,-437.2776240838804,-397.9188914643301,1061.8125,1159.7171392652606
XBB.1.15,22F,0.6025878455313786,0.540051267083873,-432.83602797904683,-397.9188914643301,1062.693705386113,1159.7171392652606
XBB.2.11.1,22F,0.603956429219115,0.540051267083873,-435.8555703720686,-397.9188914643301,1064.2635658914728,1159.7171392652606
XBB.1.38,22F,0.6042704466020316,0.540051267083873,-440.5796331362726,-397.9188914643301,1064.625,1159.7171392652606
XBB.2.7,22F,0.6054614505298478,0.540051267083873,-440.6697690589146,-397.9188914643301,1066.0,1159.7171392652606
XBB.1.18,22F,0.6061671214303609,0.540051267083873,-441.58935700204154,-397.9188914643301,1066.8181818181818,1159.7171392652606
XBB.1.4.1,22F,0.6068962364900734,0.540051267083873,-443.2613134277486,-397.9188914643301,1067.6666666666665,1159.7171392652606
XBB.1.25,22F,0.6088871012720496,0.540051267083873,-447.58646158191084,-397.9188914643301,1070.0,1159.7171392652606
XBB.2.5,22F,0.6090029483436584,0.540051267083873,-442.4633801503223,-397.9188914643301,1070.1368421052632,1159.7171392652606
XBB.1.27,22F,0.6180223141322876,0.540051267083873,-455.2140827745712,-397.9188914643301,1081.111111111111,1159.7171392652606
XBB.2.11,22F,0.6195986468734046,0.540051267083873,-456.9198462618175,-397.9188914643301,1083.111111111111,1159.7171392652606
XBB.2.12,22F,0.6215794442708983,0.540051267083873,-460.1664130477047,-397.9188914643301,1085.6666666666665,1159.7171392652606
XBB.7,22F,0.6233536976301164,0.540051267083873,-462.5001821313157,-397.9188914643301,1088.0,1159.7171392652606
XBB.1.13,22F,0.6253376850248796,0.540051267083873,-460.7798240129048,-397.9188914643301,1090.659793814433,1159.7171392652606
XBB.1.35,22F,0.6268042884143551,0.540051267083873,-465.1638131156576,-397.9188914643301,1092.6666666666665,1159.7171392652606
XBB.1.30,22F,0.6268710081241425,0.540051267083873,-462.60963367178095,-397.9188914643301,1092.7590361445784,1159.7171392652606
XBB.1.47,22F,0.627042538997599,0.540051267083873,-467.21591108788283,-397.9188914643301,1093.0,1159.7171392652606
XBB.6.1,22F,0.6288190889224314,0.540051267083873,-463.4969401093723,-397.9188914643301,1095.486111111111,1159.7171392652606
XBB.1.10,22F,0.6309413905195567,0.540051267083873,-467.65943880078675,-397.9188914643301,1098.5434782608695,1159.7171392652606
XBB.3.4,22F,0.6329279869250906,0.540051267083873,-471.88160916816577,-397.9188914643301,1101.5,1159.7171392652606
XBB.8.1,22F,0.6349785594458439,0.540051267083873,-474.14354692734554,-397.9188914643301,1104.6666666666665,1159.7171392652606
XBB.2.2,22F,0.6398038682748111,0.540051267083873,-478.34027305914344,-397.9188914643301,1112.7368421052631,1159.7171392652606
XBB.1.4,22F,0.6407024996628743,0.540051267083873,-479.72206073433796,-397.9188914643301,1114.1538461538462,1159.7171392652606
XBB.1.14.1,22F,0.6428427741609584,0.540051267083873,-483.2893895014766,-397.9188914643301,1118.0,1159.7171392652606
XBB.1.21,22F,0.6452841996914431,0.540051267083873,-485.2136004351782,-397.9188914643301,1122.6666666666665,1159.7171392652606
XBB.1.45.1,22F,0.6474239045884931,0.540051267083873,-484.5758947693353,-397.9188914643301,1127.05291005291,1159.7171392652606
XBB.1.19,22F,0.6541490129140808,0.540051267083873,-495.8401626482338,-397.9188914643301,1143.4,1159.7171392652606
XBB.2.6.1,22F,0.6546157704692389,0.540051267083873,-495.5856996679973,-397.9188914643301,1144.7272727272727,1159.7171392652606
XBB.1.48,22F,0.6550545752321958,0.540051267083873,-498.4861929325077,-397.9188914643301,1146.0,1159.7171392652606
XBB.2.7.1,22F,0.6550545686643298,0.540051267083873,-498.4861911999017,-397.9188914643301,1146.0,1159.7171392652606
XBB.1.47.1,22F,0.6563674660923924,0.540051267083873,-498.20160693011076,-397.9188914643301,1150.0,1159.7171392652606
GA.2,22F,0.657688396230875,0.540051267083873,-498.1830411956137,-397.9188914643301,1154.3214285714282,1159.7171392652606
XBB.1.19.2,22F,0.6584125168070626,0.540051267083873,-500.5602611512131,-397.9188914643301,1156.8333333333333,1159.7171392652606
XBB.1.40,22F,0.6588487389775501,0.540051267083873,-501.2475445325279,-397.9188914643301,1158.4,1159.7171392652606
GW.2,22F,0.659320147401286,0.540051267083873,-498.6672826287047,-397.9188914643301,1160.140350877193,1159.7171392652606
GA.3,22F,0.6594599721240664,0.540051267083873,-501.0808279963367,-397.9188914643301,1160.6666666666665,1159.7171392652606
GA.6,22F,0.6601671281466264,0.540051267083873,-501.39173242618784,-397.9188914643301,1163.4,1159.7171392652606
GA.1,22F,0.6605665357667913,0.540051267083873,-502.9065414141696,-397.9188914643301,1164.9999999999998,1159.7171392652606
GA.9,22F,0.6605664827598813,0.540051267083873,-503.2429602792017,-397.9188914643301,1165.0,1159.7171392652606
XBB.1.17.1,22F,0.660641438934227,0.540051267083873,-499.8217345773769,-397.9188914643301,1165.305389221557,1159.7171392652606
XBB.1.18.1,22F,0.66099335953332,0.540051267083873,-500.56258622596494,-397.9188914643301,1166.7583333333332,1159.7171392652606
GW.4,22F,0.6615534562877163,0.540051267083873,-504.05832944746425,-397.9188914643301,1169.142857142857,1159.7171392652606
XBB.1.19.1,22F,0.6619516864457224,0.540051267083873,-501.9928381902404,-397.9188914643301,1170.8977272727273,1159.7171392652606
XBB.2.9,22F,0.6627356267996712,0.540051267083873,-506.6963443792168,-397.9188914643301,1174.5,1159.7171392652606
XBB.1.11.1,22F,0.6628206522717833,0.540051267083873,-504.4448453693989,-397.9188914643301,1174.904761904762,1159.7171392652606
FY.1,22F,0.6632994488759782,0.540051267083873,-504.9614184366659,-397.9188914643301,1177.2272727272727,1159.7171392652606
FW.2,22F,0.6643230144431341,0.540051267083873,-508.56694309772024,-397.9188914643301,1182.5,1159.7171392652606
XBB.1.43.1,22F,0.6647476109156821,0.540051267083873,-506.9294520792464,-397.9188914643301,1184.8235294117649,1159.7171392652606
GA.5,22F,0.6647673360054217,0.540051267083873,-507.0779854843752,-397.9188914643301,1184.9333333333334,1159.7171392652606
XBB.1.15.1,22F,0.6650041347607719,0.540051267083873,-506.4558667940057,-397.9188914643301,1186.2702702702704,1159.7171392652606
XBB.1.22.2,22F,0.6651729088081101,0.540051267083873,-506.2780961230448,-397.9188914643301,1187.2407407407409,1159.7171392652606
XBB.1.31.1,22F,0.6654720872567144,0.540051267083873,-509.5239208459521,-397.9188914643301,1189.0,1159.7171392652606
GW.3,22F,0.6658022847474226,0.540051267083873,-509.9168594214002,-397.9188914643301,1191.0,1159.7171392652606
GH.1,22F,0.6658797993926724,0.540051267083873,-507.8889355958572,-397.9188914643301,1191.48,1159.7171392652606
FP.4,22F,0.6659859995341049,0.540051267083873,-508.59532394671817,-397.9188914643301,1192.1428571428569,1159.7171392652606
GA.6.1,22F,0.6662183217514482,0.540051267083873,-508.4669925131807,-397.9188914643301,1193.6190476190477,1159.7171392652606
GA.7,22F,0.6665812502272715,0.540051267083873,-511.94512620130325,-397.9188914643301,1196.0,1159.7171392652606
HU.1,22F,0.6698156332373272,0.540051267083873,-515.072507453147,-397.9188914643301,1198.5,1159.7171392652606
XBB.1.24.3,22F,0.6703197268608847,0.540051267083873,-515.2717505303608,-397.9188914643301,1200.6666666666665,1159.7171392652606
XBB.1.31,22F,0.6706282763168688,0.540051267083873,-516.0478742127407,-397.9188914643301,1202.0,1159.7171392652606
XBB.1.44.1,22F,0.6707435838321312,0.540051267083873,-514.8002147981134,-397.9188914643301,1202.5,1159.7171392652606
XBB.1.34,22F,0.6709508061685975,0.540051267083873,-514.1332021832206,-397.9188914643301,1203.4,1159.7171392652606
FY.1.4,22F,0.6709737766877925,0.540051267083873,-514.0655353986537,-397.9188914643301,1203.5,1159.7171392652606
XBB.1.44,22F,0.6729946893431744,0.540051267083873,-516.1319525290924,-397.9188914643301,1212.375,1159.7171392652606
XBB.1.4.2,22F,0.6739390856234723,0.540051267083873,-517.2788910210154,-397.9188914643301,1216.5625,1159.7171392652606
FE.1.1.2,22F,0.674950812572762,0.540051267083873,-517.7582223106493,-397.9188914643301,1221.058823529412,1159.7171392652606
XBB.1.12,22F,0.6751626591678445,0.540051267083873,-521.13789547107,-397.9188914643301,1222.0,1159.7171392652606
FP.2,22F,0.6753877708083207,0.540051267083873,-521.4130931525077,-397.9188914643301,1223.0,1159.7171392652606
XBB.2.4,22F,0.6754754345956551,0.540051267083873,-517.4149292395297,-397.9188914643301,1223.39010989011,1159.7171392652606
XBB.1.37.1,22F,0.6758184389195142,0.540051267083873,-519.9033310737041,-397.9188914643301,1224.9130434782608,1159.7171392652606
GA.4,22F,0.6767732755630944,0.540051267083873,-522.2645276904373,-397.9188914643301,1229.1428571428569,1159.7171392652606
XBB.1.22.1,22F,0.6768290913785943,0.540051267083873,-519.7792407001326,-397.9188914643301,1229.388888888889,1159.7171392652606
FE.1.1.4,22F,0.677109145516067,0.540051267083873,-521.4454651619517,-397.9188914643301,1230.625,1159.7171392652606
GW.1,22F,0.6772698843733952,0.540051267083873,-523.0296281333873,-397.9188914643301,1231.3333333333333,1159.7171392652606
HE.1,22F,0.6776218635077462,0.540051267083873,-519.4028589307759,-397.9188914643301,1232.882183908046,1159.7171392652606
FE.1,22F,0.6780319916746016,0.540051267083873,-521.5269638585394,-397.9188914643301,1234.6811594202898,1159.7171392652606
FP.2.1,22F,0.6786775302158344,0.540051267083873,-523.0326545910403,-397.9188914643301,1237.5,1159.7171392652606
FE.1.1,22F,0.6793380113929299,0.540051267083873,-521.8051538809153,-397.9188914643301,1240.3650190114067,1159.7171392652606
XBB.1.34.2,22F,0.6796398703372499,0.540051267083873,-525.9601626318831,-397.9188914643301,1241.6666666666665,1159.7171392652606
HL.1,22F,0.6804462243809491,0.540051267083873,-526.6750986695445,-397.9188914643301,1245.125,1159.7171392652606
FE.1.1.1,22F,0.6808707890728461,0.540051267083873,-524.6488307782247,-397.9188914643301,1246.9320388349515,1159.7171392652606
XBB.1.24.1,22F,0.6811320596548053,0.540051267083873,-525.6776655343547,-397.9188914643301,1248.0392156862745,1159.7171392652606
XBB.1.41.3,22F,0.681414243815394,0.540051267083873,-526.7037402305941,-397.9188914643301,1249.2307692307693,1159.7171392652606
XBB.1.33,22F,0.6819088502538498,0.540051267083873,-526.8425590446607,-397.9188914643301,1251.3095238095239,1159.7171392652606
FY.7,22F,0.6819543398248892,0.540051267083873,-529.2508649807683,-397.9188914643301,1251.5,1159.7171392652606
FY.2,22F,0.6820318857811744,0.540051267083873,-525.6972633252673,-397.9188914643301,1251.8246753246754,1159.7171392652606
FY.6,22F,0.6823557440035021,0.540051267083873,-528.3066320930654,-397.9188914643301,1253.1764705882354,1159.7171392652606
FE.1.2,22F,0.6824877694681444,0.540051267083873,-525.0457548335365,-397.9188914643301,1253.7265774378584,1159.7171392652606
FY.1.1,22F,0.6827140928098298,0.540051267083873,-529.1042847369082,-397.9188914643301,1254.6666666666665,1159.7171392652606
FY.3,22F,0.6840289944645113,0.540051267083873,-529.1820813864404,-397.9188914643301,1260.0862068965516,1159.7171392652606
XBB.1.41,22F,0.6842520544047261,0.540051267083873,-531.91426483985,-397.9188914643301,1261.0,1159.7171392652606
XBB.1.31.2,22F,0.6850486441153535,0.540051267083873,-533.1432027967372,-397.9188914643301,1264.25,1159.7171392652606
XBB.1.34.1,22F,0.6854391566041561,0.540051267083873,-532.0790734055674,-397.9188914643301,1265.8421052631577,1159.7171392652606
FY.9,22F,0.6855596864476102,0.540051267083873,-531.3694515349192,-397.9188914643301,1266.3333333333335,1159.7171392652606
GA.7.2,22F,0.6863354346645374,0.540051267083873,-534.773410373126,-397.9188914643301,1269.5,1159.7171392652606
FY.3.1,22F,0.6869737825774809,0.540051267083873,-532.1267305326847,-397.9188914643301,1272.1259842519685,1159.7171392652606
FY.2.1,22F,0.6873592894389607,0.540051267083873,-532.0235593334717,-397.9188914643301,1273.7260869565216,1159.7171392652606
FP.2.1.1,22F,0.6876239390534121,0.540051267083873,-534.2153577315322,-397.9188914643301,1274.8333333333333,1159.7171392652606
HE.2,22F,0.6883036823928675,0.540051267083873,-535.2991189806518,-397.9188914643301,1277.7241379310344,1159.7171392652606
FY.3.2,22F,0.6884002328714064,0.540051267083873,-533.9456119476838,-397.9188914643301,1278.1417322834645,1159.7171392652606
XBB.1.28.1,22F,0.6885439487803285,0.540051267083873,-535.5723359096204,-397.9188914643301,1278.7666666666664,1159.7171392652606
XBB.1.42,22F,0.6907247000200604,0.540051267083873,-536.9192587197085,-397.9188914643301,1280.5238095238094,1159.7171392652606
HB.1,22F,0.690804810923936,0.540051267083873,-538.8624012135822,-397.9188914643301,1280.75,1159.7171392652606
HU.1.1,22F,0.6910212326985365,0.540051267083873,-537.2154005735867,-397.9188914643301,1281.3576642335765,1159.7171392652606
FY.4.1,22F,0.6911659820245101,0.540051267083873,-537.8435497239738,-397.9188914643301,1281.7613636363635,1159.7171392652606
FY.4.1.2,22F,0.691399892710282,0.540051267083873,-538.431125380399,-397.9188914643301,1282.409090909091,1159.7171392652606
FY.3.3,22F,0.6914546719796244,0.540051267083873,-538.3735455551483,-397.9188914643301,1282.56,1159.7171392652606
KE.2,22F,0.6919825845666031,0.540051267083873,-543.3684998487721,-397.9188914643301,1284.0,1159.7171392652606
FY.4,22F,0.6929258533232182,0.540051267083873,-543.887687901384,-397.9188914643301,1286.5,1159.7171392652606
GA.2.1.1,22F,0.6933120484573164,0.540051267083873,-544.3847258516877,-397.9188914643301,1287.5,1159.7171392652606
FY.6.1,22F,0.6934715202906495,0.540051267083873,-542.8853275731782,-397.9188914643301,1287.909090909091,1159.7171392652606
FY.4.2,22F,0.6935159235365141,0.540051267083873,-540.1419147832996,-397.9188914643301,1288.022099447514,1159.7171392652606
XBB.1.22.3,22F,0.6935725602360792,0.540051267083873,-542.9284559913316,-397.9188914643301,1288.1666666666665,1159.7171392652606
XBB.8.2,22F,0.6935897855682861,0.540051267083873,-542.4911155518821,-397.9188914643301,1288.2105263157894,1159.7171392652606
HU.2,22F,0.6942066141545906,0.540051267083873,-543.3974278920933,-397.9188914643301,1289.764705882353,1159.7171392652606
XBB.1.22,22F,0.6957481416217293,0.540051267083873,-541.5321621461065,-397.9188914643301,1293.5124378109451,1159.7171392652606
FW.1,22F,0.6957851963777922,0.540051267083873,-546.6602530268286,-397.9188914643301,1293.6,1159.7171392652606
JC.3,22F,0.697032166280195,0.540051267083873,-549.1914342594365,-397.9188914643301,1296.5,1159.7171392652606
FY.4.1.1,22F,0.6971334653956603,0.540051267083873,-545.1484048555527,-397.9188914643301,1296.7307692307693,1159.7171392652606
FY.5,22F,0.6977367221335515,0.540051267083873,-545.9388004293489,-397.9188914643301,1298.093023255814,1159.7171392652606
XBB.1.42.2,22F,0.6984853293793071,0.540051267083873,-544.73572959125,-397.9188914643301,1299.7535211267605,1159.7171392652606
FY.1.2.1,22F,0.7015730801160215,0.540051267083873,-552.3288111677754,-397.9188914643301,1306.3125,1159.7171392652606
FY.1.2,22F,0.7034292945923446,0.540051267083873,-553.701072885013,-397.9188914643301,1310.0869565217392,1159.7171392652606
FY.1.4.1,22F,0.7042142181098947,0.540051267083873,-554.6268237110773,-397.9188914643301,1311.656862745098,1159.7171392652606
FE.1.1.5,22F,0.7043638347173449,0.540051267083873,-556.3570233024034,-397.9188914643301,1311.9545454545455,1159.7171392652606
FY.5.2,22F,0.7045375506796243,0.540051267083873,-556.2748047359008,-397.9188914643301,1312.3,1159.7171392652606
GW.5.1,22F,0.7049516406968701,0.540051267083873,-556.7230748504431,-397.9188914643301,1313.1212121212122,1159.7171392652606
FY.5.5,22F,0.7050630919228512,0.540051267083873,-554.8978835761283,-397.9188914643301,1313.3417721518986,1159.7171392652606
GA.4.1.1,22F,0.7074317245767633,0.540051267083873,-562.3836822370843,-397.9188914643301,1318.0,1159.7171392652606
GA.7.1,22F,0.7079416241255275,0.540051267083873,-564.1545976938006,-397.9188914643301,1319.0,1159.7171392652606
FW.1.1,22F,0.7098611401040545,0.540051267083873,-563.1636843167039,-397.9188914643301,1322.7647058823527,1159.7171392652606
FY.1.2.3,22F,0.7104153543837204,0.540051267083873,-564.0912384957678,-397.9188914643301,1323.857142857143,1159.7171392652606
JC.5,22F,0.7121098170329455,0.540051267083873,-563.8115833405254,-397.9188914643301,1327.2257142857143,1159.7171392652606
JC.1,22F,0.7127434246108296,0.540051267083873,-565.5272533549814,-397.9188914643301,1328.5,1159.7171392652606
JC.2,22F,0.7132368611379439,0.540051267083873,-570.4734930330193,-397.9188914643301,1329.5,1159.7171392652606
FY.5.4,22F,0.7141945721412656,0.540051267083873,-569.8759018890513,-397.9188914643301,1331.4615384615386,1159.7171392652606
JC.6,22F,0.7146027717039732,0.540051267083873,-570.4195762831431,-397.9188914643301,1332.3076923076924,1159.7171392652606
XBB.1.41.2,22F,0.714733142298042,0.540051267083873,-567.2049924618201,-397.9188914643301,1332.5792207792206,1159.7171392652606
GA.4.1.3,22F,0.7152670745906046,0.540051267083873,-571.5674557603614,-397.9188914643301,1333.7,1159.7171392652606
GW.5,22F,0.7160484389278519,0.540051267083873,-571.5115988839725,-397.9188914643301,1335.3666666666666,1159.7171392652606
FP.3,22F,0.7163411470790563,0.540051267083873,-575.3037743247346,-397.9188914643301,1336.0,1159.7171392652606
XBB.1.41.1,22F,0.7168911322542875,0.540051267083873,-571.2430817438618,-397.9188914643301,1337.2066115702478,1159.7171392652606
XBB.1.42.1,22F,0.7169000932972134,0.540051267083873,-570.9819510444803,-397.9188914643301,1337.2264150943397,1159.7171392652606
GW.5.2,22F,0.7170797458813242,0.540051267083873,-574.2116891431037,-397.9188914643301,1337.625,1159.7171392652606
FY.5.1,22F,0.7174246404145502,0.540051267083873,-574.4500139215253,-397.9188914643301,1338.4,1159.7171392652606
FY.8,22F,0.7191378354859728,0.540051267083873,-575.5809912163246,-397.9188914643301,1340.46875,1159.7171392652606
GW.5.3,22F,0.7216154649217954,0.540051267083873,-578.441961412106,-397.9188914643301,1345.2156862745096,1159.7171392652606
GA.4.1,22F,0.7253802191087396,0.540051267083873,-582.9631750632711,-397.9188914643301,1352.4494382022472,1159.7171392652606
JC.4,22F,0.7260058637257775,0.540051267083873,-584.6094598289349,-397.9188914643301,1353.65,1159.7171392652606
GA.4.2,22F,0.7293330010517345,0.540051267083873,-591.4264133532174,-397.9188914643301,1360.0,1159.7171392652606
FY.8.1,22F,0.7298607144996148,0.540051267083873,-591.5847403565206,-397.9188914643301,1361.0,1159.7171392652606
FY.5.5.1,22F,0.7304379111714678,0.540051267083873,-589.0642641474453,-397.9188914643301,1362.0890052356021,1159.7171392652606
XBB.1.28,22F,0.7308812642995558,0.540051267083873,-591.662513293742,-397.9188914643301,1362.923076923077,1159.7171392652606
JW.1.1,22F,0.7330692085057253,0.540051267083873,-597.2139290079101,-397.9188914643301,1367.0,1159.7171392652606
FY.1.2.2,22F,0.7357027868443752,0.540051267083873,-599.2109401580013,-397.9188914643301,1371.8,1159.7171392652606
GA.8.1,22F,0.7403512289000348,0.540051267083873,-605.6067086617501,-397.9188914643301,1379.9,1159.7171392652606
GW.5.3.1,22F,0.7512214562424243,0.540051267083873,-619.3390721226898,-397.9188914643301,1396.5384615384614,1159.7171392652606
KE.3,22F,0.7537639703674467,0.540051267083873,-623.6132788336014,-397.9188914643301,1399.9473684210525,1159.7171392652606
FY.5.1.1,22F,0.7561263245478984,0.540051267083873,-625.1589533283823,-397.9188914643301,1402.963963963964,1159.7171392652606
GW.5.1.1,22F,0.765167045816142,0.540051267083873,-638.5062501094411,-397.9188914643301,1413.3833333333332,1159.7171392652606
FW.1.1.1,22F,0.7664073259468872,0.540051267083873,-640.9532112687577,-397.9188914643301,1414.6999999999998,1159.7171392652606
KE.1,22F,0.7713945441037846,0.540051267083873,-649.8132157796531,-397.9188914643301,1419.8,1159.7171392652606
JC.5.1,22F,0.7832702007146455,0.540051267083873,-662.8109363990075,-397.9188914643301,1431.2470588235294,1159.7171392652606
XBB.1.9.3,23D,0.6054616357942699,0.555635761044119,-443.9280666758076,-416.566216767019,1066.0,1284.3420334897883
XBB.1.9.4,23D,0.6143262539482526,0.555635761044119,-449.3464348127364,-416.566216767019,1076.5254237288136,1284.3420334897883
XBB.1.9,23D,0.6207003139843243,0.555635761044119,-455.18117933915613,-416.566216767019,1084.526627218935,1284.3420334897883
GD.2,23D,0.6345531207488522,0.555635761044119,-473.5195623821279,-416.566216767019,1104.0,1284.3420334897883
EG.4.1,23D,0.6421138506108816,0.555635761044119,-482.0694772710543,-416.566216767019,1116.6666666666665,1284.3420334897883
FL.2.7,23D,0.6486661921393956,0.555635761044119,-488.4468390345915,-416.566216767019,1129.75,1284.3420334897883
EG.1.1,23D,0.6592825880199976,0.555635761044119,-502.66676041945635,-416.566216767019,1160.0,1284.3420334897883
FL.27,23D,0.6594158718872446,0.555635761044119,-499.6433510593858,-416.566216767019,1160.5,1284.3420334897883
FL.4.1,23D,0.6595040289074764,0.555635761044119,-501.13196690720565,-416.566216767019,1160.8333333333333,1284.3420334897883
FL.3.3,23D,0.660065503261976,0.555635761044119,-502.0720278801609,-416.566216767019,1163.0,1284.3420334897883
FL.26.1,23D,0.6611303028560869,0.555635761044119,-504.4112807436798,-416.566216767019,1167.3333333333333,1284.3420334897883
EG.13,23D,0.6614215395195351,0.555635761044119,-500.99023499504,-416.566216767019,1168.5736434108528,1284.3420334897883
FL.26,23D,0.6618591707101813,0.555635761044119,-502.80652211371694,-416.566216767019,1170.4857142857143,1284.3420334897883
FL.39,23D,0.6622512868308359,0.555635761044119,-505.4348868445415,-416.566216767019,1172.25,1284.3420334897883
FL.8,23D,0.662822164022455,0.555635761044119,-502.4222402490363,-416.566216767019,1174.9119496855346,1284.3420334897883
FL.2.2,23D,0.6628474060160279,0.555635761044119,-504.0868154852331,-416.566216767019,1175.032258064516,1284.3420334897883
FL.4.1.1,23D,0.6629104853499898,0.555635761044119,-506.49631964184226,-416.566216767019,1175.3333333333333,1284.3420334897883
FL.17,23D,0.6629449982417551,0.555635761044119,-504.544457046606,-416.566216767019,1175.5,1284.3420334897883
FL.6,23D,0.6634799385053658,0.555635761044119,-506.18557729470314,-416.566216767019,1178.125,1284.3420334897883
FL.13.3,23D,0.6639494738698261,0.555635761044119,-505.0810803547869,-416.566216767019,1180.5238095238096,1284.3420334897883
FL.10,23D,0.6640371899654546,0.555635761044119,-503.7924222900556,-416.566216767019,1180.98224852071,1284.3420334897883
XBB.1.9.5,23D,0.6644158983186811,0.555635761044119,-507.2905091289901,-416.566216767019,1183.0,1284.3420334897883
FL.12,23D,0.664447456899764,0.555635761044119,-504.50944583622106,-416.566216767019,1183.1716417910447,1284.3420334897883
EG.1.7,23D,0.6659831872979,0.555635761044119,-509.15158943034317,-416.566216767019,1192.125,1284.3420334897883
EG.4,23D,0.6660932835384326,0.555635761044119,-505.56930128085367,-416.566216767019,1192.8201219512193,1284.3420334897883
FL.2.1,23D,0.6661524250132824,0.555635761044119,-507.3219968801367,-416.566216767019,1193.1967213114754,1284.3420334897883
EG.2.1,23D,0.666277246566922,0.555635761044119,-510.48324277563256,-416.566216767019,1194.0,1284.3420334897883
EG.3,23D,0.666328643227704,0.555635761044119,-510.5446143157787,-416.566216767019,1194.3333333333333,1284.3420334897883
FL.13,23D,0.6663854960694444,0.555635761044119,-506.8058707134162,-416.566216767019,1194.7037037037035,1284.3420334897883
FL.18.1.1,23D,0.666729459156046,0.555635761044119,-511.0238591054268,-416.566216767019,1197.0,1284.3420334897883
EG.1.2,23D,0.6667557633426231,0.555635761044119,-508.128607729408,-416.566216767019,1197.1785714285713,1284.3420334897883
FL.2,23D,0.670027058060818,0.555635761044119,-509.63563689471385,-416.566216767019,1199.4070945945946,1284.3420334897883
FL.18,23D,0.6701294716494138,0.555635761044119,-511.2668045860074,-416.566216767019,1199.8473282442746,1284.3420334897883
EG.4.3,23D,0.6703196788162861,0.555635761044119,-514.5785443504144,-416.566216767019,1200.6666666666665,1284.3420334897883
FL.35,23D,0.6710120812916016,0.555635761044119,-515.0054562286634,-416.566216767019,1203.6666666666665,1284.3420334897883
FL.3.1,23D,0.6711965663664397,0.555635761044119,-512.662639623986,-416.566216767019,1204.4700854700855,1284.3420334897883
EG.6,23D,0.6714133909096891,0.555635761044119,-515.2011682836347,-416.566216767019,1205.4166666666665,1284.3420334897883
FL.3.2,23D,0.6714605146577732,0.555635761044119,-513.77259144965,-416.566216767019,1205.6226415094338,1284.3420334897883
FL.23.1,23D,0.6715227264637297,0.555635761044119,-514.1803091223186,-416.566216767019,1205.8947368421052,1284.3420334897883
EG.8,23D,0.6716176985914759,0.555635761044119,-514.5651463038264,-416.566216767019,1206.3103448275863,1284.3420334897883
FL.4,23D,0.6716348385339864,0.555635761044119,-510.87730951331133,-416.566216767019,1206.385460693153,1284.3420334897883
FL.5,23D,0.6716547504277939,0.555635761044119,-511.8117230586014,-416.566216767019,1206.4726890756303,1284.3420334897883
FL.33,23D,0.6718483171999814,0.555635761044119,-514.8785516547722,-416.566216767019,1207.3214285714284,1284.3420334897883
FL.22,23D,0.6719131493431747,0.555635761044119,-513.6939196948961,-416.566216767019,1207.6060606060607,1284.3420334897883
FL.1.1,23D,0.6719950936462888,0.555635761044119,-513.3975771682207,-416.566216767019,1207.9659863945576,1284.3420334897883
FL.5.1,23D,0.6720170325379538,0.555635761044119,-514.9487761969593,-416.566216767019,1208.0625,1284.3420334897883
FL.4.3,23D,0.672035307883415,0.555635761044119,-516.4906767296058,-416.566216767019,1208.142857142857,1284.3420334897883
FL.3,23D,0.6724647081501616,0.555635761044119,-513.6134390213264,-416.566216767019,1210.0334928229665,1284.3420334897883
XBB.1.9.7,23D,0.6727969671533778,0.555635761044119,-518.6649141506016,-416.566216767019,1211.5,1284.3420334897883
FL.23,23D,0.6731036018481651,0.555635761044119,-517.7838478102414,-416.566216767019,1212.857142857143,1284.3420334897883
EG.9,23D,0.6733616866196416,0.555635761044119,-518.9443196812143,-416.566216767019,1214.0,1284.3420334897883
EG.1.4.1,23D,0.6734971374124491,0.555635761044119,-518.5979655544138,-416.566216767019,1214.6000000000001,1284.3420334897883
XBB.1.9.1,23D,0.6735354983836568,0.555635761044119,-512.5573323788394,-416.566216767019,1214.7710131758292,1284.3420334897883
EG.1.3,23D,0.6738197681823197,0.555635761044119,-516.0777127441457,-416.566216767019,1216.032608695652,1284.3420334897883
FL.31,23D,0.6739328141437395,0.555635761044119,-516.6765541940395,-416.566216767019,1216.5344827586207,1284.3420334897883
FL.18.1,23D,0.6739813139011189,0.555635761044119,-518.0234153433479,-416.566216767019,1216.75,1284.3420334897883
FL.4.5,23D,0.6741812827690525,0.555635761044119,-517.1892575422512,-416.566216767019,1217.6382978723404,1284.3420334897883
FL.19,23D,0.6743750420622346,0.555635761044119,-519.8891203679223,-416.566216767019,1218.5,1284.3420334897883
FL.4.10,23D,0.675162702439618,0.555635761044119,-521.1379405353476,-416.566216767019,1222.0,1284.3420334897883
EG.2.5,23D,0.6756125901384424,0.555635761044119,-521.4004727845614,-416.566216767019,1224.0,1284.3420334897883
FL.11,23D,0.6758444684568021,0.555635761044119,-519.515362609842,-416.566216767019,1225.0285714285715,1284.3420334897883
FL.1.4,23D,0.6759160514370574,0.555635761044119,-519.2071696469109,-416.566216767019,1225.3461538461538,1284.3420334897883
EG.1.4,23D,0.6760172954854914,0.555635761044119,-517.9353874196561,-416.566216767019,1225.7952380952381,1284.3420334897883
FL.1,23D,0.6761946913561503,0.555635761044119,-518.4695778625318,-416.566216767019,1226.5816993464055,1284.3420334897883
FL.17.2,23D,0.6762439963319602,0.555635761044119,-520.564764948915,-416.566216767019,1226.8000000000002,1284.3420334897883
FL.4.11,23D,0.6762989055755865,0.555635761044119,-520.4923730584197,-416.566216767019,1227.0434782608695,1284.3420334897883
FL.14,23D,0.6763046757459833,0.555635761044119,-520.2676507781372,-416.566216767019,1227.0689655172416,1284.3420334897883
EG.1,23D,0.6769047936790639,0.555635761044119,-517.518831276389,-416.566216767019,1229.7233368532204,1284.3420334897883
FL.13.1,23D,0.6769223878536067,0.555635761044119,-522.7843354899009,-416.566216767019,1229.8000000000002,1284.3420334897883
XBB.1.9.2,23D,0.6770486014227576,0.555635761044119,-517.4261530685075,-416.566216767019,1230.3580645161292,1284.3420334897883
FL.9,23D,0.6770694947769886,0.555635761044119,-521.5789946117976,-416.566216767019,1230.45,1284.3420334897883
FL.4.6,23D,0.6772326495666756,0.555635761044119,-520.6980021358681,-416.566216767019,1231.1694915254238,1284.3420334897883
EG.1.6,23D,0.6776350849792084,0.555635761044119,-520.3735224702139,-416.566216767019,1232.9402985074628,1284.3420334897883
FL.1.3,23D,0.6786107627443144,0.555635761044119,-521.7759196719593,-416.566216767019,1237.209090909091,1284.3420334897883
EG.14,23D,0.6788041652283807,0.555635761044119,-521.7885071918886,-416.566216767019,1238.0507246376812,1284.3420334897883
FL.7,23D,0.6788285023774896,0.555635761044119,-522.000960960022,-416.566216767019,1238.1565217391308,1284.3420334897883
FL.37,23D,0.6788580759603263,0.555635761044119,-524.8366003284239,-416.566216767019,1238.2857142857142,1284.3420334897883
FL.2.7.1,23D,0.678864072970455,0.555635761044119,-522.290127824351,-416.566216767019,1238.3111111111111,1284.3420334897883
FL.21.2,23D,0.679022862515975,0.555635761044119,-524.9071825824713,-416.566216767019,1239.0,1284.3420334897883
EG.12,23D,0.6804169758764463,0.555635761044119,-526.5208994395457,-416.566216767019,1245.0,1284.3420334897883
FL.2.4,23D,0.6810597632050199,0.555635761044119,-526.1180760347952,-416.566216767019,1247.7333333333333,1284.3420334897883
FL.4.9,23D,0.6815123273804092,0.555635761044119,-526.0068482812376,-416.566216767019,1249.6440677966102,1284.3420334897883
FL.21.1,23D,0.6817159356095746,0.555635761044119,-527.8540054402173,-416.566216767019,1250.5,1284.3420334897883
EG.10,23D,0.6817328388993869,0.555635761044119,-528.4141374239982,-416.566216767019,1250.5714285714287,1284.3420334897883
FL.10.3,23D,0.6824441844432977,0.555635761044119,-528.8528005102509,-416.566216767019,1253.5454545454545,1284.3420334897883
FL.2.6,23D,0.683357045561859,0.555635761044119,-528.6355374714144,-416.566216767019,1257.3255813953488,1284.3420334897883
FL.2.3,23D,0.6834271404784008,0.555635761044119,-527.0777081381204,-416.566216767019,1257.6143497757848,1284.3420334897883
FL.1.2,23D,0.6836726735545456,0.555635761044119,-530.7143476259849,-416.566216767019,1258.625,1284.3420334897883
EG.1.8,23D,0.6840399295694585,0.555635761044119,-528.8254872997618,-416.566216767019,1260.1309523809523,1284.3420334897883
EG.4.4,23D,0.6841823275358839,0.555635761044119,-531.4898753174364,-416.566216767019,1260.7142857142856,1284.3420334897883
EG.1.5,23D,0.6844276928779842,0.555635761044119,-529.9166025710589,-416.566216767019,1261.7173913043478,1284.3420334897883
FL.2.2.1,23D,0.6844324880730872,0.555635761044119,-530.8068560459292,-416.566216767019,1261.7368421052631,1284.3420334897883
FL.4.2,23D,0.684571763747194,0.555635761044119,-530.343544683415,-416.566216767019,1262.3055555555554,1284.3420334897883
GD.1,23D,0.6851607678033063,0.555635761044119,-529.0222998726483,-416.566216767019,1264.7077464788733,1284.3420334897883
FL.35.1,23D,0.6851974668014582,0.555635761044119,-532.771780314846,-416.566216767019,1264.8571428571427,1284.3420334897883
FL.32,23D,0.6852149243774344,0.555635761044119,-531.4075650282314,-416.566216767019,1264.9285714285716,1284.3420334897883
FL.28,23D,0.6852195661571014,0.555635761044119,-531.8012047906103,-416.566216767019,1264.9473684210525,1284.3420334897883
FL.40,23D,0.6862480874930834,0.555635761044119,-534.1029205864995,-416.566216767019,1269.142857142857,1284.3420334897883
FL.1.6,23D,0.6864405869478963,0.555635761044119,-532.5090213845571,-416.566216767019,1269.9318181818182,1284.3420334897883
EG.9.1,23D,0.6867503775790427,0.555635761044119,-532.9026311064065,-416.566216767019,1271.2045454545455,1284.3420334897883
FL.4.8,23D,0.6867503776424578,0.555635761044119,-532.902631191387,-416.566216767019,1271.2045454545455,1284.3420334897883
EG.2,23D,0.6871746920944972,0.555635761044119,-531.5671008013546,-416.566216767019,1272.95818815331,1284.3420334897883
FL.21,23D,0.6878796700086456,0.555635761044119,-533.2050474265918,-416.566216767019,1275.912408759124,1284.3420334897883
EG.5.2,23D,0.6882304162337264,0.555635761044119,-531.9715813542316,-416.566216767019,1277.4089673913045,1284.3420334897883
FL.2.5,23D,0.6882936048164746,0.555635761044119,-533.3064302263862,-416.566216767019,1277.6809523809525,1284.3420334897883
EG.11,23D,0.6902838430891985,0.555635761044119,-537.7900917089607,-416.566216767019,1279.2666666666667,1284.3420334897883
FL.25,23D,0.6906001467693573,0.555635761044119,-535.8030548652254,-416.566216767019,1280.1707317073171,1284.3420334897883
EG.7,23D,0.6915647160615145,0.555635761044119,-538.3662802911499,-416.566216767019,1282.862068965517,1284.3420334897883
EG.5.2.2,23D,0.6920657285892424,0.555635761044119,-540.5848877879163,-416.566216767019,1284.2222222222222,1284.3420334897883
EG.4.5,23D,0.6933509944882577,0.555635761044119,-542.8254279390403,-416.566216767019,1287.6,1284.3420334897883
FL.13.3.1,23D,0.6935071526349315,0.555635761044119,-545.3291437377007,-416.566216767019,1288.0,1284.3420334897883
FL.33.1,23D,0.6944624699655938,0.555635761044119,-544.2581317249125,-416.566216767019,1290.4,1284.3420334897883
EG.5.2.1,23D,0.6946655237446522,0.555635761044119,-540.7337428028794,-416.566216767019,1290.9002267573696,1284.3420334897883
EG.5.2.4,23D,0.6947062389536117,0.555635761044119,-546.8753294591054,-416.566216767019,1291.0,1284.3420334897883
EG.5.2.3,23D,0.6948518165246053,0.555635761044119,-541.9881420060941,-416.566216767019,1291.3562499999998,1284.3420334897883
FL.2.3.1,23D,0.6950250386499532,0.555635761044119,-545.0898167646138,-416.566216767019,1291.7777777777778,1284.3420334897883
FL.15,23D,0.6952899510966597,0.555635761044119,-541.4787336507433,-416.566216767019,1292.417910447761,1284.3420334897883
FL.24,23D,0.6954917827668058,0.555635761044119,-542.859798266491,-416.566216767019,1292.9019607843138,1284.3420334897883
FL.30.1,23D,0.6964429957411646,0.555635761044119,-547.1752194935139,-416.566216767019,1295.142857142857,1284.3420334897883
HN.4.1,23D,0.6967271882514907,0.555635761044119,-547.879857206117,-416.566216767019,1295.8000000000002,1284.3420334897883
FL.1.5,23D,0.6978269097335845,0.555635761044119,-545.6686697790092,-416.566216767019,1298.294736842105,1284.3420334897883
FL.13.4,23D,0.6988265182248193,0.555635761044119,-551.5214423875502,-416.566216767019,1300.5,1284.3420334897883
FL.19.1,23D,0.6992911340171573,0.555635761044119,-548.556374423368,-416.566216767019,1301.507042253521,1284.3420334897883
FL.15.2,23D,0.6999905001954451,0.555635761044119,-553.729815515074,-416.566216767019,1303.0,1284.3420334897883
EG.6.1,23D,0.7001431413406074,0.555635761044119,-546.383864463888,-416.566216767019,1303.3268112109995,1284.3420334897883
FL.10.1,23D,0.7003046905763377,0.555635761044119,-548.7594072169205,-416.566216767019,1303.668202764977,1284.3420334897883
FL.34,23D,0.7024610492116795,0.555635761044119,-553.8198264011398,-416.566216767019,1308.1304347826087,1284.3420334897883
FL.16,23D,0.7028767952528461,0.555635761044119,-552.7719588749735,-416.566216767019,1308.9734513274334,1284.3420334897883
FL.13.2,23D,0.702996911702866,0.555635761044119,-554.0456726630418,-416.566216767019,1309.2162162162163,1284.3420334897883
HN.3,23D,0.7036903328850962,0.555635761044119,-554.2211073980736,-416.566216767019,1310.6103896103896,1284.3420334897883
FL.29,23D,0.704838695775208,0.555635761044119,-555.7145759464568,-416.566216767019,1312.8974358974358,1284.3420334897883
FL.31.1,23D,0.7050165812835503,0.555635761044119,-557.5322725677851,-416.566216767019,1313.25,1284.3420334897883
FL.15.3,23D,0.7056108741500277,0.555635761044119,-556.6430140801349,-416.566216767019,1314.4235294117648,1284.3420334897883
FL.1.8,23D,0.70601679105474,0.555635761044119,-559.4221517580958,-416.566216767019,1315.2222222222222,1284.3420334897883
FL.32.1,23D,0.7061836092111506,0.555635761044119,-557.6046985382745,-416.566216767019,1315.5507246376812,1284.3420334897883
FL.10.2,23D,0.7069620218534696,0.555635761044119,-559.2258547997884,-416.566216767019,1317.078947368421,1284.3420334897883
EG.6.1.2,23D,0.7071920074020566,0.555635761044119,-560.3331888639971,-416.566216767019,1317.5294117647059,1284.3420334897883
FL.38,23D,0.7096415308914525,0.555635761044119,-565.3009863006339,-416.566216767019,1322.3333333333333,1284.3420334897883
HN.2.1,23D,0.7105719704795089,0.555635761044119,-564.4527524652098,-416.566216767019,1324.1666666666665,1284.3420334897883
EG.2.2,23D,0.7121630866146924,0.555635761044119,-568.6416094620487,-416.566216767019,1327.3333333333333,1284.3420334897883
FL.20,23D,0.7138808470912484,0.555635761044119,-566.8083029069962,-416.566216767019,1330.8152173913045,1284.3420334897883
HN.2,23D,0.7141627006699229,0.555635761044119,-567.0047879484898,-416.566216767019,1331.3954545454544,1284.3420334897883
FL.15.4,23D,0.7154499357920548,0.555635761044119,-570.978465695626,-416.566216767019,1334.086956521739,1284.3420334897883
FL.1.5.1,23D,0.7156349424839132,0.555635761044119,-565.1395299376751,-416.566216767019,1334.4804154302674,1284.3420334897883
EG.10.1,23D,0.7156645181811427,0.555635761044119,-569.1853435622205,-416.566216767019,1334.5434782608695,1284.3420334897883
FL.20.1,23D,0.7163037196922445,0.555635761044119,-571.6428418361022,-416.566216767019,1335.9189189189192,1284.3420334897883
HN.1,23D,0.7163185012250063,0.555635761044119,-568.732477074981,-416.566216767019,1335.950937950938,1284.3420334897883
HN.7,23D,0.7164594906951963,0.555635761044119,-571.3347490647665,-416.566216767019,1336.258064516129,1284.3420334897883
HN.3.1,23D,0.7189663965195416,0.555635761044119,-574.1535080058889,-416.566216767019,1340.141509433962,1284.3420334897883
HN.6,23D,0.7208115476993882,0.555635761044119,-575.9846995103974,-416.566216767019,1343.6732673267327,1284.3420334897883
HN.4.2,23D,0.7212421968823602,0.555635761044119,-581.1786559354157,-416.566216767019,1344.5,1284.3420334897883
EG.10.1.1,23D,0.721302687835455,0.555635761044119,-576.9902859141757,-416.566216767019,1344.6153846153848,1284.3420334897883
HN.4,23D,0.721791786180054,0.555635761044119,-576.8058747974015,-416.566216767019,1345.55421686747,1284.3420334897883
EG.5,23D,0.7266191438506556,0.555635761044119,-584.6745196111452,-416.566216767019,1354.8255813953485,1284.3420334897883
FL.20.2,23D,0.7273143831753585,0.555635761044119,-584.748247800745,-416.566216767019,1356.1560975609755,1284.3420334897883
FL.13.5,23D,0.7278260074843712,0.555635761044119,-588.057301381754,-416.566216767019,1357.1333333333332,1284.3420334897883
EG.6.1.1,23D,0.7295999342492794,0.555635761044119,-588.7813517681899,-416.566216767019,1360.5061728395062,1284.3420334897883
FL.24.1,23D,0.732946288651825,0.555635761044119,-593.9548730529009,-416.566216767019,1366.7727272727275,1284.3420334897883
FL.1.5.2,23D,0.7411880988112727,0.555635761044119,-604.6458375429564,-416.566216767019,1381.301204819277,1284.3420334897883
FL.13.4.1,23D,0.746538143622034,0.555635761044119,-612.9812609577024,-416.566216767019,1389.7878787878788,1284.3420334897883
HN.5,23D,0.7466762941043043,0.555635761044119,-611.1403546492685,-416.566216767019,1389.9960317460318,1284.3420334897883
KF.1,23D,0.748943543179143,0.555635761044119,-617.1170121276598,-416.566216767019,1393.3333333333333,1284.3420334897883
FL.36,23D,0.7514745833638796,0.555635761044119,-619.8008316858036,-416.566216767019,1396.8857142857141,1284.3420334897883
KC.1,23D,0.7528683376952283,0.555635761044119,-619.6174357008794,-416.566216767019,1398.7661016949153,1284.3420334897883
FL.15.1.1,23D,0.7529771936064842,0.555635761044119,-620.09539068123,-416.566216767019,1398.910798122066,1284.3420334897883
KC.1.1,23D,0.7548758887894415,0.555635761044119,-624.8570559915033,-416.566216767019,1401.3846153846155,1284.3420334897883
HN.8,23D,0.7602181265486109,0.555635761044119,-632.4004381193711,-416.566216767019,1407.8799999999999,1284.3420334897883
XBB.2.3.10,23E,0.6645909008186435,0.5579443823938729,-505.77039788325976,-420.2986383535877,1183.9555555555557,1299.5924584004295
XBB.2.3.9,23E,0.6654441446556282,0.5579443823938729,-507.4112627270037,-420.2986383535877,1188.8333333333333,1299.5924584004295
XBB.2.3.1,23E,0.6660743311829809,0.5579443823938729,-507.93851181198715,-420.2986383535877,1192.6999999999998,1299.5924584004295
GM.1,23E,0.672532745433003,0.5579443823938729,-517.9395037831154,-420.2986383535877,1210.3333333333333,1299.5924584004295
XBB.2.3.7,23E,0.6731855934165296,0.5579443823938729,-515.2240461470628,-420.2986383535877,1213.22,1299.5924584004295
XBB.2.3.14,23E,0.6735396993188101,0.5579443823938729,-517.3146621564671,-420.2986383535877,1214.7894736842104,1299.5924584004295
XBB.2.3.4,23E,0.6739813425042513,0.5579443823938729,-516.6371558164492,-420.2986383535877,1216.75,1299.5924584004295
XBB.2.3.13,23E,0.6749600706732058,0.5579443823938729,-519.6864519034488,-420.2986383535877,1221.1,1299.5924584004295
XBB.2.3.12,23E,0.6758217673665087,0.5579443823938729,-518.4681913901778,-420.2986383535877,1224.9278350515463,1299.5924584004295
GJ.3,23E,0.6769674458014812,0.5579443823938729,-520.4601999678323,-420.2986383535877,1230.0,1299.5924584004295
XBB.2.3.20,23E,0.677612779973868,0.5579443823938729,-522.2994240309604,-420.2986383535877,1232.8421052631577,1299.5924584004295
XBB.2.3.6,23E,0.6784994502794849,0.5579443823938729,-522.9714161104047,-420.2986383535877,1236.7241379310344,1299.5924584004295
GM.3,23E,0.6787924627172425,0.5579443823938729,-523.5657773702223,-420.2986383535877,1238.0,1299.5924584004295
XBB.2.3,23E,0.6799200798688969,0.5579443823938729,-520.8331884811636,-420.2986383535877,1242.872905027933,1299.5924584004295
XBB.2.3.5,23E,0.6816992109216362,0.5579443823938729,-525.0922503512583,-420.2986383535877,1250.430107526882,1299.5924584004295
XBB.2.3.2,23E,0.6821927086378692,0.5579443823938729,-524.4930517998276,-420.2986383535877,1252.4968152866243,1299.5924584004295
HH.2,23E,0.6825903346896791,0.5579443823938729,-526.8489795554577,-420.2986383535877,1254.1530612244896,1299.5924584004295
GM.3.1,23E,0.6827341428699728,0.5579443823938729,-530.2280539982709,-420.2986383535877,1254.75,1299.5924584004295
HH.7,23E,0.6839300800134133,0.5579443823938729,-528.1691437438794,-420.2986383535877,1259.6808510638298,1299.5924584004295
XBB.2.3.3,23E,0.6848815713578832,0.5579443823938729,-528.1137729261768,-420.2986383535877,1263.569696969697,1299.5924584004295
GJ.1,23E,0.6853142350667775,0.5579443823938729,-532.3805084572443,-420.2986383535877,1265.3333333333333,1299.5924584004295
GJ.1.1,23E,0.6867364438738559,0.5579443823938729,-532.449601430342,-420.2986383535877,1271.1470588235295,1299.5924584004295
GS.8,23E,0.6868866151224878,0.5579443823938729,-533.009897723078,-420.2986383535877,1271.7659574468084,1299.5924584004295
XBB.2.3.19,23E,0.6872055689355636,0.5579443823938729,-531.7728282318416,-420.2986383535877,1273.0864197530866,1299.5924584004295
XBB.2.3.11,23E,0.6884793508590161,0.5579443823938729,-533.0678908719618,-420.2986383535877,1278.4852071005919,1299.5924584004295
HH.1,23E,0.6905565605360134,0.5579443823938729,-535.1466833989697,-420.2986383535877,1280.0468227424751,1299.5924584004295
HH.1.1,23E,0.6906201933875156,0.5579443823938729,-537.0066123845295,-420.2986383535877,1280.2277227722773,1299.5924584004295
HH.8,23E,0.6915238542186521,0.5579443823938729,-539.6017168594295,-420.2986383535877,1282.75,1299.5924584004295
HH.4,23E,0.6919831876162719,0.5579443823938729,-542.6761132532508,-420.2986383535877,1284.0,1299.5924584004295
GZ.1,23E,0.6921837504597991,0.5579443823938729,-538.5088512311161,-420.2986383535877,1284.5389221556886,1299.5924584004295
GJ.4,23E,0.6932064695967292,0.5579443823938729,-539.6336836379454,-420.2986383535877,1287.227722772277,1299.5924584004295
HG.1,23E,0.6932992036909279,0.5579443823938729,-541.6601346089196,-420.2986383535877,1287.4666666666667,1299.5924584004295
GS.6,23E,0.6934455098783355,0.5579443823938729,-541.2066727301958,-420.2986383535877,1287.842105263158,1299.5924584004295
XBB.2.3.8,23E,0.6953414350176659,0.5579443823938729,-542.119929176648,-420.2986383535877,1292.541666666667,1299.5924584004295
XBB.2.3.21,23E,0.695557440693347,0.5579443823938729,-545.1419189739082,-420.2986383535877,1293.0588235294117,1299.5924584004295
HH.2.1,23E,0.6961780580509002,0.5579443823938729,-544.7005443913065,-420.2986383535877,1294.5254237288136,1299.5924584004295
HH.5,23E,0.6975214843031616,0.5579443823938729,-545.8653056719573,-420.2986383535877,1297.6095238095238,1299.5924584004295
XBB.2.3.15,23E,0.6978927953813974,0.5579443823938729,-545.3244838335971,-420.2986383535877,1298.4417808219177,1299.5924584004295
JS.2,23E,0.697927438913303,0.5579443823938729,-546.1710243203551,-420.2986383535877,1298.5190839694658,1299.5924584004295
HG.3,23E,0.6980309570187441,0.5579443823938729,-549.7943625228354,-420.2986383535877,1298.75,1299.5924584004295
GJ.1.2,23E,0.6980615336890177,0.5579443823938729,-543.1831463617394,-420.2986383535877,1298.817388493859,1299.5924584004295
GJ.1.2.5,23E,0.6984467797412116,0.5579443823938729,-546.6646490303538,-420.2986383535877,1299.6687898089172,1299.5924584004295
GJ.2,23E,0.6989139916989681,0.5579443823938729,-548.5906856988001,-420.2986383535877,1300.690476190476,1299.5924584004295
XBB.2.3.22,23E,0.699171815915058,0.5579443823938729,-551.2774783209934,-420.2986383535877,1301.25,1299.5924584004295
JA.1,23E,0.7013049711269267,0.5579443823938729,-552.077091385937,-420.2986383535877,1305.7586206896551,1299.5924584004295
XBB.2.3.17,23E,0.7017532904189182,0.5579443823938729,-551.6605436966533,-420.2986383535877,1306.6835443037976,1299.5924584004295
HG.2,23E,0.7018861317330729,0.5579443823938729,-551.1284174878668,-420.2986383535877,1306.95625,1299.5924584004295
JS.1,23E,0.7025886390928162,0.5579443823938729,-552.0852893819202,-420.2986383535877,1308.3896103896104,1299.5924584004295
GE.1.3,23E,0.7035939066664638,0.5579443823938729,-553.421265081935,-420.2986383535877,1310.4172185430464,1299.5924584004295
GS.7,23E,0.7047223780895435,0.5579443823938729,-557.4336776291393,-420.2986383535877,1312.6666666666665,1299.5924584004295
GE.1.4,23E,0.7059467362278643,0.5579443823938729,-555.5062182233055,-420.2986383535877,1315.0849514563106,1299.5924584004295
XBB.2.3.16,23E,0.706048679996237,0.5579443823938729,-558.6167930388735,-420.2986383535877,1315.2857142857142,1299.5924584004295
GJ.5,23E,0.7061664432522268,0.5579443823938729,-556.6457386055782,-420.2986383535877,1315.5170454545453,1299.5924584004295
GS.1,23E,0.7065150692962653,0.5579443823938729,-556.9617594271002,-420.2986383535877,1316.2019704433499,1299.5924584004295
GS.3,23E,0.7066089059302969,0.5579443823938729,-557.7833615101373,-420.2986383535877,1316.3861386138612,1299.5924584004295
GE.1,23E,0.7073166911698969,0.5579443823938729,-556.1295210565047,-420.2986383535877,1317.7740492170021,1299.5924584004295
GJ.1.2.4,23E,0.7074614739276534,0.5579443823938729,-559.570260348505,-420.2986383535877,1318.0576923076924,1299.5924584004295
GS.2,23E,0.7078861311539192,0.5579443823938729,-561.884179819002,-420.2986383535877,1318.8888888888887,1299.5924584004295
GJ.1.2.8,23E,0.7079992410566189,0.5579443823938729,-559.8361457770729,-420.2986383535877,1319.1111111111113,1299.5924584004295
GJ.5.1,23E,0.709726518408629,0.5579443823938729,-563.5162574854539,-420.2986383535877,1322.5,1299.5924584004295
GS.4,23E,0.7098266815065236,0.5579443823938729,-563.1479581066609,-420.2986383535877,1322.6969696969697,1299.5924584004295
GE.1.5,23E,0.7106634755536124,0.5579443823938729,-563.9233390049957,-420.2986383535877,1324.3478260869565,1299.5924584004295
GE.1.1,23E,0.7114783247110616,0.5579443823938729,-565.4995782097108,-420.2986383535877,1325.9642857142856,1299.5924584004295
HH.8.1,23E,0.7129899618203437,0.5579443823938729,-569.229009841074,-420.2986383535877,1329.0000000000002,1299.5924584004295
GE.1.6,23E,0.7139243925251241,0.5579443823938729,-569.0366693230519,-420.2986383535877,1330.9047619047617,1299.5924584004295
HH.3,23E,0.7161106388499452,0.5579443823938729,-573.2041002616124,-420.2986383535877,1335.5,1299.5924584004295
HH.6,23E,0.7170238001019958,0.5579443823938729,-575.5231495412778,-420.2986383535877,1337.5,1299.5924584004295
GS.5,23E,0.7171575585468506,0.5579443823938729,-574.7857806102535,-420.2986383535877,1337.8000000000002,1299.5924584004295
GE.1.2,23E,0.718069700335225,0.5579443823938729,-573.724601924761,-420.2986383535877,1339.8775510204082,1299.5924584004295
GJ.1.2.7,23E,0.7224188995729223,0.5579443823938729,-580.0879041626415,-420.2986383535877,1346.7586206896553,1299.5924584004295
GS.4.1.1,23E,0.7226138261374874,0.5579443823938729,-579.4002688112189,-420.2986383535877,1347.1333333333332,1299.5924584004295
GJ.1.2.2,23E,0.7237084325793488,0.5579443823938729,-579.3974317662473,-420.2986383535877,1349.2370820668693,1299.5924584004295
GJ.1.2.6,23E,0.7281428531028783,0.5579443823938729,-587.0845732575218,-420.2986383535877,1357.737704918033,1299.5924584004295
JU.1,23E,0.7298607413819627,0.5579443823938729,-592.8375310202202,-420.2986383535877,1361.0,1299.5924584004295
JY.1,23E,0.7305259998966166,0.5579443823938729,-590.5047038462124,-420.2986383535877,1362.254901960784,1299.5924584004295
JY.1.1,23E,0.7318429197062454,0.5579443823938729,-592.3819908902071,-420.2986383535877,1364.723404255319,1299.5924584004295
XBB.2.3.18,23E,0.7341190266774076,0.5579443823938729,-596.7041367222129,-420.2986383535877,1368.9285714285713,1299.5924584004295
GJ.6,23E,0.7344318971828975,0.5579443823938729,-597.4690004218144,-420.2986383535877,1369.5,1299.5924584004295
GS.4.1,23E,0.7345908447153762,0.5579443823938729,-593.4627905308172,-420.2986383535877,1369.789165446559,1299.5924584004295
GS.7.1,23E,0.7347068554776318,0.5579443823938729,-599.4550593020801,-420.2986383535877,1370.0,1299.5924584004295
GJ.1.2.1,23E,0.7348078209971128,0.5579443823938729,-596.1921953672713,-420.2986383535877,1370.1833333333334,1299.5924584004295
JE.1.1,23E,0.7355148246177866,0.5579443823938729,-597.9976201554019,-420.2986383535877,1371.4615384615383,1299.5924584004295
JE.1,23E,0.7394379186530583,0.5579443823938729,-601.940191516196,-420.2986383535877,1378.3513513513512,1299.5924584004295
JE.1.1.1,23E,0.7531523560759309,0.5579443823938729,-621.3579330305078,-420.2986383535877,1399.1428571428573,1299.5924584004295
KH.1,23E,0.7581621789428702,0.5579443823938729,-628.6842154492114,-420.2986383535877,1405.456140350877,1299.5924584004295
KT.1.1,23E,0.7830133249563489,0.5579443823938729,-662.0006426704479,-420.2986383535877,1431.0025188916877,1299.5924584004295
GE.1.2.1,23E,0.7869343256906633,0.5579443823938729,-672.2165888509734,-420.2986383535877,1434.75,1299.5924584004295
KT.1.2,23E,0.8051659594396613,0.5579443823938729,-695.6877296765839,-420.2986383535877,1454.1714285714286,1299.5924584004295
KT.1,23E,0.8117940604351185,0.5579443823938729,-706.6577285278969,-420.2986383535877,1462.6842105263156,1299.5924584004295
GE.1.2.2,23E,0.8288995070871507,0.5579443823938729,-731.6796309905567,-420.2986383535877,1492.5833333333333,1299.5924584004295
FU.3,23B,0.6696987019359103,0.5585202534722031,-512.9174918632117,-419.987083407184,1198.0,1303.0877380399443
XBB.1.16.22,23B,0.6742369666710122,0.5585202534722031,-517.5518673713177,-419.987083407184,1217.8857142857141,1303.0877380399443
XBB.1.16.4,23B,0.6745391894348478,0.5585202534722031,-516.6002932424868,-419.987083407184,1219.2290076335878,1303.0877380399443
XBB.1.16.20,23B,0.6763875378014471,0.5585202534722031,-519.3799314905882,-419.987083407184,1227.4358974358975,1303.0877380399443
FU.4,23B,0.6772622102474084,0.5585202534722031,-522.5093495104159,-419.987083407184,1231.3000000000002,1303.0877380399443
GY.3,23B,0.6772699188674288,0.5585202534722031,-523.7228166300015,-419.987083407184,1231.3333333333333,1303.0877380399443
XBB.1.16.2,23B,0.6805639344992928,0.5585202534722031,-522.4811382881458,-419.987083407184,1245.6270358306188,1303.0877380399443
XBB.1.16.3,23B,0.6810384329158854,0.5585202534722031,-524.551017467034,-419.987083407184,1247.642857142857,1303.0877380399443
XBB.1.16.25,23B,0.6811399956839111,0.5585202534722031,-525.6120627979511,-419.987083407184,1248.0727272727272,1303.0877380399443
GY.2.1,23B,0.6827809842694008,0.5585202534722031,-528.7827541321776,-419.987083407184,1254.9444444444443,1303.0877380399443
XBB.1.16.1,23B,0.6835155938674132,0.5585202534722031,-524.4265166427366,-419.987083407184,1257.978482446206,1303.0877380399443
XBB.1.16.31,23B,0.68373493340927,0.5585202534722031,-528.9601366022669,-419.987083407184,1258.88,1303.0877380399443
XBB.1.16.18,23B,0.683870042414913,0.5585202534722031,-527.4816013429459,-419.987083407184,1259.4346153846152,1303.0877380399443
XBB.1.16,23B,0.6840408319523954,0.5585202534722031,-524.2200265197476,-419.987083407184,1260.1346885401808,1303.0877380399443
GY.6,23B,0.6842662737968673,0.5585202534722031,-528.3825765117831,-419.987083407184,1261.057471264368,1303.0877380399443
XBB.1.16.13,23B,0.6846808693069446,0.5585202534722031,-528.5314229115213,-419.987083407184,1262.7509881422925,1303.0877380399443
XBB.1.16.5,23B,0.6848881514225084,0.5585202534722031,-528.8973000605932,-419.987083407184,1263.5964912280701,1303.0877380399443
GY.5,23B,0.6853352237516328,0.5585202534722031,-528.8564902863997,-419.987083407184,1265.4186602870816,1303.0877380399443
XBB.1.16.19,23B,0.6853365936862235,0.5585202534722031,-529.1999732016188,-419.987083407184,1265.4242424242425,1303.0877380399443
FU.1,23B,0.6855942937806889,0.5585202534722031,-528.0708089772011,-419.987083407184,1266.4744697564809,1303.0877380399443
XBB.1.16.21,23B,0.6856904919341761,0.5585202534722031,-530.2358464386227,-419.987083407184,1266.8666666666663,1303.0877380399443
XBB.1.16.32,23B,0.6863595539438622,0.5585202534722031,-533.4822665510884,-419.987083407184,1269.6,1303.0877380399443
XBB.1.16.10,23B,0.6870106020399336,0.5585202534722031,-532.4430478020284,-419.987083407184,1272.278350515464,1303.0877380399443
XBB.1.16.29,23B,0.6871628626617317,0.5585202534722031,-532.1745723162167,-419.987083407184,1272.909090909091,1303.0877380399443
FU.3.1,23B,0.6876632753340353,0.5585202534722031,-537.155872386013,-419.987083407184,1275.0,1303.0877380399443
XBB.1.16.7,23B,0.6878094349400156,0.5585202534722031,-534.7773283426134,-419.987083407184,1275.6153846153845,1303.0877380399443
XBB.1.16.8,23B,0.6919578971149549,0.5585202534722031,-537.6099488868192,-419.987083407184,1283.9315960912054,1303.0877380399443
GY.1,23B,0.6921610923530345,0.5585202534722031,-540.462246608452,-419.987083407184,1284.478260869565,1303.0877380399443
FU.5,23B,0.6933607862107941,0.5585202534722031,-543.0611806968939,-419.987083407184,1287.625,1303.0877380399443
GY.7,23B,0.6942713269064028,0.5585202534722031,-541.6319791223052,-419.987083407184,1289.9259259259259,1303.0877380399443
FU.2.1,23B,0.6952568552226177,0.5585202534722031,-540.9691610667622,-419.987083407184,1292.3382352941178,1303.0877380399443
XBB.1.16.16,23B,0.6955211298604315,0.5585202534722031,-542.1505278665018,-419.987083407184,1292.9721362229102,1303.0877380399443
XBB.1.16.12,23B,0.697995251215776,0.5585202534722031,-545.8510785941214,-419.987083407184,1298.6700507614212,1303.0877380399443
FU.1.1.1,23B,0.6993279260673868,0.5585202534722031,-547.4733131857469,-419.987083407184,1301.5863636363636,1303.0877380399443
XBB.1.16.14,23B,0.6993900944651907,0.5585202534722031,-547.356875669169,-419.987083407184,1301.7201492537313,1303.0877380399443
FU.2,23B,0.6998224161882877,0.5585202534722031,-546.3141383761813,-419.987083407184,1302.645692883895,1303.0877380399443
JF.2,23B,0.6999461803551428,0.5585202534722031,-549.1947253313704,-419.987083407184,1302.909090909091,1303.0877380399443
XBB.1.16.30,23B,0.7014599117376493,0.5585202534722031,-552.0091408051787,-419.987083407184,1306.0789473684208,1303.0877380399443
XBB.1.16.9,23B,0.7081503049828842,0.5585202534722031,-557.7565893211704,-419.987083407184,1319.4070796460176,1303.0877380399443
GY.8,23B,0.7083137027204551,0.5585202534722031,-561.1489939660539,-419.987083407184,1319.7272727272727,1303.0877380399443
JF.4,23B,0.708987210979227,0.5585202534722031,-558.4812075163603,-419.987083407184,1321.04753673293,1303.0877380399443
HF.1.2,23B,0.7103324371768458,0.5585202534722031,-561.8540934431987,-419.987083407184,1323.6936170212766,1303.0877380399443
XBB.1.16.6,23B,0.712400407815354,0.5585202534722031,-560.8808784177476,-419.987083407184,1327.8089561521717,1303.0877380399443
HF.1,23B,0.7140367009244636,0.5585202534722031,-564.8769539381111,-419.987083407184,1331.135723431498,1303.0877380399443
XBB.1.16.23,23B,0.7146303427977644,0.5585202534722031,-566.925434157367,-419.987083407184,1332.3648648648648,1303.0877380399443
XBB.1.16.11,23B,0.7157631053553472,0.5585202534722031,-566.2418168154379,-419.987083407184,1334.7540160642573,1303.0877380399443
KJ.1,23B,0.7168618700087203,0.5585202534722031,-574.0538281202286,-419.987083407184,1337.142857142857,1303.0877380399443
GY.9,23B,0.7199383619379092,0.5585202534722031,-579.4272586236362,-419.987083407184,1342.0,1303.0877380399443
XBB.1.16.24,23B,0.720445404230071,0.5585202534722031,-577.2457723010157,-419.987083407184,1342.9714285714285,1303.0877380399443
HF.1.1,23B,0.7205467972435573,0.5585202534722031,-574.3039786964016,-419.987083407184,1343.1657894736838,1303.0877380399443
XBB.1.16.15,23B,0.721627955223898,0.5585202534722031,-575.0647840045553,-419.987083407184,1345.2396313364054,1303.0877380399443
GY.1.1,23B,0.7232383247145042,0.5585202534722031,-582.3621940921724,-419.987083407184,1348.3333333333333,1303.0877380399443
JM.2,23B,0.7254655779145899,0.5585202534722031,-581.7651436954937,-419.987083407184,1352.6132930513597,1303.0877380399443
XBB.1.16.17,23B,0.7267566873816106,0.5585202534722031,-584.7001117950911,-419.987083407184,1355.0891089108911,1303.0877380399443
JF.3,23B,0.7316117509709065,0.5585202534722031,-592.7386509482596,-419.987083407184,1364.2916666666665,1303.0877380399443
JF.1,23B,0.7337060274763592,0.5585202534722031,-592.1987350220123,-419.987083407184,1368.1722222222222,1303.0877380399443
XBB.1.16.26,23B,0.7352440037949884,0.5585202534722031,-597.2734450827631,-419.987083407184,1370.9729729729731,1303.0877380399443
JF.1.1,23B,0.7367667951056561,0.5585202534722031,-595.7213874533516,-419.987083407184,1373.6990084985837,1303.0877380399443
JM.1,23B,0.7379192516750481,0.5585202534722031,-601.4674122828332,-419.987083407184,1375.7272727272727,1303.0877380399443
XBB.1.16.28,23B,0.7414590816470159,0.5585202534722031,-606.9541423177992,-419.987083407184,1381.75,1303.0877380399443
XBB.1.16.27,23B,0.741643862328876,0.5585202534722031,-606.1108824108231,-419.987083407184,1382.0555555555554,1303.0877380399443
JF.1.1.2,23B,0.7498984425089508,0.5585202534722031,-617.0786702423349,-419.987083407184,1394.6949152542372,1303.0877380399443
GK.1.3,23G,0.6755264463214616,0.5654031080137001,-518.5870048106707,-431.292590261762,1223.6166666666666,1336.8590831918505
GK.1.9,23G,0.6810108751809899,0.5654031080137001,-526.5138383816687,-431.292590261762,1247.5263157894738,1336.8590831918505
GK.2.2,23G,0.6884827785009603,0.5654031080137001,-536.1227305304433,-431.292590261762,1278.5,1336.8590831918505
GK.3,23G,0.6885692098851061,0.5654031080137001,-534.8314506984906,-431.292590261762,1278.876923076923,1336.8590831918505
XBB.1.5.70,23G,0.6958686150251032,0.5654031080137001,-543.2536484538158,-431.292590261762,1293.7976190476188,1336.8590831918505
GK.3.2,23G,0.6981071027404898,0.5654031080137001,-547.3877344940913,-431.292590261762,1298.9183673469388,1336.8590831918505
GK.6,23G,0.698909156056102,0.5654031080137001,-548.0045769358136,-431.292590261762,1300.68,1336.8590831918505
GK.1.2,23G,0.6998385842402138,0.5654031080137001,-550.313011086677,-431.292590261762,1302.68,1336.8590831918505
GK.1,23G,0.7010928156534673,0.5654031080137001,-549.66615188651,-431.292590261762,1305.3183673469389,1336.8590831918505
GK.1.6,23G,0.7011746287231635,0.5654031080137001,-550.8198618172149,-431.292590261762,1305.4883720930231,1336.8590831918505
GK.2,23G,0.7069209683923032,0.5654031080137001,-556.3942752350058,-431.292590261762,1316.9983633387887,1336.8590831918505
GK.5.1,23G,0.7073655163745852,0.5654031080137001,-560.259540766364,-431.292590261762,1317.8695652173913,1336.8590831918505
GK.2.1.1,23G,0.7078607096889896,0.5654031080137001,-560.8289994163937,-431.292590261762,1318.8400000000001,1336.8590831918505
GK.1.10,23G,0.7107075524768761,0.5654031080137001,-563.5762493069441,-431.292590261762,1324.4347826086955,1336.8590831918505
GK.3.1,23G,0.7128394261393818,0.5654031080137001,-564.4985227404466,-431.292590261762,1328.6939655172416,1336.8590831918505
GK.7,23G,0.7177022673416436,0.5654031080137001,-573.6277559902092,-431.292590261762,1339.030303030303,1336.8590831918505
GK.2.1,23G,0.7178902044005016,0.5654031080137001,-572.0288495628579,-431.292590261762,1339.4619047619049,1336.8590831918505
GK.1.7,23G,0.7188921966169632,0.5654031080137001,-576.771579181105,-431.292590261762,1340.0,1336.8590831918505
GK.4,23G,0.719573613030313,0.5654031080137001,-575.8698549742069,-431.292590261762,1341.3023255813953,1336.8590831918505
GK.2.3,23G,0.7218819056766375,0.5654031080137001,-579.2357692699522,-431.292590261762,1345.7272727272727,1336.8590831918505
GK.1.1,23G,0.7231304726148686,0.5654031080137001,-577.237751289221,-431.292590261762,1348.1261467889906,1336.8590831918505
GK.12,23G,0.7234115565295668,0.5654031080137001,-583.6944098156622,-431.292590261762,1348.6666666666665,1336.8590831918505
GK.1.5,23G,0.7237992445583831,0.5654031080137001,-582.4828108620093,-431.292590261762,1349.4117647058822,1336.8590831918505
GK.1.11.1,23G,0.727887388479864,0.5654031080137001,-589.4623544437437,-431.292590261762,1357.25,1336.8590831918505
GK.1.1.1,23G,0.72882840986,0.5654031080137001,-585.9261920784478,-431.292590261762,1359.042596348884,1336.8590831918505
GK.2.4,23G,0.734767047270301,0.5654031080137001,-596.0717899139244,-431.292590261762,1370.109375,1336.8590831918505
GK.8.1,23G,0.73552403083733,0.5654031080137001,-598.1328459565133,-431.292590261762,1371.4782608695655,1336.8590831918505
GK.1.4,23G,0.7365325475361602,0.5654031080137001,-598.6821222870313,-431.292590261762,1373.2830188679245,1336.8590831918505
GK.1.6.1,23G,0.7404214758265502,0.5654031080137001,-602.9499857080341,-431.292590261762,1380.0191082802546,1336.8590831918505
GK.10,23G,0.7457999772767109,0.5654031080137001,-614.3536679114453,-431.292590261762,1388.6666666666665,1336.8590831918505
GK.1.8.1,23G,0.7458957385655011,0.5654031080137001,-612.8126869206918,-431.292590261762,1388.8125,1336.8590831918505
GK.1.11,23G,0.7464469139155425,0.5654031080137001,-613.3552573989215,-431.292590261762,1389.65,1336.8590831918505
GK.1.8,23G,0.7501432685196273,0.5654031080137001,-616.4804279250279,-431.292590261762,1395.0397350993376,1336.8590831918505
GK.1.10.1,23G,0.7535838402770754,0.5654031080137001,-624.3596517296121,-431.292590261762,1399.7142857142858,1336.8590831918505
GK.1.2.1,23G,0.7559112480196841,0.5654031080137001,-625.4892311261626,-431.292590261762,1402.6949152542375,1336.8590831918505
HK.4,23F,0.7002249609734623,0.5714781136557745,-551.732785059498,-436.9037555038134,1303.5,1358.2470110534625
EG.5.1.10,23F,0.7013411667639147,0.5714781136557745,-553.6998976445603,-436.9037555038134,1305.8333333333333,1358.2470110534625
EG.5.1.5,23F,0.7020265227936359,0.5714781136557745,-551.574912084571,-436.9037555038134,1307.2439024390246,1358.2470110534625
EG.5.1.2,23F,0.7021487078499079,0.5714781136557745,-551.4716635878823,-436.9037555038134,1307.49375,1358.2470110534625
HK.24,23F,0.702725341276596,0.5714781136557745,-556.2025047508289,-436.9037555038134,1308.6666666666665,1358.2470110534625
HK.29,23F,0.7036188552462562,0.5714781136557745,-552.0826771867286,-436.9037555038134,1310.4672268907564,1358.2470110534625
HK.7,23F,0.7043997932303367,0.5714781136557745,-554.2429684090654,-436.9037555038134,1312.0261780104713,1358.2470110534625
EG.5.1.15,23F,0.7047117645145702,0.5714781136557745,-554.0875417863256,-436.9037555038134,1312.6458333333333,1358.2470110534625
HK.15,23F,0.7047632673748937,0.5714781136557745,-555.1600762591212,-436.9037555038134,1312.7479674796748,1358.2470110534625
EG.5.1.18,23F,0.7061505105689384,0.5714781136557745,-558.2399150798465,-436.9037555038134,1315.4857142857145,1358.2470110534625
EG.5.1.16,23F,0.7075215874745809,0.5714781136557745,-556.130515962626,-436.9037555038134,1318.1754985754988,1358.2470110534625
EG.5.1.14,23F,0.7078087571917945,0.5714781136557745,-557.250732354852,-436.9037555038134,1318.7380382775123,1358.2470110534625
HK.9,23F,0.7081368701408659,0.5714781136557745,-561.367639293651,-436.9037555038134,1319.3809523809523,1358.2470110534625
EG.5.1,23F,0.7084999691295036,0.5714781136557745,-556.4695733200163,-436.9037555038134,1320.0921892189217,1358.2470110534625
EG.5.1.9,23F,0.7087922012761736,0.5714781136557745,-559.9493373060253,-436.9037555038134,1320.6650485436892,1358.2470110534625
EG.5.1.3,23F,0.7101101116336029,0.5714781136557745,-558.9247532940609,-436.9037555038134,1323.255111382362,1358.2470110534625
EG.5.1.4,23F,0.7113847723231229,0.5714781136557745,-560.663117594677,-436.9037555038134,1325.7783124799487,1358.2470110534625
HK.31,23F,0.7117437111302839,0.5714781136557745,-562.6340946155036,-436.9037555038134,1326.4935622317596,1358.2470110534625
EG.5.1.1,23F,0.7117945448733934,0.5714781136557745,-560.5143680580397,-436.9037555038134,1326.5950545921644,1358.2470110534625
JG.4,23F,0.7120387520953795,0.5714781136557745,-565.9916833865916,-436.9037555038134,1327.083333333333,1358.2470110534625
HK.11,23F,0.7142546101131958,0.5714781136557745,-567.7086075085715,-436.9037555038134,1331.5853658536585,1358.2470110534625
HK.23,23F,0.7143343181780882,0.5714781136557745,-570.1420284610405,-436.9037555038134,1331.75,1358.2470110534625
HK.27,23F,0.7158150642030173,0.5714781136557745,-570.1125774821148,-436.9037555038134,1334.8651685393256,1358.2470110534625
HK.21,23F,0.7159363720613652,0.5714781136557745,-572.6837227585412,-436.9037555038134,1335.125,1358.2470110534625
EG.5.1.19,23F,0.7161592071342091,0.5714781136557745,-569.8959392964401,-436.9037555038134,1335.6057142857142,1358.2470110534625
HK.5,23F,0.7168733581525445,0.5714781136557745,-574.2233451623006,-436.9037555038134,1337.1666666666665,1358.2470110534625
HK.16,23F,0.7177148065271279,0.5714781136557745,-574.3078416579807,-436.9037555038134,1339.0588235294117,1358.2470110534625
HK.28,23F,0.7180953526597725,0.5714781136557745,-571.7928606491196,-436.9037555038134,1339.937142857143,1358.2470110534625
EG.5.1.13,23F,0.7190636327586,0.5714781136557745,-571.9469318708457,-436.9037555038134,1340.3272561531448,1358.2470110534625
EG.5.1.7,23F,0.719832120802399,0.5714781136557745,-575.8189734160102,-436.9037555038134,1341.796875,1358.2470110534625
HK.1,23F,0.7199064919326099,0.5714781136557745,-576.581142281133,-436.9037555038134,1341.939393939394,1358.2470110534625
JG.2,23F,0.7208411982298703,0.5714781136557745,-577.1896731026036,-436.9037555038134,1343.7301587301583,1358.2470110534625
EG.5.1.12,23F,0.7215173835639235,0.5714781136557745,-577.9513983685706,-436.9037555038134,1345.0273972602738,1358.2470110534625
HK.30,23F,0.7217597360533363,0.5714781136557745,-577.6700439260184,-436.9037555038134,1345.4925373134326,1358.2470110534625
HK.19,23F,0.721825937260218,0.5714781136557745,-578.394282387901,-436.9037555038134,1345.619718309859,1358.2470110534625
EG.5.1.6,23F,0.7221058597187677,0.5714781136557745,-575.088505940624,-436.9037555038134,1346.157335223246,1358.2470110534625
HK.2,23F,0.7221158126649581,0.5714781136557745,-580.213891021061,-436.9037555038134,1346.1764705882354,1358.2470110534625
HK.32,23F,0.7221635925955215,0.5714781136557745,-577.9240413754653,-436.9037555038134,1346.2681564245809,1358.2470110534625
JG.3.3,23F,0.7235708536400485,0.5714781136557745,-585.0083471493306,-436.9037555038134,1349.0,1358.2470110534625
EG.5.1.17,23F,0.7245514309338102,0.5714781136557745,-584.3856665125046,-436.9037555038134,1350.8571428571427,1358.2470110534625
EG.5.1.11,23F,0.7247558374410007,0.5714781136557745,-585.2214456064828,-436.9037555038134,1351.25,1358.2470110534625
HK.6,23F,0.7250592767511116,0.5714781136557745,-580.809261206653,-436.9037555038134,1351.8329979879275,1358.2470110534625
HK.17,23F,0.7251722603155901,0.5714781136557745,-582.7885723001909,-436.9037555038134,1352.05,1358.2470110534625
KB.4,23F,0.726358207849042,0.5714781136557745,-583.9155968628785,-436.9037555038134,1354.3255813953488,1358.2470110534625
JG.1,23F,0.7280988830854888,0.5714781136557745,-587.1845070810152,-436.9037555038134,1357.6538461538464,1358.2470110534625
HK.34.1,23F,0.7284554413017077,0.5714781136557745,-590.5213393946266,-436.9037555038134,1358.3333333333333,1358.2470110534625
HK.18,23F,0.7309232791183298,0.5714781136557745,-594.9778641405833,-436.9037555038134,1363.0,1358.2470110534625
HK.25,23F,0.7322214685289458,0.5714781136557745,-594.109828286381,-436.9037555038134,1365.4285714285713,1358.2470110534625
HK.12,23F,0.733020270645251,0.5714781136557745,-595.4422884221678,-436.9037555038134,1366.909090909091,1358.2470110534625
HV.1.3,23F,0.7341472517286973,0.5714781136557745,-594.7568627849298,-436.9037555038134,1368.9803921568628,1358.2470110534625
HV.1.4,23F,0.7342941583202713,0.5714781136557745,-593.7250339944629,-436.9037555038134,1369.2485714285713,1358.2470110534625
HK.27.1,23F,0.7344516434111283,0.5714781136557745,-594.5205114608548,-436.9037555038134,1369.535714285714,1358.2470110534625
HK.8,23F,0.7364671005910958,0.5714781136557745,-598.9790201525462,-436.9037555038134,1373.1666666666665,1358.2470110534625
HV.1.6,23F,0.7368050213300974,0.5714781136557745,-597.1889320812852,-436.9037555038134,1373.7667638483963,1358.2470110534625
JJ.1,23F,0.7371605982464431,0.5714781136557745,-598.3112476630821,-436.9037555038134,1374.3956043956046,1358.2470110534625
HK.33,23F,0.7380131205021278,0.5714781136557745,-600.8589553921427,-436.9037555038134,1375.891304347826,1358.2470110534625
HK.13,23F,0.7388111815665248,0.5714781136557745,-600.322362665332,-436.9037555038134,1377.2754237288136,1358.2470110534625
HK.34,23F,0.7396048093125175,0.5714781136557745,-604.4818919077958,-436.9037555038134,1378.6363636363637,1358.2470110534625
HV.1,23F,0.7402426328882062,0.5714781136557745,-597.6747265860646,-436.9037555038134,1379.7177775923917,1358.2470110534625
EG.5.1.8,23F,0.7419608456801753,0.5714781136557745,-603.7992888345317,-436.9037555038134,1382.5772646536411,1358.2470110534625
HK.27.1.1,23F,0.7421579365031709,0.5714781136557745,-606.31074906939,-436.9037555038134,1382.9,1358.2470110534625
HK.14,23F,0.7422203279083469,0.5714781136557745,-609.3927934352231,-436.9037555038134,1383.0,1358.2470110534625
HV.1.7,23F,0.7427004844979552,0.5714781136557745,-608.0201271700632,-436.9037555038134,1383.782608695652,1358.2470110534625
HV.1.5,23F,0.7432994110669772,0.5714781136557745,-606.3862753402012,-436.9037555038134,1384.7481481481484,1358.2470110534625
HK.26,23F,0.743418654903607,0.5714781136557745,-606.1734804775331,-436.9037555038134,1384.9390862944165,1358.2470110534625
HK.24.1,23F,0.7445399079157083,0.5714781136557745,-611.7577873329633,-436.9037555038134,1386.7142857142856,1358.2470110534625
HV.1.2,23F,0.7445909343768025,0.5714781136557745,-607.7981077949287,-436.9037555038134,1386.7944162436547,1358.2470110534625
HK.20,23F,0.7456102111917835,0.5714781136557745,-612.4162061702797,-436.9037555038134,1388.375,1358.2470110534625
HK.11.1,23F,0.7461412773486548,0.5714781136557745,-611.6088401551766,-436.9037555038134,1389.1866666666667,1358.2470110534625
HV.1.8,23F,0.7464402694649332,0.5714781136557745,-610.8202914771183,-436.9037555038134,1389.6400000000003,1358.2470110534625
HV.2,23F,0.7478049300684734,0.5714781136557745,-613.976851786565,-436.9037555038134,1391.676056338028,1358.2470110534625
HK.13.2.1,23F,0.7484505854193853,0.5714781136557745,-615.771082621312,-436.9037555038134,1392.6206896551726,1358.2470110534625
HK.26.1,23F,0.7485398653961587,0.5714781136557745,-617.8764211693691,-436.9037555038134,1392.75,1358.2470110534625
JG.3.1,23F,0.7486336115211988,0.5714781136557745,-613.0943443430594,-436.9037555038134,1392.8860294117649,1358.2470110534625
HK.23.1,23F,0.7488509730362715,0.5714781136557745,-616.9880371450754,-436.9037555038134,1393.2,1358.2470110534625
HK.8.1,23F,0.7493472700427506,0.5714781136557745,-615.6515072364641,-436.9037555038134,1393.9122807017543,1358.2470110534625
HK.2.1,23F,0.7500484941960238,0.5714781136557745,-617.8997647151473,-436.9037555038134,1394.90625,1358.2470110534625
HV.1.9,23F,0.7504084329538376,0.5714781136557745,-619.034458391613,-436.9037555038134,1395.4117647058824,1358.2470110534625
JR.1.1.1,23F,0.7533030648596793,0.5714781136557745,-622.2750319809437,-436.9037555038134,1399.342105263158,1358.2470110534625
HK.20.1,23F,0.7536010604906069,0.5714781136557745,-620.3712496146427,-436.9037555038134,1399.733850129199,1358.2470110534625
KB.1,23F,0.7536541107529361,0.5714781136557745,-621.2221487828216,-436.9037555038134,1399.8033707865168,1358.2470110534625
HK.13.2,23F,0.7550018158130349,0.5714781136557745,-625.89374230127,-436.9037555038134,1401.5454545454545,1358.2470110534625
HK.1.2,23F,0.7550708245895357,0.5714781136557745,-624.2940102802186,-436.9037555038134,1401.6333333333332,1358.2470110534625
HK.13.1,23F,0.7556979065693539,0.5714781136557745,-624.778907720367,-436.9037555038134,1402.4269662921347,1358.2470110534625
JG.3,23F,0.7563259801417569,0.5714781136557745,-622.5387559994367,-436.9037555038134,1403.2125867195243,1358.2470110534625
HV.1.1,23F,0.7572912205492278,0.5714781136557745,-624.4578545908448,-436.9037555038134,1404.401567944251,1358.2470110534625
HV.1.6.1,23F,0.7581569012150386,0.5714781136557745,-629.7241184845908,-436.9037555038134,1405.45,1358.2470110534625
HK.22,23F,0.7591440199364959,0.5714781136557745,-631.3351888036871,-436.9037555038134,1406.625,1358.2470110534625
KB.2,23F,0.7596427942490185,0.5714781136557745,-631.8650723981892,-436.9037555038134,1407.2105263157894,1358.2470110534625
HV.1.10,23F,0.7598909408857758,0.5714781136557745,-630.161530023022,-436.9037555038134,1407.5,1358.2470110534625
JR.1.1,23F,0.7637062515249058,0.5714781136557745,-635.5812589858509,-436.9037555038134,1411.8028169014083,1358.2470110534625
JG.3.4,23F,0.7678770281105757,0.5714781136557745,-641.7999992222636,-436.9037555038134,1416.2330097087379,1358.2470110534625
KL.1.1,23F,0.7749392653914641,0.5714781136557745,-652.995913790139,-436.9037555038134,1423.28125,1358.2470110534625
HV.1.11,23F,0.7751091162729953,0.5714781136557745,-652.2845697379199,-436.9037555038134,1423.4457831325303,1358.2470110534625
JG.3.2,23F,0.7769584620204897,0.5714781136557745,-652.772240401197,-436.9037555038134,1425.2295774647887,1358.2470110534625
KL.1,23F,0.7814334987002798,0.5714781136557745,-661.5055226597709,-436.9037555038134,1429.5,1358.2470110534625
HK.3.7,23H,0.7247644738466331,0.5804299129924134,-583.9113629120936,-451.60950190253936,1351.2666666666667,1382.3610804851155
HK.3.12,23H,0.7293364220979784,0.5804299129924134,-587.8475433510098,-451.60950190253936,1360.0069444444443,1382.3610804851155
HK.3.6,23H,0.7344318182864781,0.5804299129924134,-597.2865683344017,-451.60950190253936,1369.5,1382.3610804851155
HK.3.4,23H,0.7375978121871861,0.5804299129924134,-599.6054682451908,-451.60950190253936,1375.1648351648353,1382.3610804851155
HK.3,23H,0.7389986634019471,0.5804299129924134,-597.8324135289914,-451.60950190253936,1377.5983717774764,1382.3610804851155
HK.3.9,23H,0.7435689899886704,0.5804299129924134,-607.1431187422253,-451.60950190253936,1385.1793478260868,1382.3610804851155
HK.3.3,23H,0.743655775538568,0.5804299129924134,-608.3351391013275,-451.60950190253936,1385.3174603174605,1382.3610804851155
HK.3.1,23H,0.7459862318657533,0.5804299129924134,-610.0655129503418,-451.60950190253936,1388.9505300353358,1382.3610804851155
HK.3.5,23H,0.7469610591942625,0.5804299129924134,-613.8075699952473,-451.60950190253936,1390.4230769230771,1382.3610804851155
HK.3.11,23H,0.7470493830932936,0.5804299129924134,-613.0453448577389,-451.60950190253936,1390.5555555555554,1382.3610804851155
HK.3.8,23H,0.7476859605393192,0.5804299129924134,-617.38082862381,-451.60950190253936,1391.5,1382.3610804851155
HK.3.13,23H,0.7510803068178414,0.5804299129924134,-618.694651843749,-451.60950190253936,1396.344262295082,1382.3610804851155
HK.3.2,23H,0.7566091176595342,0.5804299129924134,-624.2655740818075,-451.60950190253936,1403.563670411985,1382.3610804851155
HK.3.2.1,23H,0.7569186494134462,0.5804299129924134,-626.6900178679655,-451.60950190253936,1403.945205479452,1382.3610804851155
HK.3.2.2,23H,0.757294243410113,0.5804299129924134,-626.7542865628019,-451.60950190253936,1404.405172413793,1382.3610804851155
HK.3.10,23H,0.7581131642188419,0.5804299129924134,-628.3679212833154,-451.60950190253936,1405.3972602739725,1382.3610804851155
HK.3.14,23H,0.7777620277088669,0.5804299129924134,-657.6498695713876,-451.60950190253936,1426.0,1382.3610804851155
BA.2.86.4,23I,0.7174694869278906,0.5969106243037859,-576.1194887685389,-475.4666518386295,1338.5,1413.155737704918
BA.2.86.5,23I,0.722023599282668,0.5969106243037859,-582.2298259595576,-475.4666518386295,1346.0,1413.155737704918
BA.2.86.7,23I,0.7419745565796588,0.5969106243037859,-608.5420868197577,-475.4666518386295,1382.6,1413.155737704918
BA.2.86.2,23I,0.7479711411070513,0.5969106243037859,-615.2519920510272,-475.4666518386295,1391.92,1413.155737704918
BA.2.86.6,23I,0.7480259073861383,0.5969106243037859,-616.4676628339994,-475.4666518386295,1392.0,1413.155737704918
JN.5,23I,0.7492121767227093,0.5969106243037859,-616.7336735765397,-475.4666518386295,1393.71875,1413.155737704918
JQ.1,23I,0.7587514184866907,0.5969106243037859,-629.6436044422422,-475.4666518386295,1406.16,1413.155737704918
JN.3.3,23I,0.759686901221357,0.5969106243037859,-629.010794321367,-475.4666518386295,1407.2621082621085,1413.155737704918
JN.2,23I,0.7599516292442476,0.5969106243037859,-629.2987426386968,-475.4666518386295,1407.5706806282722,1413.155737704918
JN.3,23I,0.7606550869228638,0.5969106243037859,-630.8229698872468,-475.4666518386295,1408.3839285714287,1413.155737704918
BA.2.86.1,23I,0.7612087511626986,0.5969106243037859,-630.4577848495624,-475.4666518386295,1409.0170454545455,1413.155737704918
BA.2.86.3,23I,0.763549962214573,0.5969106243037859,-636.6788627091049,-475.4666518386295,1411.6315789473683,1413.155737704918
JN.18,23I,0.7652829583325024,0.5969106243037859,-637.8816320370042,-475.4666518386295,1413.507575757576,1413.155737704918
JN.11,23I,0.7653299973912668,0.5969106243037859,-638.8796819544726,-475.4666518386295,1413.5576923076924,1413.155737704918
JN.7,23I,0.7670129020787666,0.5969106243037859,-644.1126997695874,-475.4666518386295,1415.3333333333333,1413.155737704918
BA.2.86,23I,0.7675866957772116,0.5969106243037859,-641.7195256115514,-475.4666518386295,1415.9324324324325,1413.155737704918
JN.17,23I,0.7703471421166799,0.5969106243037859,-647.8566637448175,-475.4666518386295,1418.75,1413.155737704918
LV.1,23I,0.771596180275992,0.5969106243037859,-649.6295126681704,-475.4666518386295,1420.0,1413.155737704918
JN.2.3,23I,0.7732838419823118,0.5969106243037859,-653.0082370277822,-475.4666518386295,1421.6666666666665,1413.155737704918
JN.13,23I,0.7742502169308738,0.5969106243037859,-651.8976531750847,-475.4666518386295,1422.611111111111,1413.155737704918
JN.9,23I,0.7784858144294363,0.5969106243037859,-658.9505014350093,-475.4666518386295,1426.6923076923078,1413.155737704918
JN.6,23I,0.7811957879512689,0.5969106243037859,-661.094790480304,-475.4666518386295,1429.2739726027396,1413.155737704918
JN.4,23I,0.7813998320521023,0.5969106243037859,-661.8267566416097,-475.4666518386295,1429.4680851063831,1413.155737704918
JN.2.1,23I,0.7849932703203777,0.5969106243037859,-668.622533356528,-475.4666518386295,1432.8888888888887,1413.155737704918
JN.3.2.1,23I,0.7857330653208003,0.5969106243037859,-670.2706063516624,-475.4666518386295,1433.6000000000001,1413.155737704918
JN.10,23I,0.7913924055317381,0.5969106243037859,-676.5471179855202,-475.4666518386295,1439.28125,1413.155737704918
JN.13.1,23I,0.7954591303070916,0.5969106243037859,-682.5785145788782,-475.4666518386295,1443.4074074074074,1413.155737704918
JN.14,23I,0.7954794325346188,0.5969106243037859,-683.9577537429308,-475.4666518386295,1443.4285714285716,1413.155737704918
JN.2.4,23I,0.7979289650196988,0.5969106243037859,-689.4425529585177,-475.4666518386295,1446.0,1413.155737704918
JN.11.1,23I,0.8026015985356786,0.5969106243037859,-694.4193267936814,-475.4666518386295,1451.1666666666665,1413.155737704918
JN.2.5,23I,0.8031583851793237,0.5969106243037859,-693.0680117585698,-475.4666518386295,1451.8076923076924,1413.155737704918
JN.15,23I,0.8112958803388572,0.5969106243037859,-708.1805273438123,-475.4666518386295,1462.0,1413.155737704918
JN.3.1,23I,0.8154735403005917,0.5969106243037859,-714.3005576423502,-475.4666518386295,1468.0,1413.155737704918
JN.16,23I,0.8252738602443851,0.5969106243037859,-727.8506504918677,-475.4666518386295,1485.0,1413.155737704918
JN.19,23I,0.8261028087212471,0.5969106243037859,-729.5931588309362,-475.4666518386295,1486.6666666666665,1413.155737704918
JN.2.2,23I,0.8320539570248142,0.5969106243037859,-737.7854706952379,-475.4666518386295,1499.8333333333333,1413.155737704918
JQ.2.1,23I,0.83830845158014,0.5969106243037859,-748.3141371536432,-475.4666518386295,1516.0,1413.155737704918
JN.3.2,23I,0.840429438730579,0.5969106243037859,-752.228972865345,-475.4666518386295,1522.0,1413.155737704918
JQ.2.1.1,23I,0.8652971963234656,0.5969106243037859,-788.9438062708182,-475.4666518386295,1594.375,1413.155737704918
JN.1.1.10,24A,0.7741185750216462,0.6328056026334313,-651.9266101777091,-523.5413950795582,1422.4827586206895,1502.327840037201
JN.1.58.1,24A,0.7749897615634198,0.6328056026334313,-655.4349142689081,-523.5413950795582,1423.3333333333333,1502.327840037201
JN.1.2.1,24A,0.7793326687047701,0.6328056026334313,-661.3377082146703,-523.5413950795582,1427.5,1502.327840037201
JN.1.1.7,24A,0.7854352995508629,0.6328056026334313,-667.9874892571873,-523.5413950795582,1433.3125,1502.327840037201
JN.1.24,24A,0.7877706302435814,0.6328056026334313,-670.3522279528603,-523.5413950795582,1435.7209302325582,1502.327840037201
JN.1.1,24A,0.7879873466266565,0.6328056026334313,-666.7164075051746,-523.5413950795582,1435.931731417022,1502.327840037201
JN.1.44,24A,0.791566375497614,0.6328056026334313,-676.7667496220853,-523.5413950795582,1439.4545454545455,1502.327840037201
JN.1.2,24A,0.7926811175914854,0.6328056026334313,-674.742415091319,-523.5413950795582,1440.5715434083602,1502.327840037201
JN.1.41,24A,0.7942905135503775,0.6328056026334313,-678.650929008841,-523.5413950795582,1442.2047244094488,1502.327840037201
JN.1.13,24A,0.795862000210734,0.6328056026334313,-683.3204449189667,-523.5413950795582,1443.8260869565217,1502.327840037201
JN.1.1.2,24A,0.7976389799639833,0.6328056026334313,-685.8877443909371,-523.5413950795582,1445.695652173913,1502.327840037201
JN.1.65,24A,0.7982361793466938,0.6328056026334313,-687.401894578332,-523.5413950795582,1446.3333333333333,1502.327840037201
JN.1.17,24A,0.7989682962928161,0.6328056026334313,-686.0115016002761,-523.5413950795582,1447.1223021582737,1502.327840037201
JN.1.63.1,24A,0.7993819489874215,0.6328056026334313,-689.5987648491104,-523.5413950795582,1447.5714285714284,1502.327840037201
JN.1.3,24A,0.8001364255615971,0.6328056026334313,-687.909757230092,-523.5413950795582,1448.3982300884954,1502.327840037201
JN.1.9,24A,0.8006707931225698,0.6328056026334313,-686.3162150440718,-523.5413950795582,1448.9892205638475,1502.327840037201
JN.1.43,24A,0.8008776993825962,0.6328056026334313,-687.0582448019522,-523.5413950795582,1449.21935483871,1502.327840037201
JN.1.38.1,24A,0.8019443224436101,0.6328056026334313,-689.1482685669257,-523.5413950795582,1450.4177777777777,1502.327840037201
JN.1.31,24A,0.802106159014987,0.6328056026334313,-689.4663960032887,-523.5413950795582,1450.601449275362,1502.327840037201
JN.1.21,24A,0.8024834413942878,0.6328056026334313,-691.1954417683208,-523.5413950795582,1451.0314960629923,1502.327840037201
JN.1.1.4,24A,0.8029461820415473,0.6328056026334313,-693.2454664787941,-523.5413950795582,1451.5625,1502.327840037201
JN.1.38,24A,0.8033869553723626,0.6328056026334313,-691.7307245755245,-523.5413950795582,1452.0724637681158,1502.327840037201
JN.1.47,24A,0.8034996312952442,0.6328056026334313,-691.5034794208761,-523.5413950795582,1452.203431372549,1502.327840037201
JN.1.6,24A,0.8036842924109664,0.6328056026334313,-691.214852901473,-523.5413950795582,1452.4185393258426,1502.327840037201
JN.1.4.5,24A,0.8045323873251686,0.6328056026334313,-690.6898360312329,-523.5413950795582,1453.4160407075358,1502.327840037201
JN.1.47.2,24A,0.8052682091248871,0.6328056026334313,-696.1530946466687,-523.5413950795582,1454.2941176470588,1502.327840037201
JN.1.19,24A,0.8056439777991861,0.6328056026334313,-694.3362172524087,-523.5413950795582,1454.7472324723246,1502.327840037201
JN.1.45,24A,0.8057554076248763,0.6328056026334313,-694.8046313510786,-523.5413950795582,1454.8822055137844,1502.327840037201
JN.1,24A,0.8058331970257873,0.6328056026334313,-690.6683836148696,-523.5413950795582,1454.9766060952925,1502.327840037201
JN.1.54,24A,0.8058526592281839,0.6328056026334313,-697.5677924884703,-523.5413950795582,1455.0,1502.327840037201
JN.1.4.1,24A,0.8059953160489923,0.6328056026334313,-696.9085597161138,-523.5413950795582,1455.1739130434783,1502.327840037201
JN.1.46,24A,0.806504470424298,0.6328056026334313,-695.2975608173468,-523.5413950795582,1455.7972413793104,1502.327840037201
JN.1.10,24A,0.8066928494397716,0.6328056026334313,-698.6316366775809,-523.5413950795582,1456.029411764706,1502.327840037201
JN.1.14,24A,0.8071074442038051,0.6328056026334313,-698.7187137791663,-523.5413950795582,1456.5438596491226,1502.327840037201
JN.1.12,24A,0.807472513948915,0.6328056026334313,-700.9910029853695,-523.5413950795582,1457.0,1502.327840037201
JN.1.22,24A,0.8082478578996085,0.6328056026334313,-697.7528771921526,-523.5413950795582,1457.9809885931559,1502.327840037201
JN.1.4,24A,0.808256437774366,0.6328056026334313,-694.76384110503,-523.5413950795582,1457.9919354838707,1502.327840037201
JN.1.8,24A,0.8086239941864783,0.6328056026334313,-698.7163832407585,-523.5413950795582,1458.4625719769676,1502.327840037201
JN.1.51,24A,0.8088664697565846,0.6328056026334313,-701.636930278153,-523.5413950795582,1458.775,1502.327840037201
JN.1.29,24A,0.8089158675691205,0.6328056026334313,-700.6271903225675,-523.5413950795582,1458.8389830508472,1502.327840037201
JN.1.53,24A,0.8091375729287505,0.6328056026334313,-701.2554309589726,-523.5413950795582,1459.126436781609,1502.327840037201
JN.1.59,24A,0.8092529084601777,0.6328056026334313,-702.039489269078,-523.5413950795582,1459.276595744681,1502.327840037201
JN.1.69,24A,0.8098046996842196,0.6328056026334313,-702.3256034761107,-523.5413950795582,1460.0,1502.327840037201
JN.1.25,24A,0.8100373413063587,0.6328056026334313,-704.4697905977216,-523.5413950795582,1460.3076923076924,1502.327840037201
JN.1.42,24A,0.8103719824167784,0.6328056026334313,-700.4177119751666,-523.5413950795582,1460.7530762920428,1502.327840037201
JN.1.63,24A,0.8104136188022991,0.6328056026334313,-703.3648120524779,-523.5413950795582,1460.8088235294117,1502.327840037201
JN.1.60,24A,0.8110058809589973,0.6328056026334313,-704.9532318809808,-523.5413950795582,1461.6060606060605,1502.327840037201
JN.1.27,24A,0.8111573127006215,0.6328056026334313,-704.2284349474644,-523.5413950795582,1461.8117647058823,1502.327840037201
JN.1.42.1,24A,0.811169615830732,0.6328056026334313,-705.1337205960954,-523.5413950795582,1461.8285714285714,1502.327840037201
JN.1.15,24A,0.8112191765960339,0.6328056026334313,-704.8903207592193,-523.5413950795582,1461.8958333333333,1502.327840037201
JN.1.30,24A,0.8115184567664434,0.6328056026334313,-705.1215579324111,-523.5413950795582,1462.3050847457628,1502.327840037201
JN.1.55,24A,0.811742632035315,0.6328056026334313,-705.2094613470156,-523.5413950795582,1462.6133333333332,1502.327840037201
KV.1,24A,0.811867416146546,0.6328056026334313,-706.3772610983002,-523.5413950795582,1462.7857142857144,1502.327840037201
JN.1.4.2,24A,0.8119475659535641,0.6328056026334313,-702.9129776342435,-523.5413950795582,1462.8966202783304,1502.327840037201
JN.1.39,24A,0.8119760724676406,0.6328056026334313,-702.3552541008925,-523.5413950795582,1462.936135371179,1502.327840037201
JN.1.49,24A,0.8120599192767407,0.6328056026334313,-705.9480332497357,-523.5413950795582,1463.0526315789473,1502.327840037201
JN.1.1.9,24A,0.8122617704578634,0.6328056026334313,-708.494674002363,-523.5413950795582,1463.333333333333,1502.327840037201
JN.1.4.7,24A,0.8129809117269932,0.6328056026334313,-705.8967212558072,-523.5413950795582,1464.3463203463205,1502.327840037201
JN.1.47.1,24A,0.8143873719937695,0.6328056026334313,-710.0328102126092,-523.5413950795582,1466.379310344828,1502.327840037201
JN.1.64,24A,0.8148106588725741,0.6328056026334313,-708.8060009533166,-523.5413950795582,1467.0054347826087,1502.327840037201
JN.1.6.1,24A,0.8148753270765053,0.6328056026334313,-710.0382704142487,-523.5413950795582,1467.1016949152545,1502.327840037201
JN.1.5,24A,0.8150078357432708,0.6328056026334313,-708.5294817225257,-523.5413950795582,1467.2993827160494,1502.327840037201
KZ.1,24A,0.8150417270010053,0.6328056026334313,-711.3642267160643,-523.5413950795582,1467.3500000000001,1502.327840037201
JN.1.56,24A,0.8151496813612746,0.6328056026334313,-710.7571706162709,-523.5413950795582,1467.5116279069769,1502.327840037201
JN.1.58.3,24A,0.8152526073479768,0.6328056026334313,-713.5708118088179,-523.5413950795582,1467.6666666666665,1502.327840037201
JN.1.26,24A,0.8156419998862192,0.6328056026334313,-711.3092100230335,-523.5413950795582,1468.2549019607845,1502.327840037201
JN.1.43.1,24A,0.8157023212362196,0.6328056026334313,-709.4026800171267,-523.5413950795582,1468.3466666666668,1502.327840037201
JN.1.49.1,24A,0.8160702123764035,0.6328056026334313,-712.778859823058,-523.5413950795582,1468.909090909091,1502.327840037201
JN.1.34,24A,0.8164394290256239,0.6328056026334313,-711.633228247243,-523.5413950795582,1469.4789915966387,1502.327840037201
JN.1.68,24A,0.8165357855579832,0.6328056026334313,-712.3054573150362,-523.5413950795582,1469.6285714285714,1502.327840037201
JN.1.53.1,24A,0.8167510372326937,0.6328056026334313,-713.5381263483946,-523.5413950795582,1469.9642857142856,1502.327840037201
LM.1,24A,0.8167730529828177,0.6328056026334313,-716.2095515171214,-523.5413950795582,1470.0,1502.327840037201
JN.1.57,24A,0.8168023998896845,0.6328056026334313,-712.7411411513618,-523.5413950795582,1470.044776119403,1502.327840037201
JN.1.18.1,24A,0.8171711541042047,0.6328056026334313,-715.4085855901982,-523.5413950795582,1470.625,1502.327840037201
JN.1.35,24A,0.8175521470545599,0.6328056026334313,-715.4834845225997,-523.5413950795582,1471.2307692307693,1502.327840037201
JN.1.1.1,24A,0.8197475205992724,0.6328056026334313,-717.1078806457853,-523.5413950795582,1474.846153846154,1502.327840037201
JN.1.52,24A,0.8199733504086439,0.6328056026334313,-715.9593832434415,-523.5413950795582,1475.2307692307693,1502.327840037201
JN.1.58,24A,0.8201340307694682,0.6328056026334313,-717.4097861766757,-523.5413950795582,1475.5058823529412,1502.327840037201
JN.1.8.3,24A,0.8203518924027947,0.6328056026334313,-717.4825855817866,-523.5413950795582,1475.8807339449543,1502.327840037201
JN.1.8.2,24A,0.8207212236028271,0.6328056026334313,-719.5836465765807,-523.5413950795582,1476.5217391304348,1502.327840037201
JN.1.37,24A,0.8215005622246253,0.6328056026334313,-719.9991832234244,-523.5413950795582,1477.8958333333333,1502.327840037201
JN.1.55.1,24A,0.8216098969004322,0.6328056026334313,-720.0246487172593,-523.5413950795582,1478.090909090909,1502.327840037201
JN.1.67,24A,0.8226611039525513,0.6328056026334313,-723.9773319362649,-523.5413950795582,1480.0,1502.327840037201
JN.1.28,24A,0.8240610977399511,0.6328056026334313,-723.6175267688959,-523.5413950795582,1482.631578947368,1502.327840037201
KU.1,24A,0.8250852072084771,0.6328056026334313,-727.1005286793994,-523.5413950795582,1484.625,1502.327840037201
JN.1.8.1,24A,0.8251632137745777,0.6328056026334313,-721.254376021622,-523.5413950795582,1484.7795300933378,1502.327840037201
JN.1.11,24A,0.8254179001443643,0.6328056026334313,-725.1631461581707,-523.5413950795582,1485.2857142857142,1502.327840037201
LC.1,24A,0.8254974149525341,0.6328056026334313,-727.5948927012056,-523.5413950795582,1485.4444444444443,1502.327840037201
JN.1.61,24A,0.8259393863572508,0.6328056026334313,-726.9523255244575,-523.5413950795582,1486.3333333333333,1502.327840037201
KV.2,24A,0.8261510082444741,0.6328056026334313,-723.7824152586833,-523.5413950795582,1486.7630111524165,1502.327840037201
JN.1.28.1,24A,0.8267381552006157,0.6328056026334313,-728.1709860651663,-523.5413950795582,1487.96875,1502.327840037201
JN.1.42.2,24A,0.8267733878352865,0.6328056026334313,-727.8179471456401,-523.5413950795582,1488.0416666666667,1502.327840037201
JN.1.9.1,24A,0.8269135703218685,0.6328056026334313,-729.4128595322484,-523.5413950795582,1488.3333333333333,1502.327840037201
JN.1.55.2,24A,0.8273899708425724,0.6328056026334313,-731.5084352599577,-523.5413950795582,1489.3333333333333,1502.327840037201
JN.1.20,24A,0.8279760766278412,0.6328056026334313,-728.5750415267546,-523.5413950795582,1490.577777777778,1502.327840037201
JN.1.64.1,24A,0.8280309265186068,0.6328056026334313,-730.4265795404276,-523.5413950795582,1490.695652173913,1502.327840037201
JN.1.1.5,24A,0.8291970196751209,0.6328056026334313,-730.835935439747,-523.5413950795582,1493.2413793103449,1502.327840037201
KY.1,24A,0.8302155249913821,0.6328056026334313,-734.1158311213995,-523.5413950795582,1495.5333333333333,1502.327840037201
JN.1.25.1,24A,0.8307705890852839,0.6328056026334313,-734.6098265408226,-523.5413950795582,1496.8095238095236,1502.327840037201
JN.1.7.5,24A,0.8311123360704366,0.6328056026334313,-731.0263550418484,-523.5413950795582,1497.6042823156226,1502.327840037201
JN.1.39.3,24A,0.8313131285149653,0.6328056026334313,-734.7778890574184,-523.5413950795582,1498.075,1502.327840037201
JN.1.32.1,24A,0.8315705614426809,0.6328056026334313,-735.0683120529512,-523.5413950795582,1498.6818181818182,1502.327840037201
JN.1.4.3,24A,0.8317697398647422,0.6328056026334313,-733.7261041223953,-523.5413950795582,1499.154185022027,1502.327840037201
JN.1.4.4,24A,0.832025703422927,0.6328056026334313,-735.3153537218564,-523.5413950795582,1499.7647058823527,1502.327840037201
JN.1.4.6,24A,0.8323040862388458,0.6328056026334313,-734.3466605935635,-523.5413950795582,1500.4338235294117,1502.327840037201
JN.1.1.3,24A,0.8331425358850739,0.6328056026334313,-736.7340181097998,-523.5413950795582,1502.4772727272727,1502.327840037201
JN.1.32,24A,0.8335450418438975,0.6328056026334313,-735.5359151938885,-523.5413950795582,1503.4737827715355,1502.327840037201
LE.1,24A,0.8339239010481209,0.6328056026334313,-738.7485062343013,-523.5413950795582,1504.421052631579,1502.327840037201
JN.1.30.1,24A,0.8340372078908116,0.6328056026334313,-739.0302122405283,-523.5413950795582,1504.705882352941,1502.327840037201
JN.1.1.6,24A,0.8343186442361858,0.6328056026334313,-740.4952450853892,-523.5413950795582,1505.4166666666665,1502.327840037201
JN.1.68.1,24A,0.8348736530209492,0.6328056026334313,-740.9256911435816,-523.5413950795582,1506.8333333333333,1502.327840037201
JN.1.7.2,24A,0.8351824084734543,0.6328056026334313,-738.3465345807884,-523.5413950795582,1507.6296296296298,1502.327840037201
JN.1.57.1,24A,0.8355555754405487,0.6328056026334313,-742.5416304902823,-523.5413950795582,1508.6000000000001,1502.327840037201
JN.1.7,24A,0.836495328755722,0.6328056026334313,-738.3136346825437,-523.5413950795582,1511.0783345095272,1502.327840037201
JN.1.13.1,24A,0.8365546814559118,0.6328056026334313,-739.1338606539848,-523.5413950795582,1511.2366300366298,1502.327840037201
JN.1.18,24A,0.8371576844005547,0.6328056026334313,-740.4412516873484,-523.5413950795582,1512.8563656147985,1502.327840037201
LK.1,24A,0.8389197518440559,0.6328056026334313,-747.1013234925391,-523.5413950795582,1517.705882352941,1502.327840037201
KQ.1,24A,0.8394586256649104,0.6328056026334313,-744.0349957217312,-523.5413950795582,1519.2224909310762,1502.327840037201
KW.1,24A,0.83975585156166,0.6328056026334313,-746.6826894109587,-523.5413950795582,1520.0652173913043,1502.327840037201
JN.1.16.2,24A,0.8404322851017157,0.6328056026334313,-750.0361193238202,-523.5413950795582,1521.9999999999998,1502.327840037201
JN.1.29.1,24A,0.8405190816609569,0.6328056026334313,-750.9791807088286,-523.5413950795582,1522.25,1502.327840037201
JN.1.7.7,24A,0.8411669144451622,0.6328056026334313,-751.2727985945394,-523.5413950795582,1524.125,1502.327840037201
JN.1.4.8,24A,0.8414823970764292,0.6328056026334313,-748.9734070537736,-523.5413950795582,1525.046511627907,1502.327840037201
JN.1.48.2,24A,0.8421469028717712,0.6328056026334313,-752.2823249946506,-523.5413950795582,1527.0000000000002,1502.327840037201
JN.1.9.2,24A,0.844502970275896,0.6328056026334313,-755.8142142276731,-523.5413950795582,1534.0714285714284,1502.327840037201
JN.1.40,24A,0.8452892644335527,0.6328056026334313,-755.971568883313,-523.5413950795582,1536.475,1502.327840037201
JN.1.48,24A,0.8461856422808901,0.6328056026334313,-757.9944258651037,-523.5413950795582,1539.2380952380952,1502.327840037201
JN.1.36,24A,0.8462823708322764,0.6328056026334313,-758.622899569606,-523.5413950795582,1539.538461538462,1502.327840037201
JN.1.23,24A,0.8474296698051149,0.6328056026334313,-759.3452881471316,-523.5413950795582,1543.1081081081084,1502.327840037201
LL.1,24A,0.8474776566039652,0.6328056026334313,-758.5416208577645,-523.5413950795582,1543.258426966292,1502.327840037201
JN.1.7.3,24A,0.8478059118836586,0.6328056026334313,-759.5116603407105,-523.5413950795582,1544.2857142857142,1502.327840037201
JN.1.4.9,24A,0.8481198927011757,0.6328056026334313,-758.9786143828445,-523.5413950795582,1545.2709677419357,1502.327840037201
LF.4,24A,0.8482049672508842,0.6328056026334313,-760.489951610815,-523.5413950795582,1545.5384615384614,1502.327840037201
NS.1,24A,0.8485110569723499,0.6328056026334313,-762.8349780382217,-523.5413950795582,1546.5,1502.327840037201
JN.1.39.2,24A,0.8485868743490912,0.6328056026334313,-761.6085037630955,-523.5413950795582,1546.7391304347823,1502.327840037201
JN.1.23.1,24A,0.8487753235091822,0.6328056026334313,-762.1451662024291,-523.5413950795582,1547.3333333333335,1502.327840037201
LT.1,24A,0.8490500943557739,0.6328056026334313,-762.7527645425038,-523.5413950795582,1548.2,1502.327840037201
LH.2,24A,0.8497777535194742,0.6328056026334313,-765.2019201397297,-523.5413950795582,1550.5,1502.327840037201
MD.2,24A,0.8502766518320791,0.6328056026334313,-764.8772386756681,-523.5413950795582,1552.0833333333333,1502.327840037201
LQ.3,24A,0.8505651916625668,0.6328056026334313,-765.1710600334467,-523.5413950795582,1553.0,1502.327840037201
LZ.5,24A,0.8506701700847248,0.6328056026334313,-764.6773335316649,-523.5413950795582,1553.3333333333333,1502.327840037201
KS.2,24A,0.8508624546279608,0.6328056026334313,-765.3815364146355,-523.5413950795582,1553.9444444444443,1502.327840037201
JN.1.51.1,24A,0.8508681143649186,0.6328056026334313,-764.9848681325384,-523.5413950795582,1553.9629629629628,1502.327840037201
JN.1.18.8,24A,0.8512728230835162,0.6328056026334313,-767.5235785424178,-523.5413950795582,1555.25,1502.327840037201
JN.1.58.2,24A,0.8512986571228961,0.6328056026334313,-767.1582855784244,-523.5413950795582,1555.3333333333333,1502.327840037201
LJ.1,24A,0.8512980976401319,0.6328056026334313,-767.1574002525203,-523.5413950795582,1555.3333333333333,1502.327840037201
LH.1,24A,0.8513730242666362,0.6328056026334313,-767.1198054405529,-523.5413950795582,1555.5714285714284,1502.327840037201
KU.2,24A,0.852325776262115,0.6328056026334313,-766.2725758580746,-523.5413950795582,1558.6111111111109,1502.327840037201
LE.1.2,24A,0.8523431982329044,0.6328056026334313,-767.3983443306934,-523.5413950795582,1558.6666666666663,1502.327840037201
JN.1.11.2,24A,0.8532564678296211,0.6328056026334313,-769.1679985281079,-523.5413950795582,1561.5882352941176,1502.327840037201
JN.1.59.1,24A,0.8534990151256513,0.6328056026334313,-768.2369321218779,-523.5413950795582,1562.3650793650795,1502.327840037201
LA.2,24A,0.8535150611124459,0.6328056026334313,-769.920228642424,-523.5413950795582,1562.4166666666665,1502.327840037201
JN.1.18.2,24A,0.8536051029581626,0.6328056026334313,-768.1891235513954,-523.5413950795582,1562.7051282051282,1502.327840037201
KZ.1.1,24A,0.8538532727520252,0.6328056026334313,-770.2946899398507,-523.5413950795582,1563.5,1502.327840037201
MZ.5,24A,0.8540085631376525,0.6328056026334313,-771.7902938411078,-523.5413950795582,1564.0,1502.327840037201
KR.1,24A,0.8548407415855557,0.6328056026334313,-769.2752132594264,-523.5413950795582,1566.6703296703297,1502.327840037201
KR.1.2,24A,0.8557718521728199,0.6328056026334313,-774.1476003674322,-523.5413950795582,1569.6666666666665,1502.327840037201
JN.1.1.8,24A,0.856090530693584,0.6328056026334313,-773.1816439484861,-523.5413950795582,1570.6923076923076,1502.327840037201
JN.1.67.1,24A,0.8561078235383744,0.6328056026334313,-770.7433173240163,-523.5413950795582,1570.7483660130717,1502.327840037201
JN.1.7.1,24A,0.856960049735358,0.6328056026334313,-774.7156650345968,-523.5413950795582,1573.5,1502.327840037201
LN.1.1,24A,0.856960190470654,0.6328056026334313,-775.7274901993255,-523.5413950795582,1573.5,1502.327840037201
LF.1.1,24A,0.8571236042689175,0.6328056026334313,-774.5087552715694,-523.5413950795582,1574.0285714285715,1502.327840037201
MZ.2,24A,0.8571476928391591,0.6328056026334313,-774.7698154484882,-523.5413950795582,1574.107142857143,1502.327840037201
LE.1.1,24A,0.8574685274679908,0.6328056026334313,-774.7360135654526,-523.5413950795582,1575.1458333333333,1502.327840037201
LF.1,24A,0.8576738560990609,0.6328056026334313,-774.126684470051,-523.5413950795582,1575.8114754098362,1502.327840037201
KR.3,24A,0.8578243415664789,0.6328056026334313,-776.1721473599936,-523.5413950795582,1576.3000000000002,1502.327840037201
JN.1.18.3,24A,0.8580450248630471,0.6328056026334313,-774.7200305876485,-523.5413950795582,1577.0165289256197,1502.327840037201
LA.1,24A,0.8583843059194363,0.6328056026334313,-774.9884649292927,-523.5413950795582,1578.120253164557,1502.327840037201
JN.1.18.5,24A,0.8587175877897885,0.6328056026334313,-776.5167559485674,-523.5413950795582,1579.2068965517242,1502.327840037201
JN.1.62,24A,0.85952509405313,0.6328056026334313,-778.8577530356553,-523.5413950795582,1581.85,1502.327840037201
KR.1.3,24A,0.8607806748512299,0.6328056026334313,-781.2031661104276,-523.5413950795582,1586.0,1502.327840037201
KU.2.1,24A,0.8610037013456984,0.6328056026334313,-780.5324650397763,-523.5413950795582,1586.7435897435894,1502.327840037201
LN.1,24A,0.8612297329878488,0.6328056026334313,-782.2521850435535,-523.5413950795582,1587.5,1502.327840037201
LZ.4,24A,0.8614979130486712,0.6328056026334313,-783.3711905566872,-523.5413950795582,1588.4,1502.327840037201
MD.1.1,24A,0.8615597272484447,0.6328056026334313,-781.053464131601,-523.5413950795582,1588.6071428571427,1502.327840037201
KW.1.1,24A,0.861766240729037,0.6328056026334313,-779.4615359928991,-523.5413950795582,1589.303664921466,1502.327840037201
LY.2,24A,0.8637834697580148,0.6328056026334313,-787.5139798418991,-523.5413950795582,1590.6666666666665,1502.327840037201
JN.1.39.1,24A,0.8639057436279991,0.6328056026334313,-785.2807473446386,-523.5413950795582,1590.9705882352944,1502.327840037201
JN.1.18.4,24A,0.864070451041309,0.6328056026334313,-784.8795316588611,-523.5413950795582,1591.378787878788,1502.327840037201
KS.1,24A,0.8641667813939903,0.6328056026334313,-782.6390868181771,-523.5413950795582,1591.6168741355461,1502.327840037201
KR.4.1,24A,0.864696187310785,0.6328056026334313,-787.5805456881276,-523.5413950795582,1592.9166666666665,1502.327840037201
KR.1.1,24A,0.8651136278186417,0.6328056026334313,-786.440152437225,-523.5413950795582,1593.931506849315,1502.327840037201
JN.1.15.1,24A,0.8660526308722521,0.6328056026334313,-789.8304834930624,-523.5413950795582,1596.1818181818185,1502.327840037201
JN.1.48.1,24A,0.866269900798332,0.6328056026334313,-787.9502639079701,-523.5413950795582,1596.6960784313726,1502.327840037201
JN.1.16.3,24A,0.8666278999485177,0.6328056026334313,-788.6361439309758,-523.5413950795582,1597.5384615384617,1502.327840037201
MD.3.1,24A,0.8674178264471801,0.6328056026334313,-791.2316150509688,-523.5413950795582,1599.375,1502.327840037201
MD.1.2,24A,0.8675157163676027,0.6328056026334313,-792.9568112556329,-523.5413950795582,1599.6000000000001,1502.327840037201
LB.1.7.3,24A,0.8680213619978732,0.6328056026334313,-791.8788590841614,-523.5413950795582,1600.757575757576,1502.327840037201
NS.3,24A,0.868072888880517,0.6328056026334313,-793.3784097691407,-523.5413950795582,1600.875,1502.327840037201
NU.1,24A,0.8684960253747619,0.6328056026334313,-794.3436782306193,-523.5413950795582,1601.833333333333,1502.327840037201
JN.1.50.1,24A,0.8706541878878855,0.6328056026334313,-796.1318977236474,-523.5413950795582,1606.59375,1502.327840037201
KR.1.4,24A,0.8707962789590007,0.6328056026334313,-795.3261286935299,-523.5413950795582,1606.9,1502.327840037201
LR.3,24A,0.8709824408429854,0.6328056026334313,-797.822534674941,-523.5413950795582,1607.3000000000002,1502.327840037201
LZ.1.1,24A,0.8710010307472595,0.6328056026334313,-794.841793280528,-523.5413950795582,1607.3399014778324,1502.327840037201
LF.4.1,24A,0.8710075440447618,0.6328056026334313,-795.9910819748249,-523.5413950795582,1607.3538461538462,1502.327840037201
LF.8.1,24A,0.8710760074982578,0.6328056026334313,-799.5823747080823,-523.5413950795582,1607.5,1502.327840037201
MD.3.1.2,24A,0.8710760350357317,0.6328056026334313,-799.5824103372242,-523.5413950795582,1607.5,1502.327840037201
LE.1.3.1,24A,0.8715743921591282,0.6328056026334313,-798.3043488774811,-523.5413950795582,1608.5625,1502.327840037201
LQ.1,24A,0.8716924113021416,0.6328056026334313,-798.494203706992,-523.5413950795582,1608.8125,1502.327840037201
JN.1.16,24A,0.8720357812609849,0.6328056026334313,-794.9544872826756,-523.5413950795582,1609.5365344467639,1502.327840037201
MJ.2.1.1,24A,0.8727363894233087,0.6328056026334313,-801.5612132418091,-523.5413950795582,1611.0,1502.327840037201
LU.1,24A,0.8736543017127142,0.6328056026334313,-801.1312923037582,-523.5413950795582,1612.8888888888887,1502.327840037201
JN.1.7.9,24A,0.8737087343882824,0.6328056026334313,-802.2123405546834,-523.5413950795582,1613.0,1502.327840037201
KS.1.3,24A,0.8737985064738919,0.6328056026334313,-800.1271371357142,-523.5413950795582,1613.1827956989248,1502.327840037201
MS.1,24A,0.874216041775576,0.6328056026334313,-800.7283043551861,-523.5413950795582,1614.0299999999997,1502.327840037201
NS.2,24A,0.8743994683830473,0.6328056026334313,-804.0201242370595,-523.5413950795582,1614.4,1502.327840037201
JN.1.18.9,24A,0.8746424185287041,0.6328056026334313,-803.8246203511017,-523.5413950795582,1614.888888888889,1502.327840037201
LU.2,24A,0.8746489202217798,0.6328056026334313,-802.1005165408869,-523.5413950795582,1614.9019607843136,1502.327840037201
JN.1.16.1,24A,0.8748765835201727,0.6328056026334313,-799.5206923858688,-523.5413950795582,1615.358024691358,1502.327840037201
LQ.1.1,24A,0.8752384064766785,0.6328056026334313,-801.7429053757526,-523.5413950795582,1616.079365079365,1502.327840037201
JN.1.7.8,24A,0.8755102324260166,0.6328056026334313,-802.8493069950338,-523.5413950795582,1616.618556701031,1502.327840037201
JN.1.48.3,24A,0.8761222962672436,0.6328056026334313,-803.9030016429307,-523.5413950795582,1617.824175824176,1502.327840037201
JN.1.65.1,24A,0.8763035440812843,0.6328056026334313,-804.5024279680795,-523.5413950795582,1618.179104477612,1502.327840037201
JN.1.50,24A,0.8763617804562471,0.6328056026334313,-804.2062408929883,-523.5413950795582,1618.2929292929293,1502.327840037201
LR.1,24A,0.8770340972602954,0.6328056026334313,-807.5872209888436,-523.5413950795582,1619.6000000000001,1502.327840037201
LQ.1.1.1,24A,0.8774635742673136,0.6328056026334313,-808.6396579220074,-523.5413950795582,1620.4285714285713,1502.327840037201
LF.5,24A,0.877594553895701,0.6328056026334313,-806.8858018511888,-523.5413950795582,1620.68,1502.327840037201
LF.3,24A,0.8781277973102544,0.6328056026334313,-808.6665817066348,-523.5413950795582,1621.7,1502.327840037201
JN.1.50.2,24A,0.8784004650631214,0.6328056026334313,-808.6388341346507,-523.5413950795582,1622.21875,1502.327840037201
LF.1.1.1,24A,0.878537939272016,0.6328056026334313,-807.0393343806661,-523.5413950795582,1622.4797979797981,1502.327840037201
MF.1,24A,0.8793006190449433,0.6328056026334313,-809.0996757626995,-523.5413950795582,1623.9195402298851,1502.327840037201
LF.6,24A,0.8795895345136273,0.6328056026334313,-811.4698887026083,-523.5413950795582,1624.4615384615386,1502.327840037201
JN.1.7.4,24A,0.8796183631945331,0.6328056026334313,-809.9227863970565,-523.5413950795582,1624.515625,1502.327840037201
LS.1,24A,0.8805490805547869,0.6328056026334313,-812.8218541246836,-523.5413950795582,1626.25,1502.327840037201
KW.1.1.1,24A,0.880610272835039,0.6328056026334313,-813.2960656836095,-523.5413950795582,1626.3636363636365,1502.327840037201
NS.1.1,24A,0.8808457843938243,0.6328056026334313,-814.467599002561,-523.5413950795582,1626.8,1502.327840037201
LQ.1.2,24A,0.8814548266279296,0.6328056026334313,-813.116927121164,-523.5413950795582,1627.9230769230771,1502.327840037201
LB.1.8,24A,0.8819391460058724,0.6328056026334313,-812.2923008519865,-523.5413950795582,1628.8122605363983,1502.327840037201
LD.1,24A,0.8822166308803693,0.6328056026334313,-813.2784246450478,-523.5413950795582,1629.3202614379084,1502.327840037201
MQ.2,24A,0.8825888082818587,0.6328056026334313,-816.1427969709889,-523.5413950795582,1630.0,1502.327840037201
LF.3.1.1,24A,0.8830788281874711,0.6328056026334313,-813.5138273313454,-523.5413950795582,1630.892494929006,1502.327840037201
JN.1.7.6,24A,0.8831398056690237,0.6328056026334313,-819.813776854465,-523.5413950795582,1631.0,1502.327840037201
LB.1.9,24A,0.8831838449559857,0.6328056026334313,-817.4007106613192,-523.5413950795582,1631.0833333333333,1502.327840037201
LF.2,24A,0.8831911556683519,0.6328056026334313,-816.4635547486624,-523.5413950795582,1631.0967741935483,1502.327840037201
LZ.1,24A,0.8849178570402166,0.6328056026334313,-818.9099980301361,-523.5413950795582,1634.2222222222224,1502.327840037201
LK.2.1,24A,0.8853837725793098,0.6328056026334313,-820.7056772228689,-523.5413950795582,1635.0625,1502.327840037201
JN.1.18.6,24A,0.88573636144205,0.6328056026334313,-820.2936817131191,-523.5413950795582,1635.6976744186047,1502.327840037201
MF.2,24A,0.8860891617818781,0.6328056026334313,-821.1355619705794,-523.5413950795582,1636.3333333333335,1502.327840037201
LB.1.2,24A,0.8867476183570809,0.6328056026334313,-819.8182702745294,-523.5413950795582,1637.5193370165746,1502.327840037201
MD.3.1.4,24A,0.8871534116416652,0.6328056026334313,-824.9882643212255,-523.5413950795582,1638.25,1502.327840037201
LF.3.1.2,24A,0.8871568359062122,0.6328056026334313,-821.65277917578,-523.5413950795582,1638.2566371681414,1502.327840037201
LZ.2.2,24A,0.8871994352896954,0.6328056026334313,-824.2527338966656,-523.5413950795582,1638.3333333333333,1502.327840037201
LB.1.3,24A,0.8874986081222582,0.6328056026334313,-819.589666717057,-523.5413950795582,1638.8728323699424,1502.327840037201
LB.1.4,24A,0.887552345328003,0.6328056026334313,-820.9644687119352,-523.5413950795582,1638.9697674418605,1502.327840037201
MJ.1,24A,0.8875688460913308,0.6328056026334313,-824.9758545513629,-523.5413950795582,1639.0,1502.327840037201
LB.1.7.2,24A,0.8876032591049641,0.6328056026334313,-822.1280958090201,-523.5413950795582,1639.0616438356165,1502.327840037201
LB.1.7,24A,0.8876241140710522,0.6328056026334313,-819.0641011714299,-523.5413950795582,1639.0992272024728,1502.327840037201
LB.1,24A,0.8877083872226436,0.6328056026334313,-819.5295422970371,-523.5413950795582,1639.2512864493997,1502.327840037201
LB.1.3.2,24A,0.8885535569037163,0.6328056026334313,-822.2420091857161,-523.5413950795582,1640.7786752827142,1502.327840037201
LZ.2.1,24A,0.8889909335036307,0.6328056026334313,-826.3434038679002,-523.5413950795582,1641.5714285714284,1502.327840037201
MD.1,24A,0.8890439176926636,0.6328056026334313,-827.6831508297374,-523.5413950795582,1641.6666666666665,1502.327840037201
LF.10,24A,0.8892267138565383,0.6328056026334313,-828.6764134733812,-523.5413950795582,1642.0,1502.327840037201
LB.1.3.5,24A,0.8892836827285341,0.6328056026334313,-823.3047168735121,-523.5413950795582,1642.1029619181945,1502.327840037201
LD.2,24A,0.8897608435911369,0.6328056026334313,-827.0969775142132,-523.5413950795582,1642.9714285714285,1502.327840037201
MD.3.1.3,24A,0.8898594898698204,0.6328056026334313,-827.3179013560884,-523.5413950795582,1643.1515151515152,1502.327840037201
LB.1.1,24A,0.8900428943539579,0.6328056026334313,-827.5048829321133,-523.5413950795582,1643.4864864864865,1502.327840037201
LG.1,24A,0.8910751797838431,0.6328056026334313,-828.8059914334762,-523.5413950795582,1645.381818181818,1502.327840037201
LB.1.4.3,24A,0.8910808311520907,0.6328056026334313,-828.8907975657678,-523.5413950795582,1645.3921568627452,1502.327840037201
LF.9,24A,0.8914540320432187,0.6328056026334313,-828.994162528892,-523.5413950795582,1646.0823529411764,1502.327840037201
ME.1,24A,0.891717627058052,0.6328056026334313,-831.924869111364,-523.5413950795582,1646.5714285714284,1502.327840037201
LB.1.7.1,24A,0.8921869407233126,0.6328056026334313,-829.4675913276017,-523.5413950795582,1647.4463276836157,1502.327840037201
ND.2,24A,0.8924826323763722,0.6328056026334313,-833.7446694973471,-523.5413950795582,1648.0,1502.327840037201
KS.1.1.1,24A,0.8928269595302533,0.6328056026334313,-832.0876037477204,-523.5413950795582,1648.6486486486488,1502.327840037201
LB.1.5,24A,0.8934831801671168,0.6328056026334313,-831.7701713927665,-523.5413950795582,1649.8933333333334,1502.327840037201
MA.1,24A,0.893816727909473,0.6328056026334313,-833.1723481224707,-523.5413950795582,1650.53125,1502.327840037201
MH.1,24A,0.8938490863969419,0.6328056026334313,-832.8737813272231,-523.5413950795582,1650.5934065934068,1502.327840037201
MA.1.2,24A,0.8938605455796377,0.6328056026334313,-832.005392684043,-523.5413950795582,1650.6153846153848,1502.327840037201
MB.1.1.3,24A,0.8942200644046665,0.6328056026334313,-834.7390106440687,-523.5413950795582,1651.3076923076924,1502.327840037201
KS.1.1.2,24A,0.8945663040357071,0.6328056026334313,-832.4035535493692,-523.5413950795582,1651.9789915966387,1502.327840037201
MA.1.1,24A,0.894748764241022,0.6328056026334313,-837.0786680430515,-523.5413950795582,1652.3333333333333,1502.327840037201
LB.1.2.1,24A,0.8950612580328642,0.6328056026334313,-833.6216728120903,-523.5413950795582,1652.9467084639498,1502.327840037201
LB.1.3.3,24A,0.8951333059104696,0.6328056026334313,-835.9795999677106,-523.5413950795582,1653.0882352941176,1502.327840037201
LB.1.4.1,24A,0.8953700670713333,0.6328056026334313,-834.6091357640292,-523.5413950795582,1653.5555555555557,1502.327840037201
JN.1.16.4,24A,0.8969791575724572,0.6328056026334313,-840.9512768239501,-523.5413950795582,1656.8000000000002,1502.327840037201
LF.9.1,24A,0.8975373336447332,0.6328056026334313,-838.7236509244515,-523.5413950795582,1657.9572649572651,1502.327840037201
KS.1.1,24A,0.8989702270381592,0.6328056026334313,-841.674021189316,-523.5413950795582,1661.0151515151515,1502.327840037201
LY.1,24A,0.9000217574959692,0.6328056026334313,-841.3576754976411,-523.5413950795582,1663.35,1502.327840037201
LB.1.10,24A,0.9003563197873463,0.6328056026334313,-845.9709011549554,-523.5413950795582,1664.111111111111,1502.327840037201
MB.1.1.2,24A,0.9009275770258909,0.6328056026334313,-845.1873110883398,-523.5413950795582,1665.4313725490197,1502.327840037201
MQ.1,24A,0.9010636676010705,0.6328056026334313,-846.1677569191663,-523.5413950795582,1665.75,1502.327840037201
MB.1.1,24A,0.901109352420068,0.6328056026334313,-846.7828492597489,-523.5413950795582,1665.8571428571427,1502.327840037201
LB.1.2.3,24A,0.9017353640277472,0.6328056026334313,-845.7202884818946,-523.5413950795582,1667.3478260869565,1502.327840037201
MT.1,24A,0.9025581342446077,0.6328056026334313,-848.7468479192576,-523.5413950795582,1669.3636363636365,1502.327840037201
MB.1.1.1,24A,0.906248466433082,0.6328056026334313,-853.9368271020322,-523.5413950795582,1674.9827586206898,1502.327840037201
NA.1.1,24A,0.9064026468869693,0.6328056026334313,-857.1569363350599,-523.5413950795582,1675.3333333333333,1502.327840037201
ND.3,24A,0.906548707484919,0.6328056026334313,-857.401660371435,-523.5413950795582,1675.6666666666665,1502.327840037201
ND.1,24A,0.9075545494008516,0.6328056026334313,-858.1074529597831,-523.5413950795582,1678.0,1502.327840037201
LD.1.1,24A,0.9079137626642471,0.6328056026334313,-857.7940734111605,-523.5413950795582,1678.85,1502.327840037201
MZ.3,24A,0.9079767281280746,0.6328056026334313,-859.2860850582138,-523.5413950795582,1679.0,1502.327840037201
NJ.1,24A,0.9080291482095041,0.6328056026334313,-858.904096210348,-523.5413950795582,1679.125,1502.327840037201
KS.1.5,24A,0.9081860819172544,0.6328056026334313,-860.5539453788444,-523.5413950795582,1679.5,1502.327840037201
ND.1.1.1,24A,0.9085315497480817,0.6328056026334313,-860.7288156653254,-523.5413950795582,1680.3333333333333,1502.327840037201
LB.1.2.2,24A,0.9093655252082722,0.6328056026334313,-857.4644510120055,-523.5413950795582,1682.3793103448274,1502.327840037201
MV.2,24A,0.9097915152811332,0.6328056026334313,-861.056171644941,-523.5413950795582,1683.4444444444443,1502.327840037201
NA.1,24A,0.9146918225727795,0.6328056026334313,-868.7619951261548,-523.5413950795582,1696.75,1502.327840037201
LU.2.1.1,24A,0.9174438464269237,0.6328056026334313,-872.2836080012643,-523.5413950795582,1705.1078431372548,1502.327840037201
NC.1,24A,0.9179504089891978,0.6328056026334313,-875.8268196370859,-523.5413950795582,1706.7142857142856,1502.327840037201
ND.1.1,24A,0.9180918655748543,0.6328056026334313,-876.2224271846308,-523.5413950795582,1707.1666666666663,1502.327840037201
LF.8.1.1,24A,0.9186601853783417,0.6328056026334313,-877.3754944423102,-523.5413950795582,1709.0,1502.327840037201
MT.1.1,24A,0.9223056564680182,0.6328056026334313,-882.934602970292,-523.5413950795582,1721.3,1502.327840037201
NC.1.1,24A,0.9237200702773533,0.6328056026334313,-884.7849534769256,-523.5413950795582,1726.2777777777778,1502.327840037201
NL.7,24A,0.9242441376411319,0.6328056026334313,-886.6345905459239,-523.5413950795582,1728.142857142857,1502.327840037201
MJ.1.1,24A,0.9252266360872688,0.6328056026334313,-889.1815153058174,-523.5413950795582,1731.6666666666665,1502.327840037201
NL.3,24A,0.9283709495448071,0.6328056026334313,-892.2463727230744,-523.5413950795582,1743.0303030303032,1502.327840037201
NL.5,24A,0.9288519321027129,0.6328056026334313,-892.2378581462153,-523.5413950795582,1744.7662337662339,1502.327840037201
NL.2,24A,0.9288661442172961,0.6328056026334313,-890.671566345305,-523.5413950795582,1744.81746031746,1502.327840037201
ND.1.1.2,24A,0.9308170974648806,0.6328056026334313,-898.4079134720274,-523.5413950795582,1751.8,1502.327840037201
NL.4,24A,0.931626501175708,0.6328056026334313,-896.2214851848737,-523.5413950795582,1754.6576086956522,1502.327840037201
NL.5.1,24A,0.9349504084160902,0.6328056026334313,-903.9555789942729,-523.5413950795582,1766.0,1502.327840037201
LB.1.3.1,24A,0.9360502595822513,0.6328056026334313,-902.4297062849898,-523.5413950795582,1769.5800000000002,1502.327840037201
JN.1.16.5,24A,0.9368954832974153,0.6328056026334313,-906.3981967284451,-523.5413950795582,1772.2631578947367,1502.327840037201
KS.1.1.3,24A,0.9374113790898082,0.6328056026334313,-908.5081545327173,-523.5413950795582,1773.8695652173913,1502.327840037201
NF.1.1,24A,0.939650316189365,0.6328056026334313,-912.8502218927675,-523.5413950795582,1780.5625,1502.327840037201
LB.1.3.4,24A,0.9397033620398573,0.6328056026334313,-913.771350969222,-523.5413950795582,1780.7142857142858,1502.327840037201
NL.8,24A,0.9434027938656452,0.6328056026334313,-919.490574193271,-523.5413950795582,1790.7058823529412,1502.327840037201
NL.6,24A,0.943688483453156,0.6328056026334313,-919.577379394024,-523.5413950795582,1791.4230769230771,1502.327840037201
NC.1.2.1,24A,0.944743750560796,0.6328056026334313,-924.7272911705076,-523.5413950795582,1794.0,1502.327840037201
NF.1,24A,0.944873887805278,0.6328056026334313,-920.5540455283124,-523.5413950795582,1794.3170731707316,1502.327840037201
NZ.1,24A,0.94546553645495,0.6328056026334313,-924.0768756775858,-523.5413950795582,1795.7142857142858,1502.327840037201
NL.4.1,24A,0.9457140075892345,0.6328056026334313,-922.234933081085,-523.5413950795582,1796.2898550724638,1502.327840037201
NF.1.2,24A,0.9459503313044006,0.6328056026334313,-924.0032375523992,-523.5413950795582,1796.8333333333333,1502.327840037201
NL.1.1,24A,0.9469525336887576,0.6328056026334313,-926.21063000274,-523.5413950795582,1799.0833333333333,1502.327840037201
NC.1.2.2,24A,0.9474378802632742,0.6328056026334313,-926.2367689826797,-523.5413950795582,1800.142857142857,1502.327840037201
ND.1.1.3,24A,0.9476368768300502,0.6328056026334313,-927.9813260783401,-523.5413950795582,1800.5714285714284,1502.327840037201
NL.9,24A,0.9502586386556154,0.6328056026334313,-932.1701236056301,-523.5413950795582,1805.9166666666667,1502.327840037201
NC.1.2,24A,0.9557918461283034,0.6328056026334313,-942.8838689237526,-523.5413950795582,1815.6666666666665,1502.327840037201
NL.5.2,24A,0.9726178093316195,0.6328056026334313,-971.2567819457396,-523.5413950795582,1836.5625,1502.327840037201
KP.1.1.2,24B,0.8442605321217029,0.6491892102690018,-756.289689726324,-550.9808304465726,1533.3333333333333,1624.2859314305015
KP.1,24B,0.8502229573825448,0.6491892102690018,-761.4381745421026,-550.9808304465726,1551.9127906976746,1624.2859314305015
KP.6,24B,0.852030223515038,0.6491892102690018,-768.2969766320954,-550.9808304465726,1557.6666666666667,1624.2859314305015
KP.4,24B,0.8523664191850184,0.6491892102690018,-767.3167566973626,-550.9808304465726,1558.7407407407406,1624.2859314305015
KP.2.20,24B,0.852947446018826,0.6491892102690018,-769.909360653004,-550.9808304465726,1560.6000000000001,1624.2859314305015
KP.1.2,24B,0.854943213684052,0.6491892102690018,-771.6440428261388,-550.9808304465726,1567.0000000000002,1624.2859314305015
KP.4.2.1,24B,0.8554289808289026,0.6491892102690018,-772.6287681813991,-550.9808304465726,1568.5625,1624.2859314305015
KP.4.1.1,24B,0.8560764173595778,0.6491892102690018,-773.5843589580908,-550.9808304465726,1570.6470588235295,1624.2859314305015
KP.2.1,24B,0.8579672479719409,0.6491892102690018,-775.1165088074395,-550.9808304465726,1576.7638888888891,1624.2859314305015
KP.2.7,24B,0.858995921154537,0.6491892102690018,-777.2556719219373,-550.9808304465726,1580.1162790697674,1624.2859314305015
KP.2.11,24B,0.8590913273327232,0.6491892102690018,-779.2217346139201,-550.9808304465726,1580.4285714285713,1624.2859314305015
KP.2.25,24B,0.8592495639355642,0.6491892102690018,-777.8068457662635,-550.9808304465726,1580.945945945946,1624.2859314305015
KP.4.2,24B,0.8595028688459426,0.6491892102690018,-776.9507948177262,-550.9808304465726,1581.7769230769234,1624.2859314305015
LP.2,24B,0.860830876692101,0.6491892102690018,-781.0314771747783,-550.9808304465726,1586.1666666666665,1624.2859314305015
KP.2.16,24B,0.8613137312716831,0.6491892102690018,-779.7045198081794,-550.9808304465726,1587.7808219178082,1624.2859314305015
KP.4.1,24B,0.8615531686212604,0.6491892102690018,-779.2047657622871,-550.9808304465726,1588.585227272727,1624.2859314305015
KP.1.1,24B,0.8657871606348209,0.6491892102690018,-784.8791284457602,-550.9808304465726,1595.5500982318272,1624.2859314305015
KP.4.2.2,24B,0.8658185340283681,0.6491892102690018,-789.7753407362841,-550.9808304465726,1595.625,1624.2859314305015
JN.1.11.1,24B,0.8660699361563057,0.6491892102690018,-785.6547713693926,-550.9808304465726,1596.2228260869563,1624.2859314305015
KP.2.4,24B,0.8661024600405953,0.6491892102690018,-789.312184425905,-550.9808304465726,1596.3000000000002,1624.2859314305015
KP.5,24B,0.8667734510211116,0.6491892102690018,-788.3756057337298,-550.9808304465726,1597.8791946308725,1624.2859314305015
KP.2,24B,0.8668470511280548,0.6491892102690018,-785.485144104101,-550.9808304465726,1598.0510440835264,1624.2859314305015
KP.2.9,24B,0.8693623950607677,0.6491892102690018,-793.5728206495089,-550.9808304465726,1603.769230769231,1624.2859314305015
KP.1.1.4,24B,0.8699627638116403,0.6491892102690018,-796.0894188424537,-550.9808304465726,1605.0909090909092,1624.2859314305015
KP.2.25.3,24B,0.8709590635938798,0.6491892102690018,-797.3149573280439,-550.9808304465726,1607.25,1624.2859314305015
KP.2.20.1,24B,0.8728331046559311,0.6491892102690018,-801.493884599769,-550.9808304465726,1611.2000000000003,1624.2859314305015
KP.1.1.1,24B,0.8733960574912101,0.6491892102690018,-797.0039829607194,-550.9808304465726,1612.3605072463768,1624.2859314305015
KP.2.8,24B,0.8750615495989135,0.6491892102690018,-802.9146791526879,-550.9808304465726,1615.7272727272727,1624.2859314305015
KP.4.1.2,24B,0.8756517333509172,0.6491892102690018,-803.5752534069981,-550.9808304465726,1616.898305084746,1624.2859314305015
KP.2.27,24B,0.8756865057483109,0.6491892102690018,-802.9132249110567,-550.9808304465726,1616.9669421487604,1624.2859314305015
KP.2.24,24B,0.8765470200310387,0.6491892102690018,-804.7067170330497,-550.9808304465726,1618.6543209876543,1624.2859314305015
KP.2.22,24B,0.8773709080422771,0.6491892102690018,-808.355974087382,-550.9808304465726,1620.25,1624.2859314305015
KP.1.1.5,24B,0.8776387064119411,0.6491892102690018,-806.6498758834364,-550.9808304465726,1620.764705882353,1624.2859314305015
KP.2.26,24B,0.8788169866742493,0.6491892102690018,-812.7804295350996,-550.9808304465726,1623.0,1624.2859314305015
KP.2.2,24B,0.880712978981309,0.6491892102690018,-808.0337666625684,-550.9808304465726,1626.553827751196,1624.2859314305015
KP.1.1.6,24B,0.8824519560097001,0.6491892102690018,-817.3060410824711,-550.9808304465726,1629.75,1624.2859314305015
KP.4.2.5,24B,0.8852602968146035,0.6491892102690018,-820.0575131125893,-550.9808304465726,1634.8400000000001,1624.2859314305015
MG.4,24B,0.8866161866696599,0.6491892102690018,-821.6660668367846,-550.9808304465726,1637.282608695652,1624.2859314305015
KP.2.5,24B,0.8866258382648077,0.6491892102690018,-821.1284841124349,-550.9808304465726,1637.3,1624.2859314305015
LP.10.1,24B,0.8869718593867472,0.6491892102690018,-823.5122095056581,-550.9808304465726,1637.9230769230771,1624.2859314305015
KP.4.1.3,24B,0.8877936214342982,0.6491892102690018,-822.1507511267308,-550.9808304465726,1639.4051282051282,1624.2859314305015
KP.2.10,24B,0.8880834831574678,0.6491892102690018,-823.6505326738964,-550.9808304465726,1639.928571428571,1624.2859314305015
MG.1,24B,0.8881691142698812,0.6491892102690018,-824.1682618503518,-550.9808304465726,1640.083333333333,1624.2859314305015
LP.1.1,24B,0.8887053541797444,0.6491892102690018,-824.2007021588088,-550.9808304465726,1641.0535714285713,1624.2859314305015
KP.2.15,24B,0.888810839846206,0.6491892102690018,-822.9311114425623,-550.9808304465726,1641.2447257383965,1624.2859314305015
LP.3,24B,0.88909755356212,0.6491892102690018,-826.7297468599872,-550.9808304465726,1641.764705882353,1624.2859314305015
LP.1,24B,0.8894638546142861,0.6491892102690018,-822.9745405820933,-550.9808304465726,1642.4306184012066,1624.2859314305015
KP.2.2.2,24B,0.8894888454169094,0.6491892102690018,-827.1609864386263,-550.9808304465726,1642.4761904761904,1624.2859314305015
MU.2,24B,0.8898281640149844,0.6491892102690018,-824.9369364324473,-550.9808304465726,1643.0943952802359,1624.2859314305015
MU.4,24B,0.890322702527051,0.6491892102690018,-830.8825687619509,-550.9808304465726,1644.0,1624.2859314305015
KP.1.1.3,24B,0.8914690206051834,0.6491892102690018,-825.7822350192909,-550.9808304465726,1646.1100323624596,1624.2859314305015
KP.2.25.2,24B,0.8916302890574361,0.6491892102690018,-830.6359342113033,-550.9808304465726,1646.409090909091,1624.2859314305015
LP.6,24B,0.8919760771078812,0.6491892102690018,-829.4060469072713,-550.9808304465726,1647.0526315789473,1624.2859314305015
KP.2.6.1,24B,0.8923065203480542,0.6491892102690018,-830.2974604823021,-550.9808304465726,1647.6702127659573,1624.2859314305015
KP.2.6,24B,0.8945024235121014,0.6491892102690018,-834.3363114093667,-550.9808304465726,1651.8548387096773,1624.2859314305015
MU.1,24B,0.895053958204181,0.6491892102690018,-833.5909727620062,-550.9808304465726,1652.9323076923076,1624.2859314305015
LP.11,24B,0.8950789641304057,0.6491892102690018,-835.4271475137116,-550.9808304465726,1652.9814814814813,1624.2859314305015
MG.2,24B,0.8956634616686102,0.6491892102690018,-836.3221893952913,-550.9808304465726,1654.1379310344828,1624.2859314305015
KP.2.14,24B,0.895862490486912,0.6491892102690018,-835.1667155508364,-550.9808304465726,1654.53515625,1624.2859314305015
KP.2.2.1,24B,0.8973435939510908,0.6491892102690018,-838.4461531059467,-550.9808304465726,1657.5535714285713,1624.2859314305015
KP.2.23,24B,0.8975143707295697,0.6491892102690018,-841.0498594269575,-550.9808304465726,1657.909090909091,1624.2859314305015
LP.1.2,24B,0.8980388045821756,0.6491892102690018,-839.2423323946193,-550.9808304465726,1659.0125,1624.2859314305015
KP.2.28,24B,0.8984459823655975,0.6491892102690018,-841.2555259559439,-550.9808304465726,1659.8809523809523,1624.2859314305015
MU.2.1,24B,0.8991024236194047,0.6491892102690018,-841.5614867773958,-550.9808304465726,1661.304347826087,1624.2859314305015
KP.2.14.2,24B,0.8993052478918735,0.6491892102690018,-843.4245432313098,-550.9808304465726,1661.75,1624.2859314305015
LP.7,24B,0.9000840097768061,0.6491892102690018,-843.0145756202617,-550.9808304465726,1663.490909090909,1624.2859314305015
KP.2.19,24B,0.9015998405017127,0.6491892102690018,-844.2304645792226,-550.9808304465726,1667.022113022113,1624.2859314305015
LP.4,24B,0.9041583094435796,0.6491892102690018,-849.9480789999784,-550.9808304465726,1673.4895833333333,1624.2859314305015
KP.2.15.1,24B,0.9042574135424898,0.6491892102690018,-850.0148508930253,-550.9808304465726,1673.7547169811323,1624.2859314305015
KP.2.6.3,24B,0.9071272162973409,0.6491892102690018,-858.7768965712764,-550.9808304465726,1677.0,1624.2859314305015
KP.2.18,24B,0.9078365133208594,0.6491892102690018,-858.8683663191956,-550.9808304465726,1678.6666666666665,1624.2859314305015
KP.2.25.1,24B,0.9080365637249995,0.6491892102690018,-859.0500739061064,-550.9808304465726,1679.142857142857,1624.2859314305015
LP.1.2.1,24B,0.9088212541329488,0.6491892102690018,-859.0562374511106,-550.9808304465726,1681.038461538462,1624.2859314305015
NH.4,24B,0.9092469561200995,0.6491892102690018,-859.1800349217443,-550.9808304465726,1682.0851063829787,1624.2859314305015
NE.1,24B,0.9109195803535014,0.6491892102690018,-864.7485942966615,-550.9808304465726,1686.333333333333,1624.2859314305015
MU.5,24B,0.9126177275597676,0.6491892102690018,-866.6352237722531,-550.9808304465726,1690.875,1624.2859314305015
KP.2.14.1,24B,0.9129266945356586,0.6491892102690018,-866.1461788031683,-550.9808304465726,1691.727272727273,1624.2859314305015
KP.4.2.4,24B,0.914040854902155,0.6491892102690018,-868.4157654411825,-550.9808304465726,1694.8666666666668,1624.2859314305015
KP.2.6.2,24B,0.914619419677669,0.6491892102690018,-869.5399385612023,-550.9808304465726,1696.5384615384614,1624.2859314305015
LP.10.1.1,24B,0.9153011325156305,0.6491892102690018,-870.864232355942,-550.9808304465726,1698.5454545454547,1624.2859314305015
LP.5,24B,0.917134998943179,0.6491892102690018,-872.2077251684336,-550.9808304465726,1704.1384615384618,1624.2859314305015
KP.4.2.6,24B,0.9175684651434727,0.6491892102690018,-875.7348021594615,-550.9808304465726,1705.5,1624.2859314305015
NH.1,24B,0.9186909615083059,0.6491892102690018,-876.7349387572963,-550.9808304465726,1709.1,1624.2859314305015
MG.3,24B,0.9284500934912656,0.6491892102690018,-892.2432550275608,-550.9808304465726,1743.315789473684,1624.2859314305015
LP.8.2,24B,0.9315814863450704,0.6491892102690018,-899.2779997209757,-550.9808304465726,1754.5,1624.2859314305015
LP.9,24B,0.932535825621427,0.6491892102690018,-899.4780707057636,-550.9808304465726,1757.8285714285714,1624.2859314305015
LP.8.2.1,24B,0.9326965926052009,0.6491892102690018,-900.7511145759123,-550.9808304465726,1758.3846153846152,1624.2859314305015
MU.2.1.1,24B,0.9374364608346506,0.6491892102690018,-908.7437046574161,-550.9808304465726,1773.947368421053,1624.2859314305015
MU.6,24B,0.9450676454186124,0.6491892102690018,-923.1112505671371,-550.9808304465726,1794.7777777777776,1624.2859314305015
KP.2.28.1,24B,0.94839921025368,0.6491892102690018,-928.2094456791189,-550.9808304465726,1802.181818181818,1624.2859314305015
LP.8,24B,0.9666650016118393,0.6491892102690018,-963.1149916916972,-550.9808304465726,1830.25,1624.2859314305015
XDV.1.8,24D,0.8597733644176543,0.6511549793626423,-779.7614036016281,-557.6081382268849,1582.6666666666665,1635.0449050086354
XDV.1.11,24D,0.8611644983238623,0.6511549793626423,-780.4081639055817,-557.6081382268849,1587.2807017543857,1635.0449050086354
XDV.1,24D,0.8710742384536275,0.6511549793626423,-794.5490894637503,-557.6081382268849,1607.496732026144,1635.0449050086354
XDV.1.9,24D,0.873872425252156,0.6511549793626423,-801.483150332275,-557.6081382268849,1613.3333333333333,1635.0449050086354
XDV.1.3,24D,0.8759340540377478,0.6511549793626423,-805.7114588892441,-557.6081382268849,1617.4545454545455,1635.0449050086354
XDV.1.7,24D,0.8774809124494003,0.6511549793626423,-807.3555648430554,-557.6081382268849,1620.4615384615386,1635.0449050086354
XDV.1.4,24D,0.8796480454240644,0.6511549793626423,-812.1839834247726,-557.6081382268849,1624.5714285714284,1635.0449050086354
XDV.1.6,24D,0.8900494204178565,0.6511549793626423,-830.4333764278663,-557.6081382268849,1643.5,1635.0449050086354
XDV.1.1,24D,0.8929921654716106,0.6511549793626423,-832.0390890641094,-557.6081382268849,1648.9607843137255,1635.0449050086354
XDV.1.5.1,24D,0.9010285262269344,0.6511549793626423,-848.1886684582014,-557.6081382268849,1665.6666666666665,1635.0449050086354
XDV.1.7.1,24D,0.9185060111491054,0.6511549793626423,-876.9297157409709,-557.6081382268849,1708.5,1635.0449050086354
NB.1,24D,0.9335271131897891,0.6511549793626423,-901.519526651338,-557.6081382268849,1761.2307692307695,1635.0449050086354
NB.1.3,24D,0.9449520090660176,0.6511549793626423,-924.407793693696,-557.6081382268849,1794.5,1635.0449050086354
NB.1.4,24D,0.9460229376233456,0.6511549793626423,-926.3309321176853,-557.6081382268849,1797.0,1635.0449050086354
NB.1.1,24D,0.9472189294162378,0.6511549793626423,-927.3831251517624,-557.6081382268849,1799.6666666666665,1635.0449050086354
NB.1.5,24D,0.9481929754526534,0.6511549793626423,-928.4439538242674,-557.6081382268849,1801.75,1635.0449050086354
NB.1.2,24D,1.02808979969278,0.6511549793626423,-1076.7397615778314,-557.6081382268849,1868.6000000000004,1635.0449050086354
NB.1.8.1,24D,1.1623688349224623,0.6511549793626423,-1328.1800682373162,-557.6081382268849,1885.3846153846157,1635.0449050086354
KP.3.4.1,24C,0.859975288761477,0.6524793107249494,-781.4673392601767,-556.4273847288373,1583.3333333333333,1641.6849563953488
KP.3.1.5,24C,0.8733763459118896,0.6524793107249494,-800.760020802306,-556.4273847288373,1612.32,1641.6849563953488
KP.3.1.4,24C,0.8738860861817485,0.6524793107249494,-798.3442569795005,-556.4273847288373,1613.3610675039245,1641.6849563953488
MK.2,24C,0.8743917256174253,0.6524793107249494,-802.3589685786477,-556.4273847288373,1614.3846153846155,1641.6849563953488
KP.3.2.9,24C,0.875050747993328,0.6524793107249494,-803.8482025293519,-556.4273847288373,1615.7058823529412,1641.6849563953488
KP.3.2,24C,0.8767657959045376,0.6524793107249494,-802.5708486253026,-556.4273847288373,1619.0798362333676,1641.6849563953488
ML.2,24C,0.8776818400809326,0.6524793107249494,-805.4218423060624,-556.4273847288373,1620.847389558233,1641.6849563953488
KP.3.4,24C,0.8780636485208404,0.6524793107249494,-806.4768836160345,-556.4273847288373,1621.5776397515526,1641.6849563953488
KP.3.2.2,24C,0.8802432066450419,0.6524793107249494,-812.0060599888496,-556.4273847288373,1625.6818181818182,1641.6849563953488
KP.3.3.3,24C,0.8803716535692571,0.6524793107249494,-808.6938903926791,-556.4273847288373,1625.9206989247311,1641.6849563953488
KP.3.1.2,24C,0.8804253574756115,0.6524793107249494,-811.5014320724358,-556.4273847288373,1626.020408163265,1641.6849563953488
KP.3.1.10,24C,0.8805153468987282,0.6524793107249494,-810.8210857160175,-556.4273847288373,1626.1874999999998,1641.6849563953488
KP.3.1.6,24C,0.8806548283576435,0.6524793107249494,-809.9552845761697,-556.4273847288373,1626.4461077844312,1641.6849563953488
KP.3.1.11,24C,0.8819809941325071,0.6524793107249494,-814.6291487475949,-556.4273847288373,1628.8888888888887,1641.6849563953488
KP.3.2.4,24C,0.8829412638471918,0.6524793107249494,-814.0432636966395,-556.4273847288373,1630.6422413793102,1641.6849563953488
KP.3.2.3,24C,0.8834678166126839,0.6524793107249494,-812.9717385745208,-556.4273847288373,1631.5991244527831,1641.6849563953488
KP.3.1.12,24C,0.8843754517708374,0.6524793107249494,-817.1957863499347,-556.4273847288373,1633.2427184466019,1641.6849563953488
KP.3.3,24C,0.8862063070631471,0.6524793107249494,-816.7245201249897,-556.4273847288373,1636.5443499392463,1641.6849563953488
KP.3,24C,0.8864854264456828,0.6524793107249494,-818.0047674975898,-556.4273847288373,1637.0470588235294,1641.6849563953488
MM.1,24C,0.8865308949856584,0.6524793107249494,-821.9210807625893,-556.4273847288373,1637.1290322580646,1641.6849563953488
MM.2,24C,0.8868911423066945,0.6524793107249494,-823.7477325618878,-556.4273847288373,1637.7777777777778,1641.6849563953488
KP.3.1.7,24C,0.8871354484419887,0.6524793107249494,-822.3377960398961,-556.4273847288373,1638.2181818181816,1641.6849563953488
ML.1,24C,0.8877647849898999,0.6524793107249494,-824.5432634359505,-556.4273847288373,1639.3529411764707,1641.6849563953488
KP.3.5,24C,0.8880080386894726,0.6524793107249494,-821.1539032882897,-556.4273847288373,1639.7922769640477,1641.6849563953488
KP.3.2.1,24C,0.8889098395278362,0.6524793107249494,-824.3720083589802,-556.4273847288373,1641.4242424242425,1641.6849563953488
KP.3.1,24C,0.8890712366706296,0.6524793107249494,-821.4864211320025,-556.4273847288373,1641.7170668397143,1641.6849563953488
NR.1,24C,0.8900292285324176,0.6524793107249494,-827.142097466626,-556.4273847288373,1643.4615384615386,1641.6849563953488
KP.3.3.4,24C,0.8906936435756498,0.6524793107249494,-827.2878462991107,-556.4273847288373,1644.6791044776119,1641.6849563953488
MK.3,24C,0.8908001629566755,0.6524793107249494,-828.4896857193264,-556.4273847288373,1644.875,1641.6849563953488
KP.3.2.5,24C,0.8911964067282029,0.6524793107249494,-827.6283078892241,-556.4273847288373,1645.6055045871558,1641.6849563953488
KP.3.3.7,24C,0.891707037652855,0.6524793107249494,-830.486045529001,-556.4273847288373,1646.551724137931,1641.6849563953488
KP.3.1.8,24C,0.8932680237106527,0.6524793107249494,-832.9918781914196,-556.4273847288373,1649.483870967742,1641.6849563953488
KP.3.1.3,24C,0.8943225628333504,0.6524793107249494,-833.7475330456115,-556.4273847288373,1651.5060240963855,1641.6849563953488
MK.1,24C,0.8979505465638268,0.6524793107249494,-838.8980938058232,-556.4273847288373,1658.825641025641,1641.6849563953488
LW.1,24C,0.8997535250429332,0.6524793107249494,-841.8041287808732,-556.4273847288373,1662.7464788732395,1641.6849563953488
MR.1,24C,0.9002712910315271,0.6524793107249494,-845.541729503867,-556.4273847288373,1663.9166666666665,1641.6849563953488
NP.2,24C,0.9016324827124571,0.6524793107249494,-847.9911098958146,-556.4273847288373,1667.1000000000004,1641.6849563953488
KP.3.2.7,24C,0.9018962289336742,0.6524793107249494,-847.7890299369026,-556.4273847288373,1667.7368421052631,1641.6849563953488
KP.3.3.1,24C,0.9067968072804401,0.6524793107249494,-852.7892047066363,-556.4273847288373,1676.235807860262,1641.6849563953488
KP.3.3.2,24C,0.9108439744126765,0.6524793107249494,-859.9671379890606,-556.4273847288373,1686.136507936508,1641.6849563953488
KP.3.7,24C,0.913568889433195,0.6524793107249494,-866.5865447774717,-556.4273847288373,1693.5238095238096,1641.6849563953488
KP.3.3.8,24C,0.9168496116072814,0.6524793107249494,-872.7178463928217,-556.4273847288373,1703.25,1641.6849563953488
KP.3.2.6,24C,0.9247378138556368,0.6524793107249494,-886.3430374577209,-556.4273847288373,1729.9090909090912,1641.6849563953488
KP.3.2.8,24C,0.9266584799989315,0.6524793107249494,-888.6689527266271,-556.4273847288373,1736.8333333333335,1641.6849563953488
KP.3.6,24C,0.9293997090642703,0.6524793107249494,-893.8002760891285,-556.4273847288373,1746.738095238095,1641.6849563953488
KP.3.1.9,24C,0.9314266596708272,0.6524793107249494,-896.5972012684036,-556.4273847288373,1753.9550561797755,1641.6849563953488
MY.1,24C,0.9336556912066467,0.6524793107249494,-902.8068774265898,-556.4273847288373,1761.6666666666665,1641.6849563953488
MR.2,24C,0.9347236565805876,0.6524793107249494,-904.8079916951126,-556.4273847288373,1765.25,1641.6849563953488
NV.1,24C,0.938279420979051,0.6524793107249494,-909.2725746231619,-556.4273847288373,1776.5200000000002,1641.6849563953488
KP.3.3.9,24C,0.9408015921491569,0.6524793107249494,-914.5835714551546,-556.4273847288373,1783.818181818182,1641.6849563953488
PB.1,24C,0.9531647854139595,0.6524793107249494,-938.524880893178,-556.4273847288373,1811.25,1641.6849563953488
NP.1,24C,0.9646698923210756,0.6524793107249494,-956.6325390479226,-556.4273847288373,1827.9117647058822,1641.6849563953488
KP.3.3.5,24C,0.9655502628135695,0.6524793107249494,-957.6414678882227,-556.4273847288373,1828.959677419355,1641.6849563953488
KP.2.3.2,24G,0.8810303105116084,0.6532921782905787,-812.2183744566864,-558.1012095817996,1627.140625,1645.5569233381443
KP.2.3.9,24G,0.8824813488456908,0.6532921782905787,-814.8084114057419,-558.1012095817996,1629.8039215686274,1645.5569233381443
KP.2.3.11,24G,0.8831654689180894,0.6532921782905787,-815.761301539032,-558.1012095817996,1631.0500000000002,1645.5569233381443
KP.2.3.7,24G,0.8837707519584775,0.6532921782905787,-815.991194320821,-558.1012095817996,1632.1484375,1645.5569233381443
KP.2.3.15,24G,0.8863492069768344,0.6532921782905787,-820.3040608644255,-558.1012095817996,1636.801724137931,1645.5569233381443
KP.2.3.1,24G,0.8867500580412842,0.6532921782905787,-822.6693870443497,-558.1012095817996,1637.5238095238094,1645.5569233381443
KP.2.3.14,24G,0.8881281691708974,0.6532921782905787,-823.2994820919586,-558.1012095817996,1640.0093457943926,1645.5569233381443
KP.2.3.8,24G,0.8894341001171249,0.6532921782905787,-824.2866482538184,-558.1012095817996,1642.3764705882352,1645.5569233381443
KP.2.3,24G,0.8903913489409654,0.6532921782905787,-822.5104652503438,-558.1012095817996,1644.124238355881,1645.5569233381443
KP.2.3.5,24G,0.891517554770149,0.6532921782905787,-829.3669939397156,-558.1012095817996,1646.2,1645.5569233381443
KP.2.3.10,24G,0.8919119852253421,0.6532921782905787,-831.4827879620524,-558.1012095817996,1646.9333333333334,1645.5569233381443
KP.2.3.3,24G,0.8928953757204965,0.6532921782905787,-830.6696568577885,-558.1012095817996,1648.7777777777776,1645.5569233381443
KP.2.3.13,24G,0.8946596515451919,0.6532921782905787,-834.697836340911,-558.1012095817996,1652.1607142857142,1645.5569233381443
NN.2,24G,0.8950702301108788,0.6532921782905787,-836.0694886871013,-558.1012095817996,1652.9642857142858,1645.5569233381443
MW.1,24G,0.8960593031306366,0.6532921782905787,-835.3850760582227,-558.1012095817996,1654.9298245614034,1645.5569233381443
KP.2.3.6,24G,0.8965563421739825,0.6532921782905787,-836.8234264367499,-558.1012095817996,1655.935064935065,1645.5569233381443
NM.1,24G,0.8969451595346507,0.6532921782905787,-838.3612551746696,-558.1012095817996,1656.7301587301586,1645.5569233381443
NN.1,24G,0.9032925760280109,0.6532921782905787,-850.174246341613,-558.1012095817996,1671.2222222222222,1645.5569233381443
NM.2,24G,0.907672386964934,0.6532921782905787,-856.3956591632362,-558.1012095817996,1678.2777777777776,1645.5569233381443
KP.2.3.4,24G,0.9106670164557548,0.6532921782905787,-860.4174299871594,-558.1012095817996,1685.6778523489932,1645.5569233381443
KP.2.3.12,24G,0.9116978053274639,0.6532921782905787,-862.5959934966149,-558.1012095817996,1688.3854166666665,1645.5569233381443
NK.1,24G,0.9119970101303493,0.6532921782905787,-864.8930458438098,-558.1012095817996,1689.1875,1645.5569233381443
NN.1.1,24G,0.9128758427723378,0.6532921782905787,-865.7839028022693,-558.1012095817996,1691.5862068965519,1645.5569233381443
NG.1,24G,0.9231043390960642,0.6532921782905787,-884.3104907153942,-558.1012095817996,1724.1,1645.5569233381443
MC.7,24E,0.8862739344559735,0.6689315491728047,-823.8358380433328,-583.2768607283938,1636.6666666666665,1712.4547628652108
MC.5,24E,0.8890896575846867,0.6689315491728047,-828.1637035978823,-583.2768607283938,1641.75,1712.4547628652108
MC.36.1,24E,0.8892261333038102,0.6689315491728047,-829.0809199263558,-583.2768607283938,1642.0,1712.4547628652108
MC.11.1,24E,0.9071855593865084,0.6689315491728047,-856.4768454102123,-583.2768607283938,1677.1363636363637,1712.4547628652108
MC.29,24E,0.909316996040212,0.6689315491728047,-858.7053491177649,-583.2768607283938,1682.2588235294118,1712.4547628652108
MC.36.2,24E,0.9104320990453804,0.6689315491728047,-861.0181192134222,-583.2768607283938,1685.0727272727272,1712.4547628652108
MC.6,24E,0.911345675728514,0.6689315491728047,-860.2968805941324,-583.2768607283938,1687.4507575757575,1712.4547628652108
MC.8,24E,0.9113936997678285,0.6689315491728047,-862.8403557945161,-583.2768607283938,1687.5777777777778,1712.4547628652108
MC.14,24E,0.9116209456714174,0.6689315491728047,-862.7539149728522,-583.2768607283938,1688.1805555555554,1712.4547628652108
MC.13.1,24E,0.9118819716592046,0.6689315491728047,-861.7030099285163,-583.2768607283938,1688.878125,1712.4547628652108
MC.26,24E,0.9123396950801794,0.6689315491728047,-862.5276246098216,-583.2768607283938,1690.115131578947,1712.4547628652108
MC.11,24E,0.9126190183948537,0.6689315491728047,-861.9166777006726,-583.2768607283938,1690.878619153675,1712.4547628652108
MC.40,24E,0.9130788723905265,0.6689315491728047,-865.8058188568212,-583.2768607283938,1692.15,1712.4547628652108
MC.30,24E,0.9136739925735804,0.6689315491728047,-865.3148387744991,-583.2768607283938,1693.8212290502793,1712.4547628652108
MC.16,24E,0.914231566338002,0.6689315491728047,-864.1226080674684,-583.2768607283938,1695.4146341463415,1712.4547628652108
MC.3,24E,0.9150358342910163,0.6689315491728047,-867.7746526556354,-583.2768607283938,1697.7597402597405,1712.4547628652108
KP.3.1.1,24E,0.9150413714285881,0.6689315491728047,-863.0713107323793,-583.2768607283938,1697.776021925477,1712.4547628652108
MC.33,24E,0.9151603643473095,0.6689315491728047,-869.1729032087516,-583.2768607283938,1698.127659574468,1712.4547628652108
MC.13,24E,0.9156753411585898,0.6689315491728047,-866.7946188827191,-583.2768607283938,1699.6636513157894,1712.4547628652108
MC.25,24E,0.9157326990809468,0.6689315491728047,-869.8845609932084,-583.2768607283938,1699.8360655737704,1712.4547628652108
MC.4,24E,0.915998859419147,0.6689315491728047,-870.5359482016592,-583.2768607283938,1700.6399999999999,1712.4547628652108
MC.6.1,24E,0.9160078527914638,0.6689315491728047,-872.6715046228608,-583.2768607283938,1700.6666666666665,1712.4547628652108
MC.15,24E,0.9161814981727573,0.6689315491728047,-871.0450523627177,-583.2768607283938,1701.1951219512196,1712.4547628652108
MC.28,24E,0.9165926989398331,0.6689315491728047,-869.1539669750738,-583.2768607283938,1702.45521023766,1712.4547628652108
MC.24,24E,0.9166883433352658,0.6689315491728047,-868.2447520499528,-583.2768607283938,1702.750312891114,1712.4547628652108
MC.9.1,24E,0.9167598664086792,0.6689315491728047,-871.4945586404651,-583.2768607283938,1702.9714285714285,1712.4547628652108
MC.10,24E,0.9168429836928514,0.6689315491728047,-870.0040781071957,-583.2768607283938,1703.2290502793298,1712.4547628652108
MC.9,24E,0.9172262483905529,0.6689315491728047,-870.3230188422849,-583.2768607283938,1704.4240000000002,1712.4547628652108
MC.12,24E,0.9174096111074508,0.6689315491728047,-874.7707662807427,-583.2768607283938,1705.0,1712.4547628652108
MC.24.2,24E,0.9189288921239851,0.6689315491728047,-875.4189102940717,-583.2768607283938,1709.875,1712.4547628652108
MC.2,24E,0.9190809744254715,0.6689315491728047,-873.2289091323646,-583.2768607283938,1710.3728813559321,1712.4547628652108
MC.30.1,24E,0.9191777867483538,0.6689315491728047,-876.1322721383044,-583.2768607283938,1710.6904761904761,1712.4547628652108
MC.22,24E,0.9203669345059973,0.6689315491728047,-877.3632554449886,-583.2768607283938,1714.6489361702127,1712.4547628652108
MC.2.1,24E,0.9207789070066108,0.6689315491728047,-877.2661175251815,-583.2768607283938,1716.0428571428572,1712.4547628652108
MC.35,24E,0.9207848705880232,0.6689315491728047,-876.4270148930027,-583.2768607283938,1716.0631364562119,1712.4547628652108
MC.23,24E,0.9209173291767799,0.6689315491728047,-877.867189472571,-583.2768607283938,1716.5136986301372,1712.4547628652108
MC.27,24E,0.9209622115080626,0.6689315491728047,-878.5333915779969,-583.2768607283938,1716.6666666666665,1712.4547628652108
MC.32,24E,0.922424540230523,0.6689315491728047,-882.3973252753792,-583.2768607283938,1721.7142857142853,1712.4547628652108
MC.18,24E,0.922893540123886,0.6689315491728047,-883.6106619755393,-583.2768607283938,1723.3571428571427,1712.4547628652108
MC.1.5,24E,0.9251080145189188,0.6689315491728047,-885.6439225865831,-583.2768607283938,1731.2380952380952,1712.4547628652108
MC.17,24E,0.9252723702029687,0.6689315491728047,-885.9526078103748,-583.2768607283938,1731.829268292683,1712.4547628652108
MC.20,24E,0.9252734763852308,0.6689315491728047,-887.1831901688655,-583.2768607283938,1731.833333333333,1712.4547628652108
MC.40.1,24E,0.925874497253429,0.6689315491728047,-890.0164612332145,-583.2768607283938,1734.0,1712.4547628652108
MC.21,24E,0.926980820812049,0.6689315491728047,-889.7398189066581,-583.2768607283938,1738.0,1712.4547628652108
MC.33.2,24E,0.9274410376301548,0.6689315491728047,-892.3318097483505,-583.2768607283938,1739.6666666666665,1712.4547628652108
MC.36,24E,0.9276022438225716,0.6689315491728047,-891.9191675315913,-583.2768607283938,1740.2499999999998,1712.4547628652108
MC.39,24E,0.9282933001289361,0.6689315491728047,-894.221251641941,-583.2768607283938,1742.75,1712.4547628652108
MC.28.1,24E,0.9291020294943145,0.6689315491728047,-894.8209096714775,-583.2768607283938,1745.6666666666665,1712.4547628652108
MC.1.4,24E,0.930215190447287,0.6689315491728047,-894.4862345672259,-583.2768607283938,1749.659090909091,1712.4547628652108
MC.37,24E,0.9302222505257491,0.6689315491728047,-895.338338883841,-583.2768607283938,1749.6842105263158,1712.4547628652108
MC.8.1,24E,0.9304598717559758,0.6689315491728047,-893.5338536235564,-583.2768607283938,1750.5314285714285,1712.4547628652108
MC.26.1,24E,0.930616589753256,0.6689315491728047,-895.8595081971567,-583.2768607283938,1751.088888888889,1712.4547628652108
MC.1.7,24E,0.9313824830740269,0.6689315491728047,-898.3003063585235,-583.2768607283938,1753.8,1712.4547628652108
MC.1,24E,0.9316351703936286,0.6689315491728047,-894.0504011729344,-583.2768607283938,1754.6880341880342,1712.4547628652108
MC.1.6,24E,0.9320497767100092,0.6689315491728047,-898.5959200843182,-583.2768607283938,1756.138888888889,1712.4547628652108
MC.13.4,24E,0.9347281748304141,0.6689315491728047,-903.3690442283083,-583.2768607283938,1765.264705882353,1712.4547628652108
MC.1.3.1,24E,0.9349436708515648,0.6689315491728047,-903.4692253989297,-583.2768607283938,1765.977777777778,1712.4547628652108
MC.1.1,24E,0.9411815477779469,0.6689315491728047,-913.4038277149281,-583.2768607283938,1784.8652482269501,1712.4547628652108
MC.1.3,24E,0.9425505479219403,0.6689315491728047,-916.0194678554027,-583.2768607283938,1788.521008403361,1712.4547628652108
MC.10.1.2,24E,0.9425905761382778,0.6689315491728047,-918.0975954306011,-583.2768607283938,1788.625,1712.4547628652108
MC.10.1.4,24E,0.9437930783917996,0.6689315491728047,-920.0784257659857,-583.2768607283938,1791.6842105263156,1712.4547628652108
MC.13.3.1,24E,0.9442852236716227,0.6689315491728047,-920.5376375313191,-583.2768607283938,1792.896551724138,1712.4547628652108
MC.10.1,24E,0.9449606621451614,0.6689315491728047,-918.1207082922461,-583.2768607283938,1794.5238095238094,1712.4547628652108
MC.17.1,24E,0.9450206494840799,0.6689315491728047,-922.7392212905756,-583.2768607283938,1794.6666666666665,1712.4547628652108
MC.10.1.1,24E,0.9453649865724324,0.6689315491728047,-919.8260805760011,-583.2768607283938,1795.478048780488,1712.4547628652108
MC.10.1.3,24E,0.9456319694067629,0.6689315491728047,-922.4096601003686,-583.2768607283938,1796.1000000000001,1712.4547628652108
MC.13.2.1,24E,0.9464872843692338,0.6689315491728047,-924.169872780896,-583.2768607283938,1798.05,1712.4547628652108
MC.30.1.1,24E,0.9494384723668037,0.6689315491728047,-928.5110991411013,-583.2768607283938,1804.3018867924527,1712.4547628652108
MC.38,24E,0.9507490717414129,0.6689315491728047,-933.5950348927558,-583.2768607283938,1806.8571428571427,1712.4547628652108
MC.1.2,24E,0.9535466786961455,0.6689315491728047,-936.1371010869748,-583.2768607283938,1811.9080459770116,1712.4547628652108
MC.13.2,24E,0.9565877651058722,0.6689315491728047,-941.0586545851603,-583.2768607283938,1816.9113924050632,1712.4547628652108
MC.10.1.7,24E,0.9575380388057696,0.6689315491728047,-945.0152897374223,-583.2768607283938,1818.3529411764707,1712.4547628652108
MC.10.2,24E,0.9580468477774551,0.6689315491728047,-944.1587692048698,-583.2768607283938,1819.1089108910892,1712.4547628652108
MC.10.1.5,24E,0.9603671306520838,0.6689315491728047,-949.1273960898196,-583.2768607283938,1822.3958333333333,1712.4547628652108
MC.21.1,24E,0.9615050521263839,0.6689315491728047,-950.0233583886477,-583.2768607283938,1823.923076923077,1712.4547628652108
MC.33.1,24E,0.9637413674991274,0.6689315491728047,-954.2801117899916,-583.2768607283938,1826.7786259541983,1712.4547628652108
MC.28.1.1,24E,0.9719251255341042,0.6689315491728047,-968.9342594890882,-583.2768607283938,1835.8743169398908,1712.4547628652108
MC.10.2.1,24E,0.9723248488878523,0.6689315491728047,-971.7866248433844,-583.2768607283938,1836.2727272727273,1712.4547628652108
MC.10.1.6,24E,0.9743492048680312,0.6689315491728047,-973.8520063768487,-583.2768607283938,1838.234782608696,1712.4547628652108
PA.1,24E,0.9746224368714288,0.6689315491728047,-974.1865834568364,-583.2768607283938,1838.4926470588234,1712.4547628652108
MC.32.1,24E,0.9834029956198405,0.6689315491728047,-995.276243523963,-583.2768607283938,1846.0,1712.4547628652108
MC.31,24E,0.9891013702565387,0.6689315491728047,-1001.6178975966311,-583.2768607283938,1850.1666666666667,1712.4547628652108
MV.1,24I,0.9307581569173978,0.6773355136793197,-894.2305228092081,-602.5585631295023,1751.591836734694,1751.909090909091
MV.1.1,24I,0.9327509276722135,0.6773355136793197,-900.7725540493547,-602.5585631295023,1758.5714285714284,1751.909090909091
XEC.10,24F,0.8534293266448291,0.6873460570999008,-770.3252885779416,-616.4462251312727,1562.142857142857,1791.7708760420937
XEC.20,24F,0.9317953011389276,0.6873460570999008,-899.6532170590175,-616.4462251312727,1755.25,1791.7708760420937
XEC.3,24F,0.9380161774907582,0.6873460570999008,-908.8668971065014,-616.4462251312727,1775.723404255319,1791.7708760420937
XEC.25,24F,0.9382425752680105,0.6873460570999008,-910.0280996399994,-616.4462251312727,1776.409090909091,1791.7708760420937
XEC.2.1,24F,0.9404515234557458,0.6873460570999008,-911.0317349401489,-616.4462251312727,1782.8418491484185,1791.7708760420937
XEC,24F,0.9416998710928106,0.6873460570999008,-910.1869837796868,-616.4462251312727,1786.270617395223,1791.7708760420937
XEC.2.3,24F,0.942123482577661,0.6873460570999008,-916.4796665209179,-616.4462251312727,1787.4,1791.7708760420937
XEC.17,24F,0.9423164421747499,0.6873460570999008,-917.9820655522883,-616.4462251312727,1787.909090909091,1791.7708760420937
XEC.14,24F,0.9424498267926851,0.6873460570999008,-915.2571704442032,-616.4462251312727,1788.2582159624412,1791.7708760420937
XEC.13,24F,0.9426194208071801,0.6873460570999008,-917.926046998178,-616.4462251312727,1788.7,1791.7708760420937
XEC.19,24F,0.9431556919081229,0.6873460570999008,-916.954123621578,-616.4462251312727,1790.0797101449275,1791.7708760420937
XEC.15,24F,0.943179265612467,0.6873460570999008,-917.0109219612693,-616.4462251312727,1790.1397058823532,1791.7708760420937
XEC.12,24F,0.9440095057825864,0.6873460570999008,-918.2066841371305,-616.4462251312727,1792.2197802197802,1791.7708760420937
XEC.8,24F,0.9452811029838728,0.6873460570999008,-919.1249624403059,-616.4462251312727,1795.28129395218,1791.7708760420937
XEC.1,24F,0.9453079995484504,0.6873460570999008,-920.2676515416654,-616.4462251312727,1795.344537815126,1791.7708760420937
XEC.18,24F,0.9460331711590864,0.6873460570999008,-921.8776805349064,-616.4462251312727,1797.022857142857,1791.7708760420937
XEC.9,24F,0.946099944439624,0.6873460570999008,-920.7655350840125,-616.4462251312727,1797.175,1791.7708760420937
XEC.22,24F,0.9467406692809904,0.6873460570999008,-924.6508614466215,-616.4462251312727,1798.6153846153848,1791.7708760420937
XEC.23,24F,0.9470154082701917,0.6873460570999008,-925.5128195420823,-616.4462251312727,1799.2222222222222,1791.7708760420937
XEC.16,24F,0.9477310475200444,0.6873460570999008,-927.0057660700486,-616.4462251312727,1800.7727272727275,1791.7708760420937
XEC.2,24F,0.9480295772914829,0.6873460570999008,-923.5361108696491,-616.4462251312727,1801.406611570248,1791.7708760420937
XEC.6,24F,0.9482114825113411,0.6873460570999008,-926.9191551860998,-616.4462251312727,1801.7894736842106,1791.7708760420937
XEC.5,24F,0.9502346619613046,0.6873460570999008,-930.0065613284194,-616.4462251312727,1805.8700000000001,1791.7708760420937
XEC.2.2,24F,0.9518831571252021,0.6873460570999008,-932.0422043366493,-616.4462251312727,1808.9688715953307,1791.7708760420937
XEC.4,24F,0.9540820845868669,0.6873460570999008,-936.1396371336557,-616.4462251312727,1812.8165938864627,1791.7708760420937
XEC.24,24F,0.9544119464810461,0.6873460570999008,-937.9820710425503,-616.4462251312727,1813.4242424242425,1791.7708760420937
XEC.2.3.1,24F,0.9573031752157745,0.6873460570999008,-945.4755692280952,-616.4462251312727,1817.9999999999998,1791.7708760420937
XEC.11.1.1,24F,0.9574344637599634,0.6873460570999008,-944.6644414908525,-616.4462251312727,1818.2,1791.7708760420937
XEC.11.1,24F,0.9595898801367865,0.6873460570999008,-945.9371079132594,-616.4462251312727,1821.3215547703182,1791.7708760420937
XEC.21,24F,0.9599507237991404,0.6873460570999008,-948.3080322548356,-616.4462251312727,1821.8235294117644,1791.7708760420937
XEC.4.1,24F,0.9605400331706705,0.6873460570999008,-947.3323000953909,-616.4462251312727,1822.6313131313132,1791.7708760420937
XEC.8.1,24F,0.9634574999686928,0.6873460570999008,-955.5922722331649,-616.4462251312727,1826.428571428571,1791.7708760420937
XEC.11,24F,0.9680571305591755,0.6873460570999008,-964.2777356586842,-616.4462251312727,1831.8125,1791.7708760420937
LF.7.1.1,24H,0.9211771746632609,0.6948627434287983,-881.6875004145633,-632.1400467608506,1717.4,1812.0612602100352
LF.7.4,24H,0.9248049329852112,0.6948627434287983,-886.5544655121963,-632.1400467608506,1730.1500000000003,1812.0612602100352
LF.7.5,24H,0.9287318200579976,0.6948627434287983,-894.5803622324293,-632.1400467608506,1744.3333333333333,1812.0612602100352
LF.7.1.4,24H,0.9380600935074245,0.6948627434287983,-910.8491169616622,-632.1400467608506,1775.8571428571427,1812.0612602100352
LF.7.2,24H,0.9382956821097256,0.6948627434287983,-909.1530430874014,-632.1400467608506,1776.5689655172412,1812.0612602100352
LF.7.7,24H,0.9400127687932377,0.6948627434287983,-914.6589327440478,-632.1400467608506,1781.6000000000001,1812.0612602100352
LF.7,24H,0.9408207660449419,0.6948627434287983,-913.3521106454403,-632.1400467608506,1783.8717948717947,1812.0612602100352
PC.1,24H,0.9411850195074978,0.6948627434287983,-916.2793540744823,-632.1400467608506,1784.875,1812.0612602100352
LF.7.3.1,24H,0.9424219435430652,0.6948627434287983,-917.2727637332101,-632.1400467608506,1788.1851851851852,1812.0612602100352
LF.7.1,24H,0.9436428326066287,0.6948627434287983,-917.0366705194715,-632.1400467608506,1791.3092105263154,1812.0612602100352
LF.7.1.3,24H,0.9440556453045515,0.6948627434287983,-920.4488628216121,-632.1400467608506,1792.3333333333333,1812.0612602100352
NT.1,24H,0.9440555150902075,0.6948627434287983,-921.295934778781,-632.1400467608506,1792.3333333333333,1812.0612602100352
LF.7.3.2,24H,0.9443277403846806,0.6948627434287983,-922.1894041054775,-632.1400467608506,1792.9999999999998,1812.0612602100352
LF.7.1.5,24H,0.9456200994419579,0.6948627434287983,-921.4800816910691,-632.1400467608506,1796.072580645161,1812.0612602100352
LF.7.3,24H,0.9470965128488908,0.6948627434287983,-924.7802019231596,-632.1400467608506,1799.4,1812.0612602100352
LF.7.6,24H,0.9475805839077135,0.6948627434287983,-926.8301477107788,-632.1400467608506,1800.45,1812.0612602100352
LF.7.1.2,24H,0.9517116058434438,0.6948627434287983,-933.2205334432083,-632.1400467608506,1808.655172413793,1812.0612602100352
LF.7.2.1,24H,0.9520975233757247,0.6948627434287983,-932.3769849768132,-632.1400467608506,1809.3579335793358,1812.0612602100352
LF.7.6.1,24H,0.9521044213536614,0.6948627434287983,-934.0026009159279,-632.1400467608506,1809.3703703703702,1812.0612602100352
LF.7.3.5,24H,0.9539367468140529,0.6948627434287983,-938.2653836476444,-632.1400467608506,1812.5714285714284,1812.0612602100352
LF.7.3.3,24H,0.9541057031365825,0.6948627434287983,-939.670266613939,-632.1400467608506,1812.8571428571427,1812.0612602100352
NT.2,24H,0.9739960980831687,0.6948627434287983,-975.6453189503543,-632.1400467608506,1837.9,1812.0612602100352
LF.7.7.1,24H,0.9743310308997352,0.6948627434287983,-973.0870670892003,-632.1400467608506,1838.217573221757,1812.0612602100352
LF.7.7.2,24H,0.9952839121088971,0.6948627434287983,-1011.7535594816296,-632.1400467608506,1854.1585365853657,1812.0612602100352
LF.7.9,24H,1.0137067878732282,0.6948627434287983,-1048.0120546950318,-632.1400467608506,1863.4242424242425,1812.0612602100352
LP.8.1.2,25A,0.9582670011315052,0.711104540068781,-944.549435374379,-660.4369423741957,1819.4313725490197,1837.4138445472174
NY.2,25A,0.9590071594414589,0.711104540068781,-948.4420298220724,-660.4369423741957,1820.5,1837.4138445472174
LP.8.1.7,25A,0.9602290667985295,0.711104540068781,-948.6865601327335,-660.4369423741957,1822.2068965517242,1837.4138445472174
LP.8.1.9,25A,0.9607669994189669,0.711104540068781,-950.2309169777284,-660.4369423741957,1822.939393939394,1837.4138445472174
LP.8.1.5,25A,0.9626796307576501,0.711104540068781,-951.3275770485035,-660.4369423741957,1825.4459833795013,1837.4138445472174
LP.8.1,25A,0.9645647150486782,0.711104540068781,-953.0410562725832,-660.4369423741957,1827.784872298625,1837.4138445472174
NY.5,25A,0.9682277846173668,0.711104540068781,-963.8075985892808,-660.4369423741957,1832.0,1837.4138445472174
LP.8.1.3,25A,0.9689757184302908,0.711104540068781,-964.1691180042891,-660.4369423741957,1832.8125,1837.4138445472174
NY.6,25A,0.9701184543748959,0.711104540068781,-967.1397034704032,-660.4369423741957,1834.0249999999999,1837.4138445472174
NY.4,25A,0.9702436156134505,0.711104540068781,-967.2514775549823,-660.4369423741957,1834.1555555555556,1837.4138445472174
LP.8.1.4,25A,0.972071511182909,0.711104540068781,-968.7426210916299,-660.4369423741957,1836.0206896551724,1837.4138445472174
NY.8,25A,0.973904181184412,0.711104540068781,-973.8086826420873,-660.4369423741957,1837.8113207547167,1837.4138445472174
LP.8.1.6,25A,0.9749747513922089,0.711104540068781,-974.6844291991086,-660.4369423741957,1838.8227848101267,1837.4138445472174
LP.8.1.8,25A,0.9772280178202097,0.711104540068781,-978.8820762479363,-660.4369423741957,1840.8733333333334,1837.4138445472174
NY.1,25A,0.9807054488884294,0.711104540068781,-986.8337168560221,-660.4369423741957,1843.84375,1837.4138445472174
NY.3,25A,0.9810223067032351,0.711104540068781,-985.8467775525259,-660.4369423741957,1844.1038961038962,1837.4138445472174
LP.8.1.1,25A,0.9832477766637612,0.711104540068781,-986.997112248267,-660.4369423741957,1845.8790131801286,1837.4138445472174
NW.1,25A,0.9936167304573388,0.711104540068781,-1009.949014685303,-660.4369423741957,1853.1323529411766,1837.4138445472174
NY.7,25A,0.9977976633623717,0.711104540068781,-1018.7027867665884,-660.4369423741957,1855.6399999999999,1837.4138445472174
