seqName,clade,pango_growth,clade_growth,pango_lif,clade_lif,pango_time,clade_time
A.1,19B,0.06512851917668552,0.0,2.5054416305484852,0.0,59.25230602278893,150.19930575643622
A,19B,0.12063610646792125,0.0,-5.179785933572203,0.0,156.55438596491229,150.19930575643622
A.2,19B,0.09857040786689518,0.0,-3.8634097491619737,0.0,107.63888888888889,150.19930575643622
A.21,19B,0.1480464687311907,0.0,-15.51626138834117,0.0,392.8222222222222,150.19930575643622
A.29,19B,0.15325566759831458,0.0,-19.80464151372644,0.0,420.40000000000003,150.19930575643622
AD.2,20B,0.12754795019559653,0.014998388834402193,-10.329234169906984,-1.4710107053118264,294.85714285714283,333.95096580113994
A.5,19B,0.0,0.0,0.0,0.0,45.18181818181817,150.19930575643622
A.23.1,19B,0.15239414068772875,0.0,-16.450414784520547,0.0,412.15,150.19930575643622
A.2.5,19B,0.18568078536789867,0.0,-28.350902203888293,0.0,462.28136882129274,150.19930575643622
A.28,19B,0.14903366877519722,0.0,-17.76828196823592,0.0,400.1428571428571,150.19930575643622
A.27,19B,0.1480355442121202,0.0,-17.239191301762986,0.0,392.75,150.19930575643622
A.19,19B,0.12414824632283834,0.0,-10.685483191381149,0.0,246.0,150.19930575643622
A.3,19B,0.07347678838412962,0.0,1.0011921417177811,0.0,63.35018315018315,150.19930575643622
A.23,19B,0.12671730504288287,0.0,-10.431455778095724,0.0,283.0,150.19930575643622
A.2.5.1,19B,0.18570264874977682,0.0,-31.259015717311975,0.0,462.41379310344826,150.19930575643622
A.2.5.2,19B,0.18835574839875552,0.0,-31.230637814022664,0.0,464.3980099502487,150.19930575643622
AY.3.2,21J,0.23612421395938699,0.1168880733167978,-56.230573851201456,-48.08692123145074,613.474025974026,610.3001398527043
AY.3,21J,0.23410609484233638,0.1168880733167978,-49.394689021344234,-48.08692123145074,608.8959850405452,610.3001398527043
AY.2,21I,0.19781988394021743,0.10417509379158839,-33.026319594970325,-42.95129325388189,537.3156572704438,579.2578550830931
AY.3.1,21J,0.2303476193539787,0.1168880733167978,-49.39080926587261,-48.08692123145074,599.1878510625978,610.3001398527043
AY.1,21J,0.21833481182427064,0.1168880733167978,-44.292034872819,-48.08692123145074,578.6109362706529,610.3001398527043
AY.4.1,21J,0.21742161369745175,0.1168880733167978,-51.60615257897166,-48.08692123145074,574.0,610.3001398527043
AY.4.2.1,21J,0.25166013067494447,0.1168880733167978,-68.57381117015316,-48.08692123145074,671.5686274509803,610.3001398527043
AY.3.3,21J,0.24559403520198403,0.1168880733167978,-60.66412144824315,-48.08692123145074,636.8684790595152,610.3001398527043
AY.4.2.3,21J,0.24690193356424042,0.1168880733167978,-66.27325750861132,-48.08692123145074,640.9130434782609,610.3001398527043
AY.4.2,21J,0.25100842673324353,0.1168880733167978,-66.91496495701435,-48.08692123145074,664.4482758620691,610.3001398527043
AY.4,21J,0.23992732875354764,0.1168880733167978,-55.90447609450174,-48.08692123145074,622.8913067737976,610.3001398527043
AY.4.3,21J,0.24416543115858033,0.1168880733167978,-65.18258932847887,-48.08692123145074,633.9999999999999,610.3001398527043
AY.4.2.2,21J,0.25160567206352114,0.1168880733167978,-68.57726927613756,-48.08692123145074,670.6326530612245,610.3001398527043
A.2.5.3,19B,0.1826179743276014,0.0,-31.42894048244216,0.0,450.66666666666663,150.19930575643622
AY.4.7,21J,0.2108775999364188,0.1168880733167978,-43.17979692542096,-48.08692123145074,559.6440677966102,610.3001398527043
AY.4.5,21J,0.25129653559077014,0.1168880733167978,-67.71923298888987,-48.08692123145074,665.904255319149,610.3001398527043
AY.4.4,21J,0.22634605389496665,0.1168880733167978,-53.93977244179066,-48.08692123145074,591.235294117647,610.3001398527043
AY.4.6,21J,0.22371294397418723,0.1168880733167978,-52.38994175367707,-48.08692123145074,584.5882352941177,610.3001398527043
AY.4.8,21J,0.2508567723468858,0.1168880733167978,-69.89396083536371,-48.08692123145074,662.5,610.3001398527043
AY.5,21J,0.22503157057860268,0.1168880733167978,-48.105226928183285,-48.08692123145074,588.1702844311377,610.3001398527043
AY.4.9,21J,0.24754490860480832,0.1168880733167978,-67.51881352470038,-48.08692123145074,643.1999999999999,610.3001398527043
AY.5.2,21J,0.20353661117000188,0.1168880733167978,-44.1292742168082,-48.08692123145074,552.0,610.3001398527043
AY.4.10,21J,0.25676381501141443,0.1168880733167978,-73.76696892114019,-48.08692123145074,675.375,610.3001398527043
AY.5.3,21J,0.23165805900776956,0.1168880733167978,-52.17413022156104,-48.08692123145074,602.7592671495527,610.3001398527043
AY.5.4,21J,0.21844944533192,0.1168880733167978,-49.06361360331936,-48.08692123145074,579.304347826087,610.3001398527043
AY.6,21J,0.22468924444946586,0.1168880733167978,-52.056994675521885,-48.08692123145074,586.9999999999999,610.3001398527043
AY.5.5,21J,0.21158781144583738,0.1168880733167978,-48.34763939620591,-48.08692123145074,563.0,610.3001398527043
AY.14,21A,0.2110739986570934,0.09561969247267427,-38.485148946843665,-38.84937799696539,561.2212272664167,560.0098351796811
AY.9.2,21I,0.2269412865854088,0.10417509379158839,-50.18332862401595,-42.95129325388189,593.1826086956521,579.2578550830931
AY.7.1,21J,0.23469921341737157,0.1168880733167978,-57.997321856257535,-48.08692123145074,610.2045454545455,610.3001398527043
AY.7,21J,0.20987585584640062,0.1168880733167978,-47.40832168240691,-48.08692123145074,557.0,610.3001398527043
AY.7.2,21J,0.24306867395649295,0.1168880733167978,-63.41960715510504,-48.08692123145074,631.7714285714285,610.3001398527043
AY.10,21I,0.18171126115700775,0.10417509379158839,-30.941296523964755,-42.95129325388189,448.4615384615384,579.2578550830931
AY.9.2.2,21I,0.21177008702930555,0.10417509379158839,-47.757284752406235,-42.95129325388189,564.5,579.2578550830931
AY.13,21A,0.20948827703792858,0.09561969247267427,-38.35043333047706,-38.84937799696539,553.9459771775241,560.0098351796811
AY.23.1,21J,0.2508154002965431,0.1168880733167978,-71.25285597347457,-48.08692123145074,662.0,610.3001398527043
AY.20,21J,0.23071128002065053,0.1168880733167978,-49.46272499519625,-48.08692123145074,600.1984289788363,610.3001398527043
AY.16,21A,0.22993995558780148,0.09561969247267427,-52.44667157986765,-38.84937799696539,598.0565149136578,560.0098351796811
AY.15,21A,0.2095044153846957,0.09561969247267427,-42.59680839338964,-38.84937799696539,554.0699999999999,560.0098351796811
AY.16.1,21A,0.19739273610621763,0.09561969247267427,-40.98237057689428,-38.84937799696539,530.0,560.0098351796811
AY.20.1,21J,0.23532564484581947,0.1168880733167978,-54.811851491118354,-48.08692123145074,611.8993589743591,610.3001398527043
AY.23,21J,0.21156131733908792,0.1168880733167978,-42.89468065994528,-48.08692123145074,562.7869565217392,610.3001398527043
AY.24,21I,0.217039097892954,0.10417509379158839,-45.47769436729568,-42.95129325388189,572.8346883468835,579.2578550830931
AY.26,21I,0.2172751249075196,0.10417509379158839,-43.870054261390706,-42.95129325388189,573.2118764845605,579.2578550830931
AY.25,21J,0.2323989625078606,0.1168880733167978,-48.485102132205576,-48.08692123145074,604.8364223169419,610.3001398527043
AY.25.1,21J,0.2354017102433456,0.1168880733167978,-51.167587068136726,-48.08692123145074,612.1065721917437,610.3001398527043
AY.25.1.1,21J,0.2264680744846523,0.1168880733167978,-47.981536964285695,-48.08692123145074,591.6304101838756,610.3001398527043
AY.27,21I,0.24342500040935727,0.10417509379158839,-61.43370125670218,-42.95129325388189,631.7993730407525,579.2578550830931
AY.26.1,21I,0.24439804216418057,0.10417509379158839,-66.42876354210648,-42.95129325388189,634.75,579.2578550830931
AY.9,21I,0.2111425366993745,0.10417509379158839,-44.004688694836936,-42.95129325388189,561.7833333333333,579.2578550830931
AY.29,21J,0.2230177652830893,0.1168880733167978,-50.643195161567625,-48.08692123145074,582.2461538461539,610.3001398527043
AY.28,21I,0.22389151690162812,0.10417509379158839,-53.71816521382682,-42.95129325388189,585.2,579.2578550830931
AY.32,21J,0.23788940402939404,0.1168880733167978,-61.43812964274964,-48.08692123145074,618.0,610.3001398527043
AY.33,21J,0.23339446353543147,0.1168880733167978,-53.99483286639942,-48.08692123145074,606.9512867647059,610.3001398527043
AY.29.1,21J,0.2177807390306647,0.1168880733167978,-51.81264788056247,-48.08692123145074,576.0,610.3001398527043
AY.30,21A,0.22731075173947424,0.09561969247267427,-54.400434399931946,-38.84937799696539,594.421052631579,560.0098351796811
AY.34.1,21J,0.2477936131255215,0.1168880733167978,-62.81291397742304,-48.08692123145074,644.2473035439139,610.3001398527043
AY.34,21J,0.2430549714476465,0.1168880733167978,-60.04168632966315,-48.08692123145074,631.7217305801377,610.3001398527043
AY.34.1.1,21J,0.24235121618789926,0.1168880733167978,-64.21997653599195,-48.08692123145074,629.4000000000001,610.3001398527043
AY.33.1,21J,0.20361296444696625,0.1168880733167978,-44.17146487890218,-48.08692123145074,553.0,610.3001398527043
AY.34.2,21J,0.232745854412057,0.1168880733167978,-58.19446526064863,-48.08692123145074,605.8181818181819,610.3001398527043
AY.35,21A,0.2118190265572608,0.09561969247267427,-41.00784281896716,-38.84937799696539,564.9111111111113,560.0098351796811
AY.38,21I,0.19896478819401447,0.10417509379158839,-37.43205011184354,-42.95129325388189,539.5,579.2578550830931
AY.37,21I,0.21693124189096474,0.10417509379158839,-43.46848476431508,-42.95129325388189,572.2500966370313,579.2578550830931
AY.39,21J,0.23840347178964286,0.1168880733167978,-53.28392940949101,-48.08692123145074,619.1035038175921,610.3001398527043
AY.36,21J,0.2388948990620572,0.1168880733167978,-57.28840101576607,-48.08692123145074,620.3451776649747,610.3001398527043
AY.39.1,21J,0.23697393422249302,0.1168880733167978,-54.19083363315672,-48.08692123145074,615.6530561122245,610.3001398527043
AY.42,21J,0.23860639103811276,0.1168880733167978,-58.029636807966895,-48.08692123145074,619.6157112526539,610.3001398527043
AY.43,21J,0.24711335515338562,0.1168880733167978,-60.979112744822906,-48.08692123145074,641.6702249332823,610.3001398527043
AY.42.1,21J,0.21820033956214924,0.1168880733167978,-47.88060068162965,-48.08692123145074,577.8153846153846,610.3001398527043
AY.43.1,21J,0.24961277894976533,0.1168880733167978,-69.37130241337641,-48.08692123145074,656.6666666666666,610.3001398527043
AY.43.4,21J,0.25769658101188236,0.1168880733167978,-75.78747198497278,-48.08692123145074,685.0,610.3001398527043
AY.41,21J,0.24343700982255645,0.1168880733167978,-65.41472063355677,-48.08692123145074,631.8333333333333,610.3001398527043
AY.43.3,21J,0.25134518616509444,0.1168880733167978,-67.09093429369337,-48.08692123145074,666.5879120879122,610.3001398527043
AY.43.6,21J,0.25044254844376285,0.1168880733167978,-71.69995322075694,-48.08692123145074,658.0,610.3001398527043
AY.44,21J,0.23162561920965363,0.1168880733167978,-47.45382295984769,-48.08692123145074,602.6687628997719,610.3001398527043
AY.39.2,21J,0.23927947496827187,0.1168880733167978,-57.28888159797728,-48.08692123145074,621.254,610.3001398527043
AY.45,21J,0.23019335552117964,0.1168880733167978,-53.395595354956924,-48.08692123145074,598.7595818815331,610.3001398527043
AY.46.1,21J,0.24301669104510487,0.1168880733167978,-59.6450277990644,-48.08692123145074,631.5840108401085,610.3001398527043
AY.46,21J,0.23159794864043928,0.1168880733167978,-53.29620848435131,-48.08692123145074,602.5915875169605,610.3001398527043
AY.46.2,21J,0.21710247105952307,0.1168880733167978,-46.82968449247161,-48.08692123145074,573.1818181818182,610.3001398527043
AY.46.3,21J,0.24631897996236243,0.1168880733167978,-67.93708522116525,-48.08692123145074,639.0,610.3001398527043
AY.39.1.1,21J,0.22703674286714734,0.1168880733167978,-56.48897607028022,-48.08692123145074,593.5,610.3001398527043
AY.55,21I,0.19531559900444143,0.10417509379158839,-37.2227696230207,-42.95129325388189,515.3333333333334,579.2578550830931
AY.48,21A,0.20338355096681332,0.09561969247267427,-36.539447335195604,-38.84937799696539,550.0412541254125,560.0098351796811
AY.46.6,21J,0.24566817478305336,0.1168880733167978,-63.287749747014956,-48.08692123145074,637.0772946859903,610.3001398527043
AY.46.5,21J,0.23877122680144683,0.1168880733167978,-60.85267685962604,-48.08692123145074,620.0322580645161,610.3001398527043
AY.47,21I,0.22405152822548438,0.10417509379158839,-44.84738147892244,-42.95129325388189,585.752308125112,579.2578550830931
AY.49,21A,0.19903733574871144,0.09561969247267427,-36.4619659652279,-38.84937799696539,540.7056074766355,560.0098351796811
AY.53,21A,0.1988957487807907,0.09561969247267427,-38.57349746299857,-38.84937799696539,538.375,560.0098351796811
AY.54,21A,0.21687156088165047,0.09561969247267427,-41.78988461671119,-38.84937799696539,571.9298297999402,560.0098351796811
AY.52,21A,0.20302334396885408,0.09561969247267427,-36.70794902659296,-38.84937799696539,545.6582077716098,560.0098351796811
AY.51,21A,0.21862963565608828,0.09561969247267427,-47.921568464162334,-38.84937799696539,580.4250000000001,560.0098351796811
AY.56,21I,0.21700527457458296,0.10417509379158839,-45.45022510372874,-42.95129325388189,572.6505376344086,579.2578550830931
AY.57,21I,0.23844792036545998,0.10417509379158839,-60.15451000114953,-42.95129325388189,619.2156862745097,579.2578550830931
AY.46.4,21J,0.2338161433696534,0.1168880733167978,-52.5351317575175,-48.08692123145074,608.1009750454471,610.3001398527043
AY.64,21I,0.22283536015208655,0.10417509379158839,-47.107532664657725,-42.95129325388189,581.6400797607179,579.2578550830931
AY.59,21I,0.21821624436661693,0.10417509379158839,-49.666282390346005,-42.95129325388189,577.9090909090909,579.2578550830931
AY.60,21I,0.20949531294782284,0.10417509379158839,-46.09832350240839,-42.95129325388189,554.0,579.2578550830931
AY.65,21I,0.21843893688840765,0.10417509379158839,-48.97414618672303,-42.95129325388189,579.24,579.2578550830931
AY.67,21I,0.2093722171798173,0.10417509379158839,-39.37131960122915,-42.95129325388189,553.0615647712698,579.2578550830931
AY.62,21I,0.21106248437741387,0.10417509379158839,-40.44076251514071,-42.95129325388189,561.1274074074074,579.2578550830931
AY.71,21I,0.20333239899502165,0.10417509379158839,-42.40737915405963,-42.95129325388189,549.4,579.2578550830931
AY.68,21I,0.19893425394260256,0.10417509379158839,-41.07914794477658,-42.95129325388189,539.0,579.2578550830931
AY.70,21I,0.2229918753457316,0.10417509379158839,-51.58363302993264,-42.95129325388189,582.16,579.2578550830931
AY.69,21I,0.2508015399403558,0.10417509379158839,-70.1450718038511,-42.95129325388189,661.8333333333333,579.2578550830931
AY.74,21I,0.2144016116542661,0.10417509379158839,-43.02356550816358,-42.95129325388189,570.9516129032257,579.2578550830931
AY.73,21I,0.2176454699422427,0.10417509379158839,-48.90156982041228,-42.95129325388189,575.2352941176471,579.2578550830931
AY.72,21I,0.23329740812385596,0.10417509379158839,-58.155446005924375,-42.95129325388189,606.6875,579.2578550830931
AY.75,21I,0.21760155526279745,0.10417509379158839,-41.79144638682349,-42.95129325388189,574.9901448704051,579.2578550830931
AY.76,21J,0.21746733102595547,0.1168880733167978,-50.246104575469346,-48.08692123145074,574.25,610.3001398527043
AY.81,21J,0.21820553809192605,0.1168880733167978,-45.613860443955105,-48.08692123145074,577.845786963434,610.3001398527043
AY.77,21J,0.21439561984829605,0.1168880733167978,-43.744000431889525,-48.08692123145074,570.9085239085239,610.3001398527043
AY.79,21J,0.23536258957249565,0.1168880733167978,-60.80060610317042,-48.08692123145074,612.0,610.3001398527043
AY.78,21J,0.19886204806970806,0.1168880733167978,-39.24851038911184,-48.08692123145074,537.8333333333333,610.3001398527043
AY.80,21J,0.25647733024397024,0.1168880733167978,-74.55465757162548,-48.08692123145074,673.0,610.3001398527043
AY.86,21J,0.21104139832828323,0.1168880733167978,-43.53139783478603,-48.08692123145074,560.956043956044,610.3001398527043
AY.87,21J,0.2106353370443556,0.1168880733167978,-44.77060737375973,-48.08692123145074,557.7619047619047,610.3001398527043
AY.84,21J,0.23299789678356866,0.1168880733167978,-58.66700462152356,-48.08692123145074,605.875,610.3001398527043
AY.83,21J,0.2395168481753845,0.1168880733167978,-57.83491109229677,-48.08692123145074,621.8520357497516,610.3001398527043
AY.88,21J,0.23061216594532413,0.1168880733167978,-53.912460035870744,-48.08692123145074,599.9227272727273,610.3001398527043
AY.91,21J,0.19889730420491558,0.1168880733167978,-40.14295092763827,-48.08692123145074,538.4000000000001,610.3001398527043
AY.90,21J,0.25660111689477866,0.1168880733167978,-75.04349483263138,-48.08692123145074,674.0,610.3001398527043
AY.85,21J,0.2508478842549256,0.1168880733167978,-68.83201977362359,-48.08692123145074,662.3913043478261,610.3001398527043
AY.93,21J,0.23322838737497587,0.1168880733167978,-59.499871721266764,-48.08692123145074,606.5,610.3001398527043
AY.92,21J,0.23263719055080248,0.1168880733167978,-56.59472156433422,-48.08692123145074,605.5098039215686,610.3001398527043
AY.75.2,21I,0.21370277241719526,0.10417509379158839,-47.12808489593559,-42.95129325388189,566.1818181818181,579.2578550830931
AY.82,21J,0.21177002490227226,0.1168880733167978,-46.658635031150645,-48.08692123145074,564.5,610.3001398527043
AY.98,21J,0.23506927299702685,0.1168880733167978,-56.565090378265715,-48.08692123145074,611.2034632034632,610.3001398527043
AY.94,21J,0.19772843218133815,0.1168880733167978,-40.06260251939883,-48.08692123145074,535.6666666666666,610.3001398527043
AY.99,21J,0.20361302475074097,0.1168880733167978,-41.17576140944109,-48.08692123145074,553.0,610.3001398527043
AY.95,21J,0.214413569963106,0.1168880733167978,-45.95982484051007,-48.08692123145074,571.0377358490566,610.3001398527043
AY.99.1,21J,0.25036464752496085,0.1168880733167978,-67.44402702475803,-48.08692123145074,657.2686567164179,610.3001398527043
AY.98.1,21J,0.24057660430566807,0.1168880733167978,-57.418806108006926,-48.08692123145074,624.5302876480542,610.3001398527043
AY.109,21J,0.24366572380221058,0.1168880733167978,-62.38821927420217,-48.08692123145074,632.4895104895104,610.3001398527043
AY.105,21J,0.22651975993176515,0.1168880733167978,-49.996379953542316,-48.08692123145074,591.798353909465,610.3001398527043
AY.104,21J,0.22439183214779812,0.1168880733167978,-55.620231285969936,-48.08692123145074,586.0,610.3001398527043
AY.106,21J,0.22624853106933474,0.1168880733167978,-51.78086822934366,-48.08692123145074,590.9208633093526,610.3001398527043
AY.100,21J,0.23908047523189163,0.1168880733167978,-53.17665134641583,-48.08692123145074,620.753745075519,610.3001398527043
AY.102,21J,0.23391893737110284,0.1168880733167978,-57.77927365730192,-48.08692123145074,608.3823529411766,610.3001398527043
AY.101,21J,0.2447491939254981,0.1168880733167978,-64.16695963018236,-48.08692123145074,635.9583333333333,610.3001398527043
AY.103,21J,0.23795715727263128,0.1168880733167978,-51.162282319131556,-48.08692123145074,618.1740268236832,610.3001398527043
AY.108,21J,0.21451723888872165,0.1168880733167978,-46.118153579682584,-48.08692123145074,571.7916666666665,610.3001398527043
AY.107,21J,0.23539660495201056,0.1168880733167978,-54.079429773971434,-48.08692123145074,612.0926526999115,610.3001398527043
AY.113,21J,0.23979129831641474,0.1168880733167978,-55.78123796861088,-48.08692123145074,622.5460109524321,610.3001398527043
AY.110,21J,0.21125014487487614,0.1168880733167978,-39.99274947236066,-48.08692123145074,562.6788756388416,610.3001398527043
AY.112,21J,0.2325703821125168,0.1168880733167978,-55.61090299052565,-48.08692123145074,605.3206106870228,610.3001398527043
AY.99.2,21J,0.23624737868395518,0.1168880733167978,-57.073407014375334,-48.08692123145074,613.7902097902098,610.3001398527043
AY.111,21J,0.2435788579169097,0.1168880733167978,-62.865316283890444,-48.08692123145074,632.2380952380952,610.3001398527043
AY.114,21J,0.22487247168207913,0.1168880733167978,-47.33002639216871,-48.08692123145074,587.6235093696763,610.3001398527043
AY.119,21J,0.2355101040967264,0.1168880733167978,-51.833725923956386,-48.08692123145074,612.402534965035,610.3001398527043
AY.118,21J,0.22943905956844754,0.1168880733167978,-48.639971450081035,-48.08692123145074,596.6678586552488,610.3001398527043
AY.116,21J,0.21399644143784793,0.1168880733167978,-44.45609209062936,-48.08692123145074,568.1276595744681,610.3001398527043
AY.116.1,21J,0.22493517024462514,0.1168880733167978,-47.44848181297835,-48.08692123145074,587.8383651673856,610.3001398527043
AY.117,21J,0.2388714987677786,0.1168880733167978,-54.688834890693784,-48.08692123145074,620.2859420844495,610.3001398527043
AY.120,21J,0.24062405235943934,0.1168880733167978,-58.49657325948714,-48.08692123145074,624.6525096525097,610.3001398527043
AY.120.1,21J,0.22546711945003908,0.1168880733167978,-47.88455246952247,-48.08692123145074,589.697166744078,610.3001398527043
AY.119.1,21J,0.25147737509620727,0.1168880733167978,-68.10651856968586,-48.08692123145074,668.5555555555555,610.3001398527043
AY.120.2.1,21J,0.21703885530931477,0.1168880733167978,-49.596592643210755,-48.08692123145074,572.8333333333333,610.3001398527043
AY.120.2,21J,0.21688469902207247,0.1168880733167978,-50.606963850601105,-48.08692123145074,572.0,610.3001398527043
AY.122,21J,0.23129207287237902,0.1168880733167978,-49.513960947397294,-48.08692123145074,601.8164629842875,610.3001398527043
AY.121,21J,0.24665573132288657,0.1168880733167978,-61.89542020477118,-48.08692123145074,640.0773162939297,610.3001398527043
AY.121.1,21J,0.25142118225402843,0.1168880733167978,-67.92680024785557,-48.08692123145074,667.6987951807229,610.3001398527043
AY.119.2,21J,0.23921788323847426,0.1168880733167978,-55.23447556852274,-48.08692123145074,621.0990767045455,610.3001398527043
AY.122.2,21J,0.2117096879029369,0.1168880733167978,-47.723200430296515,-48.08692123145074,564.0,610.3001398527043
AY.122.1,21J,0.23828914903077889,0.1168880733167978,-58.63137559697631,-48.08692123145074,619.0283018867924,610.3001398527043
AY.124,21J,0.23770131087015914,0.1168880733167978,-59.15860984855241,-48.08692123145074,617.5172413793103,610.3001398527043
AY.124.1,21J,0.2512992015719266,0.1168880733167978,-68.73794255667602,-48.08692123145074,665.9411764705882,610.3001398527043
AY.128,21J,0.24027189669457236,0.1168880733167978,-63.14043863185643,-48.08692123145074,623.75,610.3001398527043
AY.125,21J,0.24584629021168064,0.1168880733167978,-61.68560057952358,-48.08692123145074,637.5864465682016,610.3001398527043
AY.127,21J,0.24834718338708903,0.1168880733167978,-63.3213442136816,-48.08692123145074,646.9471326164875,610.3001398527043
AY.126,21J,0.23957799190629855,0.1168880733167978,-58.12326003927433,-48.08692123145074,622.0063775510204,610.3001398527043
AZ.1,20B,0.1516772210969453,0.014998388834402193,-19.15587510316368,-1.4710107053118264,408.40000000000003,333.95096580113994
AZ.5,20B,0.21426789444750194,0.014998388834402193,-49.847006254675776,-1.4710107053118264,570.0,333.95096580113994
AY.127.1,21J,0.24812530055113116,0.1168880733167978,-65.32023644833285,-48.08692123145074,645.7938931297709,610.3001398527043
AY.131,21J,0.2564137460898521,0.1168880733167978,-74.22420141941316,-48.08692123145074,672.5,610.3001398527043
AY.133,21I,0.2486519099461789,0.10417509379158839,-68.13836181087048,-42.95129325388189,648.7272727272726,579.2578550830931
AZ.2,20B,0.17637139091766263,0.014998388834402193,-31.138361141054485,-1.4710107053118264,439.0,333.95096580113994
AY.132,21J,0.25827758507463205,0.1168880733167978,-76.88082638325992,-48.08692123145074,693.0,610.3001398527043
AY.129,21J,0.24739956346102673,0.1168880733167978,-63.9441296343518,-48.08692123145074,642.6246153846153,610.3001398527043
B.1,20A,0.12154419681733877,0.010435270606816177,0.7310829152278875,0.41734082689292484,200.81205600589536,286.8953708124453
AZ.3,20B,0.17991593134210265,0.014998388834402193,-26.144882915937938,-1.4710107053118264,444.8073654390935,333.95096580113994
B,19A,0.19019408568797241,0.052181464013797696,-28.733273640243354,-18.980703950751746,478.4768323504633,453.4379157427938
B.1.1.8,20B,0.12116403288457411,0.014998388834402193,-6.367211757165537,-1.4710107053118264,159.32631578947368,333.95096580113994
B.1.1,20B,0.12594405017284346,0.014998388834402193,-1.907481505396993,-1.4710107053118264,270.8230648484254,333.95096580113994
B.1.1.44,20B,0.1271186452663656,0.014998388834402193,-9.064481986085354,-1.4710107053118264,291.1363636363637,333.95096580113994
B.1.1.1,20D,0.12753722190361486,0.02617016026941899,-6.842637091054833,-9.610260230361053,294.6315789473684,394.2587412587412
B.1.1.7,20I,0.1807856969895519,0.04898178480791309,-20.68061731287196,-13.84679248599876,446.4880234522913,446.7448112018154
B.1.1.10,20B,0.11375641571847733,0.014998388834402193,-5.730775831083817,-1.4710107053118264,129.8709677419355,333.95096580113994
B.1.1.37,20B,0.13642805820072396,0.014998388834402193,-13.963747164635947,-1.4710107053118264,345.3333333333333,333.95096580113994
B.1.1.33,20B,0.1198114284987369,0.014998388834402193,-5.025598891542874,-1.4710107053118264,177.991341991342,333.95096580113994
B.1.1.28,20B,0.13992861844012966,0.014998388834402193,-11.098949390781,-1.4710107053118264,376.63243243243244,333.95096580113994
B.1.1.27,20B,0.12400117753180745,0.014998388834402193,-8.858063629260958,-1.4710107053118264,243.41666666666666,333.95096580113994
B.1.1.46,20B,0.12625102910170108,0.014998388834402193,-10.8142312522924,-1.4710107053118264,275.66666666666663,333.95096580113994
B.1.1.39,20B,0.13508169407353973,0.014998388834402193,-11.60942153648696,-1.4710107053118264,336.75,333.95096580113994
B.1.1.25,20B,0.13599473508114135,0.014998388834402193,-9.63509196853962,-1.4710107053118264,342.6734693877551,333.95096580113994
B.1.1.50,20B,0.12885406659731716,0.014998388834402193,-10.465295154263698,-1.4710107053118264,314.8888888888888,333.95096580113994
B.1.1.57,20B,0.1373075180014803,0.014998388834402193,-13.98275834762567,-1.4710107053118264,352.25,333.95096580113994
B.1.1.83,20B,0.12051898594918801,0.014998388834402193,-7.763859429035485,-1.4710107053118264,186.94117647058826,333.95096580113994
B.1.1.63,20B,0.12472110929880957,0.014998388834402193,-8.381446749093392,-1.4710107053118264,252.56521739130434,333.95096580113994
B.1.1.67,20B,0.13590419089523295,0.014998388834402193,-14.882210267961932,-1.4710107053118264,342.0,333.95096580113994
B.1.1.70,20B,0.12342904842416612,0.014998388834402193,-8.434452619041577,-1.4710107053118264,231.9375,333.95096580113994
B.1.1.135,20B,0.12220570621078171,0.014998388834402193,-4.800093560861141,-1.4710107053118264,211.20562770562773,333.95096580113994
B.1.1.117,20B,0.14589143822490092,0.014998388834402193,-15.716331073374045,-1.4710107053118264,381.4375,333.95096580113994
B.1.1.141,20B,0.13585012796371995,0.014998388834402193,-13.2542933452283,-1.4710107053118264,341.6,333.95096580113994
B.1.1.101,20B,0.1373174904361658,0.014998388834402193,-11.876058224177596,-1.4710107053118264,352.3333333333333,333.95096580113994
B.1.1.153,20B,0.1371540846460361,0.014998388834402193,-13.928813162735583,-1.4710107053118264,351.0,333.95096580113994
B.1.1.161,20B,0.23867899582899793,0.014998388834402193,-58.79576662509444,-1.4710107053118264,619.7991266375547,333.95096580113994
B.1.1.99,20B,0.14604392250809406,0.014998388834402193,-16.93770277954782,-1.4710107053118264,382.20000000000005,333.95096580113994
B.1.1.159,20B,0.12763025543950052,0.014998388834402193,-10.690047015579685,-1.4710107053118264,296.6,333.95096580113994
B.1.1.163,20B,0.13504743247325143,0.014998388834402193,-13.900473800876682,-1.4710107053118264,336.5,333.95096580113994
B.1.1.61,20B,0.09730263508787418,0.014998388834402193,-3.2727273767780494,-1.4710107053118264,99.68421052631577,333.95096580113994
B.1.1.170,20B,0.13844484648878802,0.014998388834402193,-14.164324750292415,-1.4710107053118264,361.20000000000005,333.95096580113994
B.1.1.174,20B,0.12230364108144594,0.014998388834402193,-5.53680146872809,-1.4710107053118264,212.28761061946904,333.95096580113994
B.1.1.192,20B,0.12623846638767455,0.014998388834402193,-5.615962527198932,-1.4710107053118264,275.40480591497226,333.95096580113994
B.1.1.176,20B,0.13690521372741302,0.014998388834402193,-15.228000783818905,-1.4710107053118264,349.0,333.95096580113994
B.1.1.203,20B,0.12431786754713356,0.014998388834402193,-10.32205430861757,-1.4710107053118264,249.66666666666666,333.95096580113994
B.1.1.189,20B,0.12543027049608074,0.014998388834402193,-10.086127154715255,-1.4710107053118264,262.40000000000003,333.95096580113994
B.1.1.220,20B,0.1378122223994405,0.014998388834402193,-12.839471392650728,-1.4710107053118264,356.1333333333333,333.95096580113994
B.1.1.216,20B,0.13690887990787637,0.014998388834402193,-11.645764841730646,-1.4710107053118264,349.02777777777777,333.95096580113994
B.1.1.186,20B,0.12713215922460666,0.014998388834402193,-6.29582975401776,-1.4710107053118264,291.4375,333.95096580113994
B.1.1.205,20B,0.1228075788202315,0.014998388834402193,-5.6957856662431885,-1.4710107053118264,220.7581395348837,333.95096580113994
B.1.1.207,20B,0.1350340733940558,0.014998388834402193,-7.520102781665182,-1.4710107053118264,336.40255319148935,333.95096580113994
B.1.1.228,20B,0.12324980332111213,0.014998388834402193,-4.910045001032013,-1.4710107053118264,228.75047984644917,333.95096580113994
B.1.1.214,20B,0.13724522209376203,0.014998388834402193,-12.862224354061723,-1.4710107053118264,351.75,333.95096580113994
B.1.1.181,20B,0.12566875360626797,0.014998388834402193,-10.370006336844042,-1.4710107053118264,265.25,333.95096580113994
B.1.1.243,20B,0.12789582542255876,0.014998388834402193,-10.2921422557065,-1.4710107053118264,296.75,333.95096580113994
B.1.1.274,20B,0.14608343452664158,0.014998388834402193,-15.161049312295747,-1.4710107053118264,382.40000000000003,333.95096580113994
B.1.1.265,20B,0.12990053294189108,0.014998388834402193,-7.012707214286772,-1.4710107053118264,318.24870466321244,333.95096580113994
B.1.1.263,20B,0.1269530407293925,0.014998388834402193,-10.72131880021764,-1.4710107053118264,287.5,333.95096580113994
B.1.1.291,20B,0.1209732271963331,0.014998388834402193,-3.5702689604448286,-1.4710107053118264,158.20516214427528,333.95096580113994
B.1.1.294,20B,0.1263189495547433,0.014998388834402193,-9.533719982080374,-1.4710107053118264,277.0909090909091,333.95096580113994
B.1.1.298,20B,0.12636195837265893,0.014998388834402193,-11.94355253118265,-1.4710107053118264,278.0,333.95096580113994
B.1.1.312,20B,0.13086942613788494,0.014998388834402193,-11.322984305456377,-1.4710107053118264,325.28571428571433,333.95096580113994
B.1.1.305,20B,0.1259927708250999,0.014998388834402193,-9.358397909726454,-1.4710107053118264,271.8333333333333,333.95096580113994
B.1.1.231,20B,0.12426106160184837,0.014998388834402193,-5.466348079492569,-1.4710107053118264,248.42631578947373,333.95096580113994
B.1.1.306,20B,0.13106633529530182,0.014998388834402193,-9.158868869522626,-1.4710107053118264,328.4461538461539,333.95096580113994
B.1.1.316,20B,0.13688421255217043,0.014998388834402193,-7.898826875467616,-1.4710107053118264,348.83278255122275,333.95096580113994
B.1.1.369,20B,0.020398045422045288,0.014998388834402193,-3.3470388572491396,-1.4710107053118264,48.0,333.95096580113994
B.1.1.317,20B,0.13727353974491355,0.014998388834402193,-11.1524023571816,-1.4710107053118264,351.98507462686564,333.95096580113994
B.1.1.318,20B,0.18314136618417706,0.014998388834402193,-26.640211674422588,-1.4710107053118264,452.11555312157725,333.95096580113994
B.1.1.329,20B,0.12678535294861426,0.014998388834402193,-6.294513958332577,-1.4710107053118264,283.9153605015674,333.95096580113994
B.1.1.348,20B,0.14681842677704024,0.014998388834402193,-12.471023084508834,-1.4710107053118264,386.2150170648464,333.95096580113994
B.1.1.359,20B,0.12636193256330033,0.014998388834402193,-10.557250523150703,-1.4710107053118264,278.0,333.95096580113994
B.1.1.354,20B,0.13857893889707362,0.014998388834402193,-15.129137057417584,-1.4710107053118264,362.5,333.95096580113994
B.1.1.368,20B,0.13705024088670964,0.014998388834402193,-9.438060595694374,-1.4710107053118264,350.156976744186,333.95096580113994
B.1.1.326,20A,0.09701504098952485,0.010435270606816177,-6.371035131591951,0.41734082689292484,98.20000000000002,286.8953708124453
B.1.1.351,20B,0.13750981499111792,0.014998388834402193,-11.362946904986138,-1.4710107053118264,353.9661016949152,333.95096580113994
B.1.1.371,20B,0.13523657931690586,0.014998388834402193,-13.26909865126716,-1.4710107053118264,337.25,333.95096580113994
B.1.1.397,20B,0.13850721199411808,0.014998388834402193,-14.186870422350575,-1.4710107053118264,361.8,333.95096580113994
B.1.1.378,20B,0.12386911562588923,0.014998388834402193,-10.212394198582128,-1.4710107053118264,240.66666666666666,333.95096580113994
B.1.1.376,20B,0.12068131266861808,0.014998388834402193,-5.380570150184754,-1.4710107053118264,189.11578947368423,333.95096580113994
B.1.1.391,20B,0.12220536475912641,0.014998388834402193,-9.326148433125379,-1.4710107053118264,211.2,333.95096580113994
B.1.1.398,20B,0.11569260683524518,0.014998388834402193,-6.089614537448029,-1.4710107053118264,135.76785714285714,333.95096580113994
B.1.1.464,20B,0.12333749244124281,0.014998388834402193,-4.187376166929889,-1.4710107053118264,230.20000000000002,333.95096580113994
B.1.1.432,20B,0.1297646584892564,0.014998388834402193,-6.137618572013823,-1.4710107053118264,315.8850056369786,333.95096580113994
B.1.1.434,20B,0.1316002820169615,0.014998388834402193,-5.528063312805899,-1.4710107053118264,333.6888736263736,333.95096580113994
B.1.1.404,20B,0.1263146382320056,0.014998388834402193,-11.93042144302276,-1.4710107053118264,277.0,333.95096580113994
B.1.1.416,20B,0.13132848893921356,0.014998388834402193,-6.080875462752871,-1.4710107053118264,329.3919007184847,333.95096580113994
B.1.1.413,20B,0.13812712443738792,0.014998388834402193,-13.580674073191231,-1.4710107053118264,359.0,333.95096580113994
B.1.1.420,20B,0.14808611020042614,0.014998388834402193,-14.684540738528904,-1.4710107053118264,393.08571428571435,333.95096580113994
B.1.1.418,20B,0.13091645195036872,0.014998388834402193,-9.189864386316566,-1.4710107053118264,326.03333333333336,333.95096580113994
B.1.1.485,20B,0.12478306102219529,0.014998388834402193,-9.740867512316251,-1.4710107053118264,253.83333333333331,333.95096580113994
B.1.1.374,20B,0.14946944136110385,0.014998388834402193,-19.88938913248051,-1.4710107053118264,404.0,333.95096580113994
B.1.1.462,20B,0.1206357054489573,0.014998388834402193,-7.72861145115557,-1.4710107053118264,188.5,333.95096580113994
B.1.1.486,20B,0.13632079624385784,0.014998388834402193,-8.481420737813837,-1.4710107053118264,344.694964028777,333.95096580113994
B.1.1.487,20B,0.1299148222711549,0.014998388834402193,-12.279947702437207,-1.4710107053118264,318.5,333.95096580113994
B.1.8,20A,0.0928106874676053,0.010435270606816177,-3.7509314593827314,0.41734082689292484,85.14893617021276,286.8953708124453
B.1.9,20A,0.12528717611738155,0.010435270606816177,-8.522726399941773,0.41734082689292484,259.5652173913044,286.8953708124453
B.1.22,20A,0.1973147215715728,0.010435270606816177,-38.10784619258977,0.41734082689292484,528.7647058823529,286.8953708124453
B.1.36,20A,0.1315362138277604,0.010435270606816177,-7.866541731692906,0.41734082689292484,332.6618181818182,286.8953708124453
B.1.36.1,20A,0.13092689915251457,0.010435270606816177,-10.985030684726764,0.41734082689292484,326.20000000000005,286.8953708124453
B.1.3,20C,0.12100340946252254,0.007651817666639879,-4.284446631958404,1.3194005630805827,193.01317957166395,249.96376972281448
B.1.1.525,20B,0.14652113950775048,0.014998388834402193,-16.165172151242217,-1.4710107053118264,384.6923076923077,333.95096580113994
B.1.1.519,20B,0.15253048807621006,0.014998388834402193,-11.39235607632639,-1.4710107053118264,413.332712302422,333.95096580113994
B.1.2,20G,0.13541245107909872,0.015562051613376576,-2.807406803859269,-0.8065618544669886,338.5201197072026,338.5201197072026
B.1.1.523,20B,0.18939691156162558,0.014998388834402193,-33.74660719452578,-1.4710107053118264,473.66666666666663,333.95096580113994
B.1.1.459,20B,0.12570645516116366,0.014998388834402193,-11.766315985387138,-1.4710107053118264,266.0,333.95096580113994
B.1.36.7,20A,0.13966471785539433,0.010435270606816177,-14.274448674925042,0.41734082689292484,373.2857142857142,286.8953708124453
B.1.36.22,20A,0.15292434724355644,0.010435270606816177,-21.275358012915273,0.41734082689292484,417.0,286.8953708124453
B.1.36.16,20A,0.12397182784980725,0.010435270606816177,-9.726397224830327,0.41734082689292484,242.8,286.8953708124453
B.1.36.18,20A,0.13914939195850068,0.010435270606816177,-14.420490762289907,0.41734082689292484,367.8,286.8953708124453
B.1.36.24,20A,0.13993126521762014,0.010435270606816177,-15.221688939463693,0.41734082689292484,376.66666666666663,286.8953708124453
B.1.36.19,20A,0.13677637044621174,0.010435270606816177,-14.48995768224142,0.41734082689292484,348.0,286.8953708124453
B.1.78,20A,0.12861232965233405,0.010435270606816177,-7.37209330412532,0.41734082689292484,309.7173913043478,286.8953708124453
B.1.110,20A,0.09878475993706033,0.010435270606816177,-3.1593744454887847,0.41734082689292484,109.26174496644293,286.8953708124453
B.1.36.35,20A,0.1461031525298848,0.010435270606816177,-17.87664121041544,0.41734082689292484,382.5,286.8953708124453
B.1.126,20A,0.12664509402360744,0.010435270606816177,-4.78561444655333,0.41734082689292484,281.4823359769286,286.8953708124453
B.1.36.29,20A,0.14954831943885416,0.010435270606816177,-15.644617125373049,0.41734082689292484,404.74999999999994,286.8953708124453
B.1.128,20A,0.12037057511843498,0.010435270606816177,-10.097766196069587,0.41734082689292484,155.0,286.8953708124453
B.1.36.38,20A,0.12753889356978015,0.010435270606816177,-10.075250417026776,0.41734082689292484,294.66666666666663,286.8953708124453
B.1.110.3,20A,0.12672332980881035,0.010435270606816177,-4.531074429106438,0.41734082689292484,283.1273920174959,286.8953708124453
B.1.91,20A,0.012750108162563185,0.010435270606816177,-1.0384761819094153,0.41734082689292484,46.857142857142854,286.8953708124453
B.1.111,20A,0.14010259238598458,0.010435270606816177,-10.125451224860011,0.41734082689292484,378.99043977055453,286.8953708124453
B.1.36.31,20A,0.13831655813205157,0.010435270606816177,-11.092773566735028,0.41734082689292484,359.9902912621359,286.8953708124453
B.1.147,20A,0.12548109552148964,0.010435270606816177,-8.76448849035548,0.41734082689292484,263.42105263157896,286.8953708124453
B.1.177,20E,0.13663564852177085,0.01653853159697682,-9.881937059872133,-7.272211020498445,346.9109947643979,347.39009287925694
B.1.160,20A,0.13542035992154308,0.010435270606816177,-10.45481496761116,0.41734082689292484,338.57746478873236,286.8953708124453
B.1.160.16,20A,0.13743597792999787,0.010435270606816177,-14.315759352844012,0.41734082689292484,353.3333333333333,286.8953708124453
B.1.177.7,20E,0.14689789976520576,0.01653853159697682,-17.776439518340297,-7.272211020498445,386.66666666666663,347.39009287925694
B.1.177.18,20E,0.1363658561066722,0.01653853159697682,-12.332843312225494,-7.272211020498445,344.8666666666667,347.39009287925694
B.1.177.46,20E,0.13576868948497026,0.01653853159697682,-14.835936494903946,-7.272211020498445,341.0,347.39009287925694
B.1.146,20A,0.12657378410940967,0.010435270606816177,-12.00049333696069,0.41734082689292484,280.0,286.8953708124453
B.1.177.54,20E,0.12647633456774984,0.01653853159697682,-11.280157989615043,-7.272211020498445,278.0,347.39009287925694
B.1.177.60,20E,0.13520181503738332,0.01653853159697682,-13.545060814839388,-7.272211020498445,337.0,347.39009287925694
B.1.177.81,20E,0.12546018231130315,0.01653853159697682,-11.70342290367794,-7.272211020498445,263.0,347.39009287925694
B.1.177.86,20E,0.13157297424333977,0.01653853159697682,-11.010645763392798,-7.272211020498445,333.25,347.39009287925694
B.1.179,20A,0.1349787946269117,0.010435270606816177,-11.862491222283126,0.41734082689292484,336.0,286.8953708124453
B.1.177.53,20E,0.13535071223672812,0.01653853159697682,-10.980359211953086,-7.272211020498445,338.07317073170736,347.39009287925694
B.1.177.82,20E,0.12748312830919398,0.01653853159697682,-11.56292835370676,-7.272211020498445,293.5,347.39009287925694
B.1.189,20A,0.1240364581618963,0.010435270606816177,-8.712205329800257,0.41734082689292484,243.64285714285714,286.8953708124453
B.1.210,20A,0.125376771649082,0.010435270606816177,-10.582943253395689,0.41734082689292484,261.3333333333333,286.8953708124453
B.1.206,20A,0.12178311004685051,0.010435270606816177,-3.693145526602061,0.41734082689292484,163.3048620236531,286.8953708124453
B.1.212,20A,0.134702823817608,0.010435270606816177,-13.78494448842196,0.41734082689292484,334.0,286.8953708124453
B.1.214.2,20A,0.1617851856376869,0.010435270606816177,-19.861871936968363,0.41734082689292484,424.27631578947364,286.8953708124453
B.1.222,20A,0.1308091096553081,0.010435270606816177,-12.150690214977837,0.41734082689292484,324.3333333333333,286.8953708124453
B.1.232,20A,0.13151286794121486,0.010435270606816177,-5.763107054949846,0.41734082689292484,332.28980322003576,286.8953708124453
B.1.239,20A,0.12798247942712956,0.010435270606816177,-5.445600105743492,0.41734082689292484,298.4593301435407,286.8953708124453
B.1.221,20A,0.13801942722255045,0.010435270606816177,-12.913456504372238,0.41734082689292484,358.0,286.8953708124453
B.1.236,20A,0.12629562044376055,0.010435270606816177,-10.315718577684716,0.41734082689292484,276.6,286.8953708124453
B.1.234,20A,0.1314610162670157,0.010435270606816177,-4.31275394957133,0.41734082689292484,331.46772644830895,286.8953708124453
B.1.243,20A,0.12991877785705727,0.010435270606816177,-3.183754962369877,0.41734082689292484,318.56921354603975,286.8953708124453
B.1.241,20A,0.1280785292799938,0.010435270606816177,-4.974308963153199,0.41734082689292484,300.3784097504353,286.8953708124453
B.1.240,20A,0.12503788860059464,0.010435270606816177,-2.667758389157848,0.41734082689292484,259.18552335582905,286.8953708124453
B.1.214.3,20A,0.15145268606887377,0.010435270606816177,-19.575196965367564,0.41734082689292484,406.66666666666663,286.8953708124453
B.1.258.3,20A,0.13497880520120634,0.010435270606816177,-13.877397594338614,0.41734082689292484,336.0,286.8953708124453
B.1.258,20A,0.13807817904414235,0.010435270606816177,-11.394060086353788,0.41734082689292484,358.5428571428572,286.8953708124453
B.1.265,20C,0.1284850861522501,0.007651817666639879,-5.690333297455484,1.3194005630805827,308.8079748163694,249.96376972281448
B.1.258.17,20A,0.1362828777214819,0.010435270606816177,-11.348706014763941,0.41734082689292484,344.4102564102564,286.8953708124453
B.1.260,20A,0.12974059623900228,0.010435270606816177,-10.084654553549267,0.41734082689292484,315.4705882352941,286.8953708124453
B.1.298,20C,0.12877494812877135,0.007651817666639879,-6.325939884427437,1.3194005630805827,313.1742286751361,249.96376972281448
B.1.319,20C,0.09543899197203584,0.007651817666639879,-2.1274501165265627,1.3194005630805827,91.56,249.96376972281448
B.1.336,20C,0.11950488154129915,0.007651817666639879,-4.300331536703314,1.3194005630805827,174.36283185840705,249.96376972281448
B.1.324,20C,0.12550990091350891,0.007651817666639879,-4.846470381101616,1.3194005630805827,264.0031152647975,249.96376972281448
B.1.320,20C,0.09748756432962598,0.007651817666639879,-0.9499549437608951,1.3194005630805827,100.69367088607595,249.96376972281448
B.1.340,20C,0.12281535676226038,0.007651817666639879,-5.422694368753002,1.3194005630805827,220.8939929328622,249.96376972281448
B.1.311,20C,0.13563895953674526,0.007651817666639879,-6.430051887590875,1.3194005630805827,340.0504672897196,249.96376972281448
B.1.346,20C,0.1267360436739366,0.007651817666639879,-5.769556942578804,1.3194005630805827,283.3966165413534,249.96376972281448
B.1.350,20C,0.12419007462990983,0.007651817666639879,-7.199284062380048,1.3194005630805827,246.8939393939394,249.96376972281448
B.1.349,20C,0.12846523441380964,0.007651817666639879,-5.198457193906717,1.3194005630805827,308.38411878631376,249.96376972281448
B.1.351,20H,0.1670802682699154,0.04419909528027736,-19.06460403672262,-16.066936553452305,436.50551876379694,437.10600600600606
B.1.351.2,20H,0.1775708900098825,0.04419909528027736,-28.67037164616714,-16.066936553452305,440.95000000000005,437.10600600600606
B.1.362,20C,0.14744543770567572,0.007651817666639879,-14.730943442128929,1.3194005630805827,389.94871794871796,249.96376972281448
B.1.361,20C,0.1286665106807348,0.007651817666639879,-5.6655562820218455,1.3194005630805827,310.85935984481085,249.96376972281448
B.1.351.3,20H,0.1790853159502798,0.04419909528027736,-28.005125665608155,-16.066936553452305,443.5921052631579,437.10600600600606
B.1.356,20C,0.09178466272438841,0.007651817666639879,-3.931535468642062,1.3194005630805827,82.61111111111111,249.96376972281448
B.1.351.5,20H,0.1849146579687917,0.04419909528027736,-30.81365326688132,-16.066936553452305,458.2857142857142,437.10600600600606
B.1.371,20C,0.09071428591158756,0.007651817666639879,-0.32371392190176956,1.3194005630805827,80.37551355792934,249.96376972281448
B.1.367,20C,0.12592839400876932,0.007651817666639879,-11.132701118067015,1.3194005630805827,270.5,249.96376972281448
B.1.377,20A,0.12457803332272671,0.010435270606816177,-5.73480865436517,0.41734082689292484,249.6837060702875,286.8953708124453
B.1.379,20A,0.12143528541331798,0.010435270606816177,-7.326944899614627,0.41734082689292484,161.0,286.8953708124453
B.1.395,20A,0.12975332522288072,0.010435270606816177,-9.554588718376205,0.41734082689292484,315.6896551724138,286.8953708124453
B.1.391,20A,0.10829071361520183,0.010435270606816177,-5.162618852760574,0.41734082689292484,115.74999999999999,286.8953708124453
B.1.396,20A,0.12695328872870598,0.010435270606816177,-4.7520436265315,0.41734082689292484,287.5054313099041,286.8953708124453
B.1.375,20C,0.13618781992165738,0.007651817666639879,-8.021114161632767,1.3194005630805827,343.7005703422053,249.96376972281448
B.1.397,20A,0.12403242576010426,0.010435270606816177,-5.988988197585749,0.41734082689292484,243.5586854460094,286.8953708124453
B.1.398,20A,0.13101822637795638,0.010435270606816177,-11.525713656827975,0.41734082689292484,327.66666666666663,286.8953708124453
B.1.402,20A,0.12501763215138836,0.010435270606816177,-6.67276124753402,0.41734082689292484,258.75182481751824,286.8953708124453
B.1.399,20A,0.12457770623931914,0.010435270606816177,-5.13529381675665,0.41734082689292484,249.67719298245615,286.8953708124453
B.1.400,20A,0.12812785485076839,0.010435270606816177,-4.383911382832333,0.41734082689292484,301.3742078580482,286.8953708124453
B.1.409,20A,0.13642033100446535,0.010435270606816177,-7.82407206230863,0.41734082689292484,345.2752161383285,286.8953708124453
B.1.404,20A,0.13566890631469578,0.010435270606816177,-7.77197395293678,0.41734082689292484,340.2690265486725,286.8953708124453
B.1.416,20A,0.12532454903024776,0.010435270606816177,-9.365349948691245,0.41734082689292484,260.3,286.8953708124453
B.1.415.1,20A,0.1973486718030988,0.010435270606816177,-37.963287841200355,0.41734082689292484,529.3,286.8953708124453
B.1.416.1,20A,0.13739672496437594,0.010435270606816177,-15.400508970043441,0.41734082689292484,353.0,286.8953708124453
B.1.428,20C,0.12289450375912331,0.007651817666639879,-8.446621994149893,1.3194005630805827,222.28571428571425,249.96376972281448
B.1.436,20A,0.12662358961390144,0.010435270606816177,-4.884366072971469,0.41734082689292484,281.03362690152125,286.8953708124453
B.1.426,20C,0.1213282999376845,0.007651817666639879,-3.6819127622441874,1.3194005630805827,160.32797202797204,249.96376972281448
B.1.420,20A,0.14564491157971196,0.010435270606816177,-15.561820992808288,0.41734082689292484,380.235294117647,286.8953708124453
B.1.433,20C,0.13608097216869317,0.007651817666639879,-9.108070512829391,1.3194005630805827,342.90935672514615,249.96376972281448
B.1.438,20A,0.13549794757127637,0.010435270606816177,-10.301134873212298,0.41734082689292484,339.1411764705882,286.8953708124453
B.1.427,21C,0.1471651298024344,0.024355891453842936,-8.91732987256113,-4.726535342595608,388.227047570245,387.99927351979653
B.1.429,21C,0.14712023856544196,0.024355891453842936,-8.12950079917685,-4.726535342595608,387.9595636191154,387.99927351979653
B.1.453,20C,0.12153092930972619,0.007651817666639879,-4.8487389081968395,1.3194005630805827,200.6135770234987,249.96376972281448
B.1.441,20A,0.11924290856183005,0.010435270606816177,-7.252187231333494,0.41734082689292484,149.24137931034483,286.8953708124453
B.1.466,20A,0.12708245855314357,0.010435270606816177,-11.046391175657757,0.41734082689292484,290.3333333333333,286.8953708124453
B.1.459,20A,0.32119908293117383,0.010435270606816177,-119.52561235895614,0.41734082689292484,693.0,286.8953708124453
B.1.438.1,20A,0.15148543403120318,0.010435270606816177,-16.626687825653335,0.41734082689292484,406.91379310344826,286.8953708124453
B.1.462,20A,0.13152606804379804,0.010435270606816177,-12.786791387780426,0.41734082689292484,332.5,286.8953708124453
B.1.466.1,20A,0.13631104030674016,0.010435270606816177,-11.411052206610966,0.41734082689292484,344.62162162162167,286.8953708124453
B.1.470,20A,0.15321847914574452,0.010435270606816177,-21.3984654954703,0.41734082689292484,420.0,286.8953708124453
B.1.466.2,20A,0.16564408560616437,0.010435270606816177,-24.306799537620144,0.41734082689292484,430.44444444444446,286.8953708124453
B.1.480,20A,0.1378372298555181,0.010435270606816177,-12.122443131518255,0.41734082689292484,356.3548387096774,286.8953708124453
B.1.503,20C,0.12058598465319864,0.007651817666639879,-4.827983759529593,1.3194005630805827,156.25373134328356,249.96376972281448
B.1.499,20C,0.12278191959033478,0.007651817666639879,-7.254102459543908,1.3194005630805827,220.31111111111113,249.96376972281448
B.1.471,20A,0.1390385930881661,0.010435270606816177,-13.0988714758908,0.41734082689292484,366.6111111111111,286.8953708124453
B.1.509,20C,0.12375644532892778,0.007651817666639879,-4.004701482788241,1.3194005630805827,238.3696551724138,249.96376972281448
B.1.497,20C,0.1360932578544397,0.007651817666639879,-14.253947502850849,1.3194005630805827,343.0,249.96376972281448
B.1.527,20A,0.13661891659188966,0.010435270606816177,-11.992912859761601,0.41734082689292484,346.78260869565213,286.8953708124453
B.1.517,20C,0.1389907935875988,0.007651817666639879,-8.116574462411624,1.3194005630805827,366.1081814656844,249.96376972281448
B.1.525,21D,0.1626307908797676,0.04011836073058054,-17.954424632040322,-15.115045532283235,428.0442779291553,428.0442779291553
B.1.526,21F,0.16678860452206024,0.0435941855950791,-16.295036865952955,-13.20251805228607,435.1555730160512,435.1555730160512
B.1.530,20A,0.1373798331809561,0.010435270606816177,-13.448637395711629,0.41734082689292484,352.8571428571429,286.8953708124453
B.1.533,20B,0.12860596699934937,0.014998388834402193,-6.004419736422889,-1.4710107053118264,309.5839112343967,333.95096580113994
B.1.540,20A,0.12240621027497169,0.010435270606816177,-11.124101203704992,0.41734082689292484,168.0,286.8953708124453
B.1.544,20A,0.13537413258598183,0.010435270606816177,-9.393583357017558,0.41734082689292484,338.24257425742576,286.8953708124453
B.1.566,20C,0.12427211464210548,0.007651817666639879,-7.912758964603169,1.3194005630805827,248.66666666666669,249.96376972281448
B.1.558,20A,0.12712073358464826,0.010435270606816177,-6.991346537409576,0.41734082689292484,291.18285714285713,286.8953708124453
B.1.549,20A,0.13755225811835328,0.010435270606816177,-14.356903288197332,0.41734082689292484,354.3333333333333,286.8953708124453
B.1.561,20A,0.13646930593101464,0.010435270606816177,-7.0931699989944805,0.41734082689292484,345.64427012278304,286.8953708124453
B.1.565,20A,0.1260392524686721,0.010435270606816177,-4.070657054539506,0.41734082689292484,272.804158004158,286.8953708124453
B.1.567,20C,0.12375043411741908,0.007651817666639879,-5.572160775171895,1.3194005630805827,238.24834437086093,249.96376972281448
B.1.551,20A,0.13850516108248132,0.010435270606816177,-8.804388574612796,0.41734082689292484,361.7801287948482,286.8953708124453
B.1.570,20C,0.12238117009196774,0.007651817666639879,-4.75524363231875,1.3194005630805827,213.54980079681275,249.96376972281448
B.1.560,20A,0.16604475825121046,0.010435270606816177,-24.88504070843113,0.41734082689292484,431.99999999999994,286.8953708124453
B.1.568,20C,0.13955388283723819,0.007651817666639879,-9.232083983012117,1.3194005630805827,371.95480769230767,249.96376972281448
B.1.588,20C,0.13842357699820704,0.007651817666639879,-8.486763152690612,1.3194005630805827,360.9972413793103,249.96376972281448
B.1.587,20C,0.128314522224066,0.007651817666639879,-5.974022711808588,1.3194005630805827,305.20851688693097,249.96376972281448
B.1.575.1,20C,0.16262149283145383,0.007651817666639879,-25.242099731096385,1.3194005630805827,428.0,249.96376972281448
B.1.577,20C,0.1305249483649405,0.007651817666639879,-5.48083147675229,1.3194005630805827,319.93466172381835,249.96376972281448
B.1.600,20A,0.12181844074518355,0.010435270606816177,-10.855078851480686,0.41734082689292484,205.0,286.8953708124453
B.1.606,20C,0.11896957223602321,0.007651817666639879,-5.26605555974995,1.3194005630805827,168.35668789808915,249.96376972281448
B.1.575,20C,0.14957356340220548,0.007651817666639879,-11.739763935984355,1.3194005630805827,404.99363057324837,249.96376972281448
B.1.605,20C,0.13493617896236443,0.007651817666639879,-9.194937006608022,1.3194005630805827,335.69014084507046,249.96376972281448
B.1.617.2,21A,0.22440589210837952,0.09561969247267427,-44.16363434841006,-38.84937799696539,586.046881066051,560.0098351796811
B.1.609,20A,0.12867239630738883,0.010435270606816177,-5.1388712608817135,0.41734082689292484,310.98399085191534,286.8953708124453
B.1.617.1,21B,0.17796315566799725,0.04644952120606161,-26.004392166175325,-19.331592798865756,441.6111111111111,441.6111111111111
B.1.617.3,20A,0.16689420249694356,0.010435270606816177,-24.647373048708687,0.41734082689292484,435.6363636363636,286.8953708124453
B.1.617,20A,0.2115691032257039,0.010435270606816177,-42.88610351251285,0.41734082689292484,562.8497854077253,286.8953708124453
B.1.618,20A,0.15171072161565435,0.010435270606816177,-18.58177443463026,0.41734082689292484,408.66666666666663,286.8953708124453
B.1.619,20A,0.1527001140657526,0.010435270606816177,-18.091059830546914,0.41734082689292484,414.8636363636364,286.8953708124453
B.1.620,20A,0.18318714531843944,0.010435270606816177,-30.838590406453008,0.41734082689292484,452.25,286.8953708124453
B.1.621,21H,0.19541648369442574,0.07788185970349656,-31.47877494875223,-31.386727048635038,516.8048632218844,518.5675715990453
B.1.623,20C,0.16082910706490014,0.007651817666639879,-16.859274858431554,1.3194005630805827,420.5308219178083,249.96376972281448
B.1.625,20A,0.18416466470255577,0.010435270606816177,-29.623820110121066,0.41734082689292484,455.265306122449,286.8953708124453
B.1.621.2,21H,0.22366023803118282,0.07788185970349656,-50.92966676589622,-31.386727048635038,584.4084507042253,518.5675715990453
B.1.636,20A,0.162519902751265,0.010435270606816177,-20.634296769077693,0.41734082689292484,427.52083333333326,286.8953708124453
B.1.627,20A,0.16726444810571672,0.010435270606816177,-21.243304049651506,0.41734082689292484,437.39588688946014,286.8953708124453
B.1.626,20C,0.1958446150028521,0.007651817666639879,-35.41807511492871,1.3194005630805827,523.6166666666666,249.96376972281448
B.3,19A,0.040268550456122446,0.052181464013797696,-0.6721802082189434,-18.980703950751746,51.74358974358974,453.4379157427938
B.1.639,20A,0.18440674768362816,0.010435270606816177,-30.853371533442438,0.41734082689292484,456.16666666666663,286.8953708124453
B.4,19A,0.07854838034251753,0.052181464013797696,-1.9518688280068457,-18.980703950751746,66.62626262626262,453.4379157427938
B.1.637,20C,0.17886780325939325,0.007651817666639879,-22.592757253279693,1.3194005630805827,443.19592760181,249.96376972281448
B.1.630,20C,0.19545068448735903,0.007651817666639879,-35.18028516953691,1.3194005630805827,517.3145161290322,249.96376972281448
B.6,19A,0.05112217831572616,0.052181464013797696,-0.6353239947635099,-18.980703950751746,54.56944444444444,453.4379157427938
B.1.631,20A,0.19452875165257633,0.010435270606816177,-34.01578537688512,0.41734082689292484,505.19354838709677,286.8953708124453
B.1.634,20A,0.19129051382540313,0.010435270606816177,-32.61679303906965,0.41734082689292484,479.52195121951223,286.8953708124453
B.1.640.1,20A,0.2571928643899107,0.010435270606816177,-73.83443574091984,0.41734082689292484,679.4,286.8953708124453
B.6.6,19A,0.0943288556804677,0.052181464013797696,-6.345338120975997,-18.980703950751746,88.0,453.4379157427938
B.40,19A,0.05700508118074821,0.052181464013797696,-0.4019617564589604,-18.980703950751746,56.24603174603175,453.4379157427938
B.1.621.1,21H,0.1953729003468799,0.07788185970349656,-32.77347180599145,-31.386727048635038,516.1633888048411,518.5675715990453
B.55,19A,0.12221891300875372,0.052181464013797696,-8.607870555873655,-18.980703950751746,166.5,453.4379157427938
B.39,19A,0.01767564654912745,0.052181464013797696,-0.27250169792195766,-18.980703950751746,47.578947368421055,453.4379157427938
BA.1.1.1,21K,0.41229704631950964,0.27136806007395364,-177.85051698418854,-154.33349646107382,742.2478336221836,721.6526385076467
BA.1,21K,0.37457183397453564,0.27136806007395364,-145.4764531227592,-154.33349646107382,711.9155669107588,721.6526385076467
BA.1.1,21K,0.40444217953061945,0.27136806007395364,-165.28248276436517,-154.33349646107382,726.4861227084322,721.6526385076467
BA.1.1.3,21K,0.41544994323394635,0.27136806007395364,-185.83470475521963,-154.33349646107382,745.5,721.6526385076467
BA.1.1.4,21K,0.4023685695129043,0.27136806007395364,-173.17719019325168,-154.33349646107382,725.1136363636363,721.6526385076467
BA.1.1.5,21K,0.3808425502116055,0.27136806007395364,-161.46025564299384,-154.33349646107382,717.0,721.6526385076467
BA.1.1.6,21K,0.38881687616721533,0.27136806007395364,-162.80077807697498,-154.33349646107382,719.4,721.6526385076467
B.23,19A,0.0015666257134974947,0.052181464013797696,-0.3893876509773983,-18.980703950751746,45.375,453.4379157427938
BA.1.1.7,21K,0.4108559424343931,0.27136806007395364,-178.10928375408116,-154.33349646107382,735.5584415584416,721.6526385076467
BA.1.1.8,21K,0.39782151615265937,0.27136806007395364,-166.65828619575774,-154.33349646107382,722.4558558558559,721.6526385076467
BA.1.1.13,21K,0.41161747063340187,0.27136806007395364,-178.18415810284355,-154.33349646107382,737.6879999999999,721.6526385076467
BA.1.1.10,21K,0.41210847893932806,0.27136806007395364,-176.90536751179565,-154.33349646107382,740.7544539116963,721.6526385076467
BA.1.1.9,21K,0.41505076476305125,0.27136806007395364,-182.27952637228626,-154.33349646107382,743.0384615384618,721.6526385076467
BA.1.1.11,21K,0.4166572609104417,0.27136806007395364,-182.96833242396022,-154.33349646107382,757.367816091954,721.6526385076467
BA.1.1.14,21K,0.4042630285008421,0.27136806007395364,-170.18548174754477,-154.33349646107382,726.3603577611078,721.6526385076467
BA.1.1.12,21K,0.41501073357184726,0.27136806007395364,-183.8031356324887,-154.33349646107382,742.8181818181819,721.6526385076467
BA.1.1.15,21K,0.41128883905533675,0.27136806007395364,-179.08306092696574,-154.33349646107382,737.6500000000001,721.6526385076467
BA.1.1.17,21K,0.3892749287323082,0.27136806007395364,-160.96132857855264,-154.33349646107382,719.7585714285714,721.6526385076467
BA.1.1.18,21K,0.3959314756900313,0.27136806007395364,-161.0886679014382,-154.33349646107382,721.4300690841644,721.6526385076467
BA.1.1.16,21K,0.409806745064664,0.27136806007395364,-174.38172443247095,-154.33349646107382,732.329173693086,721.6526385076467
BA.1.13.1,21K,0.40978170754560556,0.27136806007395364,-178.86151445475866,-154.33349646107382,732.2727272727273,721.6526385076467
BA.1.3,21K,0.4074165436214364,0.27136806007395364,-177.99168056803546,-154.33349646107382,729.0714285714287,721.6526385076467
BA.1.4,21K,0.3550455926139223,0.27136806007395364,-143.1639560299686,-154.33349646107382,704.0,721.6526385076467
BA.1.6,21K,0.3872518369971553,0.27136806007395364,-161.33040894109612,-154.33349646107382,718.3008849557522,721.6526385076467
BA.1.7,21K,0.3892020585297326,0.27136806007395364,-165.15737523016293,-154.33349646107382,719.7,721.6526385076467
BA.1.9,21K,0.4112381977170675,0.27136806007395364,-179.66654063064775,-154.33349646107382,737.3720930232558,721.6526385076467
BA.1.13,21K,0.3858843191497375,0.27136806007395364,-159.4593287877954,-154.33349646107382,717.4472727272728,721.6526385076467
BA.1.10,21K,0.4082466487783197,0.27136806007395364,-178.24065727543152,-154.33349646107382,730.2,721.6526385076467
BA.1.14,21K,0.3933188390242281,0.27136806007395364,-164.30037080310902,-154.33349646107382,720.0679824561403,721.6526385076467
BA.1.14.1,21K,0.4067048983629204,0.27136806007395364,-175.32468341418593,-154.33349646107382,728.3166666666666,721.6526385076467
BA.1.14.2,21K,0.4117932222012643,0.27136806007395364,-181.63812977174476,-154.33349646107382,738.6666666666666,721.6526385076467
BA.1.15,21K,0.3776143561639371,0.27136806007395364,-147.317139484168,-154.33349646107382,713.6386610041744,721.6526385076467
BA.1.15.2,21K,0.410716241736059,0.27136806007395364,-175.29204243739207,-154.33349646107382,735.0021505376345,721.6526385076467
BA.1.15.1,21K,0.3680100794401136,0.27136806007395364,-145.36942683172202,-154.33349646107382,708.9455066921606,721.6526385076467
BA.1.8,21K,0.3516112027150749,0.27136806007395364,-139.1387866238475,-154.33349646107382,702.8,721.6526385076467
BA.1.15.3,21K,0.3969240017850363,0.27136806007395364,-167.90421447961458,-154.33349646107382,721.9640718562874,721.6526385076467
BA.1.16.2,21K,0.3931852975938777,0.27136806007395364,-169.63356696500156,-154.33349646107382,720.0,721.6526385076467
BA.1.17,21K,0.3720248100956811,0.27136806007395364,-146.50157922788694,-154.33349646107382,710.6941822550198,721.6526385076467
BA.1.16,21K,0.3992423845732378,0.27136806007395364,-169.86119858664455,-154.33349646107382,723.2539682539682,721.6526385076467
BA.1.19,21K,0.3752859889935491,0.27136806007395364,-150.72356251688575,-154.33349646107382,712.283908045977,721.6526385076467
BA.1.17.1,21K,0.38827479761934036,0.27136806007395364,-166.0997947185147,-154.33349646107382,719.0,721.6526385076467
BA.1.18,21K,0.3754607714321938,0.27136806007395364,-148.08102355276813,-154.33349646107382,712.3765079823737,721.6526385076467
BA.1.21,21K,0.40334805035947485,0.27136806007395364,-173.54478564322497,-154.33349646107382,725.741935483871,721.6526385076467
BA.1.21.1,21K,0.4106255543733408,0.27136806007395364,-181.18511817913156,-154.33349646107382,734.6666666666666,721.6526385076467
BA.1.20,21K,0.37806151491475787,0.27136806007395364,-149.0048547064388,-154.33349646107382,713.9448652958935,721.6526385076467
BA.1.22,21K,0.38618973402447826,0.27136806007395364,-160.74136991055227,-154.33349646107382,717.6315789473683,721.6526385076467
BA.1.17.2,21K,0.3752203792800114,0.27136806007395364,-147.9553086413251,-154.33349646107382,712.2494140772662,721.6526385076467
BA.1.5,21K,0.41214126287919794,0.27136806007395364,-184.0928344378326,-154.33349646107382,741.0,721.6526385076467
BA.2,21L,0.4804527085958237,0.35894924126709815,-224.8983036056099,-222.62331989377134,814.0138862568532,817.5416739411294
BA.2.3.2,21L,0.48818749855599314,0.35894924126709815,-237.27174566713575,-222.62331989377134,833.1536388140163,817.5416739411294
BA.1.23,21K,0.45168891790529997,0.27136806007395364,-211.04458779635334,-154.33349646107382,791.529411764706,721.6526385076467
BA.2.1,21L,0.5196468071855006,0.35894924126709815,-262.3534961947997,-222.62331989377134,846.298969072165,817.5416739411294
BA.2.3,21L,0.46824534181206173,0.35894924126709815,-216.6952502180551,-222.62331989377134,808.2999730694136,817.5416739411294
BA.2.2,21L,0.46742696707478737,0.35894924126709815,-221.48176283793012,-222.62331989377134,806.09375,817.5416739411294
BA.2.3.9,21L,0.48467725843589854,0.35894924126709815,-236.3040411162273,-222.62331989377134,824.0370370370371,817.5416739411294
BA.2.3.7,21L,0.5260453782576604,0.35894924126709815,-270.3925216307312,-222.62331989377134,859.7011494252874,817.5416739411294
BA.2.3.6,21L,0.4853842861901047,0.35894924126709815,-234.78479408802548,-222.62331989377134,824.859410430839,817.5416739411294
BA.2.3.5,21L,0.46736726396103406,0.35894924126709815,-221.26179060678217,-222.62331989377134,805.9473684210526,817.5416739411294
BA.2.3.8,21L,0.45400917054387696,0.35894924126709815,-213.63059500660796,-222.62331989377134,799.375,817.5416739411294
BA.2.3.4,21L,0.47851153540421615,0.35894924126709815,-228.76835376554095,-222.62331989377134,812.5323308270677,817.5416739411294
BA.2.3.11,21L,0.4854241270851394,0.35894924126709815,-237.24314192333003,-222.62331989377134,825.0512820512821,817.5416739411294
BA.2.3.12,21L,0.4800786610223508,0.35894924126709815,-231.66477030638706,-222.62331989377134,813.4923076923077,817.5416739411294
BA.2.2.1,21L,0.45420588407048096,0.35894924126709815,-215.86744264109583,-222.62331989377134,801.0,817.5416739411294
BA.2.3.20,21L,0.6234494902392279,0.35894924126709815,-356.6937072254148,-222.62331989377134,1014.5424973767051,817.5416739411294
BA.2.3.10,21L,0.47995531874179687,0.35894924126709815,-230.7348835859294,-222.62331989377134,813.3255033557048,817.5416739411294
BA.2.3.13,21L,0.4831475312030969,0.35894924126709815,-237.9382708140964,-222.62331989377134,819.0,817.5416739411294
BA.2.3.17,21L,0.4519460748871315,0.35894924126709815,-206.37224644341995,-222.62331989377134,793.1579183490354,817.5416739411294
BA.2.3.14,21L,0.48271033888211173,0.35894924126709815,-233.19818299049746,-222.62331989377134,818.0458333333333,817.5416739411294
BA.2.3.16,21L,0.48192928991041417,0.35894924126709815,-234.16936754707498,-222.62331989377134,816.375,817.5416739411294
BA.2.4,21L,0.4546239644655555,0.35894924126709815,-211.68133869623938,-222.62331989377134,804.9673913043478,817.5416739411294
BA.2.9.6,21L,0.5181380071764026,0.35894924126709815,-264.9598869675589,-222.62331989377134,845.125,817.5416739411294
BA.2.8,21L,0.48409081198108017,0.35894924126709815,-234.5582740286914,-222.62331989377134,821.5183246073298,817.5416739411294
BA.2.5,21L,0.47766486290307786,0.35894924126709815,-229.43317429476105,-222.62331989377134,811.4186046511629,817.5416739411294
BA.2.6,21L,0.4817307825522165,0.35894924126709815,-231.7782289333928,-222.62331989377134,816.0089686098654,817.5416739411294
BA.2.9.2,21L,0.44942015819163605,0.35894924126709815,-205.34734479934053,-222.62331989377134,788.1831971995332,817.5416739411294
BA.2.9.1,21L,0.4853633208693438,0.35894924126709815,-236.9445235904119,-222.62331989377134,824.76,817.5416739411294
BA.2.7,21L,0.45389614566296876,0.35894924126709815,-207.3012387807112,-222.62331989377134,798.5006099048549,817.5416739411294
BA.2.9,21L,0.4810187442558108,0.35894924126709815,-227.29060142352358,-222.62331989377134,814.8597123923724,817.5416739411294
BA.2.9.3,21L,0.521111873121883,0.35894924126709815,-264.967116479459,-222.62331989377134,847.8474576271186,817.5416739411294
BA.2.9.5,21L,0.48622441591388854,0.35894924126709815,-237.76030636932262,-222.62331989377134,828.2444444444445,817.5416739411294
BA.2.9.7,21L,0.4910885718368747,0.35894924126709815,-238.4027657475834,-222.62331989377134,844.7468164794009,817.5416739411294
BA.2.9.4,21L,0.5267102518256557,0.35894924126709815,-273.82210335707,-222.62331989377134,864.6,817.5416739411294
BA.2.3.15,21L,0.48160114531612397,0.35894924126709815,-233.4289721913545,-222.62331989377134,815.7792207792209,817.5416739411294
BA.2.10.3,21L,0.45421872618944126,0.35894924126709815,-213.68050451934712,-222.62331989377134,801.1111111111111,817.5416739411294
BA.2.10.1,21L,0.44986330904390726,0.35894924126709815,-205.46506424095386,-222.62331989377134,791.149861239593,817.5416739411294
BA.2.10,21L,0.4495848089759557,0.35894924126709815,-203.41201271722892,-222.62331989377134,789.2290279627165,817.5416739411294
BA.2.10.4,21L,0.6283605352685075,0.35894924126709815,-366.91955375238297,-222.62331989377134,1027.8000000000002,817.5416739411294
BA.2.12.1,22C,0.5201669098549081,0.3890773060524936,-257.49635441002914,-247.7499753760463,846.8127775747547,847.2164894262263
BA.2.3.21,21L,0.4494367930892472,0.35894924126709815,-210.16798575523552,-222.62331989377134,788.2857142857142,817.5416739411294
BA.2.11,21L,0.5481250066286898,0.35894924126709815,-291.36076551642356,-222.62331989377134,869.5833333333333,817.5416739411294
BA.2.12,21L,0.4907609415062623,0.35894924126709815,-239.42611857614946,-222.62331989377134,841.2774725274726,817.5416739411294
BA.2.14,21L,0.48308516993621303,0.35894924126709815,-234.723134981717,-222.62331989377134,818.830985915493,817.5416739411294
BA.2.13.1,21L,0.5265408538066619,0.35894924126709815,-268.39969721139056,-222.62331989377134,863.1625766871166,817.5416739411294
BA.2.12.2,21L,0.5269451070822849,0.35894924126709815,-273.5539512372951,-222.62331989377134,865.5,817.5416739411294
BA.2.15,21L,0.4872787563034098,0.35894924126709815,-240.24200265519755,-222.62331989377134,832.7777777777777,817.5416739411294
BA.2.17,21L,0.4676405969155206,0.35894924126709815,-222.1753223750967,-222.62331989377134,806.6315789473684,817.5416739411294
BA.2.13,21L,0.5204859355873198,0.35894924126709815,-262.5102911690566,-222.62331989377134,847.1451851851851,817.5416739411294
BA.2.26,21L,0.46725367741813156,0.35894924126709815,-218.9442171326743,-222.62331989377134,805.6732954545455,817.5416739411294
BA.2.18,21L,0.5193074452452834,0.35894924126709815,-260.8548556081369,-222.62331989377134,846.2701252236135,817.5416739411294
BA.2.19,21L,0.45230243111353413,0.35894924126709815,-212.06205852840168,-222.62331989377134,795.7,817.5416739411294
BA.2.20,21L,0.48381442188333645,0.35894924126709815,-232.89165460230674,-222.62331989377134,821.120347394541,817.5416739411294
BA.2.21,21L,0.48128620903834446,0.35894924126709815,-230.4028016436656,-222.62331989377134,815.2483713355049,817.5416739411294
BA.2.23.1,21L,0.4847091466316116,0.35894924126709815,-234.12489924916832,-222.62331989377134,824.1979591836734,817.5416739411294
BA.2.16,21L,0.5266989499551684,0.35894924126709815,-274.7286284675974,-222.62331989377134,864.5,817.5416739411294
BA.2.23,21L,0.4857497666387255,0.35894924126709815,-233.7757088563132,-222.62331989377134,825.608323133415,817.5416739411294
BA.2.25,21L,0.45237841488984487,0.35894924126709815,-211.24707256955932,-222.62331989377134,796.2916666666666,817.5416739411294
BA.2.22,21L,0.48540217986008966,0.35894924126709815,-234.8946380690667,-222.62331989377134,824.9451371571072,817.5416739411294
BA.2.28,21L,0.48975517185745754,0.35894924126709815,-239.97507393277803,-222.62331989377134,837.1318681318681,817.5416739411294
BA.2.30,21L,0.48627929051277285,0.35894924126709815,-237.87475838416313,-222.62331989377134,828.5952380952381,817.5416739411294
BA.2.32,21L,0.478255589295783,0.35894924126709815,-228.63211533997168,-222.62331989377134,812.1873990306946,817.5416739411294
BA.2.31.1,21L,0.49076383458219913,0.35894924126709815,-240.6435751498568,-222.62331989377134,841.3055555555555,817.5416739411294
BA.2.31,21L,0.4832041978116397,0.35894924126709815,-232.16163951529015,-222.62331989377134,819.1568047337278,817.5416739411294
BA.2.36,21L,0.49013018328399177,0.35894924126709815,-237.91088857199145,-222.62331989377134,840.5081466395112,817.5416739411294
BA.2.33,21L,0.44797386758361313,0.35894924126709815,-210.9664010542669,-222.62331989377134,781.0,817.5416739411294
BA.2.27,21L,0.48302961535851957,0.35894924126709815,-236.16773634627646,-222.62331989377134,818.6875,817.5416739411294
BA.2.34,21L,0.48598958849712476,0.35894924126709815,-238.32811826297615,-222.62331989377134,826.8571428571429,817.5416739411294
BA.2.35,21L,0.5180591311341329,0.35894924126709815,-265.12684635451706,-222.62331989377134,845.0526315789473,817.5416739411294
BA.2.37,21L,0.4798454065475516,0.35894924126709815,-229.38986211127553,-222.62331989377134,813.1787762906309,817.5416739411294
BA.2.38,21L,0.5249318630257094,0.35894924126709815,-267.186460008254,-222.62331989377134,854.7484885126964,817.5416739411294
BA.2.38.3,21L,0.5648507550499551,0.35894924126709815,-305.7594738496501,-222.62331989377134,890.625,817.5416739411294
BA.2.38.1,21L,0.5717302836122181,0.35894924126709815,-310.6882099796713,-222.62331989377134,896.7592592592592,817.5416739411294
BA.2.39,21L,0.478449729809137,0.35894924126709815,-231.85062954269347,-222.62331989377134,812.448275862069,817.5416739411294
BA.2.38.4,21L,0.5261470519697939,0.35894924126709815,-273.8472565816883,-222.62331989377134,860.3333333333333,817.5416739411294
BA.2.47,21L,0.48724357724248574,0.35894924126709815,-236.67983793527515,-222.62331989377134,832.4902597402598,817.5416739411294
BA.2.40,21L,0.4870366965697183,0.35894924126709815,-239.10238338735516,-222.62331989377134,830.9130434782609,817.5416739411294
BA.2.40.1,21L,0.490965923321011,0.35894924126709815,-239.4137113782735,-222.62331989377134,843.3767123287671,817.5416739411294
BA.2.41,21L,0.4908138847188252,0.35894924126709815,-239.5932745465538,-222.62331989377134,841.7981366459628,817.5416739411294
BA.2.42,21L,0.5226059196108945,0.35894924126709815,-266.918477480175,-222.62331989377134,849.8389261744966,817.5416739411294
BA.2.43,21L,0.5210945294824965,0.35894924126709815,-266.68814374883766,-222.62331989377134,847.8269230769231,817.5416739411294
BA.2.38.2,21L,0.5730631395558428,0.35894924126709815,-312.9353450014758,-222.62331989377134,900.8421052631578,817.5416739411294
BA.2.44,21L,0.5181833858979239,0.35894924126709815,-264.9982384976789,-222.62331989377134,845.1666666666666,817.5416739411294
BA.2.45,21L,0.4872161264580187,0.35894924126709815,-238.0830232440956,-222.62331989377134,832.2702702702704,817.5416739411294
BA.2.48,21L,0.49006160064659665,0.35894924126709815,-237.28929680305086,-222.62331989377134,839.8400926998842,817.5416739411294
BA.2.51,21L,0.4840630524078946,0.35894924126709815,-237.30283719980662,-222.62331989377134,821.4166666666665,817.5416739411294
BA.2.50,21L,0.4886545835826443,0.35894924126709815,-240.39991703504444,-222.62331989377134,837.0416666666665,817.5416739411294
BA.2.52,21L,0.5236766393102412,0.35894924126709815,-267.20580776894263,-222.62331989377134,851.9676258992806,817.5416739411294
BA.2.54,21L,0.525536196289013,0.35894924126709815,-271.53113882202985,-222.62331989377134,857.1666666666666,817.5416739411294
BA.2.55,21L,0.49091647861403587,0.35894924126709815,-241.1637834173253,-222.62331989377134,842.8493150684932,817.5416739411294
BA.2.53,21L,0.5184799002693863,0.35894924126709815,-266.2297126095795,-222.62331989377134,845.4444444444445,817.5416739411294
BA.2.58,21L,0.4898732665801602,0.35894924126709815,-241.8122635774808,-222.62331989377134,838.125,817.5416739411294
BA.2.49,21L,0.487122133685487,0.35894924126709815,-237.89005484642828,-222.62331989377134,831.5421686746988,817.5416739411294
BA.2.56,21L,0.5255312425306964,0.35894924126709815,-267.9099870529921,-222.62331989377134,857.1432835820896,817.5416739411294
BA.2.62,21L,0.480933588366896,0.35894924126709815,-234.13725604460637,-222.62331989377134,814.7272727272727,817.5416739411294
BA.2.57,21L,0.5210608229856926,0.35894924126709815,-266.76066321376334,-222.62331989377134,847.7872340425531,817.5416739411294
BA.2.61,21L,0.5257836635492447,0.35894924126709815,-271.92573272543507,-222.62331989377134,858.4,817.5416739411294
BA.2.65,21L,0.48601508219111744,0.35894924126709815,-234.0016905756504,-222.62331989377134,826.9993838570548,817.5416739411294
BA.2.64,21L,0.4833739422182244,0.35894924126709815,-234.28074379342078,-222.62331989377134,819.6500000000001,817.5416739411294
BA.2.63,21L,0.4767408298231782,0.35894924126709815,-229.96022449621915,-222.62331989377134,810.2708333333333,817.5416739411294
BA.2.59,21L,0.4870616236684985,0.35894924126709815,-236.2497791698385,-222.62331989377134,831.0933660933661,817.5416739411294
BA.2.66,21L,0.48627501677748,0.35894924126709815,-237.99796890638854,-222.62331989377134,828.5675675675677,817.5416739411294
BA.2.75,22D,0.5923117248794152,0.4832606328277219,-328.06735834856056,-336.9477416261544,928.536036036036,1027.627403213063
BA.2.75.3,22D,0.6027010762472861,0.4832606328277219,-338.55307276263585,-336.9477416261544,951.8518518518518,1027.627403213063
BA.2.71,21L,0.5228346809897157,0.35894924126709815,-267.086440261489,-222.62331989377134,850.2287581699347,817.5416739411294
BA.2.72,21L,0.488237047535314,0.35894924126709815,-236.78510742615626,-222.62331989377134,833.5214626391097,817.5416739411294
BA.2.74,21L,0.569630874396865,0.35894924126709815,-308.07108113131045,-222.62331989377134,893.1592920353982,817.5416739411294
BA.2.73,21L,0.4825259382431458,0.35894924126709815,-231.7664416012449,-222.62331989377134,817.6122685185185,817.5416739411294
BA.2.69,21L,0.5187106470789594,0.35894924126709815,-267.52343819450857,-222.62331989377134,845.6666666666666,817.5416739411294
BA.2.68,21L,0.48016369382007973,0.35894924126709815,-231.67422954738745,-222.62331989377134,813.608695652174,817.5416739411294
BA.2.75.2,22D,0.6102867582648354,0.4832606328277219,-343.7319243133725,-336.9477416261544,984.1492864983535,1027.627403213063
BA.2.60,21L,0.48828348334828836,0.35894924126709815,-239.57907265882412,-222.62331989377134,833.8750000000001,817.5416739411294
BA.2.70,21L,0.4772183043259415,0.35894924126709815,-231.57939165231696,-222.62331989377134,810.8571428571428,817.5416739411294
BA.2.75.5,22D,0.6112746326152424,0.4832606328277219,-345.59929789911536,-336.9477416261544,987.9539295392955,1027.627403213063
BA.2.75.4,22D,0.611334835217031,0.4832606328277219,-347.7854021114163,-336.9477416261544,988.6136363636364,1027.627403213063
BA.2.75.6,22D,0.6073644357705127,0.4832606328277219,-344.24360403891575,-336.9477416261544,971.03125,1027.627403213063
BA.2.78,21L,0.5256511475110691,0.35894924126709815,-271.05433868080826,-222.62331989377134,857.71875,817.5416739411294
BA.2.76,21L,0.5647965202185368,0.35894924126709815,-302.052439556656,-222.62331989377134,890.4605475040257,817.5416739411294
BA.2.75.1,22D,0.6015118076157493,0.4832606328277219,-336.55260335585444,-336.9477416261544,948.562015503876,1027.627403213063
BA.2.75.7,22D,0.609679786587064,0.4832606328277219,-347.3180391674536,-336.9477416261544,982.6428571428571,1027.627403213063
BA.2.79,21L,0.5272067913991714,0.35894924126709815,-272.4929208304417,-222.62331989377134,868.1379310344828,817.5416739411294
BA.2.77,21L,0.5210290189219837,0.35894924126709815,-269.19755392368273,-222.62331989377134,847.75,817.5416739411294
BA.2.75.10,22D,0.5875948825010829,0.4832606328277219,-326.2822440126314,-336.9477416261544,926.2941176470588,1027.627403213063
BA.2.81,21L,0.5267436416188664,0.35894924126709815,-271.3332851627281,-222.62331989377134,864.9032258064516,817.5416739411294
BA.2.79.1,21L,0.5585090339640107,0.35894924126709815,-302.23578377969415,-222.62331989377134,880.5,817.5416739411294
BA.2.82,21L,0.563768395951415,0.35894924126709815,-305.96026290446406,-222.62331989377134,887.8,817.5416739411294
BA.2.86,23I,0.792670892903819,0.5969106243037859,-562.4959410386087,-475.4666518386295,1415.9324324324325,1413.155737704918
BA.2.86.1,23I,0.7904179857129549,0.5969106243037859,-557.0628677587351,-475.4666518386295,1409.0170454545455,1413.155737704918
BA.2.86.2,23I,0.7801438052519883,0.5969106243037859,-546.03357600635,-475.4666518386295,1391.92,1413.155737704918
BA.2.86.3,23I,0.7912554589300679,0.5969106243037859,-561.163139381245,-475.4666518386295,1411.6315789473683,1413.155737704918
BA.3,21M,0.3802179950597765,0.32519944668926415,-158.71020812222326,-202.7352283164449,716.0,775.719298245614
BA.3.1,21M,0.4540974005321591,0.32519944668926415,-212.64510237104133,-202.7352283164449,800.086956521739,775.719298245614
BA.2.87,21L,0.45207736796171083,0.35894924126709815,-211.24130951339845,-222.62331989377134,794.0526315789473,817.5416739411294
BA.2.86.6,23I,0.7801743210317578,0.5969106243037859,-547.2154873742538,-475.4666518386295,1392.0,1413.155737704918
BA.2.86.4,23I,0.7527953939201083,0.5969106243037859,-511.2371939393113,-475.4666518386295,1338.5,1413.155737704918
BA.2.86.5,23I,0.7561931375612687,0.5969106243037859,-515.7944567663701,-475.4666518386295,1346.0,1413.155737704918
BA.4,22A,0.5680862304986781,0.4431273625914516,-302.56636765322537,-296.1336327246722,890.9360365505426,915.7180003482956
BA.2.86.7,23I,0.7754724201372027,0.5969106243037859,-541.1653081571858,-475.4666518386295,1382.6,1413.155737704918
BA.4.1,22A,0.5641269386522124,0.4431273625914516,-297.4673119518637,-296.1336327246722,888.6421971864569,915.7180003482956
BA.4.1.4,22A,0.5759887556255519,0.4431273625914516,-314.94458055896797,-296.1336327246722,907.4444444444445,915.7180003482956
BA.4.1.3,22A,0.5685383935049241,0.4431273625914516,-309.0510048950185,-296.1336327246722,891.5625,915.7180003482956
BA.4.1.5,22A,0.5818270427196949,0.4431273625914516,-320.823619377588,-296.1336327246722,912.85,915.7180003482956
BA.4.1.6,22A,0.561142148277482,0.4431273625914516,-298.0102809451383,-296.1336327246722,884.4896206156047,915.7180003482956
BA.4.1.7,22A,0.5270096288943817,0.4431273625914516,-273.49203194181763,-296.1336327246722,866.111111111111,915.7180003482956
BA.4.1.1,22A,0.5614890373271341,0.4431273625914516,-298.5091714921493,-296.1336327246722,885.1361665221162,915.7180003482956
BA.4.1.2,22A,0.5573158575362156,0.4431273625914516,-301.8792461759048,-296.1336327246722,879.0,915.7180003482956
BA.4.1.10,22A,0.608979003973868,0.4431273625914516,-346.016789469277,-296.1336327246722,979.0000000000001,915.7180003482956
BA.4.1.9,22A,0.6055670872328939,0.4431273625914516,-340.3158382949847,-296.1336327246722,961.8536585365854,915.7180003482956
BA.4.1.8,22A,0.6013208137468443,0.4431273625914516,-334.8691342317622,-296.1336327246722,948.0025884383087,915.7180003482956
BA.4.2,22A,0.5646145948727723,0.4431273625914516,-300.0416178403872,-296.1336327246722,889.9295310519645,915.7180003482956
BA.4.3,22A,0.5645653157597083,0.4431273625914516,-301.5834085025722,-296.1336327246722,889.7908415841582,915.7180003482956
BA.4.4,22A,0.5647816840607456,0.4431273625914516,-299.94064800067275,-296.1336327246722,890.4160742496051,915.7180003482956
BA.4.1.11,22A,0.6237719977058629,0.4431273625914516,-361.93388836817536,-296.1336327246722,1016.4285714285713,915.7180003482956
BA.4.5,22A,0.5680899910216535,0.4431273625914516,-307.8975942186383,-296.1336327246722,890.9411764705883,915.7180003482956
BA.4.6.1,22A,0.6088131960562752,0.4431273625914516,-344.49756971609065,-296.1336327246722,977.4455445544554,915.7180003482956
BA.4.6,22A,0.6026009275811897,0.4431273625914516,-332.7043374300822,-296.1336327246722,951.52221797997,915.7180003482956
BA.4.6.2,22A,0.6113514787076563,0.4431273625914516,-346.2679272441494,-296.1336327246722,988.7990196078431,915.7180003482956
BA.5,22B,0.5959333563619807,0.45246697522466606,-327.4415149036499,-302.9872356837063,936.6123507616302,939.1235281351505
BA.5.1,22B,0.5937451828015102,0.45246697522466606,-324.0830864635689,-302.9872356837063,931.4153924453984,939.1235281351505
BA.4.6.4,22A,0.6089363742058038,0.4431273625914516,-344.29868621444734,-296.1336327246722,978.5899280575541,915.7180003482956
BA.4.6.5,22A,0.6025102063623576,0.4431273625914516,-335.21642382214725,-296.1336327246722,951.2281879194632,915.7180003482956
BA.4.6.3,22A,0.6324277240375499,0.4431273625914516,-368.1593672581519,-296.1336327246722,1036.1182795698924,915.7180003482956
BA.4.7,22A,0.5968658449705962,0.4431273625914516,-332.7651585498581,-296.1336327246722,939.0915492957746,915.7180003482956
BA.5.1.1,22B,0.5828247164773849,0.45246697522466606,-315.50810073246043,-302.9872356837063,914.008026159334,939.1235281351505
BA.5.1.2,22B,0.5977105706272013,0.45246697522466606,-330.84303359755285,-302.9872356837063,941.348696461825,939.1235281351505
BA.5.1.3,22B,0.5946043345869096,0.45246697522466606,-327.7760392270829,-302.9872356837063,933.5819704826487,939.1235281351505
BA.5.1.5,22B,0.6090714343599967,0.45246697522466606,-341.81684672507157,-302.9872356837063,979.5487612018978,939.1235281351505
BA.5.1.18,22B,0.6136583484244272,0.45246697522466606,-346.1818621453858,-302.9872356837063,995.9844924812029,939.1235281351505
BA.5.1.4,22B,0.5843633778649269,0.45246697522466606,-321.428544091966,-302.9872356837063,916.6396396396397,939.1235281351505
BA.5.1.6,22B,0.600449797567367,0.45246697522466606,-333.305668970108,-302.9872356837063,946.7649484536082,939.1235281351505
BA.5.1.8,22B,0.5858236835350592,0.45246697522466606,-321.096530013651,-302.9872356837063,920.9375,939.1235281351505
BA.5.1.12,22B,0.6103534835933381,0.45246697522466606,-343.9188345199917,-302.9872356837063,984.8513011152415,939.1235281351505
BA.5.1.7,22B,0.604518856238761,0.45246697522466606,-338.5223497665518,-302.9872356837063,957.3359746434232,939.1235281351505
BA.5.1.9,22B,0.5933164664857876,0.45246697522466606,-330.74055622591317,-302.9872356837063,930.8461538461538,939.1235281351505
BA.5.1.15,22B,0.5835140445478201,0.45246697522466606,-319.22712853750954,-302.9872356837063,916.1152173913044,939.1235281351505
BA.5.1.17,22B,0.5947818846009003,0.45246697522466606,-331.18371394850504,-302.9872356837063,934.0612244897959,939.1235281351505
BA.5.1.11,22B,0.6018611839976794,0.45246697522466606,-340.357709800156,-302.9872356837063,949.625,939.1235281351505
BA.5.1.22,22B,0.5974080325246754,0.45246697522466606,-329.92711479311515,-302.9872356837063,940.8576027736503,939.1235281351505
BA.5.1.23,22B,0.5953303352416118,0.45246697522466606,-327.9313800127677,-302.9872356837063,935.3737588652482,939.1235281351505
BA.5.1.20,22B,0.5998067321644367,0.45246697522466606,-336.30151152990265,-302.9872356837063,945.0151515151515,939.1235281351505
BA.5.1.10,22B,0.5977258901400988,0.45246697522466606,-329.93097427116396,-302.9872356837063,941.4000000000001,939.1235281351505
BA.5.1.21,22B,0.5982694827044427,0.45246697522466606,-333.2799496134485,-302.9872356837063,943.3364779874214,939.1235281351505
BA.5.1.24,22B,0.5872650220266342,0.45246697522466606,-321.6339102203047,-302.9872356837063,924.7744648318043,939.1235281351505
BA.5.1.28,22B,0.6116029315199631,0.45246697522466606,-347.16950259112286,-302.9872356837063,990.4716981132074,939.1235281351505
BA.5.1.19,22B,0.5961463214458356,0.45246697522466606,-332.8116107954413,-302.9872356837063,937.2173913043478,939.1235281351505
BA.5.1.25,22B,0.5933633585187222,0.45246697522466606,-326.41573452282364,-302.9872356837063,930.959389213775,939.1235281351505
BA.5.1.27,22B,0.6273514244838452,0.45246697522466606,-359.7739570677958,-302.9872356837063,1023.1052166224579,939.1235281351505
BA.5.1.31,22B,0.6071523477065599,0.45246697522466606,-345.3066298426313,-302.9872356837063,969.6666666666666,939.1235281351505
BA.5.1.29,22B,0.5974491026797134,0.45246697522466606,-338.2692600051003,-302.9872356837063,941.0,939.1235281351505
BA.5.1.32,22B,0.6230523807788293,0.45246697522466606,-361.20708853609455,-302.9872356837063,1013.0,939.1235281351505
BA.5.1.33,22B,0.6230990438836631,0.45246697522466606,-357.5654861426937,-302.9872356837063,1013.325,939.1235281351505
BA.5.1.35,22B,0.585071127239951,0.45246697522466606,-320.75929441088203,-302.9872356837063,918.8144578313254,939.1235281351505
BA.5.1.36,22B,0.6146429153275864,0.45246697522466606,-350.0483874068995,-302.9872356837063,1002.4067796610169,939.1235281351505
BA.5.1.37,22B,0.6279994306645175,0.45246697522466606,-364.2090046791986,-302.9872356837063,1026.519230769231,939.1235281351505
BA.5.2.2,22B,0.5845202076256185,0.45246697522466606,-320.0494177887303,-302.9872356837063,917.090373280943,939.1235281351505
BA.5.2.1,22B,0.5937907062723503,0.45246697522466606,-323.1987609161421,-302.9872356837063,931.5248372940445,939.1235281351505
BA.5.2,22B,0.6003385481363303,0.45246697522466606,-330.1286994061547,-302.9872356837063,946.417975767305,939.1235281351505
BA.5.2.3,22B,0.5994431009584769,0.45246697522466606,-332.935425992184,-302.9872356837063,943.9682890855457,939.1235281351505
BA.5.2.5,22B,0.5688465756793271,0.45246697522466606,-309.9011999202719,-302.9872356837063,892.0,939.1235281351505
BA.5.2.4,22B,0.5952424061168046,0.45246697522466606,-331.5262726827668,-302.9872356837063,935.1308411214952,939.1235281351505
BA.5.1.38,22B,0.6606847697714641,0.45246697522466606,-402.2279977376161,-302.9872356837063,1074.0,939.1235281351505
BA.5.2.7,22B,0.6103071052573813,0.45246697522466606,-344.7200550733792,-302.9872356837063,984.3612716763005,939.1235281351505
BA.5.2.6,22B,0.6255783873542609,0.45246697522466606,-357.4601997640059,-302.9872356837063,1018.7400950871632,939.1235281351505
BA.5.1.26,22B,0.6279729624067488,0.45246697522466606,-365.3604910649633,-302.9872356837063,1026.3125,939.1235281351505
BA.5.2.8,22B,0.6004874698410577,0.45246697522466606,-335.153510583319,-302.9872356837063,946.8838383838383,939.1235281351505
BA.5.2.24,22B,0.6070483402273109,0.45246697522466606,-342.32163610891945,-302.9872356837063,968.9254658385091,939.1235281351505
BA.5.2.9,22B,0.5998837258998322,0.45246697522466606,-331.1896914099553,-302.9872356837063,945.2436974789916,939.1235281351505
BA.5.2.12,22B,0.6064072999543906,0.45246697522466606,-342.5659418738892,-302.9872356837063,966.7794117647059,939.1235281351505
BA.5.2.10,22B,0.5950230782090336,0.45246697522466606,-333.429116829699,-302.9872356837063,934.5384615384617,939.1235281351505
BA.5.2.13,22B,0.6253103933914578,0.45246697522466606,-359.016312753636,-302.9872356837063,1018.6754098360657,939.1235281351505
BA.5.1.30,22B,0.5952929692344732,0.45246697522466606,-327.39358008473386,-302.9872356837063,935.270231627109,939.1235281351505
BA.5.2.14,22B,0.6274658526674902,0.45246697522466606,-362.0429255404593,-302.9872356837063,1023.9087452471482,939.1235281351505
BA.5.2.16,22B,0.5971335096002135,0.45246697522466606,-331.79451566646145,-302.9872356837063,939.9398340248963,939.1235281351505
BA.5.2.26,22B,0.6090883211634956,0.45246697522466606,-343.60067503906953,-302.9872356837063,979.716049382716,939.1235281351505
BA.5.2.20,22B,0.6037162462598032,0.45246697522466606,-335.5297923005181,-302.9872356837063,954.7271482369051,939.1235281351505
BA.5.2.23,22B,0.6221653309355136,0.45246697522466606,-355.10872472413524,-302.9872356837063,1010.1585937499999,939.1235281351505
BA.5.2.25,22B,0.6222085657804427,0.45246697522466606,-356.6722306694794,-302.9872356837063,1010.4428571428571,939.1235281351505
BA.5.2.19,22B,0.6058985227031845,0.45246697522466606,-339.8298130791182,-302.9872356837063,963.6261682242991,939.1235281351505
BA.5.2.21,22B,0.5970375810534869,0.45246697522466606,-329.2236148278394,-302.9872356837063,939.6309027777777,939.1235281351505
BA.5.2.22,22B,0.6034987836985715,0.45246697522466606,-336.79540806242676,-302.9872356837063,953.968633308439,939.1235281351505
BA.5.2.31,22B,0.6035605811221615,0.45246697522466606,-336.7767980356285,-302.9872356837063,954.1810642709054,939.1235281351505
BA.5.2.28,22B,0.6018488401077017,0.45246697522466606,-335.49983517809625,-302.9872356837063,949.5864440078585,939.1235281351505
BA.5.2.27,22B,0.6023738906364637,0.45246697522466606,-336.01819253110995,-302.9872356837063,950.7945891783567,939.1235281351505
BA.5.2.30,22B,0.6116497474489299,0.45246697522466606,-348.2157625446066,-302.9872356837063,991.025641025641,939.1235281351505
BA.5.2.36,22B,0.6171465799098628,0.45246697522466606,-352.69015252278393,-302.9872356837063,1005.3636363636364,939.1235281351505
BA.5.2.32,22B,0.629907919505652,0.45246697522466606,-365.7308402848574,-302.9872356837063,1032.9875000000002,939.1235281351505
BA.5.2.33,22B,0.6003275354957863,0.45246697522466606,-335.12845377006846,-302.9872356837063,946.3839541547278,939.1235281351505
BA.5.2.34,22B,0.6256265559440713,0.45246697522466606,-357.9848978994866,-302.9872356837063,1019.0696982575436,939.1235281351505
BA.5.2.35,22B,0.6294841628270085,0.45246697522466606,-362.81896518303466,-302.9872356837063,1030.875,939.1235281351505
BA.5.2.38,22B,0.6034701093376104,0.45246697522466606,-340.53374605543274,-302.9872356837063,953.8709677419354,939.1235281351505
BA.5.2.46,22B,0.6106888971938736,0.45246697522466606,-349.5522750045904,-302.9872356837063,985.75,939.1235281351505
BA.5.2.44,22B,0.5954596654566039,0.45246697522466606,-331.40512034798417,-302.9872356837063,935.7364864864865,939.1235281351505
BA.5.2.41,22B,0.6077677862040666,0.45246697522466606,-345.2112979367049,-302.9872356837063,974.4444444444443,939.1235281351505
BA.5.2.47,22B,0.6259851870471628,0.45246697522466606,-360.662255312317,-302.9872356837063,1021.098712446352,939.1235281351505
BA.5.2.43,22B,0.6290730090589339,0.45246697522466606,-366.7714769718837,-302.9872356837063,1029.75,939.1235281351505
BA.5.2.39,22B,0.6233517901236677,0.45246697522466606,-358.68355071333957,-302.9872356837063,1013.8474576271186,939.1235281351505
BA.5.2.45,22B,0.6095794083006119,0.45246697522466606,-348.24907529918124,-302.9872356837063,981.6000000000001,939.1235281351505
BA.5.2.48,22B,0.6568238526281297,0.45246697522466606,-395.11704619617615,-302.9872356837063,1064.3500000000001,939.1235281351505
BA.5.2.29,22B,0.6095990104892688,0.45246697522466606,-347.5751717138572,-302.9872356837063,981.8000000000001,939.1235281351505
BA.5.2.52,22B,0.627794694741419,0.45246697522466606,-363.83936943267855,-302.9872356837063,1024.967213114754,939.1235281351505
BA.5.2.51,22B,0.6113694379927443,0.45246697522466606,-351.60380736441135,-302.9872356837063,989.0,939.1235281351505
BA.5.2.53,22B,0.6113278304169221,0.45246697522466606,-345.46684238646185,-302.9872356837063,988.5360360360361,939.1235281351505
BA.5.2.58,22B,0.626056926548171,0.45246697522466606,-361.35028440334526,-302.9872356837063,1021.6428571428571,939.1235281351505
BA.5.2.54,22B,0.6266961344097682,0.45246697522466606,-361.8638981285678,-302.9872356837063,1022.1388888888888,939.1235281351505
BA.5.2.55,22B,0.6113595046808763,0.45246697522466606,-349.3967591505604,-302.9872356837063,988.8888888888888,939.1235281351505
BA.5.2.57,22B,0.6229981888640291,0.45246697522466606,-356.76661049254426,-302.9872356837063,1012.6281138790035,939.1235281351505
BA.5.3.4,22B,0.5754098168697991,0.45246697522466606,-314.82533959439127,-302.9872356837063,905.2916666666665,939.1235281351505
BA.5.3,22B,0.5735788921609837,0.45246697522466606,-309.6257978750487,-302.9872356837063,902.4939613526569,939.1235281351505
BA.5.2.62,22B,0.6081255204751028,0.45246697522466606,-344.04099273503164,-302.9872356837063,975.6951219512196,939.1235281351505
BA.5.2.37,22B,0.6070153152784048,0.45246697522466606,-342.4657707742759,-302.9872356837063,968.6962962962962,939.1235281351505
BA.5.3.2,22B,0.5595965383460434,0.45246697522466606,-300.1260803731838,-302.9872356837063,882.0,939.1235281351505
BA.5.2.59,22B,0.6221989491448646,0.45246697522466606,-356.4451010188083,-302.9872356837063,1010.3793103448277,939.1235281351505
BA.5.2.61,22B,0.6323180721858126,0.45246697522466606,-369.28256029914036,-302.9872356837063,1035.3333333333333,939.1235281351505
BA.5.3.1,22B,0.6054753092763893,0.45246697522466606,-338.8053561070481,-302.9872356837063,961.3949579831932,939.1235281351505
BA.5.2.63,22B,0.6354761348816863,0.45246697522466606,-373.4270823711681,-302.9872356837063,1038.8181818181818,939.1235281351505
BA.5.2.60,22B,0.6279089760228816,0.45246697522466606,-364.97638507147883,-302.9872356837063,1025.8181818181818,939.1235281351505
BA.5.3.3,22B,0.5875338863152714,0.45246697522466606,-323.99006164963544,-302.9872356837063,926.0,939.1235281351505
BA.5.3.5,22B,0.6444216384853251,0.45246697522466606,-379.9869354119705,-302.9872356837063,1046.1242236024843,939.1235281351505
BA.5.6.3,22B,0.6238354750825856,0.45246697522466606,-359.9189827696837,-302.9872356837063,1016.9285714285714,939.1235281351505
BA.5.2.56,22B,0.6116018852215819,0.45246697522466606,-347.12237524043456,-302.9872356837063,990.4594594594596,939.1235281351505
BA.5.5,22B,0.5728587830112059,0.45246697522466606,-304.85636777128167,-302.9872356837063,900.251970974701,939.1235281351505
BA.5.5.1,22B,0.605268488548007,0.45246697522466606,-338.0682585370327,-302.9872356837063,960.5541932319766,939.1235281351505
BA.5.6,22B,0.5827517682838512,0.45246697522466606,-314.3175127336624,-302.9872356837063,913.8050045085663,939.1235281351505
BA.5.5.3,22B,0.5863229093646104,0.45246697522466606,-321.34451406341896,-302.9872356837063,923.0054644808743,939.1235281351505
BA.5.5.2,22B,0.5843632987185324,0.45246697522466606,-319.3434151632185,-302.9872356837063,916.6394176931691,939.1235281351505
BA.5.6.1,22B,0.6021088982230887,0.45246697522466606,-337.4739878936018,-302.9872356837063,950.4143646408841,939.1235281351505
BA.5.6.2,22B,0.6017067595941011,0.45246697522466606,-335.4267404820797,-302.9872356837063,949.1483803552769,939.1235281351505
BB.2,21H,0.19784212234339427,0.07788185970349656,-35.292639853282886,-31.386727048635038,537.7234042553191,518.5675715990453
BC.1,21K,0.41203798942005293,0.27136806007395364,-182.6300434152913,-154.33349646107382,740.25,721.6526385076467
BA.5.7,22B,0.6107924827051474,0.45246697522466606,-347.9052421351301,-302.9872356837063,986.8695652173914,939.1235281351505
BA.5.6.4,22B,0.6102878802396331,0.45246697522466606,-347.1135837542194,-302.9872356837063,984.1612903225806,939.1235281351505
BA.5.9,22B,0.6107275290634916,0.45246697522466606,-344.18543720743907,-302.9872356837063,986.161797752809,939.1235281351505
BA.5.10.1,22B,0.6054010158042704,0.45246697522466606,-339.524245888407,-302.9872356837063,961.1944444444446,939.1235281351505
BA.5.10,22B,0.5956615729723751,0.45246697522466606,-333.8836834754466,-302.9872356837063,935.8666666666667,939.1235281351505
BA.5.11,22B,0.6587265211049005,0.45246697522466606,-396.42451250509623,-302.9872356837063,1069.0731707317075,939.1235281351505
BE.1,22B,0.5853178879953838,0.45246697522466606,-317.95430608811415,-302.9872356837063,919.6714700755374,939.1235281351505
BC.2,21K,0.3656987393794098,0.27136806007395364,-150.6846553956929,-154.33349646107382,708.0,721.6526385076467
BD.1,21K,0.4175390625495825,0.27136806007395364,-185.7106674239222,-154.33349646107382,773.5454545454546,721.6526385076467
BE.1.4,22B,0.5858643217090819,0.45246697522466606,-320.0319734254796,-302.9872356837063,921.0937149270484,939.1235281351505
BE.1.2,22B,0.6089307611232319,0.45246697522466606,-342.58387753188345,-302.9872356837063,978.5364583333333,939.1235281351505
BA.5.8,22B,0.5799394221064107,0.45246697522466606,-314.57562083693244,-302.9872356837063,908.3381877022654,939.1235281351505
BE.1.1.2,22B,0.6051261116326278,0.45246697522466606,-339.53073654968904,-302.9872356837063,959.8932038834951,939.1235281351505
BE.1.3,22B,0.5759305553525885,0.45246697522466606,-313.77481914624707,-302.9872356837063,907.209090909091,939.1235281351505
BE.1.2.1,22B,0.6287095409632172,0.45246697522466606,-362.1157149727611,-302.9872356837063,1029.0022962112514,939.1235281351505
BE.1.4.1,22B,0.5924933675980221,0.45246697522466606,-327.9483746131133,-302.9872356837063,928.9391891891892,939.1235281351505
BE.4.2,22B,0.641862245404707,0.45246697522466606,-376.38639255120177,-302.9872356837063,1041.3823529411764,939.1235281351505
BE.1.4.2,22B,0.6237750810746973,0.45246697522466606,-357.67434241185737,-302.9872356837063,1016.4527162977869,939.1235281351505
BE.1.1.1,22B,0.6114958585991755,0.45246697522466606,-344.7599879509419,-302.9872356837063,989.2469368520264,939.1235281351505
BE.2,22B,0.5833325690128291,0.45246697522466606,-317.7242148636654,-302.9872356837063,915.523700742433,939.1235281351505
BE.1.4.4,22B,0.5871202017761371,0.45246697522466606,-325.73184466097865,-302.9872356837063,924.1578947368421,939.1235281351505
BE.4,22B,0.59781650603993,0.45246697522466606,-332.26418139800944,-302.9872356837063,941.7068062827225,939.1235281351505
BE.3,22B,0.5806248820354403,0.45246697522466606,-313.69983616864846,-302.9872356837063,909.8093975903615,939.1235281351505
BE.4.1,22B,0.6124423453563249,0.45246697522466606,-347.83172901615217,-302.9872356837063,991.7338709677418,939.1235281351505
BE.1.4.3,22B,0.6035246222819948,0.45246697522466606,-340.4643887096304,-302.9872356837063,954.0571428571427,939.1235281351505
BE.4.1.1,22B,0.606246046911636,0.45246697522466606,-344.68373204940093,-302.9872356837063,965.7142857142856,939.1235281351505
BE.6,22B,0.6275042734180325,0.45246697522466606,-363.892852632162,-302.9872356837063,1023.9767441860464,939.1235281351505
BF.1.1,22B,0.5272244079150372,0.45246697522466606,-269.90425060131867,-302.9872356837063,868.3316326530613,939.1235281351505
BE.7,22B,0.628659544578345,0.45246697522466606,-365.53808377075705,-302.9872356837063,1028.5925925925926,939.1235281351505
BE.1.1,22B,0.5965405723022494,0.45246697522466606,-328.5774737817408,-302.9872356837063,938.3921056450442,939.1235281351505
BE.11,22B,0.5947730670414155,0.45246697522466606,-332.46460808498324,-302.9872356837063,934.037037037037,939.1235281351505
BE.12,22B,0.5694333443151919,0.45246697522466606,-307.7622602990841,-302.9872356837063,892.860465116279,939.1235281351505
BE.10,22B,0.6539493908190641,0.45246697522466606,-389.4779870021162,-302.9872356837063,1057.3820224719102,939.1235281351505
BE.9,22B,0.6420370796573288,0.45246697522466606,-376.8083337415084,-302.9872356837063,1041.9283489096574,939.1235281351505
BE.8,22B,0.6422277794087552,0.45246697522466606,-379.8880081655796,-302.9872356837063,1042.2777777777778,939.1235281351505
BE.13,22B,0.6696572023472827,0.45246697522466606,-410.3188322085211,-302.9872356837063,1109.8,939.1235281351505
BF.2,22B,0.5968699982350117,0.45246697522466606,-332.520879242618,-302.9872356837063,939.1043956043957,939.1235281351505
BF.1,22B,0.5753967865344225,0.45246697522466606,-310.53225828260304,-302.9872356837063,905.2476958525345,939.1235281351505
BF.4,22B,0.594288735061105,0.45246697522466606,-328.0352814559518,-302.9872356837063,932.7591950034698,939.1235281351505
BF.5,22B,0.5978417274409284,0.45246697522466606,-329.5014798895598,-302.9872356837063,941.7932444061962,939.1235281351505
BF.3.1,22B,0.5962832019404201,0.45246697522466606,-331.04498136842125,-302.9872356837063,937.6165577342049,939.1235281351505
BF.5.4,22B,0.6108781232517245,0.45246697522466606,-349.3335336635265,-302.9872356837063,987.8333333333333,939.1235281351505
BF.5.2,22B,0.6552070091740037,0.45246697522466606,-396.397171942499,-302.9872356837063,1061.0,939.1235281351505
BF.7,22B,0.6227643761943079,0.45246697522466606,-353.72720584293916,-302.9872356837063,1011.0921450151059,939.1235281351505
BF.6,22B,0.5962237879962379,0.45246697522466606,-331.8713051151723,-302.9872356837063,937.4421052631579,939.1235281351505
BF.5.5,22B,0.6081636363900644,0.45246697522466606,-345.54046929399345,-302.9872356837063,976.0526315789473,939.1235281351505
BF.7.1,22B,0.6285698455017862,0.45246697522466606,-365.9691003127291,-302.9872356837063,1027.875,939.1235281351505
BF.7.3,22B,0.625230449510421,0.45246697522466606,-362.5151439312755,-302.9872356837063,1018.1176470588234,939.1235281351505
BF.7.4.1,22B,0.6275263058327628,0.45246697522466606,-359.8867466413357,-302.9872356837063,1024.1349337748345,939.1235281351505
BF.7.5,22B,0.6287407180304905,0.45246697522466606,-362.22659997059066,-302.9872356837063,1029.2621118012423,939.1235281351505
BF.7.4,22B,0.6185966324790483,0.45246697522466606,-351.0542282406908,-302.9872356837063,1008.3974719101124,939.1235281351505
BF.3,22B,0.5859432346258723,0.45246697522466606,-323.3134972120613,-302.9872356837063,921.4027777777777,939.1235281351505
BF.7.5.1,22B,0.6291719068335131,0.45246697522466606,-366.41382622977864,-302.9872356837063,1030.5789473684208,939.1235281351505
BF.7.9,22B,0.5978047477601367,0.45246697522466606,-337.5053822078729,-302.9872356837063,941.6666666666666,939.1235281351505
BF.7.8,22B,0.6252594194733649,0.45246697522466606,-361.59366522401103,-302.9872356837063,1018.3181818181818,939.1235281351505
BF.7.7,22B,0.6230089572749221,0.45246697522466606,-357.2948866140026,-302.9872356837063,1012.7014925373134,939.1235281351505
BF.7.10,22B,0.6273742575538547,0.45246697522466606,-364.57688513083286,-302.9872356837063,1023.2631578947368,939.1235281351505
BF.7.6,22B,0.623377563508836,0.45246697522466606,-357.4448865199034,-302.9872356837063,1014.0287081339712,939.1235281351505
BF.7.11,22B,0.6329198384570969,0.45246697522466606,-371.810854720472,-302.9872356837063,1037.25,939.1235281351505
BF.7.13,22B,0.6577999338547341,0.45246697522466606,-399.15124862072946,-302.9872356837063,1067.0,939.1235281351505
BF.7.12,22B,0.6251119717934165,0.45246697522466606,-360.8210614444739,-302.9872356837063,1017.3170731707318,939.1235281351505
BF.7.21,22B,0.6298270667265888,0.45246697522466606,-364.5912961331567,-302.9872356837063,1032.286956521739,939.1235281351505
BF.7.13.2,22B,0.6091167071152571,0.45246697522466606,-349.4092327846619,-302.9872356837063,980.0,939.1235281351505
BF.7.14,22B,0.6595100361536138,0.45246697522466606,-397.0011662756531,-302.9872356837063,1069.6226415094338,939.1235281351505
BF.7.14.1,22B,0.6601415573335105,0.45246697522466606,-399.4483961952873,-302.9872356837063,1071.2222222222222,939.1235281351505
BF.7.4.2,22B,0.6103901747356009,0.45246697522466606,-346.5374269497842,-302.9872356837063,985.2459016393443,939.1235281351505
BF.7.14.4,22B,0.6562660582734807,0.45246697522466606,-396.42136431427764,-302.9872356837063,1062.6666666666665,939.1235281351505
BF.7.14.3,22B,0.6588077614741293,0.45246697522466606,-399.53180556000103,-302.9872356837063,1069.5,939.1235281351505
BF.7.15,22B,0.6661920755887528,0.45246697522466606,-406.2221122137908,-302.9872356837063,1099.857142857143,939.1235281351505
BF.7.16,22B,0.6125723532936926,0.45246697522466606,-349.28452960892713,-302.9872356837063,993.1818181818182,939.1235281351505
BF.7.17,22B,0.6436681658218842,0.45246697522466606,-381.7964828361861,-302.9872356837063,1045.5833333333333,939.1235281351505
BF.7.19,22B,0.6267038769850236,0.45246697522466606,-363.2581066920471,-302.9872356837063,1022.1944444444443,939.1235281351505
BF.7.18,22B,0.6266766880435243,0.45246697522466606,-366.81383588535635,-302.9872356837063,1022.0,939.1235281351505
BF.7.14.5,22B,0.6544379989915236,0.45246697522466606,-394.483619400522,-302.9872356837063,1058.6666666666665,939.1235281351505
BF.7.19.1,22B,0.6276073221862393,0.45246697522466606,-365.3617147606853,-302.9872356837063,1024.7272727272727,939.1235281351505
BF.7.20,22B,0.6227641095457112,0.45246697522466606,-357.56795429500136,-302.9872356837063,1011.0904522613065,939.1235281351505
BF.7.14.6,22B,0.6567406165749922,0.45246697522466606,-395.944758287628,-302.9872356837063,1064.0,939.1235281351505
BF.7.22,22B,0.6256807315447915,0.45246697522466606,-361.1688341898477,-302.9872356837063,1019.4466019417475,939.1235281351505
BF.7.26,22B,0.6146440758973606,0.45246697522466606,-350.661352336141,-302.9872356837063,1002.421875,939.1235281351505
BF.7.24,22B,0.6267708074602583,0.45246697522466606,-362.3667630277382,-302.9872356837063,1022.6808510638298,939.1235281351505
BF.7.23,22B,0.6256635127124126,0.45246697522466606,-360.85875685102053,-302.9872356837063,1019.3260869565216,939.1235281351505
BF.8,22B,0.5828908237214275,0.45246697522466606,-316.33079690345767,-302.9872356837063,914.1949458483755,939.1235281351505
BF.7.27,22B,0.6141958996071817,0.45246697522466606,-348.3820414942127,-302.9872356837063,999.3391521197008,939.1235281351505
BF.10,22B,0.5956631457747731,0.45246697522466606,-326.8283484953992,-302.9872356837063,935.8706564815348,939.1235281351505
BF.11,22B,0.6184863566667288,0.45246697522466606,-350.56675526146915,-302.9872356837063,1007.3242287917737,939.1235281351505
BF.10.1,22B,0.6291700452743124,0.45246697522466606,-364.99963667698603,-302.9872356837063,1030.5641025641025,939.1235281351505
BF.11.3,22B,0.6233734960607059,0.45246697522466606,-359.3818989481586,-302.9872356837063,1014.0,939.1235281351505
BF.13,22B,0.6073834418444183,0.45246697522466606,-340.2598539838021,-302.9872356837063,971.1798972015991,939.1235281351505
BF.14,22B,0.6140758444949436,0.45246697522466606,-347.0438182065432,-302.9872356837063,997.9255162241888,939.1235281351505
BF.11.1,22B,0.6137677100069389,0.45246697522466606,-349.24425958272604,-302.9872356837063,997.2252252252254,939.1235281351505
BF.12,22B,0.5825654606746611,0.45246697522466606,-319.95813014581097,-302.9872356837063,913.3010752688173,939.1235281351505
BF.11.4,22B,0.6185695954820614,0.45246697522466606,-354.45955155867273,-302.9872356837063,1008.1304347826086,939.1235281351505
BF.16,22B,0.6042358943452176,0.45246697522466606,-338.37309176919644,-302.9872356837063,956.6815742397139,939.1235281351505
BF.11.5,22B,0.6282727428709884,0.45246697522466606,-364.5675875648425,-302.9872356837063,1027.1041666666665,939.1235281351505
BF.11.2,22B,0.6468085930056796,0.45246697522466606,-383.7176279963597,-302.9872356837063,1050.7446808510638,939.1235281351505
BF.15,22B,0.6051308391258046,0.45246697522466606,-340.69648543533907,-302.9872356837063,959.9147286821706,939.1235281351505
BF.17,22B,0.6037162811432708,0.45246697522466606,-341.80475893468946,-302.9872356837063,954.7272727272727,939.1235281351505
BF.18,22B,0.5874426260201132,0.45246697522466606,-326.3354212209309,-302.9872356837063,925.5714285714284,939.1235281351505
BF.19,22B,0.5828627978183685,0.45246697522466606,-321.50431115097814,-302.9872356837063,914.1153846153846,939.1235281351505
BF.31.1,22B,0.6323600230740295,0.45246697522466606,-368.01666698038207,-302.9872356837063,1035.63,939.1235281351505
BF.9,22B,0.5859323735721963,0.45246697522466606,-320.0823945009107,-302.9872356837063,921.3597560975609,939.1235281351505
BF.23,22B,0.6001536564061271,0.45246697522466606,-336.94781455049855,-302.9872356837063,945.8541666666665,939.1235281351505
BF.25,22B,0.6075967792477865,0.45246697522466606,-341.1162447343887,-302.9872356837063,972.9256830601093,939.1235281351505
BF.24,22B,0.5865226343895906,0.45246697522466606,-322.9714423728234,-302.9872356837063,923.936416184971,939.1235281351505
BF.20,22B,0.5753226076605544,0.45246697522466606,-314.66635962438966,-302.9872356837063,905.0000000000001,939.1235281351505
BF.27,22B,0.5861517107763569,0.45246697522466606,-319.1905980471988,-302.9872356837063,922.2576573231854,939.1235281351505
BF.26,22B,0.6049705957860988,0.45246697522466606,-336.4143392293175,-302.9872356837063,959.2002997002998,939.1235281351505
BF.29,22B,0.5997595028700919,0.45246697522466606,-336.15607701813894,-302.9872356837063,944.876712328767,939.1235281351505
BF.31,22B,0.6082062470933437,0.45246697522466606,-344.22244211369434,-302.9872356837063,976.4594594594596,939.1235281351505
BF.28,22B,0.5807293549570102,0.45246697522466606,-314.68239151774173,-302.9872356837063,910.0474100087796,939.1235281351505
BF.21,22B,0.5847479203832475,0.45246697522466606,-317.8654463290738,-302.9872356837063,917.7745467600072,939.1235281351505
BF.30,22B,0.6268016908589679,0.45246697522466606,-364.54375000520366,-302.9872356837063,1022.909090909091,939.1235281351505
BF.32,22B,0.6222156354693525,0.45246697522466606,-355.7950166787266,-302.9872356837063,1010.4896755162242,939.1235281351505
BF.34,22B,0.6145985530881888,0.45246697522466606,-352.2897102288762,-302.9872356837063,1001.8333333333333,939.1235281351505
BF.40,22B,0.5954469271943916,0.45246697522466606,-330.3406802217829,-302.9872356837063,935.7004716981132,939.1235281351505
BF.39,22B,0.6032243576301433,0.45246697522466606,-336.9991685871427,-302.9872356837063,953.6813317479191,939.1235281351505
BF.39.1,22B,0.6454020705703191,0.45246697522466606,-383.2599472639973,-302.9872356837063,1047.7058823529412,939.1235281351505
BF.38,22B,0.5998392002706971,0.45246697522466606,-336.7151883735657,-302.9872356837063,945.1111111111112,939.1235281351505
BF.36,22B,0.5924887111563092,0.45246697522466606,-327.81432561035234,-302.9872356837063,928.9287833827893,939.1235281351505
BG.3,22C,0.5271353807822673,0.3890773060524936,-272.62019619633895,-247.7499753760463,867.375,847.2164894262263
BG.1,22C,0.5214038560227103,0.3890773060524936,-267.4054209949204,-247.7499753760463,848.1515151515151,847.2164894262263
BF.41.1,22B,0.6259470627865856,0.45246697522466606,-362.7785338430255,-302.9872356837063,1020.8148148148148,939.1235281351505
BG.2,22C,0.5240904725492471,0.3890773060524936,-263.76262658472007,-247.7499753760463,853.0660903288357,847.2164894262263
BG.5,22C,0.5258990220028813,0.3890773060524936,-267.27102991443405,-247.7499753760463,858.8545977011494,847.2164894262263
BG.4,22C,0.5192683343148348,0.3890773060524936,-262.90145520687224,-247.7499753760463,846.2290388548058,847.2164894262263
BG.6,22C,0.5581224201214101,0.3890773060524936,-300.5091730495984,-247.7499753760463,880.0,847.2164894262263
BK.1,22B,0.6006952563280182,0.45246697522466606,-333.9483754439303,-302.9872356837063,947.5531385954009,939.1235281351505
BG.7,22C,0.5272799057847414,0.3890773060524936,-272.1395299010518,-247.7499753760463,868.9545454545455,847.2164894262263
BH.1,21L,0.5945342690223518,0.35894924126709815,-331.56718398327246,-222.62331989377134,933.3962264150942,817.5416739411294
BF.35,22B,0.5877926302140436,0.45246697522466606,-320.3622976496532,-302.9872356837063,927.2926091530774,939.1235281351505
BL.1,22D,0.6081685895037325,0.4832606328277219,-343.137884777105,-336.9477416261544,976.0995260663508,1027.627403213063
BF.41,22B,0.5930689465049606,0.45246697522466606,-329.2611331676156,-302.9872356837063,930.2573529411764,939.1235281351505
BL.1.5,22D,0.6220154108183902,0.4832606328277219,-359.40391913917574,-336.9477416261544,1009.2000000000002,1027.627403213063
BL.1.4,22D,0.616978989812954,0.4832606328277219,-354.91970242441334,-336.9477416261544,1003.6666666666666,1027.627403213063
BL.1.3,22D,0.6059643918028991,0.4832606328277219,-344.5661299408467,-336.9477416261544,964.0,1027.627403213063
BJ.1,21L,0.6260234495939143,0.35894924126709815,-363.5874223672506,-222.62331989377134,1021.3846153846154,817.5416739411294
BL.2,22D,0.6115573423100517,0.4832606328277219,-347.12435993164564,-336.9477416261544,989.9433962264151,1027.627403213063
BL.3,22D,0.5925990810453313,0.4832606328277219,-330.90373462662956,-336.9477416261544,929.1764705882354,1027.627403213063
BL.4,22D,0.6029790342290235,0.4832606328277219,-340.7918590991032,-336.9477416261544,952.8,1027.627403213063
BL.2.1,22D,0.6090264733191938,0.4832606328277219,-347.1236175715147,-336.9477416261544,979.1111111111111,1027.627403213063
BM.1,22D,0.6062437740035304,0.4832606328277219,-343.6317131571659,-336.9477416261544,965.7,1027.627403213063
BL.6,22D,0.6186591029791826,0.4832606328277219,-355.0703609258823,-336.9477416261544,1009.0243902439024,1027.627403213063
BM.1.1,22D,0.6115492799805754,0.4832606328277219,-346.32023258429035,-336.9477416261544,989.8510638297872,1027.627403213063
BM.1.1.1,22D,0.608900425888087,0.4832606328277219,-345.865782722402,-336.9477416261544,978.25,1027.627403213063
BM.2,22D,0.6172603977333556,0.4832606328277219,-354.14167268547106,-336.9477416261544,1006.5769230769232,1027.627403213063
BM.1.1.3,22D,0.6140996156564476,0.4832606328277219,-348.28837320821293,-336.9477416261544,998.2,1027.627403213063
BM.2.1,22D,0.6220022266465474,0.4832606328277219,-359.2654510693837,-336.9477416261544,1009.1176470588234,1027.627403213063
BM.1.1.4,22D,0.654307287857753,0.4832606328277219,-392.55349523404794,-336.9477416261544,1058.2777777777778,1027.627403213063
BM.1.1.5,22D,0.6537731004332198,0.4832606328277219,-394.8787813216826,-336.9477416261544,1057.0,1027.627403213063
BN.1.1,22D,0.6468775755279412,0.4832606328277219,-382.5904121905466,-336.9477416261544,1051.025641025641,1027.627403213063
BM.3,22D,0.5817626884640275,0.4832606328277219,-322.6619678345956,-336.9477416261544,912.6666666666666,1027.627403213063
BM.4,22D,0.5755422873628582,0.4832606328277219,-316.7370537414772,-336.9477416261544,905.75,1027.627403213063
BM.4.1,22D,0.6096504464979896,0.4832606328277219,-348.82965795178137,-336.9477416261544,982.3333333333333,1027.627403213063
BM.4.1.1,22D,0.6141114471250152,0.4832606328277219,-348.83632759950643,-336.9477416261544,998.3376068376067,1027.627403213063
BN.1,22D,0.6422961001997465,0.4832606328277219,-375.26431521741915,-336.9477416261544,1042.5012696800404,1027.627403213063
BN.1.1.1,22D,0.6528394284425998,0.4832606328277219,-390.6345599230612,-336.9477416261544,1054.9615384615386,1027.627403213063
BN.1.2,22D,0.6517116508574663,0.4832606328277219,-386.2111238890258,-336.9477416261544,1052.5582450832076,1027.627403213063
BN.1.2.1,22D,0.6431112012807857,0.4832606328277219,-380.40395911427606,-336.9477416261544,1044.4074074074074,1027.627403213063
BN.1.2.2,22D,0.6534682891863659,0.4832606328277219,-391.3378435096551,-336.9477416261544,1056.2,1027.627403213063
BM.5,22D,0.600295613995989,0.4832606328277219,-339.00740705942076,-336.9477416261544,946.2857142857142,1027.627403213063
BN.1.2.3,22D,0.6474384886249386,0.4832606328277219,-383.3846004746529,-336.9477416261544,1051.330708661417,1027.627403213063
BN.1.2.4,22D,0.6565595555932391,0.4832606328277219,-394.3978369353835,-336.9477416261544,1063.5806451612902,1027.627403213063
BN.1.2.5,22D,0.653871291482073,0.4832606328277219,-392.4977562810371,-336.9477416261544,1057.1666666666665,1027.627403213063
BN.1.2.6,22D,0.6523496901208184,0.4832606328277219,-391.179208900017,-336.9477416261544,1053.888888888889,1027.627403213063
BN.1.2.7,22D,0.7054996742160033,0.4832606328277219,-450.3509463764829,-336.9477416261544,1177.2,1027.627403213063
BN.1.2.8,22D,0.6460634788104307,0.4832606328277219,-386.7859896450908,-336.9477416261544,1049.0,1027.627403213063
BN.1.3,22D,0.6431615620094264,0.4832606328277219,-376.4751495483228,-336.9477416261544,1044.5922598479613,1027.627403213063
BN.1.3.2,22D,0.6648641876003566,0.4832606328277219,-406.0342393542664,-336.9477416261544,1092.5,1027.627403213063
BN.1.3.1,22D,0.6456954674287656,0.4832606328277219,-379.52413125553693,-336.9477416261544,1048.298245614035,1027.627403213063
BN.1.3.3,22D,0.6428700360309086,0.4832606328277219,-378.91542448229694,-336.9477416261544,1043.5591397849462,1027.627403213063
BN.1.3.4,22D,0.6565442943669235,0.4832606328277219,-397.12246340174454,-336.9477416261544,1063.5,1027.627403213063
BN.1.3.6,22D,0.632986895457976,0.4832606328277219,-367.3371255236385,-336.9477416261544,1037.755319148936,1027.627403213063
BN.1.3.5,22D,0.6530299406496787,0.4832606328277219,-389.04388767455714,-336.9477416261544,1055.3461538461538,1027.627403213063
BN.1.3.7,22D,0.6452606012520415,0.4832606328277219,-381.7705905424351,-336.9477416261544,1047.2153846153847,1027.627403213063
BN.1.3.9,22D,0.6557799991629505,0.4832606328277219,-395.6179385516593,-336.9477416261544,1061.5,1027.627403213063
BN.1.3.11,22D,0.6645688384010747,0.4832606328277219,-404.46025976431355,-336.9477416261544,1090.0,1027.627403213063
BN.1.3.8,22D,0.6329845187011013,0.4832606328277219,-370.3198074902527,-336.9477416261544,1037.7368421052631,1027.627403213063
BN.1.4,22D,0.6413505506948457,0.4832606328277219,-375.83402254962954,-336.9477416261544,1040.1201923076924,1027.627403213063
BN.1.4.1,22D,0.6476097505443503,0.4832606328277219,-385.36437483939403,-336.9477416261544,1052.0,1027.627403213063
BN.1.4.2,22D,0.653950744879184,0.4832606328277219,-391.8085720029736,-336.9477416261544,1057.3846153846155,1027.627403213063
BN.1.4.3,22D,0.6443931055097717,0.4832606328277219,-380.2849018324854,-336.9477416261544,1046.0258620689656,1027.627403213063
BN.1.4.5,22D,0.6324016583860819,0.4832606328277219,-367.7162016942305,-336.9477416261544,1035.9290780141844,1027.627403213063
BN.1.3.12,22D,0.6414507173904054,0.4832606328277219,-378.8778652974157,-336.9477416261544,1040.409090909091,1027.627403213063
BN.1.5.1,22D,0.6300818986864367,0.4832606328277219,-368.3468110385725,-336.9477416261544,1034.5714285714284,1027.627403213063
BN.1.5,22D,0.6419040836919168,0.4832606328277219,-375.52550863537954,-336.9477416261544,1041.5109126984128,1027.627403213063
BN.1.5.2,22D,0.6467834861007499,0.4832606328277219,-382.77071124853694,-336.9477416261544,1050.6440677966102,1027.627403213063
BN.1.8,22D,0.6108042500042584,0.4832606328277219,-350.3592026223197,-336.9477416261544,987.0,1027.627403213063
BN.1.7,22D,0.6445329053350171,0.4832606328277219,-379.6474259882197,-336.9477416261544,1046.515748031496,1027.627403213063
BN.1.6,22D,0.659122502880079,0.4832606328277219,-399.57724393322417,-336.9477416261544,1076.5,1027.627403213063
BN.1.10,22D,0.6405614049299412,0.4832606328277219,-376.6025421076234,-336.9477416261544,1039.1294117647058,1027.627403213063
BN.1.9,22D,0.6329062522117112,0.4832606328277219,-368.15261314624627,-336.9477416261544,1037.1568627450981,1027.627403213063
BN.2.1,22D,0.6144513227920122,0.4832606328277219,-351.0172045383272,-336.9477416261544,1000.5405405405405,1027.627403213063
BN.2,22D,0.5976959857636686,0.4832606328277219,-336.19901187474693,-336.9477416261544,941.3,1027.627403213063
BN.3,22D,0.609270363161905,0.4832606328277219,-347.95050049295537,-336.9477416261544,981.6,1027.627403213063
BN.1.11,22D,0.6530056027676154,0.4832606328277219,-392.122151478975,-336.9477416261544,1055.2857142857142,1027.627403213063
BN.4,22D,0.6112788907369137,0.4832606328277219,-349.5683913683124,-336.9477416261544,988.0,1027.627403213063
BN.6,22D,0.6087290307970428,0.4832606328277219,-344.84079996729145,-336.9477416261544,976.6969696969697,1027.627403213063
BQ.1,22E,0.6408444897051306,0.49622051231334174,-371.16161455332946,-348.01214920833087,1039.9562210230297,1050.9645053894194
BN.5,22D,0.6071141953016117,0.4832606328277219,-343.2327578814139,-336.9477416261544,969.3913043478261,1027.627403213063
BQ.1.1,22E,0.6523235393606648,0.49622051231334174,-382.46655230191186,-348.01214920833087,1053.8340128130458,1050.9645053894194
BQ.1.1.1,22E,0.6540456874187768,0.49622051231334174,-388.1186845825522,-348.01214920833087,1057.6542137271938,1050.9645053894194
BQ.1.1.2,22E,0.6565157274847823,0.49622051231334174,-391.2749550229835,-348.01214920833087,1063.4032738095239,1050.9645053894194
BQ.1.1.4,22E,0.6516935834186617,0.49622051231334174,-384.2965011888306,-348.01214920833087,1052.5238636363636,1050.9645053894194
BQ.1.1.3,22E,0.6456516059932158,0.49622051231334174,-378.0782793482515,-348.01214920833087,1048.1407482820055,1050.9645053894194
BN.3.1,22D,0.6524758980240122,0.4832606328277219,-388.6264921958806,-336.9477416261544,1054.1439393939395,1027.627403213063
BQ.1.1.14,22E,0.651733529407988,0.49622051231334174,-390.42532154295105,-348.01214920833087,1052.6,1050.9645053894194
BQ.1.1.7,22E,0.6460132243007545,0.49622051231334174,-379.543384849694,-348.01214920833087,1048.8152337858219,1050.9645053894194
BQ.1.1.8,22E,0.6456882490968193,0.49622051231334174,-381.6566305464167,-348.01214920833087,1048.2719298245613,1050.9645053894194
BQ.1.1.6,22E,0.6466345324287137,0.49622051231334174,-381.00829946482025,-348.01214920833087,1050.268707482993,1050.9645053894194
BQ.1.1.5,22E,0.6460732368887057,0.49622051231334174,-378.9426508778399,-348.01214920833087,1049.03572815534,1050.9645053894194
BQ.1.1.10,22E,0.6605523749852197,0.49622051231334174,-395.24026573857424,-348.01214920833087,1073.4585106382979,1050.9645053894194
BQ.1.1.9,22E,0.6572995997616914,0.49622051231334174,-396.3160825737548,-348.01214920833087,1065.6,1050.9645053894194
BQ.1.1.11,22E,0.6586507142483526,0.49622051231334174,-394.7537513119855,-348.01214920833087,1068.686567164179,1050.9645053894194
BQ.1.1.15,22E,0.6552298113009629,0.49622051231334174,-390.62832303838667,-348.01214920833087,1061.1006097560976,1050.9645053894194
BQ.1.1.12,22E,0.6222172152787223,0.49622051231334174,-361.62261251557635,-348.01214920833087,1010.5,1050.9645053894194
BQ.1.1.18,22E,0.6539171237216821,0.49622051231334174,-387.04325436784256,-348.01214920833087,1057.2923599320882,1050.9645053894194
BQ.1.1.19,22E,0.6354525843054945,0.49622051231334174,-371.81153226620387,-348.01214920833087,1038.6851851851852,1050.9645053894194
BQ.1.1.16,22E,0.6562487133430076,0.49622051231334174,-395.89210788220316,-348.01214920833087,1062.6000000000001,1050.9645053894194
BQ.1.1.22,22E,0.6537575081066392,0.49622051231334174,-389.75635525737414,-348.01214920833087,1056.9575757575758,1050.9645053894194
BQ.1.1.17,22E,0.651856157902214,0.49622051231334174,-388.2126089480894,-348.01214920833087,1052.8365384615386,1050.9645053894194
BQ.1.1.20,22E,0.6626525524238633,0.49622051231334174,-400.93863198617447,-348.01214920833087,1081.5,1050.9645053894194
BQ.1.1.23,22E,0.6563131989971147,0.49622051231334174,-391.5109527798228,-348.01214920833087,1062.8481308411215,1050.9645053894194
BQ.1.1.25,22E,0.6463558682250641,0.49622051231334174,-381.96869291891124,-348.01214920833087,1049.6428571428569,1050.9645053894194
BQ.1.1.24,22E,0.6562842940841854,0.49622051231334174,-392.67954357804035,-348.01214920833087,1062.7364341085272,1050.9645053894194
BQ.1.1.13,22E,0.6599055758652889,0.49622051231334174,-395.3365999100137,-348.01214920833087,1070.5152224824355,1050.9645053894194
BQ.1.1.31,22E,0.656650257055088,0.49622051231334174,-393.19211100451525,-348.01214920833087,1063.9561403508771,1050.9645053894194
BQ.1.1.30,22E,0.6610682349579801,0.49622051231334174,-399.1444978725976,-348.01214920833087,1076.3636363636363,1050.9645053894194
BQ.1.1.28,22E,0.6532483973540525,0.49622051231334174,-387.5970981329646,-348.01214920833087,1055.65748502994,1050.9645053894194
BQ.1.1.29,22E,0.6598351422575561,0.49622051231334174,-396.7962071585833,-348.01214920833087,1070.1739130434783,1050.9645053894194
BQ.1.1.26,22E,0.6609313687774958,0.49622051231334174,-399.16214680351743,-348.01214920833087,1075.4642857142858,1050.9645053894194
BQ.1.1.32,22E,0.65991763606087,0.49622051231334174,-393.4964382359505,-348.01214920833087,1070.5745227606462,1050.9645053894194
BQ.1.1.44,22E,0.6646241657166473,0.49622051231334174,-403.03250282574544,-348.01214920833087,1090.5806451612905,1050.9645053894194
BQ.1.1.27,22E,0.6444393509537097,0.49622051231334174,-379.73976218988236,-348.01214920833087,1046.1857142857143,1050.9645053894194
BQ.1.1.35,22E,0.6633060065855522,0.49622051231334174,-399.39822941561255,-348.01214920833087,1082.1453900709218,1050.9645053894194
BQ.1.1.37,22E,0.6623077981300165,0.49622051231334174,-401.07830634297216,-348.01214920833087,1079.7222222222222,1050.9645053894194
BQ.1.1.38,22E,0.662609719838593,0.49622051231334174,-401.34907304005014,-348.01214920833087,1081.157894736842,1050.9645053894194
BQ.1.1.36,22E,0.6616917009389145,0.49622051231334174,-398.6453135805819,-348.01214920833087,1076.4356435643565,1050.9645053894194
BQ.1.1.39,22E,0.6647580542569433,0.49622051231334174,-402.0063123020861,-348.01214920833087,1091.3300000000002,1050.9645053894194
BQ.1.1.40,22E,0.6565537769850899,0.49622051231334174,-391.3243885761932,-348.01214920833087,1063.5570570570571,1050.9645053894194
BQ.1.1.34,22E,0.6528820319799137,0.49622051231334174,-392.32823348145456,-348.01214920833087,1055.0,1050.9645053894194
BQ.1.1.42,22E,0.662274598537377,0.49622051231334174,-399.45549889357574,-348.01214920833087,1079.4772727272727,1050.9645053894194
BQ.1.1.43,22E,0.6635918222146592,0.49622051231334174,-399.54763668238917,-348.01214920833087,1084.4592145015106,1050.9645053894194
BQ.1.1.54,22E,0.6581863588538885,0.49622051231334174,-393.3998180346126,-348.01214920833087,1068.28,1050.9645053894194
BQ.1.1.45,22E,0.6767179102582892,0.49622051231334174,-414.3912754330586,-348.01214920833087,1116.9470899470898,1050.9645053894194
BQ.1.1.53,22E,0.6663130667974725,0.49622051231334174,-404.5170061745413,-348.01214920833087,1101.5227272727273,1050.9645053894194
BQ.1.1.52,22E,0.652641163102587,0.49622051231334174,-386.8291828143108,-348.01214920833087,1054.5084388185653,1050.9645053894194
BQ.1.1.49,22E,0.6572996018457316,0.49622051231334174,-396.3160848043385,-348.01214920833087,1065.6,1050.9645053894194
BQ.1.1.51,22E,0.6527775090462574,0.49622051231334174,-386.5661113055317,-348.01214920833087,1054.8181179775281,1050.9645053894194
BQ.1.1.47,22E,0.6621765307466142,0.49622051231334174,-400.27166065117547,-348.01214920833087,1078.7714285714285,1050.9645053894194
BQ.1.1.48,22E,0.6641004107165209,0.49622051231334174,-400.90987718978556,-348.01214920833087,1087.9727891156463,1050.9645053894194
BQ.1.1.41,22E,0.6560385285856367,0.49622051231334174,-389.8171447102956,-348.01214920833087,1062.4683908045977,1050.9645053894194
BQ.1.1.55,22E,0.6633038651030511,0.49622051231334174,-401.6038319116987,-348.01214920833087,1082.1290322580644,1050.9645053894194
BQ.1.1.65,22E,0.6647860881400622,0.49622051231334174,-400.4724702481443,-348.01214920833087,1091.635983263598,1050.9645053894194
BQ.1.1.57,22E,0.6468886636606335,0.49622051231334174,-382.12249340118103,-348.01214920833087,1051.0714285714284,1050.9645053894194
BQ.1.1.58,22E,0.6615076248627781,0.49622051231334174,-398.41075534166515,-348.01214920833087,1077.881818181818,1050.9645053894194
BQ.1.1.62,22E,0.6542171684855068,0.49622051231334174,-394.24990539060167,-348.01214920833087,1058.0,1050.9645053894194
BQ.1.1.61,22E,0.6606173722979061,0.49622051231334174,-397.6561208204871,-348.01214920833087,1073.8444444444444,1050.9645053894194
BQ.1.1.67,22E,0.6459056937767814,0.49622051231334174,-380.74001518095724,-348.01214920833087,1048.4301675977654,1050.9645053894194
BQ.1.1.59,22E,0.6675300257559753,0.49622051231334174,-408.01241104370496,-348.01214920833087,1105.6000000000001,1050.9645053894194
BQ.1.1.63,22E,0.6656202237342281,0.49622051231334174,-401.3303718036688,-348.01214920833087,1094.2865731462928,1050.9645053894194
BQ.1.1.64,22E,0.6172068755521607,0.49622051231334174,-357.34591061451243,-348.01214920833087,1006.0,1050.9645053894194
BQ.1.1.66,22E,0.6547282911907641,0.49622051231334174,-391.73075294959585,-348.01214920833087,1059.46875,1050.9645053894194
BQ.1.1.69,22E,0.6518654374250302,0.49622051231334174,-385.36624026856396,-348.01214920833087,1052.8546158098395,1050.9645053894194
BQ.1.1.70,22E,0.6565223406079133,0.49622051231334174,-395.84633693284945,-348.01214920833087,1063.4285714285713,1050.9645053894194
BQ.1.1.68,22E,0.6446184832670602,0.49622051231334174,-377.84659321621314,-348.01214920833087,1046.8258026159333,1050.9645053894194
BQ.1.1.46,22E,0.6634924511299259,0.49622051231334174,-403.16259131992996,-348.01214920833087,1083.625,1050.9645053894194
BQ.1.1.71,22E,0.666398391293534,0.49622051231334174,-407.008940597323,-348.01214920833087,1102.75,1050.9645053894194
BQ.1.1.72,22E,0.653137411573249,0.49622051231334174,-390.8749715995445,-348.01214920833087,1055.607142857143,1050.9645053894194
BQ.1.2.3,22E,0.6414825344998141,0.49622051231334174,-375.10430632538083,-348.01214920833087,1040.5020202020203,1050.9645053894194
BQ.1.2.2,22E,0.6985173236527887,0.49622051231334174,-443.19461305218675,-348.01214920833087,1144.0,1050.9645053894194
BQ.1.1.76,22E,0.6625192048085231,0.49622051231334174,-399.94718851020417,-348.01214920833087,1080.4571428571428,1050.9645053894194
BQ.1.1.56,22E,0.6575271242111679,0.49622051231334174,-394.9690140431507,-348.01214920833087,1066.2857142857142,1050.9645053894194
BQ.1.2,22E,0.6452269668240451,0.49622051231334174,-377.4014028257144,-348.01214920833087,1047.1018966908796,1050.9645053894194
BQ.1.2.1,22E,0.6609040700909791,0.49622051231334174,-397.7541477286532,-348.01214920833087,1075.3783783783783,1050.9645053894194
BQ.1.1.78,22E,0.6108488585445829,0.49622051231334174,-350.4032420381063,-348.01214920833087,987.5,1050.9645053894194
BQ.1.1.79,22E,0.6771455555775185,0.49622051231334174,-418.50209014798725,-348.01214920833087,1121.0,1050.9645053894194
BQ.1.1.77,22E,0.6581361989516402,0.49622051231334174,-395.5392615150612,-348.01214920833087,1068.0188679245282,1050.9645053894194
BQ.1.1.60,22E,0.6578034269336227,0.49622051231334174,-394.6441261882833,-348.01214920833087,1067.0219780219782,1050.9645053894194
BQ.1.3,22E,0.6424273303513597,0.49622051231334174,-378.3614595962382,-348.01214920833087,1042.9411764705883,1050.9645053894194
BQ.1.3.1,22E,0.6465353785688173,0.49622051231334174,-380.80701652776844,-348.01214920833087,1049.8873456790125,1050.9645053894194
BQ.1.8.2,22E,0.6537641445769987,0.49622051231334174,-391.15574315572263,-348.01214920833087,1056.9756097560976,1050.9645053894194
BQ.1.9,22E,0.6540120026112722,0.49622051231334174,-389.7608077283297,-348.01214920833087,1057.5581395348836,1050.9645053894194
BQ.1.3.2,22E,0.6407589716526392,0.49622051231334174,-372.866884971233,-348.01214920833087,1039.7012571428572,1050.9645053894194
BQ.1.7,22E,0.6252978329941841,0.49622051231334174,-360.298982983146,-348.01214920833087,1018.5868263473054,1050.9645053894194
BQ.1.4,22E,0.6428025208747222,0.49622051231334174,-378.1626401670836,-348.01214920833087,1043.3315217391305,1050.9645053894194
BQ.1.6,22E,0.6268211360285573,0.49622051231334174,-360.0184148126007,-348.01214920833087,1023.0540540540542,1050.9645053894194
BQ.1.8,22E,0.6420325880663519,0.49622051231334174,-375.71443286509185,-348.01214920833087,1041.9140461215934,1050.9645053894194
BQ.1.1.74,22E,0.6459952300203772,0.49622051231334174,-384.2295281809572,-348.01214920833087,1048.75,1050.9645053894194
BQ.1.10,22E,0.6442691236509714,0.49622051231334174,-376.9604445566216,-348.01214920833087,1045.607559166372,1050.9645053894194
BQ.1.15,22E,0.6329187864908724,0.49622051231334174,-366.25196457471384,-348.01214920833087,1037.248794599807,1050.9645053894194
BQ.1.13,22E,0.640797204854369,0.49622051231334174,-373.5431352584615,-348.01214920833087,1039.8146868250537,1050.9645053894194
BQ.1.10.3,22E,0.6522765047541909,0.49622051231334174,-388.71434171736627,-348.01214920833087,1053.7346938775509,1050.9645053894194
BQ.1.10.2,22E,0.6578524590772039,0.49622051231334174,-393.98695383575523,-348.01214920833087,1067.2648648648649,1050.9645053894194
BQ.1.11,22E,0.6405595177861639,0.49622051231334174,-372.9424641179027,-348.01214920833087,1039.1240521686382,1050.9645053894194
BQ.1.10.1,22E,0.6466413883586727,0.49622051231334174,-381.025756625817,-348.01214920833087,1050.295532646048,1050.9645053894194
BQ.1.12,22E,0.641712876829185,0.49622051231334174,-373.6932577618892,-348.01214920833087,1040.9337337725244,1050.9645053894194
BQ.1.11.1,22E,0.6536701699685381,0.49622051231334174,-390.5956110270481,-348.01214920833087,1056.7230769230769,1050.9645053894194
BQ.1.13.1,22E,0.6595372621488057,0.49622051231334174,-394.20375765705563,-348.01214920833087,1069.7530726256985,1050.9645053894194
BQ.1.5,22E,0.6329532923986005,0.49622051231334174,-365.81066969320005,-348.01214920833087,1037.5038898862956,1050.9645053894194
BQ.1.14,22E,0.6328992124024506,0.49622051231334174,-364.9470390383949,-348.01214920833087,1037.1054176674672,1050.9645053894194
BQ.1.15.1,22E,0.6940485856708932,0.49622051231334174,-436.6149526291188,-348.01214920833087,1128.3333333333335,1050.9645053894194
BQ.1.23,22E,0.6454190000653436,0.49622051231334174,-378.78377531946444,-348.01214920833087,1047.7659434582508,1050.9645053894194
BQ.1.15.2,22E,0.6614000368699633,0.49622051231334174,-400.79808583452734,-348.01214920833087,1077.111111111111,1050.9645053894194
BQ.1.16,22E,0.6275046377505418,0.49622051231334174,-362.67769210528775,-348.01214920833087,1023.9793103448276,1050.9645053894194
BQ.1.19,22E,0.6260888069673353,0.49622051231334174,-364.0219157271214,-348.01214920833087,1021.8888888888889,1050.9645053894194
BQ.1.17,22E,0.6274506407384097,0.49622051231334174,-365.9900668991371,-348.01214920833087,1023.8000000000001,1050.9645053894194
BQ.1.18,22E,0.6572266934141366,0.49622051231334174,-392.02479743566244,-348.01214920833087,1065.2721893491125,1050.9645053894194
BQ.1.20,22E,0.632274255849858,0.49622051231334174,-368.24257982418584,-348.01214920833087,1035.027397260274,1050.9645053894194
BQ.1.22,22E,0.6585889042667852,0.49622051231334174,-394.2258191478634,-348.01214920833087,1068.3793103448277,1050.9645053894194
BQ.1.21,22E,0.6596101674499759,0.49622051231334174,-397.07125181714133,-348.01214920833087,1070.1090909090908,1050.9645053894194
BQ.1.26,22E,0.6581987654104231,0.49622051231334174,-396.2090893751451,-348.01214920833087,1068.344827586207,1050.9645053894194
BQ.1.25.1,22E,0.6595798823505767,0.49622051231334174,-393.56405995186776,-348.01214920833087,1069.9600225225226,1050.9645053894194
BQ.1.25,22E,0.6580477215827182,0.49622051231334174,-393.6947663425708,-348.01214920833087,1067.5704918032786,1050.9645053894194
BQ.1.26.1,22E,0.6408265950957902,0.49622051231334174,-377.6072887694657,-348.01214920833087,1039.9024390243903,1050.9645053894194
BQ.1.32,22E,0.6520898920091741,0.49622051231334174,-386.04696219824007,-348.01214920833087,1053.3000000000002,1050.9645053894194
BQ.1.27,22E,0.6459941779898186,0.49622051231334174,-381.45064140289463,-348.01214920833087,1048.7461139896373,1050.9645053894194
BQ.1.29,22E,0.6445964853454396,0.49622051231334174,-380.58786593674864,-348.01214920833087,1046.7452830188681,1050.9645053894194
BQ.1.30,22E,0.6535544154605218,0.49622051231334174,-390.7356724475167,-348.01214920833087,1056.42,1050.9645053894194
BQ.1.31,22E,0.6610496857893132,0.49622051231334174,-398.90524421070705,-348.01214920833087,1076.1951219512196,1050.9645053894194
BQ.1.33,22E,0.7004856975820337,0.49622051231334174,-446.14314020640217,-348.01214920833087,1151.0,1050.9645053894194
BQ.2,22B,0.6236866719872983,0.45246697522466606,-359.1296598691663,-302.9872356837063,1015.7735849056603,939.1235281351505
BQ.1.28,22E,0.6574812072548047,0.49622051231334174,-391.97884664707465,-348.01214920833087,1066.0700431034481,1050.9645053894194
BR.1.2,22D,0.6296146268015785,0.4832606328277219,-364.4508012599142,-336.9477416261544,1031.9765258215964,1027.627403213063
BR.2,22D,0.6610252292687191,0.4832606328277219,-399.88610320606625,-336.9477416261544,1076.1333333333332,1027.627403213063
BR.1,22D,0.6227775712903252,0.4832606328277219,-357.28762208199623,-336.9477416261544,1011.1760299625469,1027.627403213063
BR.2.1,22D,0.6574651296346666,0.4832606328277219,-392.7473669342163,-336.9477416261544,1065.9952718676122,1027.627403213063
BT.2,22B,0.6097852945718025,0.45246697522466606,-346.4232469155828,-302.9872356837063,983.7894736842104,939.1235281351505
BR.3,22D,0.6144538064761126,0.4832606328277219,-352.6846970381828,-336.9477416261544,1000.5714285714284,1027.627403213063
BR.4,22D,0.6236901575439958,0.4832606328277219,-360.57776369968485,-336.9477416261544,1015.8,1027.627403213063
BQ.1.24,22E,0.6606963552430716,0.49622051231334174,-398.8392464695986,-348.01214920833087,1074.0666666666666,1050.9645053894194
BT.1,22B,0.580192048838401,0.45246697522466606,-318.5460684279448,-302.9872356837063,908.8636363636364,939.1235281351505
BR.5,22D,0.6462865316040824,0.4832606328277219,-383.49352643570967,-336.9477416261544,1049.3823529411766,1027.627403213063
BS.1,21L,0.6081313936310067,0.35894924126709815,-347.06714815288217,-222.62331989377134,975.75,817.5416739411294
BR.5.1,22D,0.6573554130340069,0.4832606328277219,-396.7322361729684,-336.9477416261544,1065.857142857143,1027.627403213063
BS.1.1,21L,0.6290386946534409,0.35894924126709815,-366.38783850214554,-222.62331989377134,1029.4705882352941,817.5416739411294
BU.2,22B,0.606948811189225,0.45246697522466606,-342.5617062801176,-302.9872356837063,968.2434782608696,939.1235281351505
BU.3,22B,0.6274508212341234,0.45246697522466606,-362.65092955746627,-302.9872356837063,1023.8014184397163,939.1235281351505
BV.1,22B,0.6071974471025825,0.45246697522466606,-343.7406318854177,-302.9872356837063,969.7777777777777,939.1235281351505
BV.2,22B,0.6081203396866743,0.45246697522466606,-345.60944382690093,-302.9872356837063,975.6470588235295,939.1235281351505
BW.1,22B,0.64676293758299,0.45246697522466606,-381.88145290444265,-302.9872356837063,1050.5622775800712,939.1235281351505
BW.1.1,22B,0.6558959707208354,0.45246697522466606,-390.96404617303347,-302.9872356837063,1061.9242105263156,939.1235281351505
BY.1.1,22D,0.6663185318046354,0.4832606328277219,-405.5991657356598,-336.9477416261544,1101.6,1027.627403213063
BW.1.1.1,22B,0.6551674066941849,0.45246697522466606,-391.0224076706303,-302.9872356837063,1060.8647342995168,939.1235281351505
BY.1,22D,0.6137009415234076,0.4832606328277219,-348.1935000550035,-336.9477416261544,996.4612794612794,1027.627403213063
BW.1.2,22B,0.6456681602588568,0.45246697522466606,-384.06918592081115,-302.9872356837063,1048.2,939.1235281351505
BW.1.1.2,22B,0.6568881785510905,0.45246697522466606,-393.1840404072609,-302.9872356837063,1064.6283783783783,939.1235281351505
C.1,20D,0.12160104066368628,0.02617016026941899,-9.712263714953309,-9.610260230361053,201.66666666666663,394.2587412587412
C.4,20D,0.13959966623625644,0.02617016026941899,-15.502953996552385,-9.610260230361053,372.5,394.2587412587412
C.2.1,20D,0.14602715813246567,0.02617016026941899,-14.58949124870229,-9.610260230361053,382.11538461538464,394.2587412587412
C.1.2,20D,0.19726551017680968,0.02617016026941899,-40.91504744555766,-9.610260230361053,528.0,394.2587412587412
C.33,20D,0.12745908479323625,0.02617016026941899,-12.249025286770125,-9.610260230361053,293.0,394.2587412587412
BY.1.1.1,22D,0.6566606699205708,0.4832606328277219,-395.2313389368586,-336.9477416261544,1064.0,1027.627403213063
C.16,20D,0.15248758840230245,0.02617016026941899,-16.3579385629877,-9.610260230361053,412.95614035087715,394.2587412587412
C.13,20D,0.13903484110854405,0.02617016026941899,-14.041957698188822,-9.610260230361053,366.57142857142856,394.2587412587412
C.14,20D,0.13811187980155573,0.02617016026941899,-13.708733661019162,-9.610260230361053,358.85714285714283,394.2587412587412
BZ.2,22B,0.6237199933392479,0.45246697522466606,-358.61201436883476,-302.9872356837063,1016.0271739130435,939.1235281351505
BY.1.2,22D,0.6140289639281278,0.4832606328277219,-351.07384817994705,-336.9477416261544,997.391304347826,1027.627403213063
BU.1,22B,0.628238347331567,0.45246697522466606,-361.9737457983662,-302.9872356837063,1026.8370967741937,939.1235281351505
C.23,20D,0.13592277671204614,0.02617016026941899,-9.575361706658786,-9.610260230361053,342.1379310344828,394.2587412587412
C.36,20D,0.1381779055542101,0.02617016026941899,-11.807156955793403,-9.610260230361053,359.4791666666666,394.2587412587412
C.35,20D,0.1275547359014598,0.02617016026941899,-10.485386816527495,-9.610260230361053,295.0,394.2587412587412
C.36.3,20D,0.18784953070540292,0.02617016026941899,-30.839770524571257,-9.610260230361053,462.4595744680851,394.2587412587412
C.36.3.1,20D,0.18989366045860087,0.02617016026941899,-31.880278709176668,-9.610260230361053,476.5565610859729,394.2587412587412
C.37,21G,0.1898725568285909,0.06163889604743395,-30.12555833996498,-24.926212452582586,476.42687747035575,475.71257485029946
C.37.1,21G,0.1879926499753237,0.06163889604743395,-32.10290050836014,-24.926212452582586,462.98591549295776,475.71257485029946
C.38,20D,0.18194523925112852,0.02617016026941899,-30.83865049606388,-9.610260230361053,449.0,394.2587412587412
CA.2,22D,0.6073927084930962,0.4832606328277219,-346.3505051617305,-336.9477416261544,971.25,1027.627403213063
CA.7,22D,0.6354896211623355,0.4832606328277219,-371.1850306740752,-336.9477416261544,1038.8952380952383,1027.627403213063
CA.1,22D,0.6145819179562324,0.4832606328277219,-348.8858341067003,-336.9477416261544,1001.6225352112676,1027.627403213063
CA.3,22D,0.6081284215440016,0.4832606328277219,-344.86702351228973,-336.9477416261544,975.7222222222223,1027.627403213063
CA.5,22D,0.6238391441115422,0.4832606328277219,-358.4800055264006,-336.9477416261544,1016.957805907173,1027.627403213063
BZ.1,22B,0.5974493225444402,0.45246697522466606,-337.5763465770984,-302.9872356837063,941.0,939.1235281351505
CA.6,22D,0.6233734893274975,0.4832606328277219,-362.7830894446455,-336.9477416261544,1014.0,1027.627403213063
CA.3.1,22D,0.654528020234442,0.4832606328277219,-389.7191137424346,-336.9477416261544,1058.9612403100775,1027.627403213063
CD.1,22B,0.610288433400054,0.45246697522466606,-346.11729900023613,-302.9872356837063,984.1666666666665,939.1235281351505
CF.1,22B,0.601767136302871,0.45246697522466606,-337.4650540349262,-302.9872356837063,949.3333333333334,939.1235281351505
CG.1,22B,0.6102923582021951,0.45246697522466606,-347.1846833335221,-302.9872356837063,984.2068965517242,939.1235281351505
CD.2,22B,0.6096014536610266,0.45246697522466606,-344.91731077925004,-302.9872356837063,981.8251748251748,939.1235281351505
CE.1,22B,0.6107062772366808,0.45246697522466606,-346.8448294920169,-302.9872356837063,985.9344262295083,939.1235281351505
CB.1,22D,0.6146604736333211,0.4832606328277219,-351.3401668226071,-336.9477416261544,1002.6363636363637,1027.627403213063
CH.1,22D,0.6070792827487222,0.4832606328277219,-345.4871146700727,-336.9477416261544,969.1428571428571,1027.627403213063
CH.1.1,23C,0.6625524573485406,0.5359774429121739,-396.72502453228543,-394.67147322125385,1080.7115384615383,1136.7885736494363
CH.1.1.1,23C,0.6697236260263474,0.5359774429121739,-406.1131392771064,-394.67147322125385,1110.7036011080331,1136.7885736494363
CH.1.1.3,23C,0.6641291882616013,0.5359774429121739,-402.4976358618571,-394.67147322125385,1088.258064516129,1136.7885736494363
CH.1.1.2,23C,0.6709618502059386,0.5359774429121739,-407.77360622496246,-394.67147322125385,1112.5757575757575,1136.7885736494363
CH.1.1.5,23C,0.6667704412295646,0.5359774429121739,-405.66552529648163,-394.67147322125385,1105.2608695652173,1136.7885736494363
CH.1.1.10,23C,0.6646274309900665,0.5359774429121739,-403.9051018287255,-394.67147322125385,1090.6153846153848,1136.7885736494363
CH.1.1.6,23C,0.6676257412721596,0.5359774429121739,-407.93597486000147,-394.67147322125385,1107.0,1136.7885736494363
CH.1.1.7,23C,0.6660996943609586,0.5359774429121739,-403.80410176375017,-394.67147322125385,1098.8591549295775,1136.7885736494363
CH.1.1.11,23C,0.6637395424113814,0.5359774429121739,-401.2602351337487,-394.67147322125385,1084.957142857143,1136.7885736494363
CH.1.1.19,23C,0.6647130046764937,0.5359774429121739,-403.99737968037437,-394.67147322125385,1090.8461538461538,1136.7885736494363
CH.1.1.9,23C,0.6666186064636314,0.5359774429121739,-407.53476365092433,-394.67147322125385,1103.0,1136.7885736494363
CC.1,22B,0.6091560900172871,0.45246697522466606,-347.8383960433183,-302.9872356837063,980.4,939.1235281351505
CH.1.1.12,23C,0.7060896029001339,0.5359774429121739,-452.6545726350634,-394.67147322125385,1182.0,1136.7885736494363
CH.1.1.13,23C,0.663829457383072,0.5359774429121739,-404.220024750505,-394.67147322125385,1085.75,1136.7885736494363
CH.1.1.15,23C,0.7114146576027498,0.5359774429121739,-456.3963153423442,-394.67147322125385,1209.2307692307693,1136.7885736494363
CH.1.1.16,23C,0.7055212891121507,0.5359774429121739,-450.3763923490756,-394.67147322125385,1177.4,1136.7885736494363
CH.1.1.18,23C,0.6637774256587756,0.5359774429121739,-401.25937929847356,-394.67147322125385,1085.2876712328766,1136.7885736494363
CH.1.1.20,23C,0.7066114946770826,0.5359774429121739,-451.87988594802357,-394.67147322125385,1184.0,1136.7885736494363
CH.1.1.21,23C,0.6641031782179798,0.5359774429121739,-404.5170282366728,-394.67147322125385,1088.0,1136.7885736494363
CH.1.1.23,23C,0.6667540691503835,0.5359774429121739,-408.78295003883136,-394.67147322125385,1105.0,1136.7885736494363
CH.1.1.14,23C,0.6717760318154523,0.5359774429121739,-411.7510060170538,-394.67147322125385,1113.2499999999998,1136.7885736494363
CH.1.1.27,23C,0.6640876393739127,0.5359774429121739,-403.3214673879843,-394.67147322125385,1087.8461538461538,1136.7885736494363
CH.1.1.28,23C,0.6696681432500765,0.5359774429121739,-408.9959742143156,-394.67147322125385,1109.9473684210525,1136.7885736494363
CH.1.1.24,23C,0.6657913378046689,0.5359774429121739,-403.46585564782754,-394.67147322125385,1095.0845070422536,1136.7885736494363
CH.1.1.30,23C,0.6997453278181439,0.5359774429121739,-445.294312097025,-394.67147322125385,1149.0,1136.7885736494363
CH.1.1.29,23C,0.7115393706774698,0.5359774429121739,-457.50270368940187,-394.67147322125385,1210.6000000000001,1136.7885736494363
CH.1.1.26,23C,0.6609098963033497,0.5359774429121739,-399.9850367695819,-394.67147322125385,1075.4166666666667,1136.7885736494363
CH.1.1.25,23C,0.6599761610095307,0.5359774429121739,-394.8952785505814,-394.67147322125385,1070.8659217877096,1136.7885736494363
CJ.1,22D,0.6436461388603155,0.4832606328277219,-382.1789302975029,-336.9477416261544,1045.5,1027.627403213063
CH.2,22D,0.6077004546074483,0.4832606328277219,-346.2443234832742,-336.9477416261544,973.8333333333333,1027.627403213063
CJ.1.1,22D,0.6613842422591801,0.4832606328277219,-402.9782984767818,-336.9477416261544,1077.0,1027.627403213063
CJ.1.2,22D,0.646293302669941,0.4832606328277219,-383.7311561144079,-336.9477416261544,1049.4074074074074,1027.627403213063
CH.1.1.32,23C,0.7160651707081626,0.5359774429121739,-460.7437206270466,-394.67147322125385,1229.1521739130433,1136.7885736494363
CK.1,22B,0.629831663783663,0.45246697522466606,-363.54796021550766,-302.9872356837063,1032.3262195121952,939.1235281351505
CK.1.1.2,22B,0.732340350832068,0.45246697522466606,-485.03838611071563,-302.9872356837063,1294.0,939.1235281351505
CK.1.2,22B,0.6547472446359051,0.45246697522466606,-392.0595695880708,-302.9872356837063,1059.5319148936169,939.1235281351505
CK.3,22B,0.628633805979989,0.45246697522466606,-363.7385448946746,-302.9872356837063,1028.383647798742,939.1235281351505
CJ.1.3,22D,0.6983766727954485,0.4832606328277219,-441.2420651945507,-336.9477416261544,1143.5,1027.627403213063
CK.1.4,22B,0.656356123193714,0.45246697522466606,-391.54265692821883,-302.9872356837063,1063.016129032258,939.1235281351505
CK.1.5,22B,0.6522795527892392,0.45246697522466606,-387.11425674225154,-302.9872356837063,1053.7412731006161,939.1235281351505
CK.1.3,22B,0.6622041429458349,0.45246697522466606,-398.486160599994,-302.9872356837063,1078.9674418604652,939.1235281351505
CK.2.1,22B,0.6414599343662982,0.45246697522466606,-376.36902460424795,-302.9872356837063,1040.4358974358975,939.1235281351505
CK.2.1.1,22B,0.6413649469877858,0.45246697522466606,-375.555323057539,-302.9872356837063,1040.1612903225807,939.1235281351505
CL.1.1,22B,0.6462672572400482,0.45246697522466606,-383.6323667528596,-302.9872356837063,1049.310344827586,939.1235281351505
CL.1,22B,0.6559387617684351,0.45246697522466606,-391.0680120217573,-302.9872356837063,1062.0848214285713,939.1235281351505
CL.1.2,22B,0.6474039094473254,0.45246697522466606,-386.58299776546306,-302.9872356837063,1051.2,939.1235281351505
CK.2,22B,0.6090255205795053,0.45246697522466606,-345.63103181833395,-302.9872356837063,979.1000000000001,939.1235281351505
CL.1.3,22B,0.627853309553511,0.45246697522466606,-366.40089632645095,-302.9872356837063,1025.4,939.1235281351505
CM.1,21L,0.6096998890929624,0.35894924126709815,-348.0309420668615,-222.62331989377134,982.8571428571427,817.5416739411294
CM.2.1,21L,0.693383137103712,0.35894924126709815,-438.0661379135716,-222.62331989377134,1127.0,817.5416739411294
CM.3,21L,0.6291764203765107,0.35894924126709815,-366.3183928156422,-222.62331989377134,1030.6190476190475,817.5416739411294
CM.5.2,21L,0.6299105220003213,0.35894924126709815,-365.5512070945397,-222.62331989377134,1033.0104166666665,817.5416739411294
CM.4.1,21L,0.6278597172067395,0.35894924126709815,-364.6496085301403,-222.62331989377134,1025.4482758620688,817.5416739411294
CM.5.1,21L,0.6143905459696516,0.35894924126709815,-352.9578983670193,-222.62331989377134,999.8,817.5416739411294
CM.5,21L,0.6186548736247585,0.35894924126709815,-354.79068158632094,-222.62331989377134,1008.9814814814815,817.5416739411294
CM.7,21L,0.6457055606880445,0.35894924126709815,-384.2137337822098,-222.62331989377134,1048.3333333333335,817.5416739411294
CM.6,21L,0.6144132773127186,0.35894924126709815,-352.02511432773196,-222.62331989377134,1000.0769230769231,817.5416739411294
CM.6.1,21L,0.6257204461744192,0.35894924126709815,-362.75301377366264,-222.62331989377134,1019.7272727272727,817.5416739411294
CM.7.1,21L,0.6137482115986862,0.35894924126709815,-353.2412008385479,-222.62331989377134,997.0,817.5416739411294
CN.1,22B,0.6273651537271714,0.45246697522466606,-362.1413708127965,-302.9872356837063,1023.2,939.1235281351505
CM.7.1.1,21L,0.727272389818498,0.35894924126709815,-477.84803555778296,-222.62331989377134,1275.5,817.5416739411294
CM.8.1,21L,0.6607986118115646,0.35894924126709815,-396.0495205631312,-222.62331989377134,1074.6990825688074,817.5416739411294
CM.8.1.2,21L,0.6659425055300774,0.35894924126709815,-405.12162218459025,-222.62331989377134,1096.875,817.5416739411294
CM.8,21L,0.6172533238218298,0.35894924126709815,-355.6008896104047,-222.62331989377134,1006.4999999999999,817.5416739411294
CM.2,21L,0.6235074149132177,0.35894924126709815,-357.5506444815005,-222.62331989377134,1014.965034965035,817.5416739411294
CM.9,21L,0.625653360108807,0.35894924126709815,-361.9255145074701,-222.62331989377134,1019.2553191489361,817.5416739411294
CM.11,21L,0.6475530257215274,0.35894924126709815,-384.9152419268234,-222.62331989377134,1051.774193548387,817.5416739411294
CM.10,21L,0.655279178494438,0.35894924126709815,-392.0193776736739,-222.62331989377134,1061.2906976744187,817.5416739411294
CM.8.1.3,21L,0.6456213110225849,0.35894924126709815,-382.2117942920064,-222.62331989377134,1048.032786885246,817.5416739411294
CM.12,21L,0.6538257903440576,0.35894924126709815,-391.7565108299386,-222.62331989377134,1057.0416666666665,817.5416739411294
CM.4,21L,0.614379866198162,0.35894924126709815,-349.88382951111987,-222.62331989377134,999.6728971962616,817.5416739411294
CM.8.1.4,21L,0.6541995090430266,0.35894924126709815,-392.15177133768174,-222.62331989377134,1057.9583333333333,817.5416739411294
CP.3,22B,0.6258208699183675,0.45246697522466606,-363.54860269621304,-302.9872356837063,1020.4545454545454,939.1235281351505
CN.2,22B,0.6259032217385969,0.45246697522466606,-359.78545711960754,-302.9872356837063,1020.4932038834952,939.1235281351505
CP.1,22B,0.6259807724907174,0.45246697522466606,-359.95180711752266,-302.9872356837063,1021.0656779661017,939.1235281351505
CP.1.1,22B,0.6435169600109221,0.45246697522466606,-379.6015589794305,-302.9872356837063,1045.021739130435,939.1235281351505
CP.1.3,22B,0.6172068700542352,0.45246697522466606,-357.34590495755714,-302.9872356837063,1006.0,939.1235281351505
CP.1.2,22B,0.6251361797583858,0.45246697522466606,-362.1169155321543,-302.9872356837063,1017.4782608695651,939.1235281351505
CP.4,22B,0.642915382073391,0.45246697522466606,-380.4508263448834,-302.9872356837063,1043.7142857142858,939.1235281351505
CP.5,22B,0.6282709398599123,0.45246697522466606,-363.63291557648023,-302.9872356837063,1027.090163934426,939.1235281351505
CP.8,22B,0.628273279065406,0.45246697522466606,-364.0204986201144,-302.9872356837063,1027.1084337349398,939.1235281351505
CP.6,22B,0.6143641315681425,0.45246697522466606,-350.9855816939383,-302.9872356837063,999.4857142857144,939.1235281351505
CQ.2,22B,0.6429585701425029,0.45246697522466606,-376.62868096884534,-302.9872356837063,1043.8635458167332,939.1235281351505
CQ.1.1,22B,0.6287184149694467,0.45246697522466606,-364.70483424960474,-302.9872356837063,1029.0757575757575,939.1235281351505
CR.1,22B,0.6282647800955847,0.45246697522466606,-363.8767332478629,-302.9872356837063,1027.0421052631577,939.1235281351505
CR.1.1,22B,0.6417798067213141,0.45246697522466606,-375.56658345535453,-302.9872356837063,1041.1329411764707,939.1235281351505
CR.2,22B,0.6136295501104433,0.45246697522466606,-351.61889732956814,-302.9872356837063,995.6666666666666,939.1235281351505
CR.1.3,22B,0.6127262296546955,0.45246697522466606,-352.93400198344534,-302.9872356837063,995.0,939.1235281351505
CS.1,22A,0.6069123405018744,0.4431273625914516,-347.27133022954666,-296.1336327246722,968.0,915.7180003482956
CT.1,22B,0.6145323310500252,0.45246697522466606,-351.7638605418796,-302.9872356837063,1001.0,939.1235281351505
CV.1,22D,0.6274263413174646,0.4832606328277219,-363.12028151593336,-336.9477416261544,1023.6279069767442,1027.627403213063
CV.2,22D,0.6251543532109547,0.4832606328277219,-362.968316849443,-336.9477416261544,1017.6,1027.627403213063
CP.2,22B,0.627626023749889,0.45246697522466606,-364.3775783765896,-302.9872356837063,1024.8666666666666,939.1235281351505
CW.1,22E,0.6576948469797368,0.49622051231334174,-398.3460086850415,-348.01214920833087,1066.5,1050.9645053894194
DA.1,22B,0.6170327626206259,0.45246697522466606,-355.56147337070325,-302.9872356837063,1004.2,939.1235281351505
CZ.2,22E,0.6452092759304455,0.49622051231334174,-380.4316479094853,-348.01214920833087,1047.0425531914893,1050.9645053894194
CQ.1,22B,0.6295659114848292,0.45246697522466606,-366.2354701140166,-302.9872356837063,1031.5588235294117,939.1235281351505
DB.1,22B,0.6464944243662744,0.45246697522466606,-383.4312505932957,-302.9872356837063,1049.7333333333333,939.1235281351505
DF.1,22B,0.6323502991990158,0.45246697522466606,-367.17368730402154,-302.9872356837063,1035.5608695652174,939.1235281351505
DB.2,22B,0.6275397166039638,0.45246697522466606,-365.1254019809813,-302.9872356837063,1024.2307692307693,939.1235281351505
DC.1,22A,0.6124284253719907,0.4431273625914516,-348.0738585215901,-296.1336327246722,991.5833333333333,915.7180003482956
DF.1.1,22B,0.6545894782929584,0.45246697522466606,-389.3847574179898,-302.9872356837063,1059.0173310225305,939.1235281351505
DE.2,22B,0.6235993222377817,0.45246697522466606,-360.5699213156406,-302.9872356837063,1015.6521739130434,939.1235281351505
DE.1,22B,0.5721982766058721,0.45246697522466606,-310.3655110871577,-302.9872356837063,898.5438596491229,939.1235281351505
DJ.1,22B,0.6048659630832885,0.45246697522466606,-342.81728870480845,-302.9872356837063,958.75,939.1235281351505
DG.1,22B,0.6421886824865066,0.45246697522466606,-378.4609656003288,-302.9872356837063,1042.1527777777778,939.1235281351505
DJ.1.1,22B,0.6476509356585753,0.45246697522466606,-386.6604678657138,-302.9872356837063,1052.1666666666665,939.1235281351505
DJ.1.1.1,22B,0.6462651490677407,0.45246697522466606,-382.3061017267081,-302.9872356837063,1049.3027522935781,939.1235281351505
DK.1,22E,0.6474115532310455,0.49622051231334174,-383.4297862617174,-348.01214920833087,1051.2288135593221,1050.9645053894194
DJ.1.3,22B,0.6422299403699006,0.45246697522466606,-380.1415740293655,-302.9872356837063,1042.2857142857142,939.1235281351505
DL.1,22B,0.6352920202424462,0.45246697522466606,-370.4464274964127,-302.9872356837063,1037.7988826815642,939.1235281351505
DJ.1.2,22B,0.635464098980074,0.45246697522466606,-374.42618275648795,-302.9872356837063,1038.75,939.1235281351505
DM.1,22E,0.6451576343678236,0.49622051231334174,-382.40317977993595,-348.01214920833087,1046.8709677419356,1050.9645053894194
DN.1.1,22E,0.659952904004629,0.49622051231334174,-400.05776005000547,-348.01214920833087,1070.75,1050.9645053894194
DN.1,22E,0.6637270079045147,0.49622051231334174,-400.4712520181323,-348.01214920833087,1084.8486842105262,1050.9645053894194
DN.2,22E,0.6435760125098077,0.49622051231334174,-376.3865420155547,-348.01214920833087,1045.2379975379563,1050.9645053894194
DN.3,22E,0.6459692580492442,0.49622051231334174,-383.22146214516,-348.01214920833087,1048.65625,1050.9645053894194
DN.1.1.2,22E,0.6567423819746606,0.49622051231334174,-397.3329381446678,-348.01214920833087,1064.0,1050.9645053894194
DN.3.1,22E,0.6558827322320078,0.49622051231334174,-393.9352491832061,-348.01214920833087,1061.875,1050.9645053894194
DN.1.1.4,22E,0.6991421160515442,0.49622051231334174,-444.60324735466327,-348.01214920833087,1147.0,1050.9645053894194
DP.1,22E,0.6569717417732184,0.49622051231334174,-397.5770851890428,-348.01214920833087,1065.0,1050.9645053894194
DR.2,22E,0.6517705827688186,0.49622051231334174,-386.8188753331843,-348.01214920833087,1052.6710182767624,1050.9645053894194
DS.1,22D,0.663946157531896,0.4832606328277219,-402.7368690972825,-336.9477416261544,1086.5000000000002,1027.627403213063
DQ.1,22B,0.643490961393789,0.45246697522466606,-379.67733907525763,-302.9872356837063,1044.9277108433737,939.1235281351505
DR.1,22E,0.6577011979267553,0.49622051231334174,-393.2347895304511,-348.01214920833087,1066.5299401197606,1050.9645053894194
DS.2,22D,0.6605810892561946,0.4832606328277219,-398.3557715925353,-336.9477416261544,1073.6279069767443,1027.627403213063
DT.2,22E,0.6637660885375634,0.49622051231334174,-398.5299349053924,-348.01214920833087,1085.1882352941175,1050.9645053894194
DS.3,22D,0.6405156907828232,0.4832606328277219,-379.20593427556116,-336.9477416261544,1039.0,1027.627403213063
DT.3,22E,0.6639900697161348,0.49622051231334174,-401.0707906541591,-348.01214920833087,1086.90990990991,1050.9645053894194
DU.1,22E,0.6661585121334812,0.49622051231334174,-404.34692586636726,-348.01214920833087,1099.409090909091,1050.9645053894194
DV.1,23C,0.6969923858550781,0.5359774429121739,-438.5106347186234,-394.67147322125385,1137.6842105263158,1136.7885736494363
DV.1.1,23C,0.7027408250189208,0.5359774429121739,-444.29514969265125,-394.67147322125385,1163.8720930232557,1136.7885736494363
DV.3,23C,0.6812519650570459,0.5359774429121739,-422.16409605530373,-394.67147322125385,1124.3333333333333,1136.7885736494363
DV.6,23C,0.6948479931729089,0.5359774429121739,-435.07124974401614,-394.67147322125385,1130.596153846154,1136.7885736494363
DV.3.1,23C,0.664409643905165,0.5359774429121739,-404.6233359702169,-394.67147322125385,1088.4,1136.7885736494363
DV.4,23C,0.6942338743198397,0.5359774429121739,-437.4121734390781,-394.67147322125385,1128.8,1136.7885736494363
DV.5,23C,0.7171762075503786,0.5359774429121739,-463.9884999209736,-394.67147322125385,1235.2857142857142,1136.7885736494363
DV.2,23C,0.6778760127441966,0.5359774429121739,-418.83850191591944,-394.67147322125385,1123.25,1136.7885736494363
DV.6.1,23C,0.7067110752796338,0.5359774429121739,-451.9978408599263,-394.67147322125385,1185.0,1136.7885736494363
DV.6.2,23C,0.7195169771213179,0.5359774429121739,-465.0206751663593,-394.67147322125385,1249.1999999999998,1136.7885736494363
DV.7.1,23C,0.7519396702898731,0.5359774429121739,-506.1320447775205,-394.67147322125385,1336.2,1136.7885736494363
DV.7.1.2,23C,0.7486093221785552,0.5359774429121739,-501.9191880779246,-394.67147322125385,1329.3571428571427,1136.7885736494363
DV.7,23C,0.7182369572622451,0.5359774429121739,-463.87035000851046,-394.67147322125385,1239.5172413793102,1136.7885736494363
DV.7.1.4,23C,0.755642981593715,0.5359774429121739,-510.42034098506645,-394.67147322125385,1344.8398058252428,1136.7885736494363
DV.7.1.3,23C,0.7597005378854383,0.5359774429121739,-519.0267409239251,-394.67147322125385,1356.5555555555554,1136.7885736494363
DV.7.1.1,23C,0.7686233080353695,0.5359774429121739,-529.8465810847011,-394.67147322125385,1373.4705882352941,1136.7885736494363
DV.7.1.5,23C,0.7489506441189312,0.5359774429121739,-502.0331811982131,-394.67147322125385,1330.2542372881358,1136.7885736494363
DV.7.1.6,23C,0.7550125602954973,0.5359774429121739,-512.0119430117159,-394.67147322125385,1343.9444444444443,1136.7885736494363
DV.8,23C,0.7066366259928362,0.5359774429121739,-451.9096515876216,-394.67147322125385,1184.25,1136.7885736494363
DW.1,22B,0.6290300951352262,0.45246697522466606,-367.60276207253037,-302.9872356837063,1029.4,939.1235281351505
DV.7.2,23C,0.7058893729179779,0.5359774429121739,-452.4181616609572,-394.67147322125385,1180.0,1136.7885736494363
DV.7.1.7,23C,0.7502212969327395,0.5359774429121739,-506.8843346720129,-394.67147322125385,1332.0,1136.7885736494363
DY.4,22B,0.6578926087186823,0.45246697522466606,-396.54211451937056,-302.9872356837063,1067.4666666666667,939.1235281351505
DY.2,22B,0.6586515796578407,0.45246697522466606,-396.0506478936139,-302.9872356837063,1068.6909090909091,939.1235281351505
DY.3,22B,0.6575018457480675,0.45246697522466606,-395.65582762273397,-302.9872356837063,1066.1666666666665,939.1235281351505
DY.1,22B,0.654539837190797,0.45246697522466606,-394.3037571749345,-302.9872356837063,1059.0,939.1235281351505
DZ.1,22B,0.6623448855649591,0.45246697522466606,-401.70614011711484,-302.9872356837063,1080.0,939.1235281351505
EA.2,22E,0.642757478290521,0.49622051231334174,-380.2395430565236,-348.01214920833087,1043.1818181818182,1050.9645053894194
EA.1,22E,0.6708276365330568,0.49622051231334174,-409.3936870903173,-348.01214920833087,1110.8444444444444,1050.9645053894194
EB.1,22B,0.6294820677708556,0.45246697522466606,-364.1989069478857,-302.9872356837063,1030.857740585774,939.1235281351505
ED.1,22E,0.6552779364078585,0.49622051231334174,-394.52650028510635,-348.01214920833087,1061.2857142857142,1050.9645053894194
EC.1.1,22E,0.6927707374775424,0.49622051231334174,-436.2778359086969,-348.01214920833087,1125.3333333333333,1050.9645053894194
EE.1,22E,0.6451800478739902,0.49622051231334174,-379.19622281136685,-348.01214920833087,1046.9451530612243,1050.9645053894194
ED.2,22E,0.646630364057195,0.49622051231334174,-381.1364816359264,-348.01214920833087,1050.252427184466,1050.9645053894194
ED.3,22E,0.657523897614444,0.49622051231334174,-393.42367147785575,-348.01214920833087,1066.2707423580787,1050.9645053894194
EE.2,22E,0.6581232837442763,0.49622051231334174,-393.313675300081,-348.01214920833087,1067.952479338843,1050.9645053894194
EC.1,22E,0.6647671721727306,0.49622051231334174,-404.67552397276023,-348.01214920833087,1091.428571428571,1050.9645053894194
EE.5,22E,0.6521579219697737,0.49622051231334174,-387.00685238712043,-348.01214920833087,1053.4884696016773,1050.9645053894194
EE.3,22E,0.6548661105237128,0.49622051231334174,-391.1994014806264,-348.01214920833087,1059.936507936508,1050.9645053894194
EF.1,22E,0.6573672252910868,0.49622051231334174,-392.51903926540786,-348.01214920833087,1065.9123173277662,1050.9645053894194
EE.4,22E,0.6811851205147225,0.49622051231334174,-422.7821044327597,-348.01214920833087,1123.8333333333333,1050.9645053894194
EF.1.3,22E,0.6586051632817329,0.49622051231334174,-396.39746378508306,-348.01214920833087,1068.4594594594596,1050.9645053894194
EF.1.1,22E,0.6621215272250348,0.49622051231334174,-397.6429996588658,-348.01214920833087,1078.387308533917,1050.9645053894194
EF.1.1.1,22E,0.669682854924622,0.49622051231334174,-408.43038230116997,-348.01214920833087,1110.1470588235293,1050.9645053894194
EF.1.2,22E,0.6550787665590833,0.49622051231334174,-391.6167146156823,-348.01214920833087,1060.5384615384617,1050.9645053894194
EF.3,22E,0.6610637729655847,0.49622051231334174,-400.68906683938053,-348.01214920833087,1076.4285714285713,1050.9645053894194
EF.2,22E,0.6655115756118978,0.49622051231334174,-403.3466140424367,-348.01214920833087,1093.084745762712,1050.9645053894194
EG.1,23D,0.7161293968664492,0.555635761044119,-457.79802500630854,-416.566216767019,1229.7233368532204,1284.3420334897883
EG.1.1,23D,0.7020127326313058,0.555635761044119,-447.2130139051535,-416.566216767019,1160.0,1284.3420334897883
EG.1.2,23D,0.709084266477989,0.555635761044119,-452.159676339566,-416.566216767019,1197.1785714285713,1284.3420334897883
EG.1.3,23D,0.7132564069079995,0.555635761044119,-456.64367208290656,-416.566216767019,1216.032608695652,1284.3420334897883
EG.1.4,23D,0.7145886091447674,0.555635761044119,-457.4362517350745,-416.566216767019,1225.7952380952381,1284.3420334897883
EG.1.6,23D,0.7166855639631333,0.555635761044119,-460.4337566496354,-416.566216767019,1232.9402985074628,1284.3420334897883
EG.1.4.1,23D,0.7127702337479596,0.555635761044119,-458.97486661457583,-416.566216767019,1214.6000000000001,1284.3420334897883
EG.1.5,23D,0.7241955162426639,0.555635761044119,-470.8151436282423,-416.566216767019,1261.7173913043478,1284.3420334897883
EG.1.7,23D,0.7078061190334634,0.555635761044119,-452.59706462276864,-416.566216767019,1192.125,1284.3420334897883
EG.2,23D,0.7266434792657727,0.555635761044119,-472.0820162360147,-416.566216767019,1272.95818815331,1284.3420334897883
EG.2.5,23D,0.7143201728515587,0.555635761044119,-461.0707374269391,-416.566216767019,1224.0,1284.3420334897883
EG.2.2,23D,0.7477503222026735,0.555635761044119,-504.11060898902434,-416.566216767019,1327.3333333333333,1284.3420334897883
EG.2.1,23D,0.7084302336873789,0.555635761044119,-454.31280101611935,-416.566216767019,1194.0,1284.3420334897883
EG.1.8,23D,0.7238447433951192,0.555635761044119,-469.77140027449923,-416.566216767019,1260.1309523809523,1284.3420334897883
EG.4,23D,0.7079869610723761,0.555635761044119,-449.09639901439334,-416.566216767019,1192.8201219512193,1284.3420334897883
EG.4.5,23D,0.7302296635398768,0.555635761044119,-480.02016914439,-416.566216767019,1287.6,1284.3420334897883
EG.4.4,23D,0.7239428595489708,0.555635761044119,-472.37997970039476,-416.566216767019,1260.7142857142856,1284.3420334897883
EG.4.1,23D,0.672036545050996,0.555635761044119,-412.73459950666523,-416.566216767019,1116.6666666666665,1284.3420334897883
EG.3,23D,0.7084605950348327,0.555635761044119,-454.34905053501984,-416.566216767019,1194.3333333333333,1284.3420334897883
EG.4.3,23D,0.7094211255981092,0.555635761044119,-454.79661610396204,-416.566216767019,1200.6666666666665,1284.3420334897883
EG.5,23D,0.7592555091545214,0.555635761044119,-516.1663017303216,-416.566216767019,1354.8255813953485,1284.3420334897883
EG.5.1,23F,0.7437614468326992,0.5714781136557745,-491.51414324882944,-436.9037555038134,1320.0921892189217,1358.2470110534625
EG.5.1.4,23F,0.746652144231085,0.5714781136557745,-495.71124023211297,-436.9037555038134,1325.7783124799487,1358.2470110534625
EG.5.1.1,23F,0.7474752342242974,0.5714781136557745,-496.10737910712294,-436.9037555038134,1326.5950545921644,1358.2470110534625
EG.5.1.2,23F,0.7375637857121958,0.5714781136557745,-486.7348895880601,-436.9037555038134,1307.49375,1358.2470110534625
EG.5.1.3,23F,0.7447850600986947,0.5714781136557745,-493.1938744039409,-436.9037555038134,1323.255111382362,1358.2470110534625
EG.5.1.5,23F,0.7375071089936588,0.5714781136557745,-486.92378169916157,-436.9037555038134,1307.2439024390246,1358.2470110534625
EG.5.1.7,23F,0.7541407022799225,0.5714781136557745,-509.5734793733276,-436.9037555038134,1341.796875,1358.2470110534625
EG.5.1.16,23F,0.7427762414514774,0.5714781136557745,-491.1685706121788,-436.9037555038134,1318.1754985754988,1358.2470110534625
EG.5.1.8,23F,0.775462378029318,0.5714781136557745,-536.427582484079,-436.9037555038134,1382.5772646536411,1358.2470110534625
EG.5.1.10,23F,0.7371099830870895,0.5714781136557745,-489.4258366560659,-436.9037555038134,1305.8333333333333,1358.2470110534625
EG.5.1.6,23F,0.7562456562098383,0.5714781136557745,-508.61309660788044,-436.9037555038134,1346.157335223246,1358.2470110534625
EG.5.1.11,23F,0.758010341822672,0.5714781136557745,-517.5510443488589,-436.9037555038134,1351.25,1358.2470110534625
EG.5.1.9,23F,0.7439440088699535,0.5714781136557745,-494.84910097655853,-436.9037555038134,1320.6650485436892,1358.2470110534625
EG.5.1.12,23F,0.7557057429558649,0.5714781136557745,-511.5421675289015,-436.9037555038134,1345.0273972602738,1358.2470110534625
EG.5.1.14,23F,0.742948325783446,0.5714781136557745,-492.1370517667118,-436.9037555038134,1318.7380382775123,1358.2470110534625
EG.5.1.13,23F,0.75356615185738,0.5714781136557745,-505.961860701596,-436.9037555038134,1340.3272561531448,1358.2470110534625
EG.5.1.15,23F,0.7392914497051971,0.5714781136557745,-488.252361051487,-436.9037555038134,1312.6458333333333,1358.2470110534625
EG.5.1.17,23F,0.7578965612787507,0.5714781136557745,-516.8377053386159,-436.9037555038134,1350.8571428571427,1358.2470110534625
EG.5.1.18,23F,0.7406228401238937,0.5714781136557745,-492.258623615853,-436.9037555038134,1315.4857142857145,1358.2470110534625
EG.5.1.19,23F,0.7517198529324278,0.5714781136557745,-505.3275781620038,-436.9037555038134,1335.6057142857142,1358.2470110534625
EG.5.2,23D,0.7276946439442877,0.555635761044119,-472.4781663911436,-416.566216767019,1277.4089673913045,1284.3420334897883
EG.6,23D,0.7106141887704007,0.555635761044119,-455.5207583121229,-416.566216767019,1205.4166666666665,1284.3420334897883
EG.5.2.3,23D,0.7315416356030879,0.555635761044119,-478.9327309397424,-416.566216767019,1291.3562499999998,1284.3420334897883
EG.5.2.2,23D,0.7295292543117178,0.555635761044119,-478.5328380439925,-416.566216767019,1284.2222222222222,1284.3420334897883
EG.6.1,23D,0.7364196087389432,0.555635761044119,-482.77267474477605,-416.566216767019,1303.3268112109995,1284.3420334897883
EG.5.2.4,23D,0.7314770941574595,0.555635761044119,-483.92457378585357,-416.566216767019,1291.0,1284.3420334897883
EG.5.2.1,23D,0.7314584156502343,0.555635761044119,-477.811412458623,-416.566216767019,1290.9002267573696,1284.3420334897883
EG.6.1.1,23D,0.7608581462000658,0.555635761044119,-518.400383212916,-416.566216767019,1360.5061728395062,1284.3420334897883
EG.7,23D,0.7292880796741605,0.555635761044119,-476.6477445862438,-416.566216767019,1282.862068965517,1284.3420334897883
EG.9.1,23D,0.7262346002768932,0.555635761044119,-473.4383311901253,-416.566216767019,1271.2045454545455,1284.3420334897883
EG.9,23D,0.7127104444219334,0.555635761044119,-459.4130890632788,-416.566216767019,1214.0,1284.3420334897883
EG.10,23D,0.7199973369686119,0.555635761044119,-467.4752130400873,-416.566216767019,1250.5714285714287,1284.3420334897883
EG.10.1,23D,0.7512836137398498,0.555635761044119,-504.69505114998015,-416.566216767019,1334.5434782608695,1284.3420334897883
EG.6.1.2,23D,0.741673218478992,0.555635761044119,-494.35913494267436,-416.566216767019,1317.5294117647059,1284.3420334897883
EG.8,23D,0.7106952199266966,0.555635761044119,-454.7360812592108,-416.566216767019,1206.3103448275863,1284.3420334897883
EG.11,23D,0.7281482499038876,0.555635761044119,-476.2569238693306,-416.566216767019,1279.2666666666667,1284.3420334897883
EG.10.1.1,23D,0.7555673239413586,0.555635761044119,-510.6836335909598,-416.566216767019,1344.6153846153848,1284.3420334897883
EG.13,23D,0.7040820498530763,0.555635761044119,-445.44401966010037,-416.566216767019,1168.5736434108528,1284.3420334897883
EG.12,23D,0.7189504890253227,0.555635761044119,-465.9255504479099,-416.566216767019,1245.0,1284.3420334897883
EG.14,23D,0.7175734359774085,0.555635761044119,-461.49674452872154,-416.566216767019,1238.0507246376812,1284.3420334897883
EH.1,22E,0.6595878274395481,0.49622051231334174,-399.9560664476693,-348.01214920833087,1070.0,1050.9645053894194
EJ.1,22D,0.6457165972973835,0.4832606328277219,-384.3431083086826,-336.9477416261544,1048.375,1027.627403213063
EJ.2,22D,0.6295526089646764,0.4832606328277219,-365.5737217665023,-336.9477416261544,1031.446153846154,1027.627403213063
EK.2,23A,0.6952030495607895,0.5380403649605504,-434.05115773966685,-393.4734519837823,1131.7285382830628,1147.631701191323
EK.2.1,23A,0.6995815280469619,0.5380403649605504,-440.2233820041998,-393.4734519837823,1148.0757575757575,1147.631701191323
EK.3,23A,0.6771206525857953,0.5380403649605504,-417.59870841349743,-393.4734519837823,1120.75,1147.631701191323
EL.1,23A,0.7085723592386323,0.5380403649605504,-451.1991879250297,-393.4734519837823,1195.5500000000002,1147.631701191323
EK.4,23A,0.6997895859513888,0.5380403649605504,-441.20203696534895,-393.4734519837823,1149.2539682539682,1147.631701191323
EN.1,22E,0.6996995336473619,0.49622051231334174,-442.2972631417874,-348.01214920833087,1148.7368421052631,1050.9645053894194
EQ.1,22B,0.6127399064363563,0.45246697522466606,-350.46270560174503,-302.9872356837063,995.1666666666665,939.1235281351505
EN.1.1,22E,0.7056067271834674,0.49622051231334174,-450.477020717109,-348.01214920833087,1178.2,1050.9645053894194
EM.1,23A,0.703123035921832,0.5380403649605504,-446.102714990459,-393.4734519837823,1166.409090909091,1147.631701191323
EP.2,22D,0.6677244868712249,0.4832606328277219,-409.1439881897115,-336.9477416261544,1108.5,1027.627403213063
ET.1,22E,0.671959513469129,0.49622051231334174,-412.36094647195074,-348.01214920833087,1115.625,1050.9645053894194
ES.1,22E,0.6675523656079825,0.49622051231334174,-405.9088763581586,-348.01214920833087,1105.9285714285716,1050.9645053894194
ER.1.1,22E,0.6620648805940644,0.49622051231334174,-403.7066072035594,-348.01214920833087,1078.0,1050.9645053894194
EU.1.1,23A,0.7131847742938507,0.5380403649605504,-454.9994895533004,-393.4734519837823,1215.7299771167047,1147.631701191323
EU.1,23A,0.7011243460691262,0.5380403649605504,-445.2691406228859,-393.4734519837823,1154.2000000000003,1147.631701191323
ER.1,22E,0.660846619809072,0.49622051231334174,-402.40191206282253,-348.01214920833087,1075.0,1050.9645053894194
EU.1.1.1,23A,0.7114475584635014,0.5380403649605504,-454.28255588089087,-393.4734519837823,1209.5892857142856,1147.631701191323
EW.1,22E,0.6655037279588081,0.49622051231334174,-406.7224264726392,-348.01214920833087,1093.0,1050.9645053894194
EU.1.1.2,23A,0.7145145112917352,0.5380403649605504,-461.99941287646044,-393.4734519837823,1225.0,1147.631701191323
EU.1.1.3,23A,0.7204510830249906,0.5380403649605504,-466.4889669590779,-393.4734519837823,1252.939393939394,1147.631701191323
EW.2,22E,0.6601571494843994,0.49622051231334174,-396.4365774414917,-348.01214920833087,1071.3010752688174,1050.9645053894194
FA.1,22E,0.6614265671218169,0.49622051231334174,-398.3794979675804,-348.01214920833087,1077.298076923077,1050.9645053894194
EW.3,22E,0.6634153468359273,0.49622051231334174,-405.1585047396557,-348.01214920833087,1083.0,1050.9645053894194
EZ.1,22E,0.700460044124736,0.49622051231334174,-444.1677043703417,-348.01214920833087,1150.8571428571427,1050.9645053894194
EY.1,22E,0.6941532032910419,0.49622051231334174,-433.80033871175243,-348.01214920833087,1128.6390532544378,1050.9645053894194
FB.1,22E,0.6992324201716227,0.49622051231334174,-441.4110121268501,-348.01214920833087,1147.5185185185185,1050.9645053894194
FC.1,22E,0.6600026976117849,0.49622051231334174,-400.3987649996752,-348.01214920833087,1071.0,1050.9645053894194
FB.2,22E,0.6625267505277207,0.49622051231334174,-399.54987686304815,-348.01214920833087,1080.5142857142857,1050.9645053894194
FD.1,23A,0.706757956797152,0.5380403649605504,-452.0534036216601,-393.4734519837823,1185.5,1147.631701191323
FD.1.1,23A,0.7270420136747383,0.5380403649605504,-472.044957624348,-393.4734519837823,1274.1457489878542,1147.631701191323
FD.4,23A,0.7016533859032373,0.5380403649605504,-440.6940846531293,-393.4734519837823,1157.423937360179,1147.631701191323
FD.3,23A,0.6944114830142349,0.5380403649605504,-435.1616997587085,-393.4734519837823,1129.3275862068965,1147.631701191323
FD.4.1,23A,0.681242650718798,0.5380403649605504,-421.69409162531855,-393.4734519837823,1124.2631578947367,1147.631701191323
FD.2,23A,0.6938414515957128,0.5380403649605504,-430.592358812365,-393.4734519837823,1127.7346938775509,1147.631701191323
FE.1.1.1,22F,0.719166295080447,0.540051267083873,-463.7569332622794,-397.9188914643301,1246.9320388349515,1159.7171392652606
FD.5,23A,0.696405626431147,0.5380403649605504,-436.92705904227114,-393.4734519837823,1135.7263157894736,1147.631701191323
FD.5.1,23A,0.7560877892733588,0.5380403649605504,-511.6823820385567,-393.4734519837823,1345.6886792452829,1147.631701191323
FE.1,22F,0.717107693810322,0.540051267083873,-461.6156901628192,-397.9188914643301,1234.6811594202898,1159.7171392652606
FE.1.1,22F,0.7183385409551868,0.540051267083873,-461.7914495180334,-397.9188914643301,1240.3650190114067,1159.7171392652606
FE.1.2,22F,0.7216261668407081,0.540051267083873,-465.1787140640206,-397.9188914643301,1253.7265774378584,1159.7171392652606
FE.1.1.5,22F,0.7389618040041053,0.540051267083873,-490.5470218981025,-397.9188914643301,1311.9545454545455,1159.7171392652606
FE.1.1.2,22F,0.7139000365741188,0.540051267083873,-457.7274155287782,-397.9188914643301,1221.058823529412,1159.7171392652606
FG.2,23A,0.7005005263239286,0.5380403649605504,-441.1973634517229,-393.4734519837823,1151.083916083916,1147.631701191323
FG.1,23A,0.7071553192502458,0.5380403649605504,-449.6037196315749,-393.4734519837823,1187.8783783783783,1147.631701191323
FK.1.2.2,23C,0.7026482102213942,0.5359774429121739,-445.20775252371334,-394.67147322125385,1163.1290322580644,1136.7885736494363
FG.3,23A,0.7031263068730912,0.5380403649605504,-446.4249840250245,-393.4734519837823,1166.4375,1147.631701191323
FH.1,23A,0.698183971110884,0.5380403649605504,-438.3476524114917,-393.4734519837823,1142.557471264368,1147.631701191323
FJ.1,23C,0.6675570390660425,0.5359774429121739,-407.859951802892,-394.67147322125385,1106.0,1136.7885736494363
FK.1,23C,0.7113404946156222,0.5359774429121739,-455.694694473648,-394.67147322125385,1209.0,1136.7885736494363
FK.1.2.1,23C,0.7045557339754553,0.5359774429121739,-449.2466760074931,-394.67147322125385,1171.4,1136.7885736494363
FK.1.1,23C,0.7202883888885642,0.5359774429121739,-464.16861655617373,-394.67147322125385,1251.5182481751824,1136.7885736494363
FK.1.1.2,23C,0.7247098243929814,0.5359774429121739,-471.4007094928977,-394.67147322125385,1264.1020408163265,1136.7885736494363
FK.1.3.2,23C,0.7145089886626641,0.5359774429121739,-459.852581650012,-394.67147322125385,1224.9411764705885,1136.7885736494363
FK.1.3,23C,0.7105651493968607,0.5359774429121739,-455.1133528828684,-394.67147322125385,1204.8823529411766,1136.7885736494363
FK.1.4.1,23C,0.7090675920426148,0.5359774429121739,-454.21915706017205,-394.67147322125385,1197.0,1136.7885736494363
FK.1.5,23C,0.7113538859407341,0.5359774429121739,-455.17536732996905,-394.67147322125385,1209.1463414634147,1136.7885736494363
FE.1.1.4,22F,0.7162574956211203,0.540051267083873,-461.63017394408513,-397.9188914643301,1230.625,1159.7171392652606
FL.1.5.1,23D,0.7512596337890037,0.555635761044119,-500.6567050644913,-416.566216767019,1334.4804154302674,1284.3420334897883
FL.1.1,23D,0.7112447826782827,0.555635761044119,-453.7666496251164,-416.566216767019,1207.9659863945576,1284.3420334897883
FL.1,23D,0.7153516651045715,0.555635761044119,-458.6761004181319,-416.566216767019,1226.5816993464055,1284.3420334897883
FL.1.2,23D,0.7235427599899407,0.555635761044119,-471.7434199030663,-416.566216767019,1258.625,1284.3420334897883
FL.1.3,23D,0.7173900716055077,0.555635761044119,-461.49831878978887,-416.566216767019,1237.209090909091,1284.3420334897883
FL.1.4,23D,0.7145468804701638,0.555635761044119,-458.78097408671664,-416.566216767019,1225.3461538461538,1284.3420334897883
FL.1.5,23D,0.734311274162135,0.555635761044119,-482.33561704818896,-416.566216767019,1298.294736842105,1284.3420334897883
FL.1.5.2,23D,0.7748303721275004,0.555635761044119,-537.4687842037969,-416.566216767019,1381.301204819277,1284.3420334897883
FL.1.8,23D,0.7400016267375799,0.555635761044119,-492.8041152319143,-416.566216767019,1315.2222222222222,1284.3420334897883
FL.2.1,23D,0.7080206908689656,0.555635761044119,-450.8187788611513,-416.566216767019,1193.1967213114754,1284.3420334897883
FL.2,23D,0.7093101943946157,0.555635761044119,-450.07174797624236,-416.566216767019,1199.4070945945946,1284.3420334897883
FL.2.2.1,23D,0.7241988025702635,0.555635761044119,-471.70349347860895,-416.566216767019,1261.7368421052631,1284.3420334897883
FL.2.2,23D,0.705064244335054,0.555635761044119,-448.025099878717,-416.566216767019,1175.032258064516,1284.3420334897883
FL.2.7,23D,0.6945514464296072,0.555635761044119,-436.6076481341389,-416.566216767019,1129.75,1284.3420334897883
FL.2.3,23D,0.7233704311353301,0.555635761044119,-468.19887951033934,-416.566216767019,1257.6143497757848,1284.3420334897883
FL.2.4,23D,0.7193561692598562,0.555635761044119,-465.2253773787314,-416.566216767019,1247.7333333333333,1284.3420334897883
FL.2.5,23D,0.7277402397313539,0.555635761044119,-473.79053960919845,-416.566216767019,1277.6809523809525,1284.3420334897883
FL.2.3.1,23D,0.7316178966253318,0.555635761044119,-481.90917684029074,-416.566216767019,1291.7777777777778,1284.3420334897883
FL.2.6,23D,0.723320933327651,0.555635761044119,-469.78260915352587,-416.566216767019,1257.3255813953488,1284.3420334897883
FL.2.7.1,23D,0.7176021091941827,0.555635761044119,-461.95969122676854,-416.566216767019,1238.3111111111111,1284.3420334897883
FL.3,23D,0.7114880545063598,0.555635761044119,-453.70771308268075,-416.566216767019,1210.0334928229665,1284.3420334897883
FL.3.2,23D,0.7106329887595131,0.555635761044119,-454.0580366625515,-416.566216767019,1205.6226415094338,1284.3420334897883
FL.3.1,23D,0.710526742541642,0.555635761044119,-453.13812334537636,-416.566216767019,1204.4700854700855,1284.3420334897883
FL.4.8,23D,0.7262346002584392,0.555635761044119,-473.43833117393854,-416.566216767019,1271.2045454545455,1284.3420334897883
FL.3.3,23D,0.7026317499075745,0.555635761044119,-446.4253697449689,-416.566216767019,1163.0,1284.3420334897883
FL.4,23D,0.710829844513151,0.555635761044119,-451.18659219088346,-416.566216767019,1206.385460693153,1284.3420334897883
FL.4.1,23D,0.7021539426737756,0.555635761044119,-445.5847837187827,-416.566216767019,1160.8333333333333,1284.3420334897883
FL.1.6,23D,0.726021194202812,0.555635761044119,-473.16718485726244,-416.566216767019,1269.9318181818182,1284.3420334897883
FL.4.2,23D,0.7242945066821038,0.555635761044119,-471.18519331821403,-416.566216767019,1262.3055555555554,1284.3420334897883
FL.4.1.1,23D,0.7050368234562232,0.555635761044119,-450.39906933626156,-416.566216767019,1175.3333333333333,1284.3420334897883
FL.4.5,23D,0.7134950737271237,0.555635761044119,-457.6039035909533,-416.566216767019,1217.6382978723404,1284.3420334897883
FL.4.6,23D,0.7163176422540448,0.555635761044119,-460.80472462374894,-416.566216767019,1231.1694915254238,1284.3420334897883
FL.4.9,23D,0.7198917739677742,0.555635761044119,-465.2116207473536,-416.566216767019,1249.6440677966102,1284.3420334897883
FL.5,23D,0.7108378409998006,0.555635761044119,-452.10663101570384,-416.566216767019,1206.4726890756303,1284.3420334897883
FL.4.10,23D,0.7139903997457726,0.555635761044119,-460.95868795955244,-416.566216767019,1222.0,1284.3420334897883
FL.4.11,23D,0.7154008893005783,0.555635761044119,-460.6314331173863,-416.566216767019,1227.0434782608695,1284.3420334897883
FL.5.1,23D,0.7112537915710678,0.555635761044119,-455.3022291221996,-416.566216767019,1208.0625,1284.3420334897883
FL.10,23D,0.7059889151408519,0.555635761044119,-447.40577012157576,-416.566216767019,1180.98224852071,1284.3420334897883
FL.6,23D,0.7055987817110425,0.555635761044119,-449.9976563880429,-416.566216767019,1178.125,1284.3420334897883
FL.7,23D,0.7175850975395537,0.555635761044119,-461.693504306347,-416.566216767019,1238.1565217391308,1284.3420334897883
FL.8,23D,0.7050552389024883,0.555635761044119,-446.3763567796793,-416.566216767019,1174.9119496855346,1284.3420334897883
FL.9,23D,0.7162380713389243,0.555635761044119,-461.7885932653838,-416.566216767019,1230.45,1284.3420334897883
FL.11,23D,0.7145171882169711,0.555635761044119,-459.14049124964583,-416.566216767019,1225.0285714285715,1284.3420334897883
FL.10.3,23D,0.7205193917551799,0.555635761044119,-467.673186654933,-416.566216767019,1253.5454545454545,1284.3420334897883
FL.10.1,23D,0.7365022140677612,0.555635761044119,-485.04531428275465,-416.566216767019,1303.668202764977,1284.3420334897883
FL.10.2,23D,0.7415579898294469,0.555635761044119,-493.40297026576184,-416.566216767019,1317.078947368421,1284.3420334897883
FL.13,23D,0.708494965873362,0.555635761044119,-450.58344515862393,-416.566216767019,1194.7037037037035,1284.3420334897883
FL.12,23D,0.7062697221650662,0.555635761044119,-447.9684892138455,-416.566216767019,1183.1716417910447,1284.3420334897883
FL.15,23D,0.7318936687997587,0.555635761044119,-478.31124514434003,-416.566216767019,1292.417910447761,1284.3420334897883
FL.4.3,23D,0.7112612942377797,0.555635761044119,-456.83111895783486,-416.566216767019,1208.142857142857,1284.3420334897883
FL.13.3.1,23D,0.7302967054244474,0.555635761044119,-482.4090906506663,-416.566216767019,1288.0,1284.3420334897883
FL.13.4,23D,0.7350473788615272,0.555635761044119,-487.84324924730515,-416.566216767019,1300.5,1284.3420334897883
FL.13.3,23D,0.7059427354067568,0.555635761044119,-448.7434726837865,-416.566216767019,1180.5238095238096,1284.3420334897883
FL.13.2,23D,0.7381680390146348,0.555635761044119,-488.98822203151815,-416.566216767019,1309.2162162162163,1284.3420334897883
FL.14,23D,0.7154035944180426,0.555635761044119,-460.40295072229065,-416.566216767019,1227.0689655172416,1284.3420334897883
FL.13.5,23D,0.7598418829696406,0.555635761044119,-518.707698417479,-416.566216767019,1357.1333333333332,1284.3420334897883
FL.13.4.1,23D,0.7791175767438101,0.555635761044119,-544.3295984040548,-416.566216767019,1389.7878787878788,1284.3420334897883
FL.15.2,23D,0.7362789118912393,0.555635761044119,-490.13477985931627,-416.566216767019,1303.0,1284.3420334897883
FL.15.1.1,23D,0.7831397065802594,0.555635761044119,-548.0679806287163,-416.566216767019,1398.910798122066,1284.3420334897883
FL.15.3,23D,0.7398315953675544,0.555635761044119,-490.3351276868224,-416.566216767019,1314.4235294117648,1284.3420334897883
FL.15.4,23D,0.7511091563188668,0.555635761044119,-506.5417115762573,-416.566216767019,1334.086956521739,1284.3420334897883
FL.13.1,23D,0.7161380022761479,0.555635761044119,-463.052465363382,-416.566216767019,1229.8000000000002,1284.3420334897883
FL.19,23D,0.7135805141333292,0.555635761044119,-460.1718328052125,-416.566216767019,1218.5,1284.3420334897883
FL.16,23D,0.7381130588164975,0.555635761044119,-487.79977784725577,-416.566216767019,1308.9734513274334,1284.3420334897883
FL.17,23D,0.7045188146611614,0.555635761044119,-447.9006675955171,-416.566216767019,1175.5,1284.3420334897883
FL.18,23D,0.7093493012344089,0.555635761044119,-451.626970983616,-416.566216767019,1199.8473282442746,1284.3420334897883
FL.17.2,23D,0.7153749728071336,0.555635761044119,-460.7393974023885,-416.566216767019,1226.8000000000002,1284.3420334897883
FL.18.1,23D,0.7133288448500196,0.555635761044119,-458.4809851271107,-416.566216767019,1216.75,1284.3420334897883
FL.20,23D,0.7491477225421117,0.555635761044119,-501.85115073593664,-416.566216767019,1330.8152173913045,1284.3420334897883
FL.18.1.1,23D,0.709067600231387,0.555635761044119,-455.06646479840975,-416.566216767019,1197.0,1284.3420334897883
FL.20.1,23D,0.7518360299887875,0.555635761044119,-507.036631584593,-416.566216767019,1335.9189189189192,1284.3420334897883
FL.21,23D,0.727340992125127,0.555635761044119,-473.7087171158781,-416.566216767019,1275.912408759124,1284.3420334897883
FL.21.2,23D,0.7181744961573518,0.555635761044119,-465.0807994342004,-416.566216767019,1239.0,1284.3420334897883
FL.21.1,23D,0.7199892313256628,0.555635761044119,-466.9260799654865,-416.566216767019,1250.5,1284.3420334897883
FL.20.2,23D,0.75960071145778,0.555635761044119,-515.7655554179229,-416.566216767019,1356.1560975609755,1284.3420334897883
FL.25,23D,0.7283858665430438,0.555635761044119,-474.1682896292023,-416.566216767019,1280.1707317073171,1284.3420334897883
FL.23.1,23D,0.7106577252741295,0.555635761044119,-454.4205687653786,-416.566216767019,1205.8947368421052,1284.3420334897883
FL.23,23D,0.7125949934201231,0.555635761044119,-458.4256998785848,-416.566216767019,1212.857142857143,1284.3420334897883
FL.24,23D,0.7319839294990562,0.555635761044119,-479.5480864421014,-416.566216767019,1292.9019607843138,1284.3420334897883
FL.24.1,23D,0.7637473207669112,0.555635761044119,-522.9367133724413,-416.566216767019,1366.7727272727275,1284.3420334897883
FL.26,23D,0.7044438856030739,0.555635761044119,-447.1697980109891,-416.566216767019,1170.4857142857143,1284.3420334897883
FL.26.1,23D,0.7039202952771608,0.555635761044119,-449.01629857416447,-416.566216767019,1167.3333333333333,1284.3420334897883
FL.27,23D,0.7021104839472055,0.555635761044119,-444.14804933528865,-416.566216767019,1160.5,1284.3420334897883
FL.28,23D,0.7250100892831441,0.555635761044119,-472.7266549025663,-416.566216767019,1264.9473684210525,1284.3420334897883
FL.34,23D,0.7379189579889217,0.555635761044119,-489.13768077365194,-416.566216767019,1308.1304347826087,1284.3420334897883
FL.29,23D,0.7393470224592364,0.555635761044119,-489.7857176536883,-416.566216767019,1312.8974358974358,1284.3420334897883
FL.30.1,23D,0.7325525915141046,0.555635761044119,-483.3672371914186,-416.566216767019,1295.142857142857,1284.3420334897883
FL.31,23D,0.7133071686214035,0.555635761044119,-457.16675843034915,-416.566216767019,1216.5344827586207,1284.3420334897883
FL.33,23D,0.7109149013089878,0.555635761044119,-455.0328471967094,-416.566216767019,1207.3214285714284,1284.3420334897883
FL.32.1,23D,0.7406381423078711,0.555635761044119,-491.5999949205514,-416.566216767019,1315.5507246376812,1284.3420334897883
FL.31.1,23D,0.7394241492520301,0.555635761044119,-491.4711110425453,-416.566216767019,1313.25,1284.3420334897883
FL.32,23D,0.7250067332305,0.555635761044119,-472.3346437100173,-416.566216767019,1264.9285714285716,1284.3420334897883
FL.33.1,23D,0.7308939078528902,0.555635761044119,-480.8743142111105,-416.566216767019,1290.4,1284.3420334897883
FL.19.1,23D,0.7355974744217227,0.555635761044119,-484.98720275191835,-416.566216767019,1301.507042253521,1284.3420334897883
FL.22,23D,0.7109405107306964,0.555635761044119,-453.8008547329231,-416.566216767019,1207.6060606060607,1284.3420334897883
FL.35,23D,0.7097684111150285,0.555635761044119,-454.8063544039304,-416.566216767019,1203.6666666666665,1284.3420334897883
FL.35.1,23D,0.7248365245998203,0.555635761044119,-473.50682942817326,-416.566216767019,1264.8571428571427,1284.3420334897883
FL.37,23D,0.7175992704355274,0.555635761044119,-464.51006835193124,-416.566216767019,1238.2857142857142,1284.3420334897883
FL.36,23D,0.782498095190443,0.555635761044119,-548.9770294009849,-416.566216767019,1396.8857142857141,1284.3420334897883
FL.38,23D,0.7444601667420555,0.555635761044119,-499.76046244118675,-416.566216767019,1322.3333333333333,1284.3420334897883
FM.1,22E,0.6606015764061034,0.49622051231334174,-400.75268211234936,-348.01214920833087,1073.75,1050.9645053894194
FL.40,23D,0.7257632785324766,0.555635761044119,-474.67907223333555,-416.566216767019,1269.142857142857,1284.3420334897883
FL.39,23D,0.7047498806708234,0.555635761044119,-449.6959885338862,-416.566216767019,1172.25,1284.3420334897883
FM.2,22E,0.7014395364288503,0.49622051231334174,-446.5492819973892,-348.01214920833087,1156.0,1050.9645053894194
FQ.1,22E,0.7079574793649276,0.49622051231334174,-454.1610980385324,-348.01214920833087,1192.5,1050.9645053894194
FP.4,22F,0.7078077147358246,0.540051267083873,-452.03935112489575,-397.9188914643301,1192.1428571428569,1159.7171392652606
FP.3,22F,0.7518664091214095,0.540051267083873,-510.6881198688896,-397.9188914643301,1336.0,1159.7171392652606
FP.2,22F,0.7142254679999988,0.540051267083873,-461.24254684613686,-397.9188914643301,1223.0,1159.7171392652606
FP.2.1.1,22F,0.7271593959112875,0.540051267083873,-474.8135765685116,-397.9188914643301,1274.8333333333333,1159.7171392652606
FP.2.1,22F,0.7174219381509181,0.540051267083873,-462.71186714575606,-397.9188914643301,1237.5,1159.7171392652606
FR.1,22D,0.6965952222989445,0.4832606328277219,-437.84618526315006,-336.9477416261544,1136.4468085106382,1027.627403213063
FR.1.1,22D,0.7131715738332045,0.4832606328277219,-458.7607902741618,-336.9477416261544,1215.6000000000001,1027.627403213063
FT.1,23A,0.6990165947614805,0.5380403649605504,-441.46358577933734,-393.4734519837823,1146.3000000000002,1147.631701191323
FR.1.5,22D,0.719210328583797,0.4832606328277219,-467.34798942951176,-336.9477416261544,1247.3333333333333,1027.627403213063
FR.1.4,22D,0.7134812939892892,0.4832606328277219,-460.050979375469,-336.9477416261544,1217.5,1027.627403213063
FR.2,22D,0.6967369540084537,0.4832606328277219,-441.1642967148009,-336.9477416261544,1137.0,1027.627403213063
FS.1,23C,0.7306601762554507,0.5359774429121739,-481.776844428842,-394.67147322125385,1289.0,1136.7885736494363
FT.2,23A,0.7112909327764546,0.5380403649605504,-456.2478924060251,-393.4734519837823,1208.4615384615386,1147.631701191323
FT.3.1.1,23A,0.7375195713203831,0.5380403649605504,-486.3098399678264,-393.4734519837823,1307.2987012987014,1147.631701191323
FT.3.1,23A,0.7281329625063714,0.5380403649605504,-475.706739640686,-393.4734519837823,1279.1764705882354,1147.631701191323
FT.3,23A,0.7012998585365139,0.5380403649605504,-442.00607669874233,-393.4734519837823,1155.29375,1147.631701191323
FT.4,23A,0.6709179183059281,0.5380403649605504,-413.3006904176699,-393.4734519837823,1112.0,1147.631701191323
FR.1.2,22D,0.7097126579241789,0.4832606328277219,-455.83787633313113,-336.9477416261544,1203.0,1027.627403213063
FV.1,21L,0.7137913224349075,0.35894924126709815,-458.9810239842607,-222.62331989377134,1219.9411764705883,817.5416739411294
FR.1.3,22D,0.7165257412164162,0.4832606328277219,-462.6497534045194,-336.9477416261544,1231.5,1027.627403213063
FU.2,23B,0.7361860260342576,0.5585202534722031,-482.81699373393286,-419.987083407184,1302.645692883895,1303.0877380399443
FU.2.1,23B,0.7317179951352706,0.5585202534722031,-477.6183307909374,-419.987083407184,1292.3382352941178,1303.0877380399443
FU.3,23B,0.7091827414466861,0.5585202534722031,-453.5944268607517,-419.987083407184,1198.0,1303.0877380399443
FU.1,23B,0.7253131164372947,0.5585202534722031,-468.90513473332317,-419.987083407184,1266.4744697564809,1303.0877380399443
FU.3.1,23B,0.7271872371038374,0.5585202534722031,-477.73944150559885,-419.987083407184,1275.0,1303.0877380399443
FU.4,23B,0.7163319867468964,0.5585202534722031,-462.59733833734987,-419.987083407184,1231.3000000000002,1303.0877380399443
FU.5,23B,0.7302341619810853,0.5585202534722031,-480.24910636930406,-419.987083407184,1287.625,1303.0877380399443
FW.1,22F,0.732264082505168,0.540051267083873,-483.3302693731102,-397.9188914643301,1293.6,1159.7171392652606
FW.1.1,22F,0.744638499102646,0.540051267083873,-497.56829621811323,-397.9188914643301,1322.7647058823527,1159.7171392652606
FW.1.1.1,22F,0.7922245148910855,0.540051267083873,-562.7681397821021,-397.9188914643301,1414.6999999999998,1159.7171392652606
FW.2,22F,0.7062047992662661,0.540051267083873,-452.0963888221053,-397.9188914643301,1182.5,1159.7171392652606
FU.1.1.1,23B,0.7356159371590343,0.5585202534722031,-483.880285195419,-419.987083407184,1301.5863636363636,1303.0877380399443
FY.1.4,22F,0.7097546303666143,0.540051267083873,-453.89595067469554,-397.9188914643301,1203.5,1159.7171392652606
FY.1.1,22F,0.7217581120113442,0.540051267083873,-469.11887393916044,-397.9188914643301,1254.6666666666665,1159.7171392652606
FY.1.2,22F,0.7383618511416488,0.540051267083873,-488.3311773338286,-397.9188914643301,1310.0869565217392,1159.7171392652606
FY.1.2.2,22F,0.7659880284963447,0.540051267083873,-527.4762895565771,-397.9188914643301,1371.8,1159.7171392652606
FY.1.2.1,22F,0.7372208172999835,0.540051267083873,-487.89661800389894,-397.9188914643301,1306.3125,1159.7171392652606
FY.1.2.3,22F,0.7449620528591816,0.540051267083873,-498.1906131866721,-397.9188914643301,1323.857142857143,1159.7171392652606
FY.1.4.1,22F,0.7388971754525526,0.540051267083873,-488.9283115420398,-397.9188914643301,1311.656862745098,1159.7171392652606
FY.2,22F,0.7203237675910704,0.540051267083873,-464.7890745841392,-397.9188914643301,1251.8246753246754,1159.7171392652606
FY.3,22F,0.7238371938958917,0.540051267083873,-470.132260873535,-397.9188914643301,1260.0862068965516,1159.7171392652606
FY.2.1,22F,0.7267701268650706,0.540051267083873,-472.464684616693,-397.9188914643301,1273.7260869565216,1159.7171392652606
FY.3.2,22F,0.7278169935436678,0.540051267083873,-474.3915446320602,-397.9188914643301,1278.1417322834645,1159.7171392652606
FY.3.3,22F,0.7288799874012365,0.540051267083873,-476.27615222283094,-397.9188914643301,1282.56,1159.7171392652606
FY.3.1,22F,0.7265044715408424,0.540051267083873,-472.7204182949042,-397.9188914643301,1272.1259842519685,1159.7171392652606
FY.4,22F,0.7299869201126551,0.540051267083873,-481.3176683237538,-397.9188914643301,1286.5,1159.7171392652606
FY.4.1,22F,0.7287459086273445,0.540051267083873,-475.94439297681635,-397.9188914643301,1281.7613636363635,1159.7171392652606
FY.1,22F,0.7055026149242981,0.540051267083873,-448.8728026357415,-397.9188914643301,1177.2272727272727,1159.7171392652606
FY.4.1.1,22F,0.7330750745567473,0.540051267083873,-481.12061756554704,-397.9188914643301,1296.7307692307693,1159.7171392652606
FY.4.1.2,22F,0.7288548473504043,0.540051267083873,-476.3717440114095,-397.9188914643301,1282.409090909091,1159.7171392652606
FY.4.2,22F,0.7304923273501734,0.540051267083873,-477.46068472236664,-397.9188914643301,1288.022099447514,1159.7171392652606
FY.5.1,22F,0.7527615882647897,0.540051267083873,-509.582509558542,-397.9188914643301,1338.4,1159.7171392652606
FY.5.1.1,22F,0.7868268632191248,0.540051267083873,-553.8683978455072,-397.9188914643301,1402.963963963964,1159.7171392652606
FY.5.2,22F,0.7390360529979819,0.540051267083873,-490.3342917548708,-397.9188914643301,1312.3,1159.7171392652606
FY.5.4,22F,0.7493703972532104,0.540051267083873,-504.7975538815182,-397.9188914643301,1331.4615384615386,1159.7171392652606
FY.5.5,22F,0.739444080556896,0.540051267083873,-488.8018158464183,-397.9188914643301,1313.3417721518986,1159.7171392652606
FZ.1.1,23A,0.67091791867154,0.5380403649605504,-411.69125293973536,-393.4734519837823,1112.0,1147.631701191323
FY.6,22F,0.7204778908489413,0.540051267083873,-467.18585302984167,-397.9188914643301,1253.1764705882354,1159.7171392652606
FY.8,22F,0.7536985905534145,0.540051267083873,-509.67369848570667,-397.9188914643301,1340.46875,1159.7171392652606
FY.7,22F,0.7201015495515587,0.540051267083873,-468.16520789441455,-397.9188914643301,1251.5,1159.7171392652606
FY.6.1,22F,0.7302816784868174,0.540051267083873,-479.99184310893804,-397.9188914643301,1287.909090909091,1159.7171392652606
FY.8.1,22F,0.760966419153822,0.540051267083873,-520.9962561268675,-397.9188914643301,1361.0,1159.7171392652606
FY.5.5.1,22F,0.7611960315870892,0.540051267083873,-518.0025184186698,-397.9188914643301,1362.0890052356021,1159.7171392652606
FY.9,22F,0.7252888850512758,0.540051267083873,-472.2169171430495,-397.9188914643301,1266.3333333333335,1159.7171392652606
FZ.1,23A,0.7008293235911884,0.5380403649605504,-446.5389949341603,-393.4734519837823,1153.0,1147.631701191323
FZ.2,23A,0.6958664993110655,0.5380403649605504,-436.28390679542804,-393.4734519837823,1133.9591836734692,1147.631701191323
GA.1,22F,0.702956834084151,0.540051267083873,-447.05410596300254,-397.9188914643301,1164.9999999999998,1159.7171392652606
GA.2,22F,0.7011442187855546,0.540051267083873,-443.5693125108971,-397.9188914643301,1154.3214285714282,1159.7171392652606
GA.2.1.1,22F,0.7302131023013023,0.540051267083873,-481.6082847050255,-397.9188914643301,1287.5,1159.7171392652606
GA.3,22F,0.7021322140612771,0.540051267083873,-445.55956238184694,-397.9188914643301,1160.6666666666665,1159.7171392652606
GA.4.1.3,22F,0.7509597410619864,0.540051267083873,-507.17531670413615,-397.9188914643301,1333.7,1159.7171392652606
FY.5,22F,0.7342665799045556,0.540051267083873,-482.6648065855807,-397.9188914643301,1298.093023255814,1159.7171392652606
GA.4,22F,0.7160640756105224,0.540051267083873,-462.62510550676217,-397.9188914643301,1229.1428571428569,1159.7171392652606
GA.4.1,22F,0.7584383239013095,0.540051267083873,-515.0268226708253,-397.9188914643301,1352.4494382022472,1159.7171392652606
GA.4.1.1,22F,0.7417915901824726,0.540051267083873,-496.24972007993256,-397.9188914643301,1318.0,1159.7171392652606
GA.5,22F,0.7067034265299822,0.540051267083873,-450.667019748374,-397.9188914643301,1184.9333333333334,1159.7171392652606
GA.6,22F,0.7026822473565821,0.540051267083873,-445.6856016573288,-397.9188914643301,1163.4,1159.7171392652606
GA.4.2,22F,0.7606746200595047,0.540051267083873,-521.1594525559749,-397.9188914643301,1360.0,1159.7171392652606
GA.7,22F,0.7086129976779141,0.540051267083873,-455.629836991112,-397.9188914643301,1196.0,1159.7171392652606
GA.7.2,22F,0.7258222775578653,0.540051267083873,-475.31357500997825,-397.9188914643301,1269.5,1159.7171392652606
GA.7.1,22F,0.7430276011749198,0.540051267083873,-498.97023441939115,-397.9188914643301,1319.0,1159.7171392652606
GC.2,23A,0.6718439712078855,0.5380403649605504,-410.34128126363174,-393.4734519837823,1114.1132075471696,1147.631701191323
GB.1,23A,0.7192045107346149,0.5380403649605504,-463.7664924461837,-393.4734519837823,1247.2803738317757,1147.631701191323
GA.9,22F,0.702956840421673,0.540051267083873,-447.39058562850136,-397.9188914643301,1165.0,1159.7171392652606
GA.8.1,22F,0.7741806275410241,0.540051267083873,-538.6880042108033,-397.9188914643301,1379.9,1159.7171392652606
GB.2,23A,0.7098235122203932,0.5380403649605504,-455.971302177637,-393.4734519837823,1204.3333333333333,1147.631701191323
GA.6.1,22F,0.7080581198800826,0.540051267083873,-451.9297987087196,-397.9188914643301,1193.6190476190477,1159.7171392652606
GC.1,23A,0.6984462517844244,0.5380403649605504,-440.5107098759376,-393.4734519837823,1143.8518518518517,1147.631701191323
GD.1,23D,0.7248115428422057,0.555635761044119,-469.7721688231568,-416.566216767019,1264.7077464788733,1284.3420334897883
GG.1,23A,0.7089903730822048,0.5380403649605504,-452.9816253295812,-393.4734519837823,1196.1818181818182,1147.631701191323
GD.2,23D,0.6666870542015592,0.555635761044119,-406.7629990064602,-416.566216767019,1104.0,1284.3420334897883
GE.1,23E,0.7417348918391026,0.5579443823938729,-490.0724410453793,-420.2986383535877,1317.7740492170021,1299.5924584004295
GE.1.1,23E,0.7472367301321331,0.5579443823938729,-501.19566215684483,-420.2986383535877,1325.9642857142856,1299.5924584004295
GE.1.2,23E,0.7534142701155061,0.5579443823938729,-508.86683786812864,-420.2986383535877,1339.8775510204082,1299.5924584004295
GE.1.3,23E,0.7384339694640595,0.5579443823938729,-487.9301792441816,-420.2986383535877,1310.4172185430464,1299.5924584004295
GE.1.2.2,23E,0.8513001567253817,0.5579443823938729,-648.3361826807044,-420.2986383535877,1492.5833333333333,1299.5924584004295
GE.1.4,23E,0.7399727401935173,0.5579443823938729,-488.94232617507413,-420.2986383535877,1315.0849514563106,1299.5924584004295
GE.1.2.1,23E,0.8100062399532155,0.5579443823938729,-590.0276814491808,-420.2986383535877,1434.75,1299.5924584004295
GE.1.6,23E,0.7491797721228043,0.5579443823938729,-504.0642190006229,-420.2986383535877,1330.9047619047617,1299.5924584004295
GE.1.5,23E,0.7461511549815043,0.5579443823938729,-499.2633849249309,-420.2986383535877,1324.3478260869565,1299.5924584004295
GJ.1,23E,0.725076650199922,0.5579443823938729,-473.2703954270832,-420.2986383535877,1265.3333333333333,1299.5924584004295
GF.1,23A,0.7170886767395113,0.5380403649605504,-461.13497083764054,-393.4734519837823,1234.51376146789,1147.631701191323
GJ.1.1,23E,0.7262250277410591,0.5579443823938729,-472.9908446460865,-420.2986383535877,1271.1470588235295,1299.5924584004295
GJ.1.2,23E,0.7346673752174673,0.5579443823938729,-480.00530264902244,-420.2986383535877,1298.817388493859,1299.5924584004295
GJ.1.2.6,23E,0.7601465609964342,0.5579443823938729,-517.717301115307,-420.2986383535877,1357.737704918033,1299.5924584004295
GJ.1.2.1,23E,0.7655945684490734,0.5579443823938729,-525.1451042022845,-420.2986383535877,1370.1833333333334,1299.5924584004295
GJ.1.2.4,23E,0.7418058565518909,0.5579443823938729,-493.4158935743157,-420.2986383535877,1318.0576923076924,1299.5924584004295
GH.1,22F,0.7077480660131851,0.540051267083873,-451.3884426490566,-397.9188914643301,1191.48,1159.7171392652606
GJ.1.2.5,23E,0.7348615339105519,0.5579443823938729,-483.23853597940774,-420.2986383535877,1299.6687898089172,1299.5924584004295
GJ.1.2.2,23E,0.7574070317076114,0.5579443823938729,-512.3266740371052,-420.2986383535877,1349.2370820668693,1299.5924584004295
GJ.3,23E,0.7161878601945705,0.5579443823938729,-460.73357043812837,-420.2986383535877,1230.0,1299.5924584004295
GJ.5,23E,0.7406301351599557,0.5579443823938729,-490.65308380717903,-420.2986383535877,1315.5170454545453,1299.5924584004295
GJ.2,23E,0.7354052843417623,0.5579443823938729,-485.26215491770546,-420.2986383535877,1300.690476190476,1299.5924584004295
GJ.1.2.8,23E,0.7430610838400958,0.5579443823938729,-494.6199505918133,-420.2986383535877,1319.1111111111113,1299.5924584004295
GJ.6,23E,0.7644614482081845,0.5579443823938729,-525.3942980509213,-420.2986383535877,1369.5,1299.5924584004295
GJ.5.1,23E,0.7445582684841856,0.5579443823938729,-497.9928084666474,-420.2986383535877,1322.5,1299.5924584004295
GK.1.4,23G,0.7685600408649599,0.5654031080137001,-529.3157594466101,-431.292590261762,1373.2830188679245,1336.8590831918505
GJ.1.2.7,23E,0.7564911873350819,0.5579443823938729,-513.5213844185298,-420.2986383535877,1346.7586206896553,1299.5924584004295
GK.1,23G,0.736891551723536,0.5654031080137001,-485.4318394785197,-431.292590261762,1305.3183673469389,1336.8590831918505
GK.1.1,23G,0.7569316067892924,0.5654031080137001,-510.3058629423209,-431.292590261762,1348.1261467889906,1336.8590831918505
GK.1.1.1,23G,0.7604573892332012,0.5654031080137001,-516.0498898632502,-431.292590261762,1359.042596348884,1336.8590831918505
GK.1.2,23G,0.7361943810751315,0.5654031080137001,-486.8056883281975,-431.292590261762,1302.68,1336.8590831918505
GK.1.2.1,23G,0.7867266712074333,0.5654031080137001,-554.3598384177486,-431.292590261762,1402.6949152542375,1336.8590831918505
GK.1.6,23G,0.7369306988557187,0.5654031080137001,-486.5298531886973,-431.292590261762,1305.4883720930231,1336.8590831918505
GK.1.5,23G,0.7574613231901215,0.5654031080137001,-515.3627752067633,-431.292590261762,1349.4117647058822,1336.8590831918505
GK.1.6.1,23G,0.7742367535024323,0.5654031080137001,-536.0117952564616,-431.292590261762,1380.0191082802546,1336.8590831918505
GJ.4,23E,0.7301129329209533,0.5579443823938729,-476.86473944065733,-420.2986383535877,1287.227722772277,1299.5924584004295
GK.2,23G,0.7409741327065306,0.5654031080137001,-489.8612580054196,-431.292590261762,1316.9983633387887,1336.8590831918505
GK.1.7,23G,0.7534558681451238,0.5654031080137001,-510.86848682844953,-431.292590261762,1340.0,1336.8590831918505
GK.1.8,23G,0.7815015485151922,0.5654031080137001,-546.126107840788,-431.292590261762,1395.0397350993376,1336.8590831918505
GK.1.9,23G,0.719231369361522,0.5654031080137001,-465.528387189509,-431.292590261762,1247.5263157894738,1336.8590831918505
GK.1.11,23G,0.7790620321733648,0.5654031080137001,-544.7531826387021,-431.292590261762,1389.65,1336.8590831918505
GK.1.8.1,23G,0.7781358399353309,0.5654031080137001,-543.6922939852084,-431.292590261762,1388.8125,1336.8590831918505
GK.1.11.1,23G,0.7598699914671586,0.5654031080137001,-520.067602935295,-431.292590261762,1357.25,1336.8590831918505
GK.1.10.1,23G,0.7846376588043315,0.5654031080137001,-553.5713106063074,-431.292590261762,1399.7142857142858,1336.8590831918505
GK.1.10,23G,0.7461821161941375,0.5654031080137001,-498.8989245685844,-431.292590261762,1324.4347826086955,1336.8590831918505
GK.2.2,23G,0.7280174974738158,0.5654031080137001,-476.71831554765413,-431.292590261762,1278.5,1336.8590831918505
GK.2.3,23G,0.7561010696078255,0.5654031080137001,-512.8671854068167,-431.292590261762,1345.7272727272727,1336.8590831918505
GK.2.1.1,23G,0.7429792532130012,0.5654031080137001,-495.6875913159249,-431.292590261762,1318.8400000000001,1336.8590831918505
GK.2.1,23G,0.7532717272954185,0.5654031080137001,-507.22059040642694,-431.292590261762,1339.4619047619049,1336.8590831918505
GK.1.3,23G,0.7142839554190578,0.5654031080137001,-458.3183625154229,-431.292590261762,1223.6166666666666,1336.8590831918505
GK.3,23G,0.7280820051066567,0.5654031080137001,-475.39900216381557,-431.292590261762,1278.876923076923,1336.8590831918505
GK.6,23G,0.7354027739390911,0.5654031080137001,-484.67907110629534,-431.292590261762,1300.68,1336.8590831918505
GK.3.2,23G,0.7346905723817663,0.5654031080137001,-484.18083237296923,-431.292590261762,1298.9183673469388,1336.8590831918505
GK.3.1,23G,0.7483672271644416,0.5654031080137001,-499.88836813266175,-431.292590261762,1328.6939655172416,1336.8590831918505
GK.4,23G,0.753978573796827,0.5654031080137001,-509.75365902319567,-431.292590261762,1341.3023255813953,1336.8590831918505
GK.5.1,23G,0.7417585674542365,0.5654031080137001,-494.1693169676431,-431.292590261762,1317.8695652173913,1336.8590831918505
GK.2.4,23G,0.7645913001106447,0.5654031080137001,-523.7158758056532,-431.292590261762,1370.109375,1336.8590831918505
GK.7,23G,0.7529768165370231,0.5654031080137001,-508.67671510936117,-431.292590261762,1339.030303030303,1336.8590831918505
GK.8.1,23G,0.76591196012061,0.5654031080137001,-526.539043082988,-431.292590261762,1371.4782608695655,1336.8590831918505
GK.10,23G,0.7780829116081244,0.5654031080137001,-545.2927663503017,-431.292590261762,1388.6666666666665,1336.8590831918505
GK.12,23G,0.7570993099769451,0.5654031080137001,-516.6096351619677,-431.292590261762,1348.6666666666665,1336.8590831918505
GN.1.4,23A,0.7733467776344524,0.5380403649605504,-537.4439287623671,-393.4734519837823,1378.3636363636365,1147.631701191323
GM.1,23E,0.7115141664546866,0.5579443823938729,-457.9830256812757,-420.2986383535877,1210.3333333333333,1299.5924584004295
GN.1,23A,0.7360858750711546,0.5380403649605504,-484.04259798674485,-393.4734519837823,1302.2354651162789,1147.631701191323
GM.3,23E,0.717567864472803,0.5579443823938729,-463.28160653615123,-420.2986383535877,1238.0,1299.5924584004295
GM.3.1,23E,0.7217697388518296,0.5579443823938729,-470.23207454573634,-420.2986383535877,1254.75,1299.5924584004295
GN.1.3,23A,0.744857494315423,0.5380403649605504,-499.99812155408415,-393.4734519837823,1323.5,1147.631701191323
GN.1.1,23A,0.7483238864076501,0.5380403649605504,-500.8348701316283,-393.4734519837823,1328.5764705882352,1147.631701191323
GN.3,23A,0.7160980893696406,0.5380403649605504,-462.4156041735861,-393.4734519837823,1229.4444444444446,1147.631701191323
GN.2,23A,0.724764721582269,0.5380403649605504,-473.4160241205889,-393.4734519837823,1264.4285714285713,1147.631701191323
GS.2,23E,0.7429940524240558,0.5579443823938729,-496.7287607179189,-420.2986383535877,1318.8888888888887,1299.5924584004295
GN.4,23A,0.7172989332529295,0.5380403649605504,-462.5597179713189,-393.4734519837823,1236.3823529411764,1147.631701191323
GN.5,23A,0.7136537918182139,0.5380403649605504,-460.2611306843789,-393.4734519837823,1219.25,1147.631701191323
GP.2,23C,0.6695656146494103,0.5359774429121739,-408.3003226768242,-394.67147322125385,1108.5882352941178,1136.7885736494363
GQ.1,23C,0.7236063387267865,0.5359774429121739,-472.29345680253476,-394.67147322125385,1259.0,1136.7885736494363
GP.3,23C,0.6647888525394863,0.5359774429121739,-405.5464838022714,-394.67147322125385,1091.6666666666665,1136.7885736494363
GS.1,23E,0.7407913306039672,0.5579443823938729,-490.72247219309844,-420.2986383535877,1316.2019704433499,1299.5924584004295
GR.1,23A,0.7131902413281507,0.5380403649605504,-456.08885651058074,-393.4734519837823,1215.7837837837837,1147.631701191323
GS.4.1,23E,0.7645241567226911,0.5579443823938729,-521.2562809839955,-420.2986383535877,1369.789165446559,1299.5924584004295
GS.3,23E,0.7408340419353391,0.5579443823938729,-491.4767784760532,-420.2986383535877,1316.3861386138612,1299.5924584004295
GS.4.1.1,23E,0.7566141094835686,0.5579443823938729,-512.7367615878769,-420.2986383535877,1347.1333333333332,1299.5924584004295
GS.4,23E,0.744618050058697,0.5579443823938729,-497.5711005372977,-420.2986383535877,1322.6969696969697,1299.5924584004295
GS.5,23E,0.7525541535112971,0.5579443823938729,-509.9980924848063,-420.2986383535877,1337.8000000000002,1299.5924584004295
GS.6,23E,0.730270399854694,0.5579443823938729,-478.33216108984857,-420.2986383535877,1287.842105263158,1299.5924584004295
GS.7,23E,0.7392964647377361,0.5579443823938729,-491.59115004455975,-420.2986383535877,1312.6666666666665,1299.5924584004295
GS.7.1,23E,0.764568201936188,0.5579443823938729,-527.1499671275246,-420.2986383535877,1370.0,1299.5924584004295
GU.1,23A,0.708002366764981,0.5380403649605504,-449.3984018746622,-393.4734519837823,1192.9919028340082,1147.631701191323
GN.1.2,23A,0.7443989100493483,0.5380403649605504,-497.14049395720883,-393.4734519837823,1322.1315789473683,1147.631701191323
GS.8,23E,0.726327488381857,0.5579443823938729,-473.490479185213,-420.2986383535877,1271.7659574468084,1299.5924584004295
GV.1,23A,0.727812015246933,0.5380403649605504,-473.400423018436,-393.4734519837823,1278.1117647058823,1147.631701191323
GP.1,23C,0.7125684065848744,0.5359774429121739,-458.7299271279745,-394.67147322125385,1212.6000000000001,1136.7885736494363
GW.1,22F,0.7165070265829842,0.540051267083873,-463.31985508919206,-397.9188914643301,1231.3333333333333,1159.7171392652606
GW.2,22F,0.7020627294734173,0.540051267083873,-443.2276408112854,-397.9188914643301,1160.140350877193,1159.7171392652606
GW.3,22F,0.7077043052162965,0.540051267083873,-453.45657663158255,-397.9188914643301,1191.0,1159.7171392652606
GW.5.3,22F,0.7557683440743802,0.540051267083873,-511.9850074671219,-397.9188914643301,1345.2156862745096,1159.7171392652606
GW.5.1,22F,0.7393961242977543,0.540051267083873,-490.71039027077126,-397.9188914643301,1313.1212121212122,1159.7171392652606
GW.5.1.1,22F,0.7918772470151215,0.540051267083873,-561.5839442824392,-397.9188914643301,1413.3833333333332,1159.7171392652606
GW.5.2,22F,0.7524890987764069,0.540051267083873,-509.44105743407425,-397.9188914643301,1337.625,1159.7171392652606
GW.5,22F,0.7516309105671632,0.540051267083873,-506.97238602367696,-397.9188914643301,1335.3666666666666,1159.7171392652606
GY.1,23B,0.729573968575132,0.5585202534722031,-478.3451444433646,-419.987083407184,1284.478260869565,1303.0877380399443
GW.5.3.1,22F,0.7823809794253902,0.540051267083873,-548.7052394018208,-397.9188914643301,1396.5384615384614,1159.7171392652606
GY.1.1,23B,0.7569963507725639,0.5585202534722031,-515.3721827199229,-419.987083407184,1348.3333333333333,1303.0877380399443
GW.4,22F,0.704154259710948,0.540051267083873,-448.4423245730742,-397.9188914643301,1169.142857142857,1159.7171392652606
GY.2.1,23B,0.7217968359706816,0.5585202534722031,-468.76200000444544,-419.987083407184,1254.9444444444443,1303.0877380399443
GY.3,23B,0.7165070221170456,0.5585202534722031,-464.01299673582776,-419.987083407184,1231.3333333333333,1303.0877380399443
GY.6,23B,0.7240835929133138,0.5585202534722031,-469.343551706212,-419.987083407184,1261.057471264368,1303.0877380399443
GY.7,23B,0.7308156298544622,0.5585202534722031,-478.3937768147579,-419.987083407184,1289.9259259259259,1303.0877380399443
HC.1,23A,0.7085851234674372,0.5380403649605504,-451.8588066416704,-393.4734519837823,1195.6904761904761,1147.631701191323
GY.9,23B,0.7542065822891497,0.5585202534722031,-513.1276262960699,-419.987083407184,1342.0,1303.0877380399443
GZ.1,23E,0.7296505000462948,0.5579443823938729,-476.46038212367444,-420.2986383535877,1284.5389221556886,1299.5924584004295
GY.8,23B,0.7436441742981051,0.5585202534722031,-496.2846303587339,-419.987083407184,1319.7272727272727,1303.0877380399443
HA.2,23A,0.7259826843079351,0.5380403649605504,-472.15754175592235,-393.4734519837823,1269.704347826087,1147.631701191323
HB.1,22F,0.7285732191890003,0.540051267083873,-477.2047384145355,-397.9188914643301,1280.75,1159.7171392652606
HC.2,23A,0.745989678388854,0.5380403649605504,-499.2146497453166,-393.4734519837823,1323.8974358974358,1147.631701191323
HC.3,23A,0.7367603785601552,0.5380403649605504,-486.71886076933316,-393.4734519837823,1304.7543859649122,1147.631701191323
HD.1,23A,0.7070160535415204,0.5380403649605504,-450.48435736255044,-393.4734519837823,1186.423076923077,1147.631701191323
HC.4,23A,0.7313714433308354,0.5380403649605504,-481.8422951438307,-393.4734519837823,1290.4285714285713,1147.631701191323
GY.5,23B,0.7250913633716539,0.5585202534722031,-469.73843860610384,-419.987083407184,1265.4186602870816,1303.0877380399443
HD.1.1,23A,0.7236063478352712,0.5380403649605504,-471.95699711554056,-393.4734519837823,1259.0,1147.631701191323
HE.1,22F,0.7166791818391333,0.540051267083873,-459.47152537840674,-397.9188914643301,1232.882183908046,1159.7171392652606
HE.2,22F,0.7277475676160844,0.540051267083873,-475.77971470096276,-397.9188914643301,1277.7241379310344,1159.7171392652606
HA.1,23A,0.7286226910430122,0.5380403649605504,-476.96800264113773,-393.4734519837823,1281.037037037037,1147.631701191323
HF.1.2,23B,0.7449143317037785,0.5585202534722031,-496.0000601417736,-419.987083407184,1323.6936170212766,1303.0877380399443
HF.1.1,23B,0.7547633848808376,0.5585202534722031,-507.93421596456744,-419.987083407184,1343.1657894736838,1303.0877380399443
HG.3,23E,0.7344114792226708,0.5579443823938729,-486.3264626393145,-420.2986383535877,1298.75,1299.5924584004295
HF.1,23B,0.7492589936787575,0.5585202534722031,-499.86046270842627,-419.987083407184,1331.135723431498,1303.0877380399443
HG.1,23E,0.7302075319641633,0.5579443823938729,-478.8930629474964,-420.2986383535877,1287.4666666666667,1299.5924584004295
HG.2,23E,0.7374413303254618,0.5579443823938729,-486.5748129305152,-420.2986383535877,1306.95625,1299.5924584004295
HH.1,23E,0.7283647688323872,0.5579443823938729,-473.5407050694402,-420.2986383535877,1280.0468227424751,1299.5924584004295
HH.2,23E,0.7216862175088,0.5579443823938729,-466.92862805232767,-420.2986383535877,1254.1530612244896,1299.5924584004295
HH.4,23E,0.7294902774403891,0.5579443823938729,-480.68001198132623,-420.2986383535877,1284.0,1299.5924584004295
HH.3,23E,0.7516809934511804,0.5579443823938729,-508.64870556677107,-420.2986383535877,1335.5,1299.5924584004295
HH.2.1,23E,0.7324388937970857,0.5579443823938729,-481.0883909792123,-420.2986383535877,1294.5254237288136,1299.5924584004295
HH.5,23E,0.733236599418338,0.5579443823938729,-481.5437166165112,-420.2986383535877,1297.6095238095238,1299.5924584004295
HH.6,23E,0.7524440954129342,0.5579443823938729,-510.767155907724,-420.2986383535877,1337.5,1299.5924584004295
HK.3,23H,0.7729801598400607,0.5804299129924134,-531.1246291553265,-451.60950190253936,1377.5983717774764,1382.3610804851155
HH.7,23E,0.7237686608983628,0.5579443823938729,-469.1576004115881,-420.2986383535877,1259.6808510638298,1299.5924584004295
HJ.1,23A,0.6979493357912274,0.5380403649605504,-438.0913077051629,-393.4734519837823,1141.7383720930231,1147.631701191323
HH.8.1,23E,0.7484794016377896,0.5579443823938729,-504.56787733170404,-420.2986383535877,1329.0000000000002,1299.5924584004295
HK.1,23F,0.7541869416995137,0.5714781136557745,-510.29790247783893,-436.9037555038134,1341.939393939394,1358.2470110534625
HK.2.1,23F,0.7814556170153888,0.5714781136557745,-547.6135782108812,-436.9037555038134,1394.90625,1358.2470110534625
HK.1.2,23F,0.786316379074426,0.5714781136557745,-553.7677364094584,-436.9037555038134,1401.6333333333332,1358.2470110534625
HK.3.2,23H,0.787044941033228,0.5804299129924134,-552.6035525750299,-451.60950190253936,1403.563670411985,1382.3610804851155
HK.3.1,23H,0.7787750017314964,0.5804299129924134,-541.7046969446312,-451.60950190253936,1388.9505300353358,1382.3610804851155
HK.2,23F,0.7562520940877123,0.5714781136557745,-513.7337506312759,-436.9037555038134,1346.1764705882354,1358.2470110534625
HK.3.9,23H,0.7766333324156428,0.5804299129924134,-539.1662803133521,-451.60950190253936,1385.1793478260868,1382.3610804851155
HK.3.2.1,23H,0.7877163157539522,0.5804299129924134,-555.5327840062364,-451.60950190253936,1403.945205479452,1382.3610804851155
HH.1.1,23E,0.7283955552508689,0.5579443823938729,-475.3585860247332,-420.2986383535877,1280.2277227722773,1299.5924584004295
HK.3.2.2,23H,0.787891500974163,0.5804299129924134,-555.3156440088326,-451.60950190253936,1404.405172413793,1382.3610804851155
HK.3.5,23H,0.7795071730139176,0.5804299129924134,-545.1088868064882,-451.60950190253936,1390.4230769230771,1382.3610804851155
HK.3.4,23H,0.771790058685599,0.5804299129924134,-533.1877681726846,-451.60950190253936,1375.1648351648353,1382.3610804851155
HK.3.7,23H,0.7580972222431064,0.5804299129924134,-516.3462897354699,-451.60950190253936,1351.2666666666667,1382.3610804851155
HK.3.6,23H,0.7644623546354586,0.5804299129924134,-525.2132209436502,-451.60950190253936,1369.5,1382.3610804851155
HH.8,23E,0.7292679223766207,0.5579443823938729,-477.9097409228001,-420.2986383535877,1282.75,1299.5924584004295
HK.3.8,23H,0.779929977730246,0.5804299129924134,-548.2619392676737,-451.60950190253936,1391.5,1382.3610804851155
HK.3.3,23H,0.7766902789961921,0.5804299129924134,-540.3169665207887,-451.60950190253936,1385.3174603174605,1382.3610804851155
HK.3.10,23H,0.788253861620102,0.5804299129924134,-556.2878541780902,-451.60950190253936,1405.3972602739725,1382.3610804851155
HK.3.12,23H,0.7606760595959225,0.5804299129924134,-517.5778734489309,-451.60950190253936,1360.0069444444443,1382.3610804851155
HK.3.11,23H,0.7795603112098013,0.5804299129924134,-544.297736690067,-451.60950190253936,1390.5555555555554,1382.3610804851155
HK.3.13,23H,0.7823142419821507,0.5804299129924134,-548.1647319558094,-451.60950190253936,1396.344262295082,1382.3610804851155
HK.8,23F,0.7685205995965423,0.5714781136557745,-529.6483703387764,-436.9037555038134,1373.1666666666665,1358.2470110534625
HK.3.14,23H,0.7980554394242309,0.5804299129924134,-571.5884828620485,-451.60950190253936,1426.0,1382.3610804851155
HK.4,23F,0.736461600737318,0.5714781136557745,-488.0696836540228,-436.9037555038134,1303.5,1358.2470110534625
HK.5,23F,0.7522892183375538,0.5714781136557745,-509.46148045318694,-436.9037555038134,1337.1666666666665,1358.2470110534625
HK.6,23F,0.7582626316296487,0.5714781136557745,-513.0693086801501,-436.9037555038134,1351.8329979879275,1358.2470110534625
HK.7,23F,0.7389773061003709,0.5714781136557745,-488.4061295072971,-436.9037555038134,1312.0261780104713,1358.2470110534625
HK.8.1,23F,0.7811045587723459,0.5714781136557745,-545.8535987117195,-436.9037555038134,1393.9122807017543,1358.2470110534625
HK.13,23F,0.7728240504208329,0.5714781136557745,-533.6577920241007,-436.9037555038134,1377.2754237288136,1358.2470110534625
HK.11,23F,0.7500581410498479,0.5714781136557745,-503.46429852452536,-436.9037555038134,1331.5853658536585,1358.2470110534625
HK.12,23F,0.7637802207627592,0.5714781136557745,-524.3679805518285,-436.9037555038134,1366.909090909091,1358.2470110534625
HK.11.1,23F,0.7788728511042288,0.5714781136557745,-543.1685752581509,-436.9037555038134,1389.1866666666667,1358.2470110534625
HK.13.1,23F,0.786625364691184,0.5714781136557745,-553.8066509756562,-436.9037555038134,1402.4269662921347,1358.2470110534625
HK.19,23F,0.7560642739293073,0.5714781136557745,-512.0514975886788,-436.9037555038134,1345.619718309859,1358.2470110534625
HK.9,23F,0.743141945282589,0.5714781136557745,-496.0765533459392,-436.9037555038134,1319.3809523809523,1358.2470110534625
HK.13.2.1,23F,0.7804052287514085,0.5714781136557745,-546.2491268947515,-436.9037555038134,1392.6206896551726,1358.2470110534625
HK.14,23F,0.7756497425372378,0.5714781136557745,-541.9213353242711,-436.9037555038134,1383.0,1358.2470110534625
HK.17,23F,0.7583250366145855,0.5714781136557745,-514.9802400046708,-436.9037555038134,1352.05,1358.2470110534625
HK.18,23F,0.7620189506589656,0.5714781136557745,-524.3703106738474,-436.9037555038134,1363.0,1358.2470110534625
HK.15,23F,0.7393140385758938,0.5714781136557745,-489.28694003980775,-436.9037555038134,1312.7479674796748,1358.2470110534625
HK.16,23F,0.7529864501357574,0.5714781136557745,-509.3529090750609,-436.9037555038134,1339.0588235294117,1358.2470110534625
HK.21,23F,0.7515413499884339,0.5714781136557745,-508.1745589458152,-436.9037555038134,1335.125,1358.2470110534625
HK.20,23F,0.7779758132380827,0.5714781136557745,-543.4700818634075,-436.9037555038134,1388.375,1358.2470110534625
HK.23,23F,0.7501230468324267,0.5714781136557745,-505.8780090775986,-436.9037555038134,1331.75,1358.2470110534625
HK.13.2,23F,0.7852759616770039,0.5714781136557745,-554.0133122013194,-436.9037555038134,1401.5454545454545,1358.2470110534625
HK.20.1,23F,0.7846446204461541,0.5714781136557745,-549.5685400097046,-436.9037555038134,1399.733850129199,1358.2470110534625
HK.27,23F,0.7514053292395987,0.5714781136557745,-505.58380471364916,-436.9037555038134,1334.8651685393256,1358.2470110534625
HK.22,23F,0.7891395283259042,0.5714781136557745,-559.0487621063102,-436.9037555038134,1406.625,1358.2470110534625
HK.24,23F,0.7380429825875353,0.5714781136557745,-491.3368361901966,-436.9037555038134,1308.6666666666665,1358.2470110534625
HK.26.1,23F,0.7804527234967156,0.5714781136557745,-548.2962739192513,-436.9037555038134,1392.75,1358.2470110534625
HK.26,23F,0.7765335107257477,0.5714781136557745,-538.2666062796591,-436.9037555038134,1384.9390862944165,1358.2470110534625
HK.25,23F,0.7625451887329331,0.5714781136557745,-522.4491464746245,-436.9037555038134,1365.4285714285713,1358.2470110534625
HK.28,23F,0.7534345370823596,0.5714781136557745,-506.9278808694986,-436.9037555038134,1339.937142857143,1358.2470110534625
HK.27.1,23F,0.7644703787130309,0.5714781136557745,-522.4310034115963,-436.9037555038134,1369.535714285714,1358.2470110534625
HK.30,23F,0.7558596013514909,0.5714781136557745,-511.14176668678687,-436.9037555038134,1345.4925373134326,1358.2470110534625
HK.27.1.1,23F,0.7756056389713232,0.5714781136557745,-538.864609974673,-436.9037555038134,1382.9,1358.2470110534625
HK.29,23F,0.7386324024241921,0.5714781136557745,-486.81759007833836,-436.9037555038134,1310.4672268907564,1358.2470110534625
HK.33,23F,0.7721483465944059,0.5714781136557745,-534.3628211947597,-436.9037555038134,1375.891304347826,1358.2470110534625
HK.34,23F,0.7735798499475616,0.5714781136557745,-537.7640628002963,-436.9037555038134,1378.6363636363637,1358.2470110534625
HK.31,23F,0.747437068143783,0.5714781136557745,-498.24390989319807,-436.9037555038134,1326.4935622317596,1358.2470110534625
HK.32,23F,0.7562826202305706,0.5714781136557745,-511.4206735528402,-436.9037555038134,1346.2681564245809,1358.2470110534625
HN.2,23D,0.7493483722967819,0.555635761044119,-501.93954413765834,-416.566216767019,1331.3954545454544,1284.3420334897883
HK.24.1,23F,0.7773385924884457,0.5714781136557745,-543.4125949410601,-436.9037555038134,1386.7142857142856,1358.2470110534625
HK.23.1,23F,0.7806149076801874,0.5714781136557745,-547.2004354430296,-436.9037555038134,1393.2,1358.2470110534625
HL.1,22F,0.7189650147631992,0.540051267083873,-466.0614221967364,-397.9188914643301,1245.125,1159.7171392652606
HK.34.1,23F,0.7602913374570252,0.5714781136557745,-520.926176491894,-436.9037555038134,1358.3333333333333,1358.2470110534625
HN.1,23D,0.751847830180618,0.555635761044119,-504.1222833582081,-416.566216767019,1335.950937950938,1284.3420334897883
HN.2.1,23D,0.7460864408850774,0.555635761044119,-499.8282743737845,-416.566216767019,1324.1666666666665,1284.3420334897883
HR.1.1,23A,0.747647547955901,0.5380403649605504,-500.3999909935217,-393.4734519837823,1327.0560747663549,1147.631701191323
HN.4,23D,0.755879811213057,0.555635761044119,-510.2616642754637,-416.566216767019,1345.55421686747,1284.3420334897883
HN.3.1,23D,0.7535037156484042,0.555635761044119,-508.21507692050744,-416.566216767019,1340.141509433962,1284.3420334897883
HN.4.1,23D,0.7329001373601214,0.555635761044119,-484.15194941313683,-416.566216767019,1295.8000000000002,1284.3420334897883
HP.1,23A,0.7105906566299123,0.5380403649605504,-454.7584262672842,-393.4734519837823,1205.1599999999999,1147.631701191323
HP.1.1,23A,0.7342599903481549,0.5380403649605504,-482.67978314590107,-393.4734519837823,1298.0634920634918,1147.631701191323
HN.6,23D,0.7549267046702136,0.555635761044119,-509.47867370870324,-416.566216767019,1343.6732673267327,1284.3420334897883
HN.4.2,23D,0.755185884953203,0.555635761044119,-514.442144821891,-416.566216767019,1344.5,1284.3420334897883
HN.8,23D,0.7900109930531285,0.555635761044119,-559.8275443797758,-416.566216767019,1407.8799999999999,1284.3420334897883
HN.7,23D,0.7519609687689821,0.555635761044119,-506.68733042694583,-416.566216767019,1336.258064516129,1284.3420334897883
HQ.1,23A,0.7185207114857252,0.5380403649605504,-463.56435026967455,-393.4734519837823,1241.9107142857142,1147.631701191323
HR.1,23A,0.7276538420590889,0.5380403649605504,-474.5964639359123,-393.4734519837823,1277.1666666666665,1147.631701191323
HS.1,23A,0.7255538237173038,0.5380403649605504,-470.85802759436933,-393.4734519837823,1267.8897959183676,1147.631701191323
HN.3,23D,0.7386648265625729,0.555635761044119,-488.90483922488596,-416.566216767019,1310.6103896103896,1284.3420334897883
HT.2,23A,0.7090124437160503,0.5380403649605504,-450.19370901459007,-393.4734519837823,1196.4141689373296,1147.631701191323
HT.1,23A,0.7060057219950414,0.5380403649605504,-446.8995270600133,-393.4734519837823,1181.1503496503497,1147.631701191323
HN.5,23D,0.7792007925435666,0.555635761044119,-542.4123380581589,-416.566216767019,1389.9960317460318,1284.3420334897883
HU.2,22F,0.7307888118913731,0.540051267083873,-480.2081037136402,-397.9188914643301,1289.764705882353,1159.7171392652606
HU.1,22F,0.7092284386826615,0.540051267083873,-455.664086195934,-397.9188914643301,1198.5,1159.7171392652606
HU.1.1,22F,0.7286773648739704,0.540051267083873,-475.4139059628729,-397.9188914643301,1281.3576642335765,1159.7171392652606
HS.1.1,23A,0.7362218446386485,0.5380403649605504,-485.2645513090654,-393.4734519837823,1302.7933884297522,1147.631701191323
HV.1,23F,0.7740948423322186,0.5714781136557745,-530.7874971014863,-436.9037555038134,1379.7177775923917,1358.2470110534625
HV.1.2,23F,0.777370444028541,0.5714781136557745,-539.4263244795757,-436.9037555038134,1386.7944162436547,1358.2470110534625
HV.1.3,23F,0.7642402344060083,0.5714781136557745,-522.7701670689249,-436.9037555038134,1368.9803921568628,1358.2470110534625
HV.1.1,23F,0.7878901568872867,0.5714781136557745,-553.021570008323,-436.9037555038134,1404.401567944251,1358.2470110534625
HV.1.4,23F,0.7644087803694706,0.5714781136557745,-521.7668326470663,-436.9037555038134,1369.2485714285713,1358.2470110534625
HV.1.6,23F,0.7687219089225654,0.5714781136557745,-527.6706506077629,-436.9037555038134,1373.7667638483963,1358.2470110534625
HV.1.5,23F,0.7764535593006305,0.5714781136557745,-538.5338150677158,-436.9037555038134,1384.7481481481484,1358.2470110534625
HV.1.7,23F,0.7760413472906532,0.5714781136557745,-540.426133683061,-436.9037555038134,1383.782608695652,1358.2470110534625
HV.1.6.1,23F,0.788272474995858,0.5714781136557745,-557.6087411370294,-436.9037555038134,1405.45,1358.2470110534625
HV.1.8,23F,0.7790579800435509,0.5714781136557745,-542.2218229467733,-436.9037555038134,1389.6400000000003,1358.2470110534625
HV.2,23F,0.7799970845851818,0.5714781136557745,-544.7857917521862,-436.9037555038134,1391.676056338028,1358.2470110534625
HV.1.9,23F,0.7816274925288148,0.5714781136557745,-548.4858869992139,-436.9037555038134,1395.4117647058824,1358.2470110534625
HV.1.11,23F,0.7960132392733758,0.5714781136557745,-567.1093191943894,-436.9037555038134,1423.4457831325303,1358.2470110534625
HV.1.10,23F,0.7898688104770356,0.5714781136557745,-557.8490590647758,-436.9037555038134,1407.5,1358.2470110534625
HY.1,23A,0.7324700871784074,0.5380403649605504,-478.9410104902419,-393.4734519837823,1294.6939163498098,1147.631701191323
HZ.1,23A,0.7348286239854733,0.5380403649605504,-481.3819587741795,-393.4734519837823,1299.5233644859813,1147.631701191323
HZ.2,23A,0.7219872433246416,0.5380403649605504,-465.95655929331605,-393.4734519837823,1256.3253968253966,1147.631701191323
JA.1,23E,0.7370926973710852,0.5579443823938729,-487.8277290285476,-420.2986383535877,1305.7586206896551,1299.5924584004295
HZ.3,23A,0.7045768893998543,0.5380403649605504,-445.5926302830546,-393.4734519837823,1171.5757575757577,1147.631701191323
JB.2,23A,0.7252338352435456,0.5380403649605504,-474.5679710323746,-393.4734519837823,1266.25,1147.631701191323
JC.1,22F,0.7482956778652025,0.540051267083873,-500.949585933045,-397.9188914643301,1328.5,1159.7171392652606
JC.2,22F,0.7486609193086674,0.540051267083873,-505.7254470665678,-397.9188914643301,1329.5,1159.7171392652606
JC.5,22F,0.7477105079865414,0.540051267083873,-499.298443491828,-397.9188914643301,1327.2257142857143,1159.7171392652606
JC.4,22F,0.7587678795076466,0.540051267083873,-516.2724828888568,-397.9188914643301,1353.65,1159.7171392652606
JC.3,22F,0.7330320173588274,0.540051267083873,-485.2391759867362,-397.9188914643301,1296.5,1159.7171392652606
JD.1,23A,0.7574130468504262,0.5380403649605504,-516.7445580616507,-393.4734519837823,1349.25,1147.631701191323
JD.1.1,23A,0.7798616417581257,0.5380403649605504,-540.935207204244,-393.4734519837823,1391.3222423146476,1147.631701191323
JC.5.1,22F,0.8084641419857954,0.540051267083873,-583.6629791173872,-397.9188914643301,1431.2470588235294,1159.7171392652606
JC.6,22F,0.7503414374903655,0.540051267083873,-506.0888690057977,-397.9188914643301,1332.3076923076924,1159.7171392652606
JD.1.1.1,23A,0.7890599527221522,0.5380403649605504,-555.1917551578192,-393.4734519837823,1406.4062038404727,1147.631701191323
JB.2.1,23A,0.7657966444316953,0.5380403649605504,-528.8232650334153,-393.4734519837823,1371.0,1147.631701191323
JD.1.1.2,23A,0.7805082739360365,0.5380403649605504,-546.3259531199546,-393.4734519837823,1392.9032258064517,1147.631701191323
JD.1.1.3,23A,0.7891275266288713,0.5380403649605504,-556.9761552503654,-393.4734519837823,1406.592,1147.631701191323
JD.1.1.6,23A,0.7902545454929063,0.5380403649605504,-559.0326851066391,-393.4734519837823,1408.5512820512822,1147.631701191323
JD.1.1.4,23A,0.812443845440572,0.5380403649605504,-593.7930138508536,-393.4734519837823,1435.6666666666665,1147.631701191323
JD.1.1.8,23A,0.7798242434456378,0.5380403649605504,-543.1142396834366,-393.4734519837823,1391.2255892255891,1147.631701191323
JD.1.1.7,23A,0.7682816906942803,0.5380403649605504,-527.3548361374704,-393.4734519837823,1372.4669260700389,1147.631701191323
JD.1.1.5,23A,0.7826325324672714,0.5380403649605504,-547.5554123802141,-393.4734519837823,1397.2914285714287,1147.631701191323
JD.1.2,23A,0.7417258972802059,0.5380403649605504,-493.96592053993044,-393.4734519837823,1317.7407407407406,1147.631701191323
JD.1.2.2,23A,0.7408079022752387,0.5380403649605504,-492.9664482926883,-393.4734519837823,1316.2727272727273,1147.631701191323
JD.1.2.1,23A,0.7572367639053043,0.5380403649605504,-514.3965387378151,-393.4734519837823,1348.69696969697,1147.631701191323
JD.2,23A,0.707252305688319,0.5380403649605504,-450.33416262548275,-393.4734519837823,1188.9250000000002,1147.631701191323
JD.2.1,23A,0.7331512691963886,0.5380403649605504,-484.14106147829557,-393.4734519837823,1297.1428571428569,1147.631701191323
JE.1.1.1,23E,0.7832087043684552,0.5579443823938729,-549.1819971933776,-420.2986383535877,1399.1428571428573,1299.5924584004295
JE.1.1,23E,0.7659079572515282,0.5579443823938729,-526.410950975969,-420.2986383535877,1371.4615384615383,1299.5924584004295
JE.1,23E,0.7733414873422065,0.5579443823938729,-535.1250249122955,-420.2986383535877,1378.3513513513512,1299.5924584004295
JF.1.1.2,23B,0.7813826552655575,0.5585202534722031,-546.900009979349,-419.987083407184,1394.6949152542372,1303.0877380399443
JF.1.1,23B,0.7686993783766591,0.5585202534722031,-526.2246679114592,-419.987083407184,1373.6990084985837,1303.0877380399443
JF.3,23B,0.7623057592207256,0.5585202534722031,-521.583363286516,-419.987083407184,1364.2916666666665,1303.0877380399443
JF.1,23B,0.7640649178288987,0.5585202534722031,-520.5759549279279,-419.987083407184,1368.1722222222222,1303.0877380399443
JF.2,23B,0.7362498365382473,0.5585202534722031,-485.61947437270527,-419.987083407184,1302.909090909091,1303.0877380399443
JF.4,23B,0.7440644189767696,0.5585202534722031,-493.28243582402814,-419.987083407184,1321.04753673293,1303.0877380399443
JG.3.3,23F,0.7573321154510454,0.5714781136557745,-518.0216593460996,-436.9037555038134,1349.0,1358.2470110534625
JG.2,23F,0.7549448704481327,0.5714781136557745,-510.6682162461102,-436.9037555038134,1343.7301587301583,1358.2470110534625
JG.3,23F,0.7869181800738441,0.5714781136557745,-551.0961914773021,-436.9037555038134,1403.2125867195243,1358.2470110534625
JG.3.2,23F,0.7963655089429398,0.5714781136557745,-565.4646413730528,-436.9037555038134,1425.2295774647887,1358.2470110534625
JG.3.1,23F,0.7805022281465809,0.5714781136557745,-543.4525700605718,-436.9037555038134,1392.8860294117649,1358.2470110534625
JG.1,23F,0.7601259718864543,0.5714781136557745,-517.8489774806369,-436.9037555038134,1357.6538461538464,1358.2470110534625
JH.1,22E,0.7273888324940269,0.49622051231334174,-475.9816948854446,-348.01214920833087,1276.2,1050.9645053894194
JG.4,23F,0.7476576800111934,0.5714781136557745,-501.50274683022076,-436.9037555038134,1327.083333333333,1358.2470110534625
JH.2,22E,0.7372637578306255,0.49622051231334174,-489.1158667728626,-348.01214920833087,1306.5,1050.9645053894194
JG.3.4,23F,0.7927431896475539,0.5714781136557745,-562.2676553915979,-436.9037555038134,1416.2330097087379,1358.2470110534625
JK.1,23A,0.6998025493429777,0.5380403649605504,-440.24207663539505,-393.4734519837823,1149.3293413173653,1147.631701191323
JJ.1,23F,0.7689284159571418,0.5714781136557745,-528.5881318067387,-436.9037555038134,1374.3956043956046,1358.2470110534625
JN.1,24A,0.8323336438188593,0.6328056026334313,-613.376220865913,-523.5413950795582,1454.9766060952925,1502.327840037201
JL.1,23C,0.7283568112949379,0.5359774429121739,-477.6215250014973,-394.67147322125385,1280.0,1136.7885736494363
JM.1,23B,0.7720675923285286,0.5585202534722031,-534.9893172931306,-419.987083407184,1375.7272727272727,1303.0877380399443
JN.1.1.4,24A,0.825254107488737,0.6328056026334313,-609.9053999549396,-523.5413950795582,1451.5625,1502.327840037201
JN.1.1,24A,0.8125695642144148,0.6328056026334313,-586.6707997128907,-523.5413950795582,1435.931731417022,1502.327840037201
JN.1.1.2,24A,0.8166480305159854,0.6328056026334313,-597.8119910664661,-523.5413950795582,1445.695652173913,1502.327840037201
JN.1.1.3,24A,0.8547777473351403,0.6328056026334313,-652.2333123947651,-523.5413950795582,1502.4772727272727,1502.327840037201
JN.1.1.5,24A,0.851477361508021,0.6328056026334313,-647.3128794711134,-523.5413950795582,1493.2413793103449,1502.327840037201
JN.1.1.9,24A,0.8376305646810153,0.6328056026334313,-629.5517986125927,-523.5413950795582,1463.333333333333,1502.327840037201
JN.1.1.7,24A,0.8094109885109247,0.6328056026334313,-587.0946367331162,-523.5413950795582,1433.3125,1502.327840037201
JN.1.1.8,24A,0.8739919420839166,0.6328056026334313,-682.8201778291461,-523.5413950795582,1570.6923076923076,1502.327840037201
JN.1.1.6,24A,0.8554414183419985,0.6328056026334313,-655.2238554054667,-523.5413950795582,1505.4166666666665,1502.327840037201
JN.1.4.5,24A,0.8303476402716174,0.6328056026334313,-612.4074676315979,-523.5413950795582,1453.4160407075358,1502.327840037201
JN.1.1.10,24A,0.7958100824572947,0.6328056026334313,-567.8717798553118,-523.5413950795582,1422.4827586206895,1502.327840037201
JN.1.2,24A,0.8144729380220952,0.6328056026334313,-590.6833680097131,-523.5413950795582,1440.5715434083602,1502.327840037201
JN.1.3,24A,0.8206079662315744,0.6328056026334313,-601.9287738506367,-523.5413950795582,1448.3982300884954,1502.327840037201
JN.1.4.4,24A,0.8537105144417881,0.6328056026334313,-650.8944196621696,-523.5413950795582,1499.7647058823527,1502.327840037201
JN.1.2.1,24A,0.7983722213762617,0.6328056026334313,-573.4873663439829,-523.5413950795582,1427.5,1502.327840037201
JM.2,23B,0.7584843526722214,0.5585202534722031,-513.7755961864965,-419.987083407184,1352.6132930513597,1303.0877380399443
JN.1.4,24A,0.8343661613877136,0.6328056026334313,-616.9027979438437,-523.5413950795582,1457.9919354838707,1502.327840037201
JN.1.4.2,24A,0.837399560850097,0.6328056026334313,-624.0918358797654,-523.5413950795582,1462.8966202783304,1502.327840037201
JN.1.4.1,24A,0.8324720411193214,0.6328056026334313,-619.5818799442669,-523.5413950795582,1455.1739130434783,1502.327840037201
JN.1.1.1,24A,0.8428401189864295,0.6328056026334313,-634.8190297148085,-523.5413950795582,1474.846153846154,1502.327840037201
JN.1.4.6,24A,0.8542831253849743,0.6328056026334313,-650.3621991724038,-523.5413950795582,1500.4338235294117,1502.327840037201
JN.1.7.1,24A,0.8744504278904719,0.6328056026334313,-683.7080135786402,-523.5413950795582,1573.5,1502.327840037201
JN.1.4.8,24A,0.8629243877909799,0.6328056026334313,-664.1313341973901,-523.5413950795582,1525.046511627907,1502.327840037201
JN.1.4.3,24A,0.8535628966184471,0.6328056026334313,-649.4676307219089,-523.5413950795582,1499.154185022027,1502.327840037201
JN.1.4.9,24A,0.8671309516316485,0.6328056026334313,-670.39617492597,-523.5413950795582,1545.2709677419357,1502.327840037201
JN.1.6,24A,0.8296542621096025,0.6328056026334313,-613.1572773624204,-523.5413950795582,1452.4185393258426,1502.327840037201
JN.1.5,24A,0.8395818421175515,0.6328056026334313,-628.42187938684,-523.5413950795582,1467.2993827160494,1502.327840037201
JN.1.4.7,24A,0.8381484067987812,0.6328056026334313,-626.6591762951101,-523.5413950795582,1464.3463203463205,1502.327840037201
JN.1.6.1,24A,0.8394952896542967,0.6328056026334313,-629.9980961167989,-523.5413950795582,1467.1016949152545,1502.327840037201
JN.1.7.3,24A,0.8669754523695083,0.6328056026334313,-671.1740366363827,-523.5413950795582,1544.2857142857142,1502.327840037201
JN.1.7.2,24A,0.8582385681944311,0.6328056026334313,-655.9579646899942,-523.5413950795582,1507.6296296296298,1502.327840037201
JN.1.7.4,24A,0.893672977829862,0.6328056026334313,-713.2751751540637,-523.5413950795582,1624.515625,1502.327840037201
JN.1.7.5,24A,0.8531758975973635,0.6328056026334313,-647.1730511746894,-523.5413950795582,1497.6042823156226,1502.327840037201
JN.1.7.6,24A,0.8965142764358497,0.6328056026334313,-722.056682867636,-523.5413950795582,1631.0,1502.327840037201
JN.1.7.7,24A,0.8627302893890296,0.6328056026334313,-666.6157846200323,-523.5413950795582,1524.125,1502.327840037201
JN.1.7.9,24A,0.88878052780569,0.6328056026334313,-707.2134447842484,-523.5413950795582,1613.0,1502.327840037201
JN.1.7.8,24A,0.8899495732776821,0.6328056026334313,-706.8287360231412,-523.5413950795582,1616.618556701031,1502.327840037201
JN.1.8,24A,0.8346611390645089,0.6328056026334313,-620.7495040036321,-523.5413950795582,1458.4625719769676,1502.327840037201
JN.1.8.3,24A,0.8431729561732786,0.6328056026334313,-634.7931235359173,-523.5413950795582,1475.8807339449543,1502.327840037201
JN.1.7,24A,0.859182240462958,0.6328056026334313,-655.3677298011947,-523.5413950795582,1511.0783345095272,1502.327840037201
JN.1.9.2,24A,0.8648917802009325,0.6328056026334313,-669.3586090901022,-523.5413950795582,1534.0714285714284,1502.327840037201
JN.1.8.1,24A,0.8480997486362736,0.6328056026334313,-638.7166828359902,-523.5413950795582,1484.7795300933378,1502.327840037201
JN.1.8.2,24A,0.8447027229988218,0.6328056026334313,-638.5983466718226,-523.5413950795582,1476.5217391304348,1502.327840037201
JN.1.10,24A,0.8330765867669397,0.6328056026334313,-621.169840815704,-523.5413950795582,1456.029411764706,1502.327840037201
JN.1.9.1,24A,0.8491793371282979,0.6328056026334313,-645.8776758437708,-523.5413950795582,1488.3333333333333,1502.327840037201
JN.1.11,24A,0.8482526213773285,0.6328056026334313,-642.4742571224257,-523.5413950795582,1485.2857142857142,1502.327840037201
JN.1.9,24A,0.820822621931126,0.6328056026334313,-599.8720671936641,-523.5413950795582,1448.9892205638475,1502.327840037201
JN.1.12,24A,0.833724169243014,0.6328056026334313,-623.3368246987174,-523.5413950795582,1457.0,1502.327840037201
JN.1.14,24A,0.8334235686581136,0.6328056026334313,-621.1584546801328,-523.5413950795582,1456.5438596491226,1502.327840037201
JN.1.15,24A,0.8368017516304205,0.6328056026334313,-626.2601047534923,-523.5413950795582,1461.8958333333333,1502.327840037201
JN.1.13.1,24A,0.8592238921933166,0.6328056026334313,-656.161206832691,-523.5413950795582,1511.2366300366298,1502.327840037201
JN.1.11.2,24A,0.8712316491703653,0.6328056026334313,-678.9487298270877,-523.5413950795582,1561.5882352941176,1502.327840037201
JN.1.11.1,24B,0.8841292987700784,0.6491892102690018,-695.451730639323,-550.9808304465726,1596.2228260869563,1624.2859314305015
JN.1.15.1,24A,0.8841185367020954,0.6328056026334313,-699.637887007987,-523.5413950795582,1596.1818181818185,1502.327840037201
JN.1.16.4,24A,0.9097462646389233,0.6328056026334313,-742.1801359922825,-523.5413950795582,1656.8000000000002,1502.327840037201
JN.1.16.1,24A,0.8896473325668418,0.6328056026334313,-704.0356743377664,-523.5413950795582,1615.358024691358,1502.327840037201
JN.1.16,24A,0.8875751695397223,0.6328056026334313,-700.709569303415,-523.5413950795582,1609.5365344467639,1502.327840037201
JN.1.13,24A,0.8160828504666118,0.6328056026334313,-596.9954505510512,-523.5413950795582,1443.8260869565217,1502.327840037201
JN.1.16.2,24A,0.8622713922684324,0.6328056026334313,-665.7990812147846,-523.5413950795582,1521.9999999999998,1502.327840037201
JN.1.16.3,24A,0.8844719166317582,0.6328056026334313,-698.0892207761594,-523.5413950795582,1597.5384615384617,1502.327840037201
JN.1.17,24A,0.8201189452406108,0.6328056026334313,-601.013706351372,-523.5413950795582,1447.1223021582737,1502.327840037201
JN.1.18.1,24A,0.8410936453906437,0.6328056026334313,-634.3433780923723,-523.5413950795582,1470.625,1502.327840037201
JN.1.18,24A,0.859984108605976,0.6328056026334313,-657.7029728490296,-523.5413950795582,1512.8563656147985,1502.327840037201
JN.1.18.2,24A,0.8721804940052587,0.6328056026334313,-678.892791900096,-523.5413950795582,1562.7051282051282,1502.327840037201
JN.1.18.3,24A,0.8757855651996131,0.6328056026334313,-684.091155810512,-523.5413950795582,1577.0165289256197,1502.327840037201
JN.1.16.5,24A,0.946697785072241,0.6328056026334313,-802.508625173249,-523.5413950795582,1772.2631578947367,1502.327840037201
JN.1.18.4,24A,0.8820033083878489,0.6328056026334313,-694.4915663802166,-523.5413950795582,1591.378787878788,1502.327840037201
JN.1.18.5,24A,0.8764671610229824,0.6328056026334313,-685.8966332645692,-523.5413950795582,1579.2068965517242,1502.327840037201
JN.1.19,24A,0.8321716420044561,0.6328056026334313,-617.0836517412797,-523.5413950795582,1454.7472324723246,1502.327840037201
JN.1.18.8,24A,0.8697102900135542,0.6328056026334313,-678.0335975682377,-523.5413950795582,1555.25,1502.327840037201
JN.1.18.9,24A,0.8893579920467539,0.6328056026334313,-708.2506404079519,-523.5413950795582,1614.888888888889,1502.327840037201
JN.1.18.6,24A,0.898706804597669,0.6328056026334313,-721.8730251427677,-523.5413950795582,1635.6976744186047,1502.327840037201
JN.1.21,24A,0.8249928655981918,0.6328056026334313,-608.1478109120322,-523.5413950795582,1451.0314960629923,1502.327840037201
JN.1.22,24A,0.8343592330160877,0.6328056026334313,-619.8942419860899,-523.5413950795582,1457.9809885931559,1502.327840037201
JN.1.23,24A,0.8667860538057947,0.6328056026334313,-671.2960969111718,-523.5413950795582,1543.1081081081084,1502.327840037201
JN.1.20,24A,0.8507359313709065,0.6328056026334313,-645.7673805411877,-523.5413950795582,1490.577777777778,1502.327840037201
JN.1.25,24A,0.835819125009118,0.6328056026334313,-626.1305110469835,-523.5413950795582,1460.3076923076924,1502.327840037201
JN.1.24,24A,0.8124697313330415,0.6328056026334313,-590.474443071337,-523.5413950795582,1435.7209302325582,1502.327840037201
JN.1.25.1,24A,0.8523749639036379,0.6328056026334313,-650.0761730300454,-523.5413950795582,1496.8095238095236,1502.327840037201
JN.1.23.1,24A,0.8679972683843357,0.6328056026334313,-673.8803927658124,-523.5413950795582,1547.3333333333335,1502.327840037201
JN.1.28,24A,0.8474175262029993,0.6328056026334313,-641.7028371938148,-523.5413950795582,1482.631578947368,1502.327840037201
JN.1.27,24A,0.8367552775806653,0.6328056026334313,-625.6207162145993,-523.5413950795582,1461.8117647058823,1502.327840037201
JN.1.29,24A,0.8349415057312104,0.6328056026334313,-622.6438327296063,-523.5413950795582,1458.8389830508472,1502.327840037201
JN.1.29.1,24A,0.8623263132321957,0.6328056026334313,-666.6936072597056,-523.5413950795582,1522.25,1502.327840037201
JN.1.28.1,24A,0.8490802364276039,0.6328056026334313,-644.7493707844129,-523.5413950795582,1487.96875,1502.327840037201
JN.1.26,24A,0.8400439921681095,0.6328056026334313,-630.9490526465369,-523.5413950795582,1468.2549019607845,1502.327840037201
JN.1.30,24A,0.8370253415826817,0.6328056026334313,-626.380679145425,-523.5413950795582,1462.3050847457628,1502.327840037201
JN.1.32.1,24A,0.8534468415106613,0.6328056026334313,-650.9344340638961,-523.5413950795582,1498.6818181818182,1502.327840037201
JN.1.35,24A,0.841322402256381,0.6328056026334313,-634.194354494794,-523.5413950795582,1471.2307692307693,1502.327840037201
JN.1.30.1,24A,0.8552858338097544,0.6328056026334313,-653.9482374703405,-523.5413950795582,1504.705882352941,1502.327840037201
JN.1.31,24A,0.8247759414842458,0.6328056026334313,-606.6514151085613,-523.5413950795582,1450.601449275362,1502.327840037201
JN.1.34,24A,0.8405423872686162,0.6328056026334313,-630.833826485009,-523.5413950795582,1469.4789915966387,1502.327840037201
JN.1.36,24A,0.866187164430227,0.6328056026334313,-671.4189945332504,-523.5413950795582,1539.538461538462,1502.327840037201
JN.1.32,24A,0.8550088338624993,0.6328056026334313,-650.7775702285387,-523.5413950795582,1503.4737827715355,1502.327840037201
JN.1.39,24A,0.837420657489291,0.6328056026334313,-623.523272302833,-523.5413950795582,1462.936135371179,1502.327840037201
JN.1.37,24A,0.845223065765582,0.6328056026334313,-638.6312915552339,-523.5413950795582,1477.8958333333333,1502.327840037201
JN.1.38.1,24A,0.8246818375392335,0.6328056026334313,-606.4315348487964,-523.5413950795582,1450.4177777777777,1502.327840037201
JN.1.38,24A,0.8294083927524681,0.6328056026334313,-613.7478911099994,-523.5413950795582,1452.0724637681158,1502.327840037201
JN.1.39.1,24A,0.8819028607805554,0.6328056026334313,-694.9950308244063,-523.5413950795582,1590.9705882352944,1502.327840037201
JN.1.43.1,24A,0.8400825604235099,0.6328056026334313,-629.0105822387411,-523.5413950795582,1468.3466666666668,1502.327840037201
JN.1.40,24A,0.8653155390818151,0.6328056026334313,-668.9593687548901,-523.5413950795582,1536.475,1502.327840037201
JN.1.41,24A,0.8155399527454618,0.6328056026334313,-593.8102077983752,-523.5413950795582,1442.2047244094488,1502.327840037201
JN.1.39.3,24A,0.8532953643042404,0.6328056026334313,-650.8027742371451,-523.5413950795582,1498.075,1502.327840037201
JN.1.42,24A,0.836074030496979,0.6328056026334313,-621.9619711889675,-523.5413950795582,1460.7530762920428,1502.327840037201
JN.1.43,24A,0.8240460346300249,0.6328056026334313,-604.9661243181755,-523.5413950795582,1449.21935483871,1502.327840037201
JN.1.46,24A,0.832903360822438,0.6328056026334313,-617.857593947475,-523.5413950795582,1455.7972413793104,1502.327840037201
JN.1.44,24A,0.8140628703954513,0.6328056026334313,-593.7224476461062,-523.5413950795582,1439.4545454545455,1502.327840037201
JN.1.42.2,24A,0.8490998834575663,0.6328056026334313,-644.3731396832476,-523.5413950795582,1488.0416666666667,1502.327840037201
JN.1.45,24A,0.8322671147341033,0.6328056026334313,-617.5288514536371,-523.5413950795582,1454.8822055137844,1502.327840037201
JN.1.47,24A,0.8295017398104467,0.6328056026334313,-613.4925777079952,-523.5413950795582,1452.203431372549,1502.327840037201
JN.1.49.1,24A,0.8403143097712187,0.6328056026334313,-632.1868190755862,-523.5413950795582,1468.909090909091,1502.327840037201
JN.1.50,24A,0.8906817860925922,0.6328056026334313,-707.9922520342222,-523.5413950795582,1618.2929292929293,1502.327840037201
JN.1.47.2,24A,0.83093821543855,0.6328056026334313,-617.6595553326812,-523.5413950795582,1454.2941176470588,1502.327840037201
JN.1.47.1,24A,0.8391708803291513,0.6328056026334313,-630.2325135507261,-523.5413950795582,1466.379310344828,1502.327840037201
JN.1.48.2,24A,0.8635231250516838,0.6328056026334313,-667.3380542484095,-523.5413950795582,1527.0000000000002,1502.327840037201
JN.1.49,24A,0.8374826494090214,0.6328056026334313,-627.084078435352,-523.5413950795582,1463.0526315789473,1502.327840037201
JN.1.42.1,24A,0.8367645243905989,0.6328056026334313,-626.521536513628,-523.5413950795582,1461.8285714285714,1502.327840037201
JN.1.48.1,24A,0.8842528912811408,0.6328056026334313,-697.625298382107,-523.5413950795582,1596.6960784313726,1502.327840037201
JN.1.39.2,24A,0.8678981759981743,0.6328056026334313,-673.4819704190115,-523.5413950795582,1546.7391304347823,1502.327840037201
JN.1.48.3,24A,0.8905667262339174,0.6328056026334313,-707.8903388465216,-523.5413950795582,1617.824175824176,1502.327840037201
JN.1.50.1,24A,0.8871221734343717,0.6328056026334313,-703.3794876698423,-523.5413950795582,1606.59375,1502.327840037201
JN.1.50.2,24A,0.8921993460335006,0.6328056026334313,-711.5799064833192,-523.5413950795582,1622.21875,1502.327840037201
JN.1.55.2,24A,0.8494457175943444,0.6328056026334313,-647.6605661070502,-523.5413950795582,1489.3333333333333,1502.327840037201
JN.1.53,24A,0.8351176721156837,0.6328056026334313,-623.2056329332225,-523.5413950795582,1459.126436781609,1502.327840037201
JN.1.54,24A,0.8323500989945063,0.6328056026334313,-620.271254248115,-523.5413950795582,1455.0,1502.327840037201
JN.1.53.1,24A,0.8408362507926309,0.6328056026334313,-632.7121699309646,-523.5413950795582,1469.9642857142856,1502.327840037201
JN.1.52,24A,0.8429657688951608,0.6328056026334313,-633.5227635933845,-523.5413950795582,1475.2307692307693,1502.327840037201
JN.1.51.1,24A,0.869327434557965,0.6328056026334313,-675.5318369323137,-523.5413950795582,1553.9629629629628,1502.327840037201
JN.1.55,24A,0.8371909645356346,0.6328056026334313,-626.3829452147115,-523.5413950795582,1462.6133333333332,1502.327840037201
JN.1.56,24A,0.8396739832977016,0.6328056026334313,-630.5766313536118,-523.5413950795582,1467.5116279069769,1502.327840037201
JN.1.55.1,24A,0.8452946753062497,0.6328056026334313,-638.6009977983884,-523.5413950795582,1478.090909090909,1502.327840037201
JN.1.57,24A,0.8408680086186725,0.6328056026334313,-631.886365854877,-523.5413950795582,1470.044776119403,1502.327840037201
JN.1.48,24A,0.8657791935685019,0.6328056026334313,-670.3167542649848,-523.5413950795582,1539.2380952380952,1502.327840037201
JN.1.51,24A,0.8348537662450244,0.6328056026334313,-623.597343911269,-523.5413950795582,1458.775,1502.327840037201
JN.1.61,24A,0.8485599460531661,0.6328056026334313,-643.9452339400287,-523.5413950795582,1486.3333333333333,1502.327840037201
JN.1.57.1,24A,0.8585112215940179,0.6328056026334313,-660.001465981205,-523.5413950795582,1508.6000000000001,1502.327840037201
JN.1.58.1,24A,0.7959900088942882,0.6328056026334313,-570.3964816325754,-523.5413950795582,1423.3333333333333,1502.327840037201
JN.1.58,24A,0.843054234408018,0.6328056026334313,-634.8666233245946,-523.5413950795582,1475.5058823529412,1502.327840037201
JN.1.58.3,24A,0.8398012970541591,0.6328056026334313,-633.426009942664,-523.5413950795582,1467.6666666666665,1502.327840037201
JN.1.58.2,24A,0.8697250946103147,0.6328056026334313,-677.6511652411359,-523.5413950795582,1555.3333333333333,1502.327840037201
JN.1.59,24A,0.8352086641723007,0.6328056026334313,-623.9541689852965,-523.5413950795582,1459.276595744681,1502.327840037201
JN.1.59.1,24A,0.871351873448073,0.6328056026334313,-677.8265959869277,-523.5413950795582,1562.3650793650795,1502.327840037201
JN.1.60,24A,0.8366409301953008,0.6328056026334313,-626.3997174120486,-523.5413950795582,1461.6060606060605,1502.327840037201
JN.1.64,24A,0.8394526248132306,0.6328056026334313,-628.7981058018393,-523.5413950795582,1467.0054347826087,1502.327840037201
JN.1.63,24A,0.8361055621774431,0.6328056026334313,-624.8943104759402,-523.5413950795582,1460.8088235294117,1502.327840037201
JN.1.62,24A,0.8771592511929992,0.6328056026334313,-688.0510999514247,-523.5413950795582,1581.85,1502.327840037201
JN.1.63.1,24A,0.8202953220916737,0.6328056026334313,-604.2575486595341,-523.5413950795582,1447.5714285714284,1502.327840037201
JN.1.65,24A,0.816827423447863,0.6328056026334313,-598.7219831082756,-523.5413950795582,1446.3333333333333,1502.327840037201
JN.1.69,24A,0.8356398079557478,0.6328056026334313,-624.0641819885898,-523.5413950795582,1460.0,1502.327840037201
JN.1.67.1,24A,0.8740014182242155,0.6328056026334313,-680.3695744503203,-523.5413950795582,1570.7483660130717,1502.327840037201
JN.1.67,24A,0.845967042869378,0.6328056026334313,-641.9933471744828,-523.5413950795582,1480.0,1502.327840037201
JN.1.64.1,24A,0.8507701441428428,0.6328056026334313,-647.588159923015,-523.5413950795582,1490.695652173913,1502.327840037201
JN.1.65.1,24A,0.8906539152943334,0.6328056026334313,-708.3375777579624,-523.5413950795582,1618.179104477612,1502.327840037201
JN.1.68.1,24A,0.8580105583377051,0.6328056026334313,-658.6588237476635,-523.5413950795582,1506.8333333333333,1502.327840037201
JN.2.1,23I,0.8092258100019546,0.5969106243037859,-588.0977687589299,-475.4666518386295,1432.8888888888887,1413.155737704918
JN.2,23I,0.7898955296875718,0.5969106243037859,-556.9384589156205,-475.4666518386295,1407.5706806282722,1413.155737704918
JN.2.2,23I,0.8537269282623493,0.5969106243037859,-653.3467827461128,-475.4666518386295,1499.8333333333333,1413.155737704918
JN.1.68,24A,0.8407018617650976,0.6328056026334313,-631.5983543321008,-523.5413950795582,1469.6285714285714,1502.327840037201
JN.2.3,23I,0.7938695606375051,0.5969106243037859,-567.40188616396,-475.4666518386295,1421.6666666666665,1413.155737704918
JN.2.4,23I,0.8167344546534988,0.5969106243037859,-601.072441377224,-475.4666518386295,1446.0,1413.155737704918
JN.3.1,23I,0.8399359663028176,0.5969106243037859,-634.0291350137176,-475.4666518386295,1468.0,1413.155737704918
JN.3.3,23I,0.7893652016374456,0.5969106243037859,-556.278073715825,-475.4666518386295,1407.2621082621085,1413.155737704918
JN.3.2.1,23I,0.8095340891772196,0.5969106243037859,-589.1273941096379,-475.4666518386295,1433.6000000000001,1413.155737704918
JN.3.2,23I,0.8622679006773545,0.5969106243037859,-667.9909812696001,-475.4666518386295,1522.0,1413.155737704918
JN.4,23I,0.798756371794007,0.5969106243037859,-571.5722608664339,-475.4666518386295,1429.4680851063831,1413.155737704918
JN.5,23I,0.7810337765686965,0.5969106243037859,-547.0254034560684,-475.4666518386295,1393.71875,1413.155737704918
JN.6,23I,0.7987200221817713,0.5969106243037859,-571.0799919359414,-475.4666518386295,1429.2739726027396,1413.155737704918
JN.9,23I,0.7982047032024444,0.5969106243037859,-572.0696485436398,-475.4666518386295,1426.6923076923078,1413.155737704918
JN.10,23I,0.8139966612372654,0.5969106243037859,-593.6579199200341,-475.4666518386295,1439.28125,1413.155737704918
JN.13,23I,0.7958377212075722,0.5969106243037859,-567.6948741649343,-475.4666518386295,1422.611111111111,1413.155737704918
JN.13.1,23I,0.8159476276963968,0.5969106243037859,-596.6398981625933,-475.4666518386295,1443.4074074074074,1413.155737704918
JN.7,23I,0.7923842148326581,0.5969106243037859,-565.2966991408347,-475.4666518386295,1415.3333333333333,1413.155737704918
JN.11,23I,0.7919246994705307,0.5969106243037859,-561.7941176072478,-475.4666518386295,1413.5576923076924,1413.155737704918
JN.11.1,23I,0.8250600905560722,0.5969106243037859,-611.2977887286818,-475.4666518386295,1451.1666666666665,1413.155737704918
JN.14,23I,0.8159545443836062,0.5969106243037859,-597.9998085510903,-475.4666518386295,1443.4285714285716,1413.155737704918
JN.15,23I,0.8368590391614339,0.5969106243037859,-629.5219098863954,-475.4666518386295,1462.0,1413.155737704918
JN.16,23I,0.8481666767582667,0.5969106243037859,-645.2480386734427,-475.4666518386295,1485.0,1413.155737704918
JN.18,23I,0.7919110857977788,0.5969106243037859,-560.843316009788,-475.4666518386295,1413.507575757576,1413.155737704918
JN.3,23I,0.7901947913674923,0.5969106243037859,-557.8935861516876,-475.4666518386295,1408.3839285714287,1413.155737704918
JN.2.5,23I,0.8253722651646687,0.5969106243037859,-609.591420470841,-475.4666518386295,1451.8076923076924,1413.155737704918
JN.19,23I,0.8487132529158741,0.5969106243037859,-646.5706736379647,-475.4666518386295,1486.6666666666665,1413.155737704918
JN.17,23I,0.7933060972273378,0.5969106243037859,-565.6208506571401,-475.4666518386295,1418.75,1413.155737704918
JP.1.1,23C,0.7550293790881912,0.5359774429121739,-514.9248963507501,-394.67147322125385,1344.0,1136.7885736494363
JR.1.1.1,23F,0.784499664245245,0.5714781136557745,-551.6865069479899,-436.9037555038134,1399.342105263158,1358.2470110534625
JQ.1,23I,0.7889692549756819,0.5969106243037859,-557.6698566586786,-475.4666518386295,1406.16,1413.155737704918
JR.1.1,23F,0.7914238092114925,0.5714781136557745,-560.0819441137154,-436.9037555038134,1411.8028169014083,1358.2470110534625
JQ.2.1,23I,0.8607908419331352,0.5969106243037859,-665.0548331996922,-475.4666518386295,1516.0,1413.155737704918
JQ.2.1.1,23I,0.8827337850934341,0.5969106243037859,-697.7653316960609,-475.4666518386295,1594.375,1413.155737704918
JY.1.1,23E,0.7623980340295127,0.5579443823938729,-521.0371791279356,-420.2986383535877,1364.723404255319,1299.5924584004295
JS.1,23E,0.737979154069876,0.5579443823938729,-487.31497450986717,-420.2986383535877,1308.3896103896104,1299.5924584004295
JS.2,23E,0.7343606717703474,0.5579443823938729,-482.7715815928476,-420.2986383535877,1298.5190839694658,1299.5924584004295
JU.1,23E,0.7609663389799446,0.5579443823938729,-522.2489098655814,-420.2986383535877,1361.0,1299.5924584004295
JV.1,23C,0.7267329342377786,0.5359774429121739,-477.16224922935123,-394.67147322125385,1273.5,1136.7885736494363
JW.1.1,22F,0.7637999039732881,0.540051267083873,-526.0996300657739,-397.9188914643301,1367.0,1159.7171392652606
JY.1,23E,0.761230093647184,0.5579443823938729,-519.3693649307044,-420.2986383535877,1362.254901960784,1299.5924584004295
JV.2,23C,0.7755025847579787,0.5359774429121739,-541.7178411794366,-394.67147322125385,1382.6666666666665,1136.7885736494363
KE.1,22F,0.7935179842066573,0.540051267083873,-566.3915744864971,-397.9188914643301,1419.8,1159.7171392652606
JZ.1,23A,0.7277787287901386,0.5380403649605504,-474.45944056254183,-393.4734519837823,1277.9115044247785,1147.631701191323
KG.2,23C,0.7550359493794905,0.5359774429121739,-514.9337631822526,-394.67147322125385,1344.0,1136.7885736494363
KC.1.1,23D,0.7852225884109897,0.555635761044119,-553.0783369598204,-416.566216767019,1401.3846153846155,1284.3420334897883
KB.4,23F,0.7589459477319224,0.5714781136557745,-515.3426520012412,-436.9037555038134,1354.3255813953488,1358.2470110534625
KC.1,23D,0.7830962239873668,0.555635761044119,-547.6814724326626,-416.566216767019,1398.7661016949153,1284.3420334897883
KE.3,22F,0.7847225097305197,0.540051267083873,-552.6915587299463,-397.9188914643301,1399.9473684210525,1159.7171392652606
KG.1,23C,0.792298237354523,0.5359774429121739,-565.175023228309,-394.67147322125385,1415.0,1136.7885736494363
KF.1,23D,0.780891174603831,0.555635761044119,-547.5843696743183,-416.566216767019,1393.3333333333333,1284.3420334897883
KH.1,23E,0.7882746534436323,0.5579443823938729,-556.5644836706697,-420.2986383535877,1405.456140350877,1299.5924584004295
KA.1,23A,0.7501151176364892,0.5380403649605504,-504.74143826549454,-393.4734519837823,1331.7297297297296,1147.631701191323
KE.2,22F,0.7294902675371551,0.540051267083873,-481.3731461853443,-397.9188914643301,1284.0,1159.7171392652606
KP.1.1,24B,0.883952961583427,0.6491892102690018,-694.8459514817564,-550.9808304465726,1595.5500982318272,1624.2859314305015
KK.1,23A,0.78710215023861,0.5380403649605504,-553.5481493719673,-393.4734519837823,1403.7244444444445,1147.631701191323
KK.2,23A,0.7957045215455464,0.5380403649605504,-569.7026483258566,-393.4734519837823,1422.0,1147.631701191323
KJ.1,23B,0.7522806649918997,0.5585202534722031,-509.2958925224735,-419.987083407184,1337.142857142857,1303.0877380399443
KB.1,23F,0.784669956773401,0.5714781136557745,-550.3806456002488,-436.9037555038134,1399.8033707865168,1358.2470110534625
KB.2,23F,0.7893472088212213,0.5714781136557745,-559.1690999360272,-436.9037555038134,1407.2105263157894,1358.2470110534625
KL.1,23F,0.798762319435659,0.5714781136557745,-571.2114028093108,-436.9037555038134,1429.5,1358.2470110534625
KL.1.1,23F,0.7959792063477198,0.5714781136557745,-568.0139826772311,-436.9037555038134,1423.28125,1358.2470110534625
KP.1,24B,0.869005140319972,0.6491892102690018,-672.4865309616014,-550.9808304465726,1551.9127906976746,1624.2859314305015
KP.1.1.1,24B,0.8886279820458368,0.6491892102690018,-702.2633270127222,-550.9808304465726,1612.3605072463768,1624.2859314305015
KP.1.1.2,24B,0.8647576817206671,0.6491892102690018,-670.0002400250514,-550.9808304465726,1533.3333333333333,1624.2859314305015
KP.1.1.3,24B,0.9052207979802956,0.6491892102690018,-728.6382285241583,-550.9808304465726,1646.1100323624596,1624.2859314305015
KP.1.1.4,24B,0.8867421624329198,0.6491892102690018,-703.8370888189514,-550.9808304465726,1605.0909090909092,1624.2859314305015
KP.1.1.5,24B,0.8915183379670404,0.6491892102690018,-709.7225969885266,-550.9808304465726,1620.764705882353,1624.2859314305015
KP.2,24B,0.8846864649970746,0.6491892102690018,-694.9303700997409,-550.9808304465726,1598.0510440835264,1624.2859314305015
KP.1.2,24B,0.8728978015821176,0.6491892102690018,-681.3762356363706,-550.9808304465726,1567.0000000000002,1624.2859314305015
KP.1.1.6,24B,0.8955717244939353,0.6491892102690018,-719.1358010970959,-550.9808304465726,1629.75,1624.2859314305015
KP.2.1,24B,0.8757422905562442,0.6491892102690018,-684.5420406648955,-550.9808304465726,1576.7638888888891,1624.2859314305015
KP.2.2.1,24B,0.9100179817766653,0.6491892102690018,-739.5213581169883,-550.9808304465726,1657.5535714285713,1624.2859314305015
KP.2.2,24B,0.8944630800003407,0.6491892102690018,-710.8902804023984,-550.9808304465726,1626.553827751196,1624.2859314305015
KP.2.2.2,24B,0.9035668328402351,0.6491892102690018,-730.553538549474,-550.9808304465726,1642.4761904761904,1624.2859314305015
KP.2.3.1,24G,0.899729456809045,0.6532921782905787,-724.262412275535,-558.1012095817996,1637.5238095238094,1645.5569233381443
KP.2.3.2,24G,0.8946293738142745,0.6532921782905787,-714.829172799024,-558.1012095817996,1627.140625,1645.5569233381443
KP.2.3,24G,0.9043674526639622,0.6532921782905787,-725.7354614669396,-558.1012095817996,1644.124238355881,1645.5569233381443
KP.2.3.3,24G,0.9063548810984029,0.6532921782905787,-733.0441440533214,-558.1012095817996,1648.7777777777776,1645.5569233381443
KP.2.3.6,24G,0.9093568527194069,0.6532921782905787,-738.1080438610361,-558.1012095817996,1655.935064935065,1645.5569233381443
KP.2.3.5,24G,0.9052578551196611,0.6532921782905787,-732.20409485195,-558.1012095817996,1646.2,1645.5569233381443
KP.2.3.4,24G,0.9197804025509796,0.6532921782905787,-755.5318653121175,-558.1012095817996,1685.6778523489932,1645.5569233381443
KP.2.3.7,24G,0.8968581119233582,0.6532921782905787,-717.7656448478812,-558.1012095817996,1632.1484375,1645.5569233381443
KP.2.3.11,24G,0.8965292682495734,0.6532921782905787,-717.986789961807,-558.1012095817996,1631.0500000000002,1645.5569233381443
KP.2.3.8,24G,0.9035249000797256,0.6532921782905787,-727.700243912497,-558.1012095817996,1642.3764705882352,1645.5569233381443
KP.2.3.9,24G,0.895587328182046,0.6532921782905787,-716.6157009326975,-558.1012095817996,1629.8039215686274,1645.5569233381443
KP.2.3.14,24G,0.9015851301609461,0.6532921782905787,-725.6713121506028,-558.1012095817996,1640.0093457943926,1645.5569233381443
KP.2.3.10,24G,0.9055815200983829,0.6532921782905787,-734.2033820594511,-558.1012095817996,1646.9333333333334,1645.5569233381443
KP.2.3.13,24G,0.9078476154401226,0.6532921782905787,-736.6237393670626,-558.1012095817996,1652.1607142857142,1645.5569233381443
KP.2.3.15,24G,0.8991721649031615,0.6532921782905787,-721.6413407085644,-558.1012095817996,1636.801724137931,1645.5569233381443
KP.2.5,24B,0.8996569718629785,0.6491892102690018,-722.8062203764165,-550.9808304465726,1637.3,1624.2859314305015
KP.2.4,24B,0.8841494768489903,0.6491892102690018,-699.0894379815795,-550.9808304465726,1596.3000000000002,1624.2859314305015
KP.2.6.1,24B,0.905879447043927,0.6491892102690018,-732.8589128586726,-550.9808304465726,1647.6702127659573,1624.2859314305015
KP.2.6,24B,0.9077291490773814,0.6491892102690018,-736.3262494241316,-550.9808304465726,1651.8548387096773,1624.2859314305015
KP.2.6.3,24B,0.9166516388395269,0.6491892102690018,-754.5970536225716,-550.9808304465726,1677.0,1624.2859314305015
KP.2.6.2,24B,0.9265870329036578,0.6491892102690018,-769.4206452297145,-550.9808304465726,1696.5384615384614,1624.2859314305015
KP.2.7,24B,0.8766249705395196,0.6491892102690018,-686.4451616698773,-550.9808304465726,1580.1162790697674,1624.2859314305015
KP.2.8,24B,0.8897363180021503,0.6491892102690018,-707.2746000322251,-550.9808304465726,1615.7272727272727,1624.2859314305015
KP.2.9,24B,0.8864043272840053,0.6491892102690018,-701.7417104682338,-550.9808304465726,1603.769230769231,1624.2859314305015
KP.2.11,24B,0.8766787908435194,0.6491892102690018,-688.3455019187653,-550.9808304465726,1580.4285714285713,1624.2859314305015
KP.2.3.12,24G,0.9216687918250681,0.6532921782905787,-759.1356103813732,-558.1012095817996,1688.3854166666665,1645.5569233381443
KP.2.15.1,24B,0.9157477690557887,0.6491892102690018,-749.1127086484775,-550.9808304465726,1673.7547169811323,1624.2859314305015
KP.2.14,24B,0.9088385156486538,0.6491892102690018,-736.7418502234042,-550.9808304465726,1654.53515625,1624.2859314305015
KP.2.10,24B,0.9016569900246831,0.6491892102690018,-726.2139333614814,-550.9808304465726,1639.928571428571,1624.2859314305015
KP.2.15,24B,0.902032093325082,0.6491892102690018,-724.9162327032509,-550.9808304465726,1641.2447257383965,1624.2859314305015
KP.2.14.1,24B,0.9227285553201977,0.6491892102690018,-762.3969367882642,-550.9808304465726,1691.727272727273,1624.2859314305015
KP.2.14.2,24B,0.9116088141090068,0.6491892102690018,-743.8832937129285,-550.9808304465726,1661.75,1624.2859314305015
KP.2.18,24B,0.9170897633148997,0.6491892102690018,-754.2335474884067,-550.9808304465726,1678.6666666666665,1624.2859314305015
KP.2.19,24B,0.9135733740376405,0.6491892102690018,-744.1375082722166,-550.9808304465726,1667.022113022113,1624.2859314305015
KP.2.20,24B,0.8710754288212892,0.6491892102690018,-679.9286260232349,-550.9808304465726,1560.6000000000001,1624.2859314305015
KP.2.24,24B,0.8907700218022,0.6491892102690018,-708.3357298823304,-550.9808304465726,1618.6543209876543,1624.2859314305015
KP.2.20.1,24B,0.8883481283953302,0.6491892102690018,-707.2095217962118,-550.9808304465726,1611.2000000000003,1624.2859314305015
KP.2.28,24B,0.910969690460498,0.6491892102690018,-742.0798936092751,-550.9808304465726,1659.8809523809523,1624.2859314305015
KP.2.25,24B,0.8767675485697279,0.6491892102690018,-686.8207928171117,-550.9808304465726,1580.945945945946,1624.2859314305015
KP.2.23,24B,0.910144805415496,0.6491892102690018,-742.0522012075301,-550.9808304465726,1657.909090909091,1624.2859314305015
KP.2.22,24B,0.8913884590947625,0.6491892102690018,-711.6521866068691,-550.9808304465726,1620.25,1624.2859314305015
KP.2.25.1,24B,0.9174946186031425,0.6491892102690018,-754.7546127315876,-550.9808304465726,1679.142857142857,1624.2859314305015
KP.2.26,24B,0.8923961592992915,0.6491892102690018,-715.364993311024,-550.9808304465726,1623.0,1624.2859314305015
KP.2.25.2,24B,0.9053429525653368,0.6491892102690018,-733.4275355537711,-550.9808304465726,1646.409090909091,1624.2859314305015
KP.2.27,24B,0.8900322981496799,0.6491892102690018,-706.741405664844,-550.9808304465726,1616.9669421487604,1624.2859314305015
KP.2.25.3,24B,0.8866055546778248,0.6491892102690018,-703.242546131469,-550.9808304465726,1607.25,1624.2859314305015
KP.2.16,24B,0.8798916178095365,0.6491892102690018,-690.3620545609778,-550.9808304465726,1587.7808219178082,1624.2859314305015
KP.3,24C,0.8992479719441172,0.6524793107249494,-719.243156678859,-556.4273847288373,1637.0470588235294,1641.6849563953488
KP.3.1.1,24E,0.9269681940963974,0.6689315491728047,-762.8827895565073,-583.2768607283938,1697.776021925477,1712.4547628652108
KP.3.1,24C,0.9024711862059346,0.6524793107249494,-723.7650953494626,-556.4273847288373,1641.7170668397143,1641.6849563953488
KP.3.1.8,24C,0.9066343948858578,0.6524793107249494,-735.2127759107525,-556.4273847288373,1649.483870967742,1641.6849563953488
KP.3.1.3,24C,0.9075045842596138,0.6524793107249494,-735.6639407094209,-556.4273847288373,1651.5060240963855,1641.6849563953488
KP.3.1.4,24C,0.8889941217361156,0.6524793107249494,-703.4037640496764,-556.4273847288373,1613.3610675039245,1641.6849563953488
KP.2.28.1,24B,0.959123707805243,0.6491892102690018,-825.9316732937614,-550.9808304465726,1802.181818181818,1624.2859314305015
KP.3.1.5,24C,0.8886183338817388,0.6524793107249494,-706.0355904087505,-556.4273847288373,1612.32,1641.6849563953488
KP.3.1.2,24C,0.8940951722389165,0.6524793107249494,-714.2284159861765,-556.4273847288373,1626.020408163265,1641.6849563953488
KP.3.1.6,24C,0.8944324282376007,0.6524793107249494,-712.8565251550219,-556.4273847288373,1626.4461077844312,1641.6849563953488
KP.3.1.11,24C,0.8953279466476111,0.6524793107249494,-716.8290683937976,-556.4273847288373,1628.8888888888887,1641.6849563953488
KP.3.1.7,24C,0.8999527824155432,0.6524793107249494,-723.66537990601,-556.4273847288373,1638.2181818181816,1641.6849563953488
KP.3.1.10,24C,0.8941415453806848,0.6524793107249494,-713.4771449608263,-556.4273847288373,1626.1874999999998,1641.6849563953488
KP.3.1.9,24C,0.9421080163916256,0.6524793107249494,-794.2536439278744,-556.4273847288373,1753.9550561797755,1641.6849563953488
KP.3.1.12,24C,0.8979335100968983,0.6524793107249494,-719.735575207336,-556.4273847288373,1633.2427184466019,1641.6849563953488
KP.3.2,24C,0.8908733857460813,0.6524793107249494,-706.013024864583,-556.4273847288373,1619.0798362333676,1641.6849563953488
KP.3.2.1,24C,0.9020964037414133,0.6524793107249494,-726.3001930098835,-556.4273847288373,1641.4242424242425,1641.6849563953488
KP.3.2.2,24C,0.8940008900043547,0.6524793107249494,-714.875904968403,-556.4273847288373,1625.6818181818182,1641.6849563953488
KP.3.2.8,24C,0.937742674081585,0.6524793107249494,-787.0296132807916,-556.4273847288373,1736.8333333333335,1641.6849563953488
KP.3.2.6,24C,0.9359947246328555,0.6524793107249494,-785.0035956458032,-556.4273847288373,1729.9090909090912,1641.6849563953488
KP.3.2.5,24C,0.9050134194889151,0.6524793107249494,-730.5916694478799,-556.4273847288373,1645.6055045871558,1641.6849563953488
KP.3.2.7,24C,0.9137951421488483,0.6524793107249494,-747.5716542398251,-556.4273847288373,1667.7368421052631,1641.6849563953488
KP.3.2.3,24C,0.896694300170182,0.6524793107249494,-714.973221405442,-556.4273847288373,1631.5991244527831,1641.6849563953488
KP.3.2.4,24C,0.8958221170337136,0.6524793107249494,-715.483547311691,-556.4273847288373,1630.6422413793102,1641.6849563953488
KP.3.3,24C,0.8990923209207495,0.6524793107249494,-718.1650018364434,-556.4273847288373,1636.5443499392463,1641.6849563953488
KP.3.3.2,24C,0.9210535316027844,0.6524793107249494,-756.9092851400875,-556.4273847288373,1686.136507936508,1641.6849563953488
KP.3.2.9,24C,0.8897312439141578,0.6524793107249494,-708.2173782218732,-556.4273847288373,1615.7058823529412,1641.6849563953488
KP.3.3.4,24C,0.9045989569772583,0.6524793107249494,-730.3964347729789,-556.4273847288373,1644.6791044776119,1641.6849563953488
KP.3.3.3,24C,0.8940674510415281,0.6524793107249494,-711.4631213994041,-556.4273847288373,1625.9206989247311,1641.6849563953488
KP.3.4,24C,0.8920362715669443,0.6524793107249494,-709.6997479123952,-556.4273847288373,1621.5776397515526,1641.6849563953488
KP.3.3.7,24C,0.9054010747403749,0.6524793107249494,-733.2469791948395,-556.4273847288373,1646.551724137931,1641.6849563953488
KP.3.5,24C,0.9016061370289826,0.6524793107249494,-723.757631262154,-556.4273847288373,1639.7922769640477,1641.6849563953488
KP.3.4.1,24C,0.8774170816202358,0.6524793107249494,-690.3562593552703,-556.4273847288373,1583.3333333333333,1641.6849563953488
KP.3.3.5,24C,0.9762320655981491,0.6524793107249494,-855.2843704069717,-556.4273847288373,1828.959677419355,1641.6849563953488
KP.3.3.9,24C,0.9501495576284198,0.6524793107249494,-809.8825343400842,-556.4273847288373,1783.818181818182,1641.6849563953488
KP.3.3.1,24C,0.916447667004138,0.6524793107249494,-748.8213492160149,-556.4273847288373,1676.235807860262,1641.6849563953488
KP.3.3.8,24C,0.9287226625032291,0.6524793107249494,-772.4375463591962,-556.4273847288373,1703.25,1641.6849563953488
KP.3.6,24C,0.9402497046997946,0.6524793107249494,-791.7511882028379,-556.4273847288373,1746.738095238095,1641.6849563953488
KP.3.7,24C,0.9235858305921785,0.6524793107249494,-763.1963706036555,-556.4273847288373,1693.5238095238096,1641.6849563953488
KP.4.1,24B,0.8811744895211364,0.6491892102690018,-691.4982170997223,-550.9808304465726,1588.585227272727,1624.2859314305015
KP.4,24B,0.8707792514404529,0.6491892102690018,-677.780295200351,-550.9808304465726,1558.7407407407406,1624.2859314305015
KP.4.1.1,24B,0.8739846333667328,0.6491892102690018,-683.2335822328286,-550.9808304465726,1570.6470588235295,1624.2859314305015
KP.4.1.2,24B,0.8900160518529042,0.6491892102690018,-707.4333892220781,-550.9808304465726,1616.898305084746,1624.2859314305015
KP.4.1.3,24B,0.9014611786854841,0.6491892102690018,-724.8683637207245,-550.9808304465726,1639.4051282051282,1624.2859314305015
KP.4.2,24B,0.877146375345202,0.6491892102690018,-686.1589303525777,-550.9808304465726,1581.7769230769234,1624.2859314305015
KP.4.2.2,24B,0.8839727800829041,0.6491892102690018,-699.7237277676924,-550.9808304465726,1595.625,1624.2859314305015
KP.4.2.1,24B,0.8731487899909766,0.6491892102690018,-681.9928726234865,-550.9808304465726,1568.5625,1624.2859314305015
KP.4.2.4,24B,0.9239410753570529,0.6491892102690018,-764.8278433484975,-550.9808304465726,1694.8666666666668,1624.2859314305015
KP.4.2.5,24B,0.8984398441855304,0.6491892102690018,-721.9787976400415,-550.9808304465726,1634.8400000000001,1624.2859314305015
KQ.1,24A,0.8615662031527936,0.6328056026334313,-660.206859485864,-523.5413950795582,1519.2224909310762,1502.327840037201
KP.4.2.6,24B,0.9293795345082082,0.6491892102690018,-775.3488397484302,-550.9808304465726,1705.5,1624.2859314305015
KP.5,24B,0.8846415689780818,0.6491892102690018,-697.8666997488315,-550.9808304465726,1597.8791946308725,1624.2859314305015
KR.1,24A,0.8728440196491245,0.6328056026334313,-679.0836932732728,-523.5413950795582,1566.6703296703297,1502.327840037201
KP.6,24B,0.8700818660786339,0.6491892102690018,-678.2064712610729,-550.9808304465726,1557.6666666666667,1624.2859314305015
KR.1.1,24A,0.882626125585861,0.6328056026334313,-695.382692409878,-523.5413950795582,1593.931506849315,1502.327840037201
KR.1.2,24A,0.8738208596290546,0.6328056026334313,-684.0178858917868,-523.5413950795582,1569.6666666666665,1502.327840037201
KR.1.3,24A,0.8795263682061034,0.6328056026334313,-692.1269937312903,-523.5413950795582,1586.0,1502.327840037201
KR.3,24A,0.875662669550563,0.6328056026334313,-685.6974497409132,-523.5413950795582,1576.3000000000002,1502.327840037201
KR.1.4,24A,0.8865276066999185,0.6328056026334313,-701.3900571832843,-523.5413950795582,1606.9,1502.327840037201
KS.1,24A,0.8820617761889561,0.6328056026334313,-692.1908629619387,-523.5413950795582,1591.6168741355461,1502.327840037201
KR.4.1,24A,0.8823802212695908,0.6328056026334313,-696.7964168341359,-523.5413950795582,1592.9166666666665,1502.327840037201
KS.1.1,24A,0.9113603490117429,0.6328056026334313,-742.2765758859093,-523.5413950795582,1661.0151515151515,1502.327840037201
KS.1.1.1,24A,0.9062697807912349,0.6328056026334313,-734.434621481325,-523.5413950795582,1648.6486486486488,1502.327840037201
KS.1.3,24A,0.8888239031799026,0.6328056026334313,-705.0533986864776,-523.5413950795582,1613.1827956989248,1502.327840037201
KS.1.1.2,24A,0.9077773014633876,0.6328056026334313,-734.3675096614887,-523.5413950795582,1651.9789915966387,1502.327840037201
KS.2,24A,0.8693245689594619,0.6328056026334313,-675.9328490342215,-523.5413950795582,1553.9444444444443,1502.327840037201
KS.1.5,24A,0.9175866674771923,0.6328056026334313,-756.1619519338396,-523.5413950795582,1679.5,1502.327840037201
KS.1.1.3,24A,0.9471659681769103,0.6328056026334313,-804.5333136154655,-523.5413950795582,1773.8695652173913,1502.327840037201
KT.1,23E,0.8372847163990677,0.5579443823938729,-627.893140004019,-420.2986383535877,1462.6842105263156,1299.5924584004295
KT.1.1,23E,0.7990330806475395,0.5579443823938729,-569.8342285956355,-420.2986383535877,1431.0025188916877,1299.5924584004295
KT.1.2,23E,0.8308568296319995,0.5579443823938729,-617.2245327839189,-420.2986383535877,1454.1714285714286,1299.5924584004295
KU.1,24A,0.8480525163047755,0.6328056026334313,-644.6085283027146,-523.5413950795582,1484.625,1502.327840037201
KU.2.1,24A,0.8796796573676419,0.6328056026334313,-691.3456629271552,-523.5413950795582,1586.7435897435894,1502.327840037201
KU.2,24A,0.8702241255808348,0.6328056026334313,-675.943229397401,-523.5413950795582,1558.6111111111109,1502.327840037201
KW.1.1,24A,0.8813418617861559,0.6328056026334313,-691.6823728394719,-523.5413950795582,1589.303664921466,1502.327840037201
KV.1,24A,0.8373405960980601,0.6328056026334313,-627.5871132081186,-523.5413950795582,1462.7857142857144,1502.327840037201
KW.1,24A,0.8617601602732352,0.6328056026334313,-662.6976211073089,-523.5413950795582,1520.0652173913043,1502.327840037201
KV.2,24A,0.8487411678391544,0.6328056026334313,-640.7297821643323,-523.5413950795582,1486.7630111524165,1502.327840037201
L.3,20B,0.13872567420107498,0.014998388834402193,-12.441041954801154,-1.4710107053118264,363.41935483870964,333.95096580113994
KY.1,24A,0.8520656590281495,0.6328056026334313,-649.949873431915,-523.5413950795582,1495.5333333333333,1502.327840037201
KW.1.1.1,24A,0.8944089298937492,0.6328056026334313,-716.2315531590502,-523.5413950795582,1626.3636363636365,1502.327840037201
KZ.1.1,24A,0.8723162981891484,0.6328056026334313,-680.8227193872951,-523.5413950795582,1563.5,1502.327840037201
KZ.1,24A,0.8396038668313601,0.6328056026334313,-631.2392074297861,-523.5413950795582,1467.3500000000001,1502.327840037201
LA.2,24A,0.871359774333722,0.6328056026334313,-679.4971674728994,-523.5413950795582,1562.4166666666665,1502.327840037201
LB.1,24A,0.9014033383223506,0.6328056026334313,-722.2920626615617,-523.5413950795582,1639.2512864493997,1502.327840037201
LA.1,24A,0.8762764731476017,0.6328056026334313,-684.593449446738,-523.5413950795582,1578.120253164557,1502.327840037201
LB.1.1,24A,0.9040994035515173,0.6328056026334313,-730.8620499884563,-523.5413950795582,1643.4864864864865,1502.327840037201
LB.1.2.2,24A,0.9189310378832389,0.6328056026334313,-753.3402782223003,-523.5413950795582,1682.3793103448274,1502.327840037201
LB.1.2.1,24A,0.9081492884460703,0.6328056026334313,-735.3824306162417,-523.5413950795582,1652.9467084639498,1502.327840037201
LB.1.2,24A,0.8997280287811412,0.6328056026334313,-721.4129521468453,-523.5413950795582,1637.5193370165746,1502.327840037201
LB.1.3.1,24A,0.9459775275581952,0.6328056026334313,-798.7614413642455,-523.5413950795582,1769.5800000000002,1502.327840037201
LB.1.3,24A,0.9010888076437664,0.6328056026334313,-722.180952731718,-523.5413950795582,1638.8728323699424,1502.327840037201
LB.1.2.3,24A,0.9136747949255827,0.6328056026334313,-745.5704767026814,-523.5413950795582,1667.3478260869565,1502.327840037201
LB.1.3.2,24A,0.9018643519943218,0.6328056026334313,-724.3740693011122,-523.5413950795582,1640.7786752827142,1502.327840037201
LB.1.3.3,24A,0.9082883908155264,0.6328056026334313,-737.850865860017,-523.5413950795582,1653.0882352941176,1502.327840037201
LB.1.3.4,24A,0.9492235355545189,0.6328056026334313,-809.3772414373589,-523.5413950795582,1780.7142857142858,1502.327840037201
LB.1.4,24A,0.901124474290219,0.6328056026334313,-723.5261385314778,-523.5413950795582,1638.9697674418605,1502.327840037201
LB.1.3.5,24A,0.9026138366194947,0.6328056026334313,-725.468792952051,-523.5413950795582,1642.1029619181945,1502.327840037201
LB.1.5,24A,0.906794215831478,0.6328056026334313,-733.899781869619,-523.5413950795582,1649.8933333333334,1502.327840037201
LB.1.4.1,24A,0.908467664537299,0.6328056026334313,-736.385356540844,-523.5413950795582,1653.5555555555557,1502.327840037201
LB.1.4.3,24A,0.9049251030698088,0.6328056026334313,-731.8990139854548,-523.5413950795582,1645.3921568627452,1502.327840037201
LB.1.7.2,24A,0.9011582332487318,0.6328056026334313,-724.6616485585198,-523.5413950795582,1639.0616438356165,1502.327840037201
LB.1.7,24A,0.9013460761618012,0.6328056026334313,-721.8708972119483,-523.5413950795582,1639.0992272024728,1502.327840037201
LB.1.7.1,24A,0.9057892839293853,0.6328056026334313,-732.0775089292694,-523.5413950795582,1647.4463276836157,1502.327840037201
LB.1.7.3,24A,0.885385875462259,0.6328056026334313,-700.5645175805566,-523.5413950795582,1600.757575757576,1502.327840037201
LB.1.8,24A,0.8953059527720292,0.6328056026334313,-714.5245591817702,-523.5413950795582,1628.8122605363983,1502.327840037201
LF.1.1,24A,0.8745346720267798,0.6328056026334313,-683.3762875537554,-523.5413950795582,1574.0285714285715,1502.327840037201
LB.1.9,24A,0.896539292226366,0.6328056026334313,-719.612577606842,-523.5413950795582,1631.0833333333333,1502.327840037201
LB.1.10,24A,0.9125367156511761,0.6328056026334313,-746.2235292201852,-523.5413950795582,1664.111111111111,1502.327840037201
LD.1,24A,0.8954505751829843,0.6328056026334313,-715.2942411292511,-523.5413950795582,1629.3202614379084,1502.327840037201
LE.1,24A,0.8552226632084242,0.6328056026334313,-653.7419676005208,-523.5413950795582,1504.421052631579,1502.327840037201
LD.2,24A,0.9037748079365686,0.6328056026334313,-730.3843592334842,-523.5413950795582,1642.9714285714285,1502.327840037201
LD.1.1,24A,0.9171344221924318,0.6328056026334313,-753.1045404985539,-523.5413950795582,1678.85,1502.327840037201
LE.1.2,24A,0.8707672918213554,0.6328056026334313,-677.8794369234882,-523.5413950795582,1558.6666666666663,1502.327840037201
LF.1,24A,0.8755782930168686,0.6328056026334313,-683.7561788571742,-523.5413950795582,1575.8114754098362,1502.327840037201
LE.1.3.1,24A,0.8873459782815089,0.6328056026334313,-704.4330485382602,-523.5413950795582,1608.5625,1502.327840037201
LE.1.1,24A,0.8754625482153967,0.6328056026334313,-684.5066454439657,-523.5413950795582,1575.1458333333333,1502.327840037201
LF.1.1.1,24A,0.892265342743331,0.6328056026334313,-709.8644450632784,-523.5413950795582,1622.4797979797981,1502.327840037201
LF.6,24A,0.8927586592849812,0.6328056026334313,-713.3886454090775,-523.5413950795582,1624.4615384615386,1502.327840037201
LF.4,24A,0.8676952392088246,0.6328056026334313,-672.6401350704691,-523.5413950795582,1545.5384615384614,1502.327840037201
LF.3,24A,0.8920675037730265,0.6328056026334313,-711.8360673614901,-523.5413950795582,1621.7,1502.327840037201
LF.5,24A,0.8914975593521525,0.6328056026334313,-709.9964052718922,-523.5413950795582,1620.68,1502.327840037201
LF.4.1,24A,0.886628719015605,0.6328056026334313,-701.8779798564535,-523.5413950795582,1607.3538461538462,1502.327840037201
LF.3.1.2,24A,0.9008610086722492,0.6328056026334313,-724.4308178152318,-523.5413950795582,1638.2566371681414,1502.327840037201
LF.3.1.1,24A,0.89648169983869,0.6328056026334313,-715.8030426524286,-523.5413950795582,1630.892494929006,1502.327840037201
LC.1,24A,0.8482999600137606,0.6328056026334313,-644.8582072248572,-523.5413950795582,1485.4444444444443,1502.327840037201
LF.7.1.1,24H,0.9327477134771656,0.6948627434287983,-780.8891125749628,-632.1400467608506,1717.4,1812.0612602100352
LF.2,24A,0.8965433887222095,0.6328056026334313,-718.6701788848441,-523.5413950795582,1631.0967741935483,1502.327840037201
LF.7.1,24H,0.9541083951493741,0.6948627434287983,-814.298038012734,-632.1400467608506,1791.3092105263154,1812.0612602100352
LF.7.1.2,24H,0.9623329721116527,0.6948627434287983,-830.7564760001314,-632.1400467608506,1808.655172413793,1812.0612602100352
LF.7,24H,0.9514287587795894,0.6948627434287983,-810.8687396730655,-632.1400467608506,1783.8717948717947,1812.0612602100352
LF.7.2,24H,0.9480274455935827,0.6948627434287983,-805.1352768826504,-632.1400467608506,1776.5689655172412,1812.0612602100352
LF.7.3.2,24H,0.954940395754878,0.6948627434287983,-819.7125682777078,-632.1400467608506,1792.9999999999998,1812.0612602100352
LF.7.1.3,24H,0.9545206893160906,0.6948627434287983,-817.7090478698476,-632.1400467608506,1792.3333333333333,1812.0612602100352
LF.7.1.5,24H,0.956234217517023,0.6948627434287983,-819.0053319864619,-632.1400467608506,1796.072580645161,1812.0612602100352
LF.7.1.4,24H,0.9477163674276927,0.6948627434287983,-806.6997830204111,-632.1400467608506,1775.8571428571427,1812.0612602100352
LF.7.2.1,24H,0.9627746699353651,0.6948627434287983,-830.0131996496266,-632.1400467608506,1809.3579335793358,1812.0612602100352
LF.7.3.1,24H,0.9529315903684339,0.6948627434287983,-814.6133944339254,-632.1400467608506,1788.1851851851852,1812.0612602100352
LF.7.3,24H,0.9578158505996786,0.6948627434287983,-822.4933657269032,-632.1400467608506,1799.4,1812.0612602100352
LF.7.3.5,24H,0.9645799170927297,0.6948627434287983,-835.8400688960289,-632.1400467608506,1812.5714285714284,1812.0612602100352
LF.7.3.3,24H,0.9647776031554778,0.6948627434287983,-837.2967513328309,-632.1400467608506,1812.8571428571427,1812.0612602100352
LF.7.4,24H,0.9360734317404616,0.6948627434287983,-785.2348438495815,-632.1400467608506,1730.1500000000003,1812.0612602100352
LF.7.6.1,24H,0.9627813920766215,0.6948627434287983,-831.6384972305452,-632.1400467608506,1809.3703703703702,1812.0612602100352
LF.7.6,24H,0.9582882259570146,0.6948627434287983,-824.5222205640983,-632.1400467608506,1800.45,1812.0612602100352
LF.9.1,24A,0.9101619238706475,0.6328056026334313,-739.7163038011495,-523.5413950795582,1657.9572649572651,1502.327840037201
LF.8.1,24A,0.8870934410331777,0.6328056026334313,-706.1064029829008,-523.5413950795582,1607.5,1502.327840037201
LF.8.1.1,24A,0.9304178958856193,0.6328056026334313,-776.8981081956865,-523.5413950795582,1709.0,1502.327840037201
LF.7.7.2,24H,1.005913911940475,0.6948627434287983,-909.3017570805271,-632.1400467608506,1854.1585365853657,1812.0612602100352
LF.7.9,24H,1.0243592986531747,0.6948627434287983,-945.6021499768874,-632.1400467608506,1863.4242424242425,1812.0612602100352
LF.7.7.1,24H,0.9850660798156265,0.6948627434287983,-870.8272939600098,-632.1400467608506,1838.217573221757,1812.0612602100352
LF.9,24A,0.905209387636879,0.6328056026334313,-731.8560460635446,-523.5413950795582,1646.0823529411764,1502.327840037201
LF.10,24A,0.9025827255034048,0.6328056026334313,-730.8829611958434,-523.5413950795582,1642.0,1502.327840037201
LH.1,24A,0.8697619543333168,0.6328056026334313,-677.5543469285121,-523.5413950795582,1555.5714285714284,1502.327840037201
LG.1,24A,0.904889344111448,0.6328056026334313,-731.7646364695302,-523.5413950795582,1645.381818181818,1502.327840037201
LF.7.5,24H,0.9396058579381602,0.6948627434287983,-792.5745379759754,-632.1400467608506,1744.3333333333333,1812.0612602100352
LH.2,24A,0.8685089775995845,0.6328056026334313,-676.1770599252834,-523.5413950795582,1550.5,1502.327840037201
LF.7.7,24H,0.9494842768785764,0.6948627434287983,-810.1781337047918,-632.1400467608506,1781.6000000000001,1812.0612602100352
LJ.1,24A,0.8697250946126394,0.6328056026334313,-677.651165245293,-523.5413950795582,1555.3333333333333,1502.327840037201
LM.1,24A,0.8408476808474766,0.6328056026334313,-635.3680245283682,-523.5413950795582,1470.0,1502.327840037201
LK.1,24A,0.8612083329842614,0.6328056026334313,-663.5480392553952,-523.5413950795582,1517.705882352941,1502.327840037201
LK.2.1,24A,0.8985094371312894,0.6328056026334313,-722.5388658188367,-523.5413950795582,1635.0625,1502.327840037201
LL.1,24A,0.8668104422573,0.6328056026334313,-670.4560142695583,-523.5413950795582,1543.258426966292,1502.327840037201
LP.1.1,24B,0.9019634218697695,0.6491892102690018,-726.2462410557991,-550.9808304465726,1641.0535714285713,1624.2859314305015
LN.1,24A,0.8798344583445737,0.6328056026334313,-692.9523274735859,-523.5413950795582,1587.5,1502.327840037201
LN.1.1,24A,0.8744501972439611,0.6328056026334313,-684.7192504044021,-523.5413950795582,1573.5,1502.327840037201
LP.1,24B,0.9035476872830444,0.6491892102690018,-726.3766931525226,-550.9808304465726,1642.4306184012066,1624.2859314305015
LP.3,24B,0.9024888701385338,0.6491892102690018,-728.9942485072771,-550.9808304465726,1641.764705882353,1624.2859314305015
LP.2,24B,0.879560836286939,0.6491892102690018,-691.9303485453231,-550.9808304465726,1586.1666666666665,1624.2859314305015
LP.1.2.1,24B,0.9179839944647006,0.6491892102690018,-754.2646191466864,-550.9808304465726,1681.038461538462,1624.2859314305015
LP.7,24B,0.9123343064819613,0.6491892102690018,-743.383507734754,-550.9808304465726,1663.490909090909,1624.2859314305015
LP.4,24B,0.9156731469061359,0.6491892102690018,-749.0869102768517,-550.9808304465726,1673.4895833333333,1624.2859314305015
LP.8,24B,0.97734730408772,0.6491892102690018,-860.7588071202499,-550.9808304465726,1830.25,1624.2859314305015
LP.5,24B,0.928981685954516,0.6491892102690018,-771.8825090349542,-550.9808304465726,1704.1384615384618,1624.2859314305015
LP.6,24B,0.905629981082424,0.6491892102690018,-732.100898033016,-550.9808304465726,1647.0526315789473,1624.2859314305015
LP.1.2,24B,0.9105328732900253,0.6491892102690018,-740.0185172532379,-550.9808304465726,1659.0125,1624.2859314305015
LP.8.1.7,25A,0.9709281632678829,0.711104540068781,-846.3610058231516,-660.4369423741957,1822.2068965517242,1837.4138445472174
LP.8.1.2,25A,0.9690257083065941,0.711104540068781,-842.3321894608944,-660.4369423741957,1819.4313725490197,1837.4138445472174
LP.8.1.4,25A,0.9828034050235096,0.711104540068781,-866.4771165229049,-660.4369423741957,1836.0206896551724,1837.4138445472174
LP.8.1.5,25A,0.9733633684766799,0.711104540068781,-848.9740123939584,-660.4369423741957,1825.4459833795013,1837.4138445472174
LP.8.1.3,25A,0.97968636606461,0.711104540068781,-861.864636111623,-660.4369423741957,1832.8125,1837.4138445472174
LP.8.1.6,25A,0.9856749988779946,0.711104540068781,-872.3610809989851,-660.4369423741957,1838.8227848101267,1837.4138445472174
LP.8.1,25A,0.9752461300320573,0.711104540068781,-850.6832496423484,-660.4369423741957,1827.784872298625,1837.4138445472174
LP.8.1.1,25A,0.9939971493907563,0.711104540068781,-884.7642895083941,-660.4369423741957,1845.8790131801286,1837.4138445472174
LP.8.2,24B,0.9422454179384558,0.6491892102690018,-796.903872299659,-550.9808304465726,1754.5,1624.2859314305015
LP.8.1.9,25A,0.9714649581643683,0.711104540068781,-847.9032899410893,-660.4369423741957,1822.939393939394,1837.4138445472174
LP.8.1.8,25A,0.9879391534826308,0.711104540068781,-876.5787610961665,-660.4369423741957,1840.8733333333334,1837.4138445472174
LP.8.2.1,24B,0.9432613036151939,0.6491892102690018,-798.2022106625745,-550.9808304465726,1758.3846153846152,1624.2859314305015
LQ.3,24A,0.8691773280581927,0.6328056026334313,-675.95542898098,-523.5413950795582,1553.0,1502.327840037201
LQ.1,24A,0.8874049865995232,0.6328056026334313,-704.5279743297925,-523.5413950795582,1608.8125,1502.327840037201
LQ.1.1,24A,0.8898209342930321,0.6328056026334313,-705.9537747050438,-523.5413950795582,1616.079365079365,1502.327840037201
LP.11,24B,0.9082474948740796,0.6491892102690018,-737.3206403226426,-550.9808304465726,1652.9814814814813,1624.2859314305015
LP.10.1.1,24B,0.9272943565942658,0.6491892102690018,-770.7884603494678,-550.9808304465726,1698.5454545454547,1624.2859314305015
LQ.1.1.1,24A,0.8914379648262887,0.6328056026334313,-711.8659475335173,-523.5413950795582,1620.4285714285713,1502.327840037201
LQ.1.2,24A,0.8948489880304983,0.6328056026334313,-715.3942412163607,-523.5413950795582,1627.9230769230771,1502.327840037201
LP.9,24B,0.9431185917229672,0.6491892102690018,-796.9609081620621,-550.9808304465726,1757.8285714285714,1624.2859314305015
LR.1,24A,0.8912308334044584,0.6328056026334313,-711.1737115546196,-523.5413950795582,1619.6000000000001,1502.327840037201
LR.3,24A,0.8866167518308514,0.6328056026334313,-703.7305468058908,-523.5413950795582,1607.3000000000002,1502.327840037201
LY.1,24A,0.9121374017618954,0.6328056026334313,-741.5039983267109,-523.5413950795582,1663.35,1502.327840037201
LU.1,24A,0.8887539665130578,0.6328056026334313,-706.177350627521,-523.5413950795582,1612.8888888888887,1502.327840037201
LU.2,24A,0.8893610698418638,0.6328056026334313,-706.5210096676984,-523.5413950795582,1614.9019607843136,1502.327840037201
LS.1,24A,0.8941588645140395,0.6328056026334313,-715.4512197872732,-523.5413950795582,1626.25,1502.327840037201
LU.2.1.1,24A,0.9292668238867474,0.6328056026334313,-771.9179557223739,-523.5413950795582,1705.1078431372548,1502.327840037201
LV.1,23I,0.7935572873017617,0.5969106243037859,-565.9773775262421,-475.4666518386295,1420.0,1413.155737704918
LW.1,24C,0.9119399980613265,0.6524793107249494,-742.0682432198241,-556.4273847288373,1662.7464788732395,1641.6849563953488
LZ.2.1,24A,0.9021490084937527,0.6328056026334313,-728.2248230078453,-523.5413950795582,1641.5714285714284,1502.327840037201
LY.2,24A,0.8816566809537593,0.6328056026334313,-697.0297384777524,-523.5413950795582,1590.6666666666665,1502.327840037201
LZ.1,24A,0.8982454135706704,0.6328056026334313,-721.0732081849874,-523.5413950795582,1634.2222222222224,1502.327840037201
LZ.1.1,24A,0.8866256209811948,0.6328056026334313,-700.7341815606621,-523.5413950795582,1607.3399014778324,1502.327840037201
LP.10.1,24B,0.8998581576468946,0.6491892102690018,-724.9527621338308,-550.9808304465726,1637.9230769230771,1624.2859314305015
LZ.2.2,24A,0.9008900254707581,0.6328056026334313,-727.008520146078,-523.5413950795582,1638.3333333333333,1502.327840037201
MA.1.1,24A,0.9079142587498781,0.6328056026334313,-738.9674428526723,-523.5413950795582,1652.3333333333333,1502.327840037201
LZ.4,24A,0.8811311803767187,0.6328056026334313,-695.6836141069296,-523.5413950795582,1588.4,1502.327840037201
LZ.5,24A,0.8692295411234044,0.6328056026334313,-675.3797450301213,-523.5413950795582,1553.3333333333333,1502.327840037201
LT.1,24A,0.8681399240610077,0.6328056026334313,-674.2835117565619,-523.5413950795582,1548.2,1502.327840037201
MA.1,24A,0.907125991729534,0.6328056026334313,-735.2988354323288,-523.5413950795582,1650.53125,1502.327840037201
MB.1.1,24A,0.9132052299503995,0.6328056026334313,-746.8937750568599,-523.5413950795582,1665.8571428571427,1502.327840037201
MA.1.2,24A,0.9071589129109986,0.6328056026334313,-734.1138946273127,-523.5413950795582,1650.6153846153848,1502.327840037201
MB.1.1.3,24A,0.9074280608674206,0.6328056026334313,-736.6983135161909,-523.5413950795582,1651.3076923076924,1502.327840037201
MB.1.1.2,24A,0.9129633345999828,0.6328056026334313,-745.1991514067545,-523.5413950795582,1665.4313725490197,1502.327840037201
MB.1.1.1,24A,0.9160886756670621,0.6328056026334313,-750.2865073097503,-523.5413950795582,1674.9827586206898,1502.327840037201
MC.1,24E,0.9422928624732352,0.6689315491728047,-791.6653285468797,-583.2768607283938,1754.6880341880342,1712.4547628652108
MC.1.1,24E,0.9517662471691103,0.6689315491728047,-810.8788926332306,-583.2768607283938,1784.8652482269501,1712.4547628652108
MC.1.2,24E,0.9641967559864233,0.6689315491728047,-833.72430299318,-583.2768607283938,1811.9080459770116,1712.4547628652108
MC.1.4,24E,0.940967920930453,0.6689315491728047,-792.2671055404792,-583.2768607283938,1749.659090909091,1712.4547628652108
MC.1.5,24E,0.9363458620036368,0.6689315491728047,-784.2712528105033,-583.2768607283938,1731.2380952380952,1712.4547628652108
MC.1.3,24E,0.9530516187501474,0.6689315491728047,-813.3447610512746,-583.2768607283938,1788.521008403361,1712.4547628652108
MC.1.3.1,24E,0.9450289605543839,0.6689315491728047,-800.0803110820208,-583.2768607283938,1765.977777777778,1712.4547628652108
MC.1.7,24E,0.9420691277044095,0.6689315491728047,-795.966024478534,-583.2768607283938,1753.8,1712.4547628652108
MC.1.6,24E,0.9426881449859205,0.6689315491728047,-796.1764496691485,-583.2768607283938,1756.138888888889,1712.4547628652108
MC.2.1,24E,0.9323789542555866,0.6689315491728047,-776.5184230193233,-583.2768607283938,1716.0428571428572,1712.4547628652108
MC.3,24E,0.926963213926583,0.6689315491728047,-767.5870769441012,-583.2768607283938,1697.7597402597405,1712.4547628652108
MC.2,24E,0.9307987778752792,0.6689315491728047,-772.6833004540026,-583.2768607283938,1710.3728813559321,1712.4547628652108
MC.6,24E,0.9214155109458997,0.6689315491728047,-757.0033451634348,-583.2768607283938,1687.4507575757575,1712.4547628652108
MC.4,24E,0.9279300769078552,0.6689315491728047,-770.3547960493485,-583.2768607283938,1700.6399999999999,1712.4547628652108
MC.5,24E,0.9024797686963253,0.6689315491728047,-730.4262191581057,-583.2768607283938,1641.75,1712.4547628652108
MC.7,24E,0.899130260781902,0.6689315491728047,-725.2277326327297,-583.2768607283938,1636.6666666666665,1712.4547628652108
MC.8,24E,0.9214501369066982,0.6689315491728047,-759.5242107882556,-583.2768607283938,1687.5777777777778,1712.4547628652108
MC.6.1,24E,0.9279380368649658,0.6689315491728047,-772.4885967616259,-583.2768607283938,1700.6666666666665,1712.4547628652108
MC.9,24E,0.9290691085588331,0.6689315491728047,-769.9912621539929,-583.2768607283938,1704.4240000000002,1712.4547628652108
MC.9.1,24E,0.9286405792842847,0.6689315491728047,-771.227307443543,-583.2768607283938,1702.9714285714285,1712.4547628652108
MC.8.1,24E,0.9411829528468051,0.6689315491728047,-791.2628358910503,-583.2768607283938,1750.5314285714285,1712.4547628652108
MC.10.1,24E,0.9555421047276486,0.6689315491728047,-815.5878860474476,-583.2768607283938,1794.5238095238094,1712.4547628652108
MC.10,24E,0.9287162081993864,0.6689315491728047,-769.7240733464016,-583.2768607283938,1703.2290502793298,1712.4547628652108
MC.10.1.1,24E,0.9559903651039096,0.6689315491728047,-817.3715521522818,-583.2768607283938,1795.478048780488,1712.4547628652108
MC.10.1.4,24E,0.9542488770967147,0.6689315491728047,-817.322299698668,-583.2768607283938,1791.6842105263156,1712.4547628652108
MC.10.1.3,24E,0.9563252778753077,0.6689315491728047,-820.0769132161935,-583.2768607283938,1796.1000000000001,1712.4547628652108
MC.10.1.6,24E,0.985084448286634,0.6689315491728047,-871.5925908884261,-583.2768607283938,1838.234782608696,1712.4547628652108
MC.10.1.5,24E,0.971065730757084,0.6689315491728047,-846.8009372711795,-583.2768607283938,1822.3958333333333,1712.4547628652108
MC.10.1.2,24E,0.953088799309605,0.6689315491728047,-815.4177957450077,-583.2768607283938,1788.625,1712.4547628652108
MC.10.1.7,24E,0.968294076483498,0.6689315491728047,-842.7931875063897,-583.2768607283938,1818.3529411764707,1712.4547628652108
MC.10.2,24E,0.9688055731289362,0.6689315491728047,-841.941556435039,-583.2768607283938,1819.1089108910892,1712.4547628652108
MC.11.1,24E,0.9166880063031968,0.6689315491728047,-752.2601496318571,-583.2768607283938,1677.1363636363637,1712.4547628652108
MC.11,24E,0.9225056386325644,0.6689315491728047,-758.3107897164405,-583.2768607283938,1690.878619153675,1712.4547628652108
MC.12,24E,0.9292354260847878,0.6689315491728047,-774.4099514566948,-583.2768607283938,1705.0,1712.4547628652108
MC.13.3.1,24E,0.9547356864816786,0.6689315491728047,-817.771681484673,-583.2768607283938,1792.896551724138,1712.4547628652108
MC.10.2.1,24E,0.9830460224626474,0.6689315491728047,-869.5013589734693,-583.2768607283938,1836.2727272727273,1712.4547628652108
MC.13.1,24E,0.9218009637663165,0.6689315491728047,-758.1548272379396,-583.2768607283938,1688.878125,1712.4547628652108
MC.13.2,24E,0.9672706921945398,0.6689315491728047,-838.7048121872125,-583.2768607283938,1816.9113924050632,1712.4547628652108
MC.13.4,24E,0.9448433659416848,0.6689315491728047,-800.0329231405304,-583.2768607283938,1765.264705882353,1712.4547628652108
MC.17,24E,0.9364933999245941,0.6689315491728047,-784.5508170529382,-583.2768607283938,1731.829268292683,1712.4547628652108
MC.16,24E,0.9262366232996577,0.6689315491728047,-764.0668187761501,-583.2768607283938,1695.4146341463415,1712.4547628652108
MC.17.1,24E,0.9555992572147302,0.6689315491728047,-820.2013111205364,-583.2768607283938,1794.6666666666665,1712.4547628652108
MC.15,24E,0.9280962838642797,0.6689315491728047,-770.8359511904288,-583.2768607283938,1701.1951219512196,1712.4547628652108
MC.14,24E,0.9216135661116214,0.6689315491728047,-759.3300558296377,-583.2768607283938,1688.1805555555554,1712.4547628652108
MC.18,24E,0.9343340343005969,0.6689315491728047,-782.5882018314197,-583.2768607283938,1723.3571428571427,1712.4547628652108
MC.25,24E,0.9276876197784131,0.6689315491728047,-769.7437103544502,-583.2768607283938,1699.8360655737704,1712.4547628652108
MC.21,24E,0.9380300773210277,0.6689315491728047,-788.0397780507647,-583.2768607283938,1738.0,1712.4547628652108
MC.20,24E,0.9364943174225187,0.6689315491728047,-785.781071142325,-583.2768607283938,1731.833333333333,1712.4547628652108
MC.13.2.1,24E,0.9572249361520384,0.6689315491728047,-821.9159793734245,-583.2768607283938,1798.05,1712.4547628652108
MC.21.1,24E,0.9722001827126134,0.6689315491728047,-847.6905742740375,-583.2768607283938,1823.923076923077,1712.4547628652108
MC.22,24E,0.932005269425174,0.6689315491728047,-776.6812374058959,-583.2768607283938,1714.6489361702127,1712.4547628652108
MC.24.2,24E,0.9306607660597543,0.6689315491728047,-774.8973637061331,-583.2768607283938,1709.875,1712.4547628652108
MC.24,24E,0.9285755305829334,0.6689315491728047,-767.9885256701571,-583.2768607283938,1702.750312891114,1712.4547628652108
MC.23,24E,0.9325044016490693,0.6689315491728047,-777.0972265667348,-583.2768607283938,1716.5136986301372,1712.4547628652108
MC.13,24E,0.9276353875584543,0.6689315491728047,-766.6624804632027,-583.2768607283938,1699.6636513157894,1712.4547628652108
MC.26,24E,0.9223028898354019,0.6689315491728047,-759.0511860089211,-583.2768607283938,1690.115131578947,1712.4547628652108
MC.26.1,24E,0.9413204886705103,0.6689315491728047,-793.5549054370432,-583.2768607283938,1751.088888888889,1712.4547628652108
MC.27,24E,0.9325533464718037,0.6689315491728047,-777.7703675171023,-583.2768607283938,1716.6666666666665,1712.4547628652108
MC.29,24E,0.918899104639406,0.6689315491728047,-754.609096056895,-583.2768607283938,1682.2588235294118,1712.4547628652108
MC.28,24E,0.9284885050394078,0.6689315491728047,-768.912415070082,-583.2768607283938,1702.45521023766,1712.4547628652108
MC.28.1,24E,0.939931985801009,0.6689315491728047,-792.738165936617,-583.2768607283938,1745.6666666666665,1712.4547628652108
MC.30,24E,0.9236650225980533,0.6689315491728047,-761.880779732882,-583.2768607283938,1693.8212290502793,1712.4547628652108
MC.31,24E,0.9997211977745716,0.6689315491728047,-899.1472533835055,-583.2768607283938,1850.1666666666667,1712.4547628652108
MC.28.1.1,24E,0.9826558062643689,0.6689315491728047,-866.6665277132173,-583.2768607283938,1835.8743169398908,1712.4547628652108
MC.30.1.1,24E,0.9601375824338957,0.6689315491728047,-826.1875451941169,-583.2768607283938,1804.3018867924527,1712.4547628652108
MC.30.1,24E,0.9309239404410727,0.6689315491728047,-775.6349132758604,-583.2768607283938,1710.6904761904761,1712.4547628652108
MC.32,24E,0.9338765094128295,0.6689315491728047,-781.395048205129,-583.2768607283938,1721.7142857142853,1712.4547628652108
MC.32.1,24E,0.9941538938102729,0.6689315491728047,-893.0462371228981,-583.2768607283938,1846.0,1712.4547628652108
MC.36,24E,0.9385829084076884,0.6689315491728047,-790.0998323968848,-583.2768607283938,1740.2499999999998,1712.4547628652108
MC.35,24E,0.9323843468017096,0.6689315491728047,-775.6783402420649,-583.2768607283938,1716.0631364562119,1712.4547628652108
MC.33,24E,0.9271658528646809,0.6689315491728047,-769.1179653297028,-583.2768607283938,1698.127659574468,1712.4547628652108
MC.36.1,24E,0.9025751676199569,0.6689315491728047,-731.2760037471708,-583.2768607283938,1642.0,1712.4547628652108
MC.33.2,24E,0.9384396703435967,0.6689315491728047,-790.5437512430691,-583.2768607283938,1739.6666666666665,1712.4547628652108
MC.33.1,24E,0.9744232977868296,0.6689315491728047,-851.9232466992385,-583.2768607283938,1826.7786259541983,1712.4547628652108
MC.36.2,24E,0.9196278374116535,0.6689315491728047,-756.2713488930801,-583.2768607283938,1685.0727272727272,1712.4547628652108
MC.37,24E,0.9409739614893282,0.6689315491728047,-793.1174248528532,-583.2768607283938,1749.6842105263158,1712.4547628652108
MC.38,24E,0.9613938130619061,0.6689315491728047,-831.1732328307074,-583.2768607283938,1806.8571428571427,1712.4547628652108
MC.39,24E,0.939216792517365,0.6689315491728047,-792.3016488591544,-583.2768607283938,1742.75,1712.4547628652108
MD.1,24A,0.9024528216012567,0.6328056026334313,-729.9765214285566,-523.5413950795582,1641.6666666666665,1502.327840037201
MC.40,24E,0.9232161524097222,0.6689315491728047,-762.6193566358145,-583.2768607283938,1692.15,1712.4547628652108
MD.2,24A,0.8690323430183998,0.6328056026334313,-675.8844845034993,-523.5413950795582,1552.0833333333333,1502.327840037201
MD.1.2,24A,0.8850892754824915,0.6328056026334313,-701.976975867041,-523.5413950795582,1599.6000000000001,1502.327840037201
MD.1.1,24A,0.8811796093817147,0.6328056026334313,-693.3446299752788,-523.5413950795582,1588.6071428571427,1502.327840037201
MD.3.1,24A,0.8850304278883234,0.6328056026334313,-700.3142320933307,-523.5413950795582,1599.375,1502.327840037201
MD.3.1.2,24A,0.8866594192363948,0.6328056026334313,-705.4085629510207,-523.5413950795582,1607.5,1502.327840037201
MD.3.1.3,24A,0.9038494853350938,0.6328056026334313,-730.5658981082516,-523.5413950795582,1643.1515151515152,1502.327840037201
MD.3.1.4,24A,0.9008586056739829,0.6328056026334313,-727.7679742847589,-523.5413950795582,1638.25,1502.327840037201
MF.1,24A,0.8926250964246057,0.6328056026334313,-711.2707551682281,-523.5413950795582,1623.9195402298851,1502.327840037201
MF.2,24A,0.899027099005728,0.6328056026334313,-722.66101406764,-523.5413950795582,1636.3333333333335,1502.327840037201
ME.1,24A,0.9054339815427852,0.6328056026334313,-734.72256266942,-523.5413950795582,1646.5714285714284,1502.327840037201
MC.40.1,24E,0.937042195804344,0.6689315491728047,-788.522043129316,-583.2768607283938,1734.0,1712.4547628652108
MG.1,24B,0.9016120564721807,0.6491892102690018,-726.5171002837644,-550.9808304465726,1640.083333333333,1624.2859314305015
MG.2,24B,0.9086887426520942,0.6491892102690018,-737.978809438379,-550.9808304465726,1654.1379310344828,1624.2859314305015
MG.3,24B,0.9393568986928139,0.6491892102690018,-790.2945700686895,-550.9808304465726,1743.315789473684,1624.2859314305015
MH.1,24A,0.9071503280618484,0.6328056026334313,-734.9870276509621,-523.5413950795582,1650.5934065934068,1502.327840037201
MG.4,24B,0.8993204809389157,0.6491892102690018,-722.8090896712678,-550.9808304465726,1637.282608695652,1624.2859314305015
MJ.2.1.1,24A,0.8879149768733082,0.6328056026334313,-706.7353029965544,-523.5413950795582,1611.0,1502.327840037201
MJ.1,24A,0.9011353671301582,0.6328056026334313,-727.5283350995462,-523.5413950795582,1639.0,1502.327840037201
MJ.1.1,24A,0.9364534362152032,0.6328056026334313,-787.789718314672,-523.5413950795582,1731.6666666666665,1502.327840037201
MK.1,24C,0.9104677436584441,0.6524793107249494,-739.7126467187463,-556.4273847288373,1658.825641025641,1641.6849563953488
MK.2,24C,0.889238758067484,0.6524793107249494,-706.9972491665203,-556.4273847288373,1614.3846153846155,1641.6849563953488
MK.3,24C,0.9046801463079875,0.6524793107249494,-731.5566116841162,-556.4273847288373,1644.875,1641.6849563953488
ML.2,24C,0.8915386535162487,0.6524793107249494,-708.4575779266436,-556.4273847288373,1620.847389558233,1641.6849563953488
ML.1,24C,0.9014415205208846,0.6524793107249494,-727.2759228115167,-556.4273847288373,1639.3529411764707,1641.6849563953488
MM.1,24C,0.8992731924994414,0.6524793107249494,-723.1263229112158,-556.4273847288373,1637.1290322580646,1641.6849563953488
MQ.1,24A,0.9131712731408161,0.6328056026334313,-746.2982137833347,-523.5413950795582,1665.75,1502.327840037201
MQ.2,24A,0.8956424153438489,0.6328056026334313,-717.8647203027955,-523.5413950795582,1630.0,1502.327840037201
MR.1,24C,0.9124728828409723,0.6524793107249494,-745.8296283088445,-556.4273847288373,1663.9166666666665,1641.6849563953488
MM.2,24C,0.899811258968223,0.6524793107249494,-725.2436732313727,-556.4273847288373,1637.7777777777778,1641.6849563953488
MS.1,24A,0.8891542877860968,0.6328056026334313,-705.5138227062189,-523.5413950795582,1614.0299999999997,1502.327840037201
MT.1,24A,0.9142882810554612,0.6328056026334313,-748.2478754386884,-523.5413950795582,1669.3636363636365,1502.327840037201
MT.1.1,24A,0.9337693148692117,0.6328056026334313,-781.9524489428894,-523.5413950795582,1721.3,1502.327840037201
MR.2,24C,0.9448405918450344,0.6524793107249494,-801.4749473599068,-556.4273847288373,1765.25,1641.6849563953488
MU.1,24B,0.9081437989855555,0.6491892102690018,-735.3547227261485,-550.9808304465726,1652.9323076923076,1624.2859314305015
N.4,20B,0.12571897296994372,0.014998388834402193,-10.383352136149691,-1.4710107053118264,266.25,333.95096580113994
MU.2,24B,0.9038257345172807,0.6491892102690018,-728.1973806418331,-550.9808304465726,1643.0943952802359,1624.2859314305015
N.5,20B,0.14758479641823327,0.014998388834402193,-15.230034048088449,-1.4710107053118264,390.84,333.95096580113994
MU.5,24B,0.9225046831625175,0.6491892102690018,-763.0299026623682,-550.9808304465726,1690.875,1624.2859314305015
MU.2.1,24B,0.9114585666077167,0.6491892102690018,-742.1075971578267,-550.9808304465726,1661.304347826087,1624.2859314305015
MU.6,24B,0.9557065809377397,0.6491892102690018,-820.6810560906963,-550.9808304465726,1794.7777777777776,1624.2859314305015
MU.4,24B,0.9043154397265671,0.6491892102690018,-734.1349122570659,-550.9808304465726,1644.0,1624.2859314305015
MV.2,24A,0.9192101549663005,0.6328056026334313,-756.6848265904563,-523.5413950795582,1683.4444444444443,1502.327840037201
MU.2.1.1,24B,0.9471878483089974,0.6491892102690018,-804.7631832378548,-550.9808304465726,1773.947368421053,1624.2859314305015
MV.1.1,24I,0.9433091360948995,0.6773355136793197,-798.212215065911,-602.5585631295023,1758.5714285714284,1751.909090909091
MV.1,24I,0.9415142777308427,0.6773355136793197,-792.0180105653983,-602.5585631295023,1751.591836734694,1751.909090909091
N.9,20B,0.13622801887566727,0.014998388834402193,-14.993384982202956,-1.4710107053118264,344.0,333.95096580113994
MZ.2,24A,0.8752801972121094,0.6328056026334313,-684.7585074699343,-523.5413950795582,1574.107142857143,1502.327840037201
MZ.5,24A,0.8724012522165361,0.6328056026334313,-682.2083304095634,-523.5413950795582,1564.0,1502.327840037201
MZ.3,24A,0.9174547205551127,0.6328056026334313,-755.0240881239259,-523.5413950795582,1679.0,1502.327840037201
MY.1,24C,0.9441066463071753,0.6524793107249494,-800.0577633041785,-556.4273847288373,1761.6666666666665,1641.6849563953488
MW.1,24G,0.9089859682221588,0.6532921782905787,-736.8785335471661,-558.1012095817996,1654.9298245614034,1645.5569233381443
NA.1.1,24A,0.9161831714752147,0.6328056026334313,-753.4066299300849,-523.5413950795582,1675.3333333333333,1502.327840037201
NA.1,24A,0.9266526102473972,0.6328056026334313,-768.6311203011131,-523.5413950795582,1696.75,1502.327840037201
NB.1,24D,0.9439935419417603,0.6511549793626423,-798.7976633548124,-557.6081382268849,1761.2307692307695,1635.0449050086354
NB.1.5,24D,0.9588826800862168,0.6511549793626423,-826.1037190781564,-557.6081382268849,1801.75,1635.0449050086354
NB.1.3,24D,0.95553222151773,0.6511549793626423,-821.8727690900961,-557.6081382268849,1794.5,1635.0449050086354
NB.1.1,24D,0.9579341072415847,0.6511549793626423,-825.0888000255601,-557.6081382268849,1799.6666666666665,1635.0449050086354
NB.1.2,24D,1.0387616773389998,0.6511549793626423,-974.3659954226551,-557.6081382268849,1868.6000000000004,1635.0449050086354
NB.1.4,24D,0.9567024135945382,0.6511549793626423,-823.9733325614841,-557.6081382268849,1797.0,1635.0449050086354
NB.1.8.1,24D,1.1731121515694827,0.6511549793626423,-1225.940382015797,-557.6081382268849,1885.3846153846157,1635.0449050086354
NC.1.2.1,24A,0.9553330230189468,0.6328056026334313,-822.2085040799957,-523.5413950795582,1794.0,1502.327840037201
NC.1.2,24A,0.9664803227416572,0.6328056026334313,-840.5401059799406,-523.5413950795582,1815.6666666666665,1502.327840037201
ND.1,24A,0.9169145241881139,0.6328056026334313,-753.6517490108828,-523.5413950795582,1678.0,1502.327840037201
ND.1.1.2,24A,0.9415613050250108,0.6328056026334313,-796.1745178178775,-523.5413950795582,1751.8,1502.327840037201
ND.1.1.3,24A,0.9583456216149744,0.6328056026334313,-825.6753873757551,-523.5413950795582,1800.5714285714284,1502.327840037201
ND.1.1,24A,0.9298558670459626,0.6328056026334313,-775.7561587867134,-523.5413950795582,1707.1666666666663,1502.327840037201
ND.2,24A,0.9060116878824127,0.6328056026334313,-736.233824343804,-523.5413950795582,1648.0,1502.327840037201
ND.1.1.1,24A,0.917805285165495,0.6328056026334313,-756.1237525363304,-523.5413950795582,1680.3333333333333,1502.327840037201
NC.1.2.2,24A,0.9581472608363196,0.6328056026334313,-823.9320114966908,-523.5413950795582,1800.142857142857,1502.327840037201
NC.1,24A,0.9297265435421189,0.6328056026334313,-775.38125826549,-523.5413950795582,1706.7142857142856,1502.327840037201
NC.1.1,24A,0.9350802420601256,0.6328056026334313,-783.623958942673,-523.5413950795582,1726.2777777777778,1502.327840037201
NL.5,24A,0.9397117693838212,0.6328056026334313,-790.2072598391177,-523.5413950795582,1744.7662337662339,1502.327840037201
NE.1,24B,0.921107972915139,0.6491892102690018,-761.6550449899652,-550.9808304465726,1686.333333333333,1624.2859314305015
ND.3,24A,0.9162765654174939,0.6328056026334313,-753.5631176962394,-523.5413950795582,1675.6666666666665,1502.327840037201
NF.1,24A,0.9554596147176306,0.6328056026334313,-818.0289111909783,-523.5413950795582,1794.3170731707316,1502.327840037201
NF.1.2,24A,0.9566321451428857,0.6328056026334313,-821.6498414618953,-523.5413950795582,1796.8333333333333,1502.327840037201
NF.1.1,24A,0.9491784440713067,0.6328056026334313,-808.4702702601995,-523.5413950795582,1780.5625,1502.327840037201
NG.1,24G,0.9345235786276616,0.6532921782905787,-783.25139421445,-558.1012095817996,1724.1,1645.5569233381443
NH.1,24B,0.9304471467787231,0.6491892102690018,-776.2549551448146,-550.9808304465726,1709.1,1624.2859314305015
NL.4,24A,0.9422851836592882,0.6328056026334313,-793.838149970064,-523.5413950795582,1754.6576086956522,1502.327840037201
NL.3,24A,0.939286999563609,0.6328056026334313,-790.3138023262658,-523.5413950795582,1743.0303030303032,1502.327840037201
NK.1,24G,0.9220536698388292,0.6532921782905787,-761.5745303401503,-558.1012095817996,1689.1875,1645.5569233381443
NL.2,24A,0.9397243155740401,0.6328056026334313,-788.6380616387368,-523.5413950795582,1744.81746031746,1502.327840037201
NL.1.1,24A,0.9576747465969616,0.6328056026334313,-823.9289648047102,-523.5413950795582,1799.0833333333333,1502.327840037201
NL.4.1,24A,0.9564043503568401,0.6328056026334313,-819.8968592890112,-523.5413950795582,1796.2898550724638,1502.327840037201
NL.5.1,24A,0.9450348219958395,0.6328056026334313,-800.5651204425852,-523.5413950795582,1766.0,1502.327840037201
NL.5.2,24A,0.9833410506331371,0.6328056026334313,-868.975313355222,-523.5413950795582,1836.5625,1502.327840037201
NL.6,24A,0.9541509689865948,0.6328056026334313,-816.8332345063329,-523.5413950795582,1791.4230769230771,1502.327840037201
NL.8,24A,0.9538839414881967,0.6328056026334313,-816.7798540242137,-523.5413950795582,1790.7058823529412,1502.327840037201
NL.7,24A,0.9355512388445705,0.6328056026334313,-785.3819298519518,-523.5413950795582,1728.142857142857,1502.327840037201
NN.2,24G,0.9081559865357389,0.6532921782905787,-737.8264887341469,-558.1012095817996,1652.9642857142858,1645.5569233381443
NL.9,24A,0.9609184260677986,0.6328056026334313,-829.7755048609516,-523.5413950795582,1805.9166666666667,1502.327840037201
NM.1,24G,0.909720879387808,0.6532921782905787,-739.6043817767909,-558.1012095817996,1656.7301587301586,1645.5569233381443
NM.2,24G,0.916986799568038,0.6532921782905787,-751.8634947864697,-558.1012095817996,1678.2777777777776,1645.5569233381443
NN.1,24G,0.9150196475697498,0.6532921782905787,-749.6680084985553,-558.1012095817996,1671.2222222222222,1645.5569233381443
NJ.1,24A,0.917488782181038,0.6328056026334313,-754.6112785819031,-523.5413950795582,1679.125,1502.327840037201
NH.4,24B,0.9188530256497857,0.6491892102690018,-755.1240869223104,-550.9808304465726,1682.0851063829787,1624.2859314305015
NP.1,24C,0.9753512059283767,0.6524793107249494,-854.2745470476056,-556.4273847288373,1827.9117647058822,1641.6849563953488
NR.1,24C,0.9039785613236072,0.6524793107249494,-730.3232729902904,-556.4273847288373,1643.4615384615386,1641.6849563953488
NP.2,24C,0.9135977097347715,0.6524793107249494,-747.8843055049482,-556.4273847288373,1667.1000000000004,1641.6849563953488
NS.2,24A,0.8892422935570302,0.6328056026334313,-708.651615158494,-523.5413950795582,1614.4,1502.327840037201
NS.1.1,24A,0.8945330992105033,0.6328056026334313,-717.2219822391156,-523.5413950795582,1626.8,1502.327840037201
NS.3,24A,0.8854159030041162,0.6328056026334313,-702.0296520102722,-523.5413950795582,1600.875,1502.327840037201
NV.1,24C,0.947901681781242,0.6524793107249494,-805.0628233826006,-556.4273847288373,1776.5200000000002,1641.6849563953488
NY.1,25A,0.9914366741256714,0.711104540068781,-884.5674143259654,-660.4369423741957,1843.84375,1837.4138445472174
NT.1,24H,0.9545206598102818,0.6948627434287983,-818.5562927277277,-632.1400467608506,1792.3333333333333,1812.0612602100352
NT.2,24H,0.9847300662197234,0.6948627434287983,-873.3835598155779,-632.1400467608506,1837.9,1812.0612602100352
NU.1,24A,0.8859012323689619,0.6328056026334313,-703.0948355116832,-523.5413950795582,1601.833333333333,1502.327840037201
NW.1,25A,1.0042437793024932,0.711104540068781,-907.4917421921647,-660.4369423741957,1853.1323529411766,1837.4138445472174
P.1.7,20J,0.19907201857962467,0.0597954696379272,-36.533499330672555,-20.92054662275029,541.2906403940887,471.14681892332794
NN.1.1,24G,0.9226916766742957,0.6532921782905787,-762.0582974422643,-558.1012095817996,1691.5862068965519,1645.5569233381443
P.1.4,20J,0.1959471331066188,0.0597954696379272,-37.956752875301746,-20.92054662275029,525.4,471.14681892332794
P.1.1,20J,0.16166160016505188,0.0597954696379272,-22.00013615142293,-20.92054662275029,423.7647058823529,471.14681892332794
P.1.2,20J,0.19506598034865744,0.0597954696379272,-38.19290975524689,-20.92054662275029,511.80000000000007,471.14681892332794
P.1,20J,0.18943036469677993,0.0597954696379272,-27.085708846989906,-20.92054662275029,469.40374242207275,471.14681892332794
NY.2,25A,0.969768732203354,0.711104540068781,-846.2300018168336,-660.4369423741957,1820.5,1837.4138445472174
NY.3,25A,0.9917561565110019,0.711104540068781,-883.5853148287596,-660.4369423741957,1844.1038961038962,1837.4138445472174
P.1.7.1,20J,0.2097751167760838,0.0597954696379272,-44.30772899298959,-20.92054662275029,556.1904761904761,471.14681892332794
NY.4,25A,0.9809615227290739,0.711104540068781,-864.96030563226,-660.4369423741957,1834.1555555555556,1837.4138445472174
NY.5,25A,0.9789348794701335,0.711104540068781,-861.4966065426939,-660.4369423741957,1832.0,1837.4138445472174
P.1.10.1,20J,0.18887911536622848,0.0597954696379272,-30.100857040932254,-20.92054662275029,470.9728395061728,471.14681892332794
NY.8,25A,0.9846358844452571,0.711104540068781,-871.5427601108117,-660.4369423741957,1837.8113207547167,1837.4138445472174
P.1.8,20J,0.19609021571032256,0.0597954696379272,-38.94840339002118,-20.92054662275029,528.0,471.14681892332794
P.1.11,20J,0.20279251181710234,0.0597954696379272,-43.721965043806954,-20.92054662275029,543.0,471.14681892332794
NS.1,24A,0.8678582645720685,0.6328056026334313,-674.7639780806999,-523.5413950795582,1546.5,1502.327840037201
P.1.9,20J,0.21732897358279937,0.0597954696379272,-50.859852654337715,-20.92054662275029,573.5,471.14681892332794
NZ.1,24A,0.9560869647196655,0.6328056026334313,-821.6152528161822,-523.5413950795582,1795.7142857142858,1502.327840037201
P.1.10,20J,0.1891350793031868,0.0597954696379272,-28.956591074736668,-20.92054662275029,467.88145247419016,471.14681892332794
NY.7,25A,1.0084263013802601,0.711104540068781,-916.2484843006642,-660.4369423741957,1855.6399999999999,1837.4138445472174
P.7,20B,0.15171072327884,0.014998388834402193,-19.680387324901872,-1.4710107053118264,408.66666666666663,333.95096580113994
P.2,20B,0.14727537122803105,0.014998388834402193,-11.64179326251438,-1.4710107053118264,388.8933250155958,333.95096580113994
P.1.17.1,20J,0.1949276653508945,0.0597954696379272,-39.03853620498634,-20.92054662275029,510.0,471.14681892332794
P.1.13,20J,0.18540659577028018,0.0597954696379272,-28.182481802324695,-20.92054662275029,460.7164995442115,471.14681892332794
P.1.15,20J,0.19223830856846613,0.0597954696379272,-32.60392391466638,-20.92054662275029,485.280487804878,471.14681892332794
P.1.14,20J,0.1887611164493181,0.0597954696379272,-32.328089628930286,-20.92054662275029,466.12345679012344,471.14681892332794
P.6,20B,0.15149679636395066,0.014998388834402193,-19.998607677879924,-1.4710107053118264,407.0,333.95096580113994
P.1.12.1,20J,0.2094217608206673,0.0597954696379272,-44.383619660134364,-20.92054662275029,553.4375,471.14681892332794
PC.1,24H,0.9517695802808769,0.6948627434287983,-813.7541601506151,-632.1400467608506,1784.875,1812.0612602100352
Q.3,20I,0.18439992457741303,0.04898178480791309,-25.808313581693433,-13.84679248599876,456.1403957463993,446.7448112018154
Q.8,20I,0.1793053735184934,0.04898178480791309,-30.13093358259463,-13.84679248599876,444.00000000000006,446.7448112018154
W.1,20E,0.13891356096863497,0.01653853159697682,-11.992243307893483,-7.272211020498445,365.3076923076923,347.39009287925694
Q.4,20I,0.16692537396497217,0.04898178480791309,-20.502072175530216,-13.84679248599876,435.77982954545456,446.7448112018154
R.1,20B,0.15186795646862816,0.014998388834402193,-12.732928652684922,-1.4710107053118264,409.9477320516672,333.95096580113994
P.1.17,20J,0.19032172413420465,0.0597954696379272,-29.117815765731788,-20.92054662275029,479.33736903376024,471.14681892332794
Q.7,20I,0.16240751432071227,0.04898178480791309,-23.76433245762587,-13.84679248599876,427.0,446.7448112018154
PA.1,24E,0.9853211797322431,0.6689315491728047,-871.8604687645017,-583.2768607283938,1838.4926470588234,1712.4547628652108
PB.1,24C,0.9638180605540216,0.6524793107249494,-836.117877083866,-556.4273847288373,1811.25,1641.6849563953488
NY.6,25A,0.9808359706144583,0.711104540068781,-864.8478148988548,-660.4369423741957,1834.0249999999999,1837.4138445472174
P.3,21E,0.17688665690074729,0.04555940220279676,-28.229283762043764,-21.638617786306504,439.82608695652175,439.82608695652175
Q.1,20I,0.18821675389838227,0.04898178480791309,-32.310549594311624,-13.84679248599876,463.84375,446.7448112018154
XBB,22F,0.6530341330694026,0.540051267083873,-387.895632577723,-397.9188914643301,1055.3562753036438,1159.7171392652606
XBB.1.1,22F,0.635343450428164,0.540051267083873,-370.2447769188612,-397.9188914643301,1038.077922077922,1159.7171392652606
XBB.1,22F,0.6525267128541578,0.540051267083873,-385.25911073321544,-397.9188914643301,1054.254766031196,1159.7171392652606
XBB.1.3,22F,0.6278858486930732,0.540051267083873,-365.4046477838886,-397.9188914643301,1025.642857142857,1159.7171392652606
XBB.1.4,22F,0.6718471913220057,0.540051267083873,-411.75021270183237,-397.9188914643301,1114.1538461538462,1159.7171392652606
XBB.1.4.1,22F,0.6580668204040426,0.540051267083873,-397.23825970019954,-397.9188914643301,1067.6666666666665,1159.7171392652606
XBB.1.5,23A,0.6937963770934608,0.5380403649605504,-426.9572551228398,-393.4734519837823,1127.6060517371602,1147.631701191323
XBB.1.4.2,22F,0.7133098904099785,0.540051267083873,-457.7647759225609,-397.9188914643301,1216.5625,1159.7171392652606
XBB.1.5.1,23A,0.7001231031953198,0.5380403649605504,-438.07352369024477,-393.4734519837823,1149.4935927859517,1147.631701191323
XBB.1.5.2,23A,0.6974603683405233,0.5380403649605504,-435.9381935805669,-393.4734519837823,1139.544811320755,1147.631701191323
XBB.1.5.3,23A,0.6932547045921169,0.5380403649605504,-432.248070373961,-393.4734519837823,1126.6666666666667,1147.631701191323
XBB.1.5.4,23A,0.7004963042190065,0.5380403649605504,-439.0015143330878,-393.4734519837823,1151.0602032838156,1147.631701191323
XBB.1.5.6,23A,0.6675259619185105,0.5380403649605504,-404.46405905728005,-393.4734519837823,1105.549132947977,1147.631701191323
XBB.1.5.5,23A,0.6970373278920645,0.5380403649605504,-436.1309291567933,-393.4734519837823,1137.8634259259259,1147.631701191323
XBB.1.5.7,23A,0.6960379626380321,0.5380403649605504,-434.45400995329385,-393.4734519837823,1134.5741239892184,1147.631701191323
XBB.1.5.8,23A,0.6709987973299943,0.5380403649605504,-407.9790247954788,-393.4734519837823,1113.0669642857142,1147.631701191323
XBB.1.5.12,23A,0.7006030579011109,0.5380403649605504,-440.41747406813533,-393.4734519837823,1151.6666666666665,1147.631701191323
XBB.1.5.11,23A,0.6719443708820002,0.5380403649605504,-407.2846292324519,-393.4734519837823,1115.423015873016,1147.631701191323
XBB.1.5.15,23A,0.6941037377044893,0.5380403649605504,-430.8750690111688,-393.4734519837823,1128.49378986237,1147.631701191323
XBB.1.5.13,23A,0.6812631766122559,0.5380403649605504,-416.7332026675068,-393.4734519837823,1124.418018018018,1147.631701191323
XBB.1.5.10,23A,0.7160774523558637,0.5380403649605504,-456.8017378325553,-393.4734519837823,1229.2610141313385,1147.631701191323
XBB.1.5.14,23A,0.6973841761716236,0.5380403649605504,-436.7951695326756,-393.4734519837823,1139.221212121212,1147.631701191323
XBB.1.5.17,23A,0.6932171992117606,0.5380403649605504,-430.00897353668586,-393.4734519837823,1126.5614973262032,1147.631701191323
XBB.1.5.16,23A,0.694601140289372,0.5380403649605504,-432.2573363721054,-393.4734519837823,1129.8346036585367,1147.631701191323
XBB.1.5.9,23A,0.669688769037032,0.5380403649605504,-405.2479263452391,-393.4734519837823,1110.2266666666667,1147.631701191323
XBB.1.5.18,23A,0.7050594914283219,0.5380403649605504,-446.23782213003915,-393.4734519837823,1175.2916666666665,1147.631701191323
XBB.1.5.20,23A,0.6951677172835262,0.5380403649605504,-433.02802655065415,-393.4734519837823,1131.6137152777776,1147.631701191323
XBB.1.5.21,23A,0.6939332128608654,0.5380403649605504,-431.6735129281152,-393.4734519837823,1127.998191681736,1147.631701191323
XBB.1.5.22,23A,0.6987371760411992,0.5380403649605504,-441.4313494004987,-393.4734519837823,1145.1333333333334,1147.631701191323
XBB.1.5.24,23A,0.7049610814232071,0.5380403649605504,-445.6396926952506,-393.4734519837823,1174.0574324324325,1147.631701191323
XBB.1.5.25,23A,0.6987374209089459,0.5380403649605504,-441.0486362960795,-393.4734519837823,1145.1363636363637,1147.631701191323
XBB.1.5.26,23A,0.6963382359584894,0.5380403649605504,-436.2625442553213,-393.4734519837823,1135.6900584795321,1147.631701191323
XBB.1.5.19,23A,0.6697323580886912,0.5380403649605504,-405.01138184611676,-393.4734519837823,1110.8240656335458,1147.631701191323
XBB.1.5.35,23A,0.7003655751125404,0.5380403649605504,-438.8963638174499,-393.4734519837823,1150.8413736713,1147.631701191323
XBB.1.5.28,23A,0.7175913523154188,0.5380403649605504,-459.5782067695908,-393.4734519837823,1238.2133194588969,1147.631701191323
XBB.1.5.27,23A,0.705652971842406,0.5380403649605504,-446.227451879284,-393.4734519837823,1178.6405405405405,1147.631701191323
XBB.1.5.30,23A,0.7011969164149179,0.5380403649605504,-440.3198687656731,-393.4734519837823,1154.6466753585398,1147.631701191323
XBB.1.5.34,23A,0.6768367575610906,0.5380403649605504,-413.3090625831175,-393.4734519837823,1118.0251177394034,1147.631701191323
XBB.1.5.36,23A,0.694794505483807,0.5380403649605504,-434.366905254608,-393.4734519837823,1130.4292929292928,1147.631701191323
XBB.1.5.23,23A,0.7011778550047322,0.5380403649605504,-441.99870507719953,-393.4734519837823,1154.5285714285715,1147.631701191323
XBB.1.5.33,23A,0.6777136263652465,0.5380403649605504,-413.3448870329606,-393.4734519837823,1121.6218383713758,1147.631701191323
XBB.1.5.29,23A,0.6938759046970968,0.5380403649605504,-434.87970974707287,-393.4734519837823,1127.8333333333333,1147.631701191323
XBB.1.5.31,23A,0.6778221619915242,0.5380403649605504,-413.5153480020141,-393.4734519837823,1122.7014248704663,1147.631701191323
XBB.1.5.32,23A,0.6943389439129938,0.5380403649605504,-431.62379692436974,-393.4734519837823,1129.1109902067465,1147.631701191323
XBB.1.5.46,23A,0.7022933906984038,0.5380403649605504,-444.01213393170946,-393.4734519837823,1161.9264705882351,1147.631701191323
XBB.1.5.38,23A,0.7015438030106809,0.5380403649605504,-444.418558649864,-393.4734519837823,1156.6842105263158,1147.631701191323
XBB.1.5.37,23A,0.7131646741717157,0.5380403649605504,-454.67826145488254,-393.4734519837823,1215.5323129251701,1147.631701191323
XBB.1.5.43,23A,0.7026125692734658,0.5380403649605504,-444.7716484733826,-393.4734519837823,1162.8478260869565,1147.631701191323
XBB.1.5.39,23A,0.6771224997678209,0.5380403649605504,-414.77247999799465,-393.4734519837823,1120.768472906404,1147.631701191323
XBB.1.5.40,23A,0.7093400880468488,0.5380403649605504,-452.187049258138,-393.4734519837823,1199.7432432432433,1147.631701191323
XBB.1.5.41,23A,0.6982228838360364,0.5380403649605504,-438.96620389615384,-393.4734519837823,1142.7448979591836,1147.631701191323
XBB.1.5.44,23A,0.7142860588699008,0.5380403649605504,-457.2562265685936,-393.4734519837823,1223.6379310344826,1147.631701191323
XBB.1.5.49,23A,0.7044695215703435,0.5380403649605504,-442.77959070678736,-393.4734519837823,1170.6930216569267,1147.631701191323
XBB.1.5.47,23A,0.6984402047932535,0.5380403649605504,-438.46691101274627,-393.4734519837823,1143.8212560386473,1147.631701191323
XBB.1.5.50,23A,0.7002067377518353,0.5380403649605504,-440.1122735146576,-393.4734519837823,1149.950331125828,1147.631701191323
XBB.1.5.48,23A,0.681261012283159,0.5380403649605504,-417.464738250112,-393.4734519837823,1124.4016516516517,1147.631701191323
XBB.1.5.51,23A,0.6969557615457456,0.5380403649605504,-434.76377744524416,-393.4734519837823,1137.5391585760517,1147.631701191323
XBB.1.5.54,23A,0.7181572559640554,0.5380403649605504,-465.1929725673361,-393.4734519837823,1238.857142857143,1147.631701191323
XBB.1.5.53,23A,0.7162436341349535,0.5380403649605504,-464.0980232775468,-393.4734519837823,1230.5,1147.631701191323
XBB.1.5.56,23A,0.6971432167078158,0.5380403649605504,-436.34097857462297,-393.4734519837823,1138.2911392405065,1147.631701191323
XBB.1.5.45,23A,0.7155710658228701,0.5380403649605504,-462.8772690321785,-393.4734519837823,1228.6666666666665,1147.631701191323
XBB.1.5.55,23A,0.6812284183248155,0.5380403649605504,-418.9595699237759,-393.4734519837823,1124.1562499999998,1147.631701191323
XBB.1.5.60,23A,0.6995537998784594,0.5380403649605504,-442.509402633532,-393.4734519837823,1147.9230769230771,1147.631701191323
XBB.1.5.52,23A,0.6947426222152122,0.5380403649605504,-432.7442835443475,-393.4734519837823,1130.2684989429176,1147.631701191323
XBB.1.5.57,23A,0.7040270098596735,0.5380403649605504,-446.5259535049111,-393.4734519837823,1168.1463414634145,1147.631701191323
XBB.1.5.58,23A,0.6967874274271644,0.5380403649605504,-440.30539773465034,-393.4734519837823,1137.2,1147.631701191323
XBB.1.5.42,23A,0.6944939542815536,0.5380403649605504,-435.818782506998,-393.4734519837823,1129.5757575757575,1147.631701191323
XBB.1.5.59,23A,0.7218513848075718,0.5380403649605504,-465.98104531645845,-393.4734519837823,1255.3376205787781,1147.631701191323
XBB.1.5.61,23A,0.695442157349518,0.5380403649605504,-434.2162999919237,-393.4734519837823,1132.4989561586638,1147.631701191323
XBB.1.5.63,23A,0.6971007625844445,0.5380403649605504,-436.8824711117422,-393.4734519837823,1138.118721461187,1147.631701191323
XBB.1.5.62,23A,0.6949251679142493,0.5380403649605504,-433.7916364217212,-393.4734519837823,1130.8382352941176,1147.631701191323
XBB.1.5.64,23A,0.6964270948763542,0.5380403649605504,-436.5285852658332,-393.4734519837823,1135.8068965517243,1147.631701191323
XBB.1.5.75,23A,0.7014755514548116,0.5380403649605504,-442.22147214834075,-393.4734519837823,1156.23417721519,1147.631701191323
XBB.1.5.65,23A,0.7091092967523591,0.5380403649605504,-451.38668334900564,-393.4734519837823,1197.4479999999999,1147.631701191323
XBB.1.5.67,23A,0.6778714535910828,0.5380403649605504,-413.79643763318876,-393.4734519837823,1123.2029220779223,1147.631701191323
XBB.1.5.68,23A,0.7138620727390828,0.5380403649605504,-458.09391147825403,-393.4734519837823,1220.6666666666667,1147.631701191323
XBB.1.5.69,23A,0.6992024946246228,0.5380403649605504,-438.42834456432087,-393.4734519837823,1147.3456310679612,1147.631701191323
XBB.1.5.70,23G,0.7323027311513509,0.5654031080137001,-479.86574811651303,-431.292590261762,1293.7976190476188,1336.8590831918505
XBB.1.5.72,23A,0.7297927985005254,0.5380403649605504,-474.4839736543029,-393.4734519837823,1285.350380096752,1147.631701191323
XBB.1.5.71,23A,0.724789310968703,0.5380403649605504,-471.7041482602414,-393.4734519837823,1264.5749999999998,1147.631701191323
XBB.1.5.74,23A,0.6962438815243452,0.5380403649605504,-439.50530814862924,-393.4734519837823,1135.3333333333333,1147.631701191323
XBB.1.5.66,23A,0.6974894236839181,0.5380403649605504,-435.7211708254822,-393.4734519837823,1139.6694214876031,1147.631701191323
XBB.1.5.77,23A,0.7089984816189098,0.5380403649605504,-449.75800847934096,-393.4734519837823,1196.2670250896058,1147.631701191323
XBB.1.5.76,23A,0.705776842192191,0.5380403649605504,-447.41790034019925,-393.4734519837823,1178.9230769230771,1147.631701191323
XBB.1.5.78,23A,0.7028365596489276,0.5380403649605504,-443.15951207567997,-393.4734519837823,1164.020066889632,1147.631701191323
XBB.1.5.86,23A,0.7038608485922554,0.5380403649605504,-445.07571675149273,-393.4734519837823,1166.888888888889,1147.631701191323
XBB.1.5.80,23A,0.6968979663558263,0.5380403649605504,-436.03200573360965,-393.4734519837823,1137.3120393120394,1147.631701191323
XBB.1.5.81,23A,0.7175308611221672,0.5380403649605504,-463.19324209502827,-393.4734519837823,1237.6666666666665,1147.631701191323
XBB.1.5.85,23A,0.7133388987016307,0.5380403649605504,-457.57692835058265,-393.4734519837823,1216.8500000000001,1147.631701191323
XBB.1.5.83,23A,0.7080305372516621,0.5380403649605504,-452.37645226717945,-393.4734519837823,1193.3076923076924,1147.631701191323
XBB.1.5.84,23A,0.6988158660345765,0.5380403649605504,-441.33915424188643,-393.4734519837823,1145.5555555555557,1147.631701191323
XBB.1.5.73,23A,0.7072455726456763,0.5380403649605504,-447.6081579791848,-393.4734519837823,1188.851485148515,1147.631701191323
XBB.1.5.79,23A,0.6811834200972278,0.5380403649605504,-419.04649998890415,-393.4734519837823,1123.820717131474,1147.631701191323
XBB.1.5.88,23A,0.6977487048827186,0.5380403649605504,-439.1386266784058,-393.4734519837823,1140.8124999999998,1147.631701191323
XBB.1.5.90,23A,0.7056143906864889,0.5380403649605504,-449.00444624232387,-393.4734519837823,1178.2727272727273,1147.631701191323
XBB.1.5.89,23A,0.7297192292270286,0.5380403649605504,-477.9290055398713,-393.4734519837823,1284.9285714285713,1147.631701191323
XBB.1.5.92,23A,0.7061869099108964,0.5380403649605504,-448.36166415479596,-393.4734519837823,1182.3170731707319,1147.631701191323
XBB.1.5.100,23A,0.7031174868427097,0.5380403649605504,-443.17112791687094,-393.4734519837823,1166.3609756097562,1147.631701191323
XBB.1.5.91,23A,0.6991161758899775,0.5380403649605504,-438.30439904770753,-393.4734519837823,1146.8541666666667,1147.631701191323
XBB.1.5.93,23A,0.6973522877466516,0.5380403649605504,-438.7737489116558,-393.4734519837823,1139.159090909091,1147.631701191323
XBB.1.5.94,23A,0.7131769326830657,0.5380403649605504,-457.93439595951617,-393.4734519837823,1215.6521739130435,1147.631701191323
XBB.1.5.95,23A,0.6984909882549803,0.5380403649605504,-437.1230475637557,-393.4734519837823,1143.8620689655172,1147.631701191323
XBB.1.5.97,23A,0.7057770889205368,0.5380403649605504,-449.7207783119576,-393.4734519837823,1178.9230769230771,1147.631701191323
XBB.1.5.96,23A,0.6945532715302366,0.5380403649605504,-433.27305114347325,-393.4734519837823,1129.7555555555555,1147.631701191323
XBB.1.5.99,23A,0.7050041190608047,0.5380403649605504,-447.5093879606429,-393.4734519837823,1174.4374999999998,1147.631701191323
XBB.1.5.102,23A,0.7146409422189263,0.5380403649605504,-459.75648108253534,-393.4734519837823,1226.3636363636365,1147.631701191323
XBB.1.5.103,23A,0.7355047292913136,0.5380403649605504,-484.1593792484495,-393.4734519837823,1301.111111111111,1147.631701191323
XBB.1.5.107,23A,0.7002671871663678,0.5380403649605504,-440.5790184907362,-393.4734519837823,1150.2857142857142,1147.631701191323
XBB.1.5.106,23A,0.7299530484882439,0.5380403649605504,-477.9242218451389,-393.4734519837823,1286.280701754386,1147.631701191323
XBB.1.5.104,23A,0.7075436898782734,0.5380403649605504,-448.34787765749394,-393.4734519837823,1189.2829268292685,1147.631701191323
XBB.1.5.105,23A,0.7263371311307116,0.5380403649605504,-472.7781791916161,-393.4734519837823,1271.824742268041,1147.631701191323
XBB.1.5.101,23A,0.7044053752610334,0.5380403649605504,-447.84686291281525,-393.4734519837823,1170.1764705882351,1147.631701191323
XBB.1.7,22F,0.6468069545100448,0.540051267083873,-382.44208997517075,-397.9188914643301,1050.7380952380952,1159.7171392652606
XBB.1.5.109,23A,0.7324454847400897,0.5380403649605504,-481.4608886072854,-393.4734519837823,1294.5609756097563,1147.631701191323
XBB.1.5.110,23A,0.7115371363120736,0.5380403649605504,-453.0341051881486,-393.4734519837823,1210.577011494253,1147.631701191323
XBB.1.8,22F,0.6144069843474151,0.540051267083873,-354.58377126545633,-397.9188914643301,1000.0,1159.7171392652606
XBB.1.6,22F,0.6413657439258508,0.540051267083873,-376.8116067779162,-397.9188914643301,1040.1635220125786,1159.7171392652606
XBB.1.5.98,23A,0.7287700349681717,0.5380403649605504,-476.7149856649638,-393.4734519837823,1281.9047619047617,1147.631701191323
XBB.1.9.1,23D,0.7130865786330027,0.555635761044119,-453.2634233927852,-416.566216767019,1214.7710131758292,1284.3420334897883
XBB.1.9,23D,0.6636893726422728,0.555635761044119,-400.32441075094334,-416.566216767019,1084.526627218935,1284.3420334897883
XBB.1.9.2,23D,0.7162278304256477,0.555635761044119,-457.6488583364901,-416.566216767019,1230.3580645161292,1284.3420334897883
XBB.1.9.5,23D,0.706253241897533,0.555635761044119,-450.76738994912677,-416.566216767019,1183.0,1284.3420334897883
XBB.1.14,22F,0.643511491466691,0.540051267083873,-384.11763443589774,-397.9188914643301,1045.0,1159.7171392652606
XBB.1.9.7,23D,0.7124548036032365,0.555635761044119,-459.5085278799133,-416.566216767019,1211.5,1284.3420334897883
XBB.1.14.1,22F,0.6768340804378756,0.540051267083873,-418.3765451592482,-397.9188914643301,1118.0,1159.7171392652606
XBB.1.11.1,22F,0.7050569645294389,0.540051267083873,-448.3977964662299,-397.9188914643301,1174.904761904762,1159.7171392652606
XBB.1.11,22F,0.6424007877717162,0.540051267083873,-379.1086036670681,-397.9188914643301,1042.8510638297873,1159.7171392652606
XBB.1.10,22F,0.66607536609315,0.540051267083873,-404.211410771522,-397.9188914643301,1098.5434782608695,1159.7171392652606
XBB.1.13,22F,0.6646315999361228,0.540051267083873,-401.8998866162704,-397.9188914643301,1090.659793814433,1159.7171392652606
XBB.1.12,22F,0.7139898719586988,0.540051267083873,-460.958046873801,-397.9188914643301,1222.0,1159.7171392652606
XBB.1.5.108,23A,0.7375877630438583,0.5380403649605504,-490.23197698592276,-393.4734519837823,1307.6000000000001,1147.631701191323
XBB.1.9.3,23D,0.6574724168753918,0.555635761044119,-398.8025347164914,-416.566216767019,1066.0,1284.3420334897883
XBB.1.16.6,23B,0.7480379433509055,0.5585202534722031,-496.41647920950777,-419.987083407184,1327.8089561521717,1303.0877380399443
XBB.1.15.1,22F,0.70683156810111,0.540051267083873,-449.91607730481695,-397.9188914643301,1186.2702702702704,1159.7171392652606
XBB.1.15,22F,0.6562731846971495,0.540051267083873,-389.49421594255284,-397.9188914643301,1062.693705386113,1159.7171392652606
XBB.1.16,23B,0.7238453727871861,0.5585202534722031,-465.1655956515175,-419.987083407184,1260.1346885401808,1303.0877380399443
XBB.1.16.8,23B,0.729478248727798,0.5585202534722031,-475.630867004015,-419.987083407184,1283.9315960912054,1303.0877380399443
XBB.1.9.4,23D,0.6613150514108136,0.555635761044119,-398.82625915706274,-416.566216767019,1076.5254237288136,1284.3420334897883
XBB.1.16.4,23B,0.7136517979597681,0.5585202534722031,-456.7698104248262,-419.987083407184,1219.2290076335878,1303.0877380399443
XBB.1.16.3,23B,0.7193461424511267,0.5585202534722031,-463.6724220940916,-419.987083407184,1247.642857142857,1303.0877380399443
XBB.1.16.2,23B,0.7190213763843837,0.5585202534722031,-461.7910571630782,-419.987083407184,1245.6270358306188,1303.0877380399443
XBB.1.16.5,23B,0.7246243927543611,0.5585202534722031,-469.7552114684159,-419.987083407184,1263.5964912280701,1303.0877380399443
XBB.1.16.7,23B,0.7272913253617972,0.5585202534722031,-475.3072384776018,-419.987083407184,1275.6153846153845,1303.0877380399443
XBB.1.16.11,23B,0.7513633888236227,0.5585202534722031,-501.7264169963008,-419.987083407184,1334.7540160642573,1303.0877380399443
XBB.1.16.9,23B,0.7435397482904565,0.5585202534722031,-492.97004192333196,-419.987083407184,1319.4070796460176,1303.0877380399443
XBB.1.16.10,23B,0.7265300394795582,0.5585202534722031,-473.02242192268875,-419.987083407184,1272.278350515464,1303.0877380399443
XBB.1.16.12,23B,0.7343938419081235,0.5585202534722031,-482.40664958791547,-419.987083407184,1298.6700507614212,1303.0877380399443
XBB.1.16.13,23B,0.7243693154958148,0.5585202534722031,-469.3297702117237,-419.987083407184,1262.7509881422925,1303.0877380399443
XBB.1.16.17,23B,0.7593254539069509,0.5585202534722031,-516.1003006486533,-419.987083407184,1355.0891089108911,1303.0877380399443
XBB.1.16.15,23B,0.7557762780750934,0.5585202534722031,-508.60169864462813,-419.987083407184,1345.2396313364054,1303.0877380399443
XBB.1.16.1,23B,0.7234326857652835,0.5585202534722031,-465.51473535830297,-419.987083407184,1257.978482446206,1303.0877380399443
XBB.1.16.21,23B,0.7253802417050594,0.5585202534722031,-471.0333464603203,-419.987083407184,1266.8666666666663,1303.0877380399443
XBB.1.16.18,23B,0.7237269057794627,0.5585202534722031,-468.49308568050697,-419.987083407184,1259.4346153846152,1303.0877380399443
XBB.1.16.20,23B,0.7154424205143447,0.5585202534722031,-459.46118704658215,-419.987083407184,1227.4358974358975,1303.0877380399443
XBB.1.16.19,23B,0.7250923244983469,0.5585202534722031,-470.0814041299803,-419.987083407184,1265.4242424242425,1303.0877380399443
XBB.1.16.14,23B,0.7356470245956607,0.5585202534722031,-483.7233908303217,-419.987083407184,1301.7201492537313,1303.0877380399443
XBB.1.16.23,23B,0.7503636360714632,0.5585202534722031,-502.58756973437954,-419.987083407184,1332.3648648648648,1303.0877380399443
XBB.1.16.25,23B,0.7193937077509533,0.5585202534722031,-464.6660860266039,-419.987083407184,1248.0727272727272,1303.0877380399443
XBB.1.16.24,23B,0.7545134496025613,0.5585202534722031,-510.67738310526863,-419.987083407184,1342.9714285714285,1303.0877380399443
XBB.1.17,22F,0.6299093992360438,0.540051267083873,-369.4212489413537,-397.9188914643301,1033.0,1159.7171392652606
XBB.1.16.22,23B,0.7135197830360932,0.5585202534722031,-457.9287935543409,-419.987083407184,1217.8857142857141,1303.0877380399443
XBB.1.16.26,23B,0.7657900284872239,0.5585202534722031,-525.8964236654838,-419.987083407184,1370.9729729729731,1303.0877380399443
XBB.1.16.29,23B,0.7266353263851429,0.5585202534722031,-472.6941677481958,-419.987083407184,1272.909090909091,1303.0877380399443
XBB.1.16.27,23B,0.7752279923002693,0.5585202534722031,-538.8533480482665,-419.987083407184,1382.0555555555554,1303.0877380399443
XBB.1.16.28,23B,0.775033918617905,0.5585202534722031,-539.6839234526651,-419.987083407184,1381.75,1303.0877380399443
XBB.1.16.30,23B,0.7371670502484547,0.5585202534722031,-487.6545375011311,-419.987083407184,1306.0789473684208,1303.0877380399443
XBB.1.16.32,23B,0.7258387673767736,0.5585202534722031,-474.0127545749063,-419.987083407184,1269.6,1303.0877380399443
XBB.1.16.31,23B,0.7235860216394187,0.5585202534722031,-469.96529418399047,-419.987083407184,1258.88,1303.0877380399443
XBB.1.18.1,22F,0.7038432299610636,0.540051267083873,-445.2374805229225,-397.9188914643301,1166.7583333333332,1159.7171392652606
XBB.1.18,22F,0.657761482583329,0.540051267083873,-396.0191916931021,-397.9188914643301,1066.8181818181818,1159.7171392652606
XBB.1.22.3,22F,0.7305173707853425,0.540051267083873,-480.2065334719266,-397.9188914643301,1288.1666666666665,1159.7171392652606
XBB.1.17.1,22F,0.7029935174344091,0.540051267083873,-443.924763995214,-397.9188914643301,1165.305389221557,1159.7171392652606
XBB.1.16.16,23B,0.7319969270724647,0.5585202534722031,-478.81767697816395,-419.987083407184,1292.9721362229102,1303.0877380399443
XBB.1.19,22F,0.6983563782046519,0.540051267083873,-442.0943269480429,-397.9188914643301,1143.4,1159.7171392652606
XBB.1.19.1,22F,0.7044946743038649,0.540051267083873,-446.3072673079954,-397.9188914643301,1170.8977272727273,1159.7171392652606
XBB.1.19.2,22F,0.7015664407072152,0.540051267083873,-445.59742621632597,-397.9188914643301,1156.8333333333333,1159.7171392652606
XBB.1.22,22F,0.7320963613124893,0.540051267083873,-478.03432274475676,-397.9188914643301,1293.5124378109451,1159.7171392652606
XBB.1.22.1,22F,0.7160918061929067,0.540051267083873,-460.10529401119067,-397.9188914643301,1229.388888888889,1159.7171392652606
XBB.1.22.2,22F,0.7070949630807452,0.540051267083873,-449.8471238329253,-397.9188914643301,1187.2407407407409,1159.7171392652606
XBB.1.24.1,22F,0.7193900123735186,0.540051267083873,-464.73698155456816,-397.9188914643301,1248.0392156862745,1159.7171392652606
XBB.1.25,22F,0.6595879031523528,0.540051267083873,-401.0547595416633,-397.9188914643301,1070.0,1159.7171392652606
XBB.1.24.3,22F,0.7094211403841616,0.540051267083873,-455.48978274672663,-397.9188914643301,1200.6666666666665,1159.7171392652606
XBB.1.27,22F,0.6626034605487489,0.540051267083873,-402.08951959576643,-397.9188914643301,1081.111111111111,1159.7171392652606
XBB.1.28,22F,0.761364920826972,0.540051267083873,-520.2268049361368,-397.9188914643301,1362.923076923077,1159.7171392652606
XBB.1.31.1,22F,0.7072591484908122,0.540051267083873,-452.9325658391164,-397.9188914643301,1189.0,1159.7171392652606
XBB.1.28.1,22F,0.7280632235113028,0.540051267083873,-476.14817396083214,-397.9188914643301,1278.7666666666664,1159.7171392652606
XBB.1.30,22F,0.6654812868043651,0.540051267083873,-402.97220758879115,-397.9188914643301,1092.7590361445784,1159.7171392652606
XBB.1.31,22F,0.7096278206248151,0.540051267083873,-456.14132642520667,-397.9188914643301,1202.0,1159.7171392652606
XBB.1.31.2,22F,0.7247347351987345,0.540051267083873,-473.9377270650953,-397.9188914643301,1264.25,1159.7171392652606
XBB.1.33,22F,0.7200803169128709,0.540051267083873,-465.78725656856994,-397.9188914643301,1251.3095238095239,1159.7171392652606
XBB.1.21,22F,0.6778187179239863,0.540051267083873,-418.6563885372081,-397.9188914643301,1122.6666666666665,1159.7171392652606
XBB.1.34.2,22F,0.7184919076402682,0.540051267083873,-465.7621721641256,-397.9188914643301,1241.6666666666665,1159.7171392652606
XBB.1.34,22F,0.7097463898395658,0.540051267083873,-453.9813447482964,-397.9188914643301,1203.4,1159.7171392652606
XBB.1.34.1,22F,0.7251640930454505,0.540051267083873,-472.92152988482354,-397.9188914643301,1265.8421052631577,1159.7171392652606
XBB.1.41,22F,0.7239907372674486,0.540051267083873,-472.77682045835337,-397.9188914643301,1261.0,1159.7171392652606
XBB.1.37.1,22F,0.7144050027019411,0.540051267083873,-459.4254073410464,-397.9188914643301,1224.9130434782608,1159.7171392652606
XBB.1.37,22F,0.6522406928123449,0.540051267083873,-391.4698082349764,-397.9188914643301,1053.6666666666665,1159.7171392652606
XBB.1.35,22F,0.6654726288944147,0.540051267083873,-405.58982811443786,-397.9188914643301,1092.6666666666665,1159.7171392652606
XBB.1.36,22F,0.6548843774635268,0.540051267083873,-395.3619033502487,-397.9188914643301,1060.0,1159.7171392652606
XBB.1.38,22F,0.6568877001850183,0.540051267083873,-396.1013027454179,-397.9188914643301,1064.625,1159.7171392652606
XBB.1.38.1,22F,0.6413084948834928,0.540051267083873,-381.1278276101587,-397.9188914643301,1040.0,1159.7171392652606
XBB.1.39,22F,0.6185562911636171,0.540051267083873,-358.68024647877525,-397.9188914643301,1008.0,1159.7171392652606
XBB.1.40,22F,0.7017935287858286,0.540051267083873,-446.0426248970703,-397.9188914643301,1158.4,1159.7171392652606
XBB.1.41.1,22F,0.7523034386832982,0.540051267083873,-506.47646394328683,-397.9188914643301,1337.2066115702478,1159.7171392652606
XBB.1.41.2,22F,0.7504466930319463,0.540051267083873,-502.84082203648865,-397.9188914643301,1332.5792207792206,1159.7171392652606
XBB.1.42,22F,0.7284457206069213,0.540051267083873,-475.2016553351789,-397.9188914643301,1280.5238095238094,1159.7171392652606
XBB.1.41.3,22F,0.7195203127038718,0.540051267083873,-465.573407976969,-397.9188914643301,1249.2307692307693,1159.7171392652606
XBB.1.32,22F,0.6530763933307526,0.540051267083873,-390.9647162256685,-397.9188914643301,1055.4583333333333,1159.7171392652606
XBB.1.45,22F,0.6464821352354033,0.540051267083873,-384.452424335273,-397.9188914643301,1049.6875,1159.7171392652606
XBB.1.42.1,22F,0.7523104863508863,0.540051267083873,-506.2127745443123,-397.9188914643301,1337.2264150943397,1159.7171392652606
XBB.1.43.1,22F,0.7066928770381198,0.540051267083873,-450.52936009731417,-397.9188914643301,1184.8235294117649,1159.7171392652606
XBB.1.42.2,22F,0.7348806545198944,0.540051267083873,-481.2843644258888,-397.9188914643301,1299.7535211267605,1159.7171392652606
XBB.1.44,22F,0.7125455790656173,0.540051267083873,-456.84595343984483,-397.9188914643301,1212.375,1159.7171392652606
XBB.1.44.1,22F,0.7096705787747252,0.540051267083873,-454.80643840032354,-397.9188914643301,1202.5,1159.7171392652606
XBB.1.45.1,22F,0.6933914208228387,0.540051267083873,-432.83370650729336,-397.9188914643301,1127.05291005291,1159.7171392652606
XBB.1.47,22F,0.6655037280185278,0.540051267083873,-407.41557371614266,-397.9188914643301,1093.0,1159.7171392652606
XBB.1.47.1,22F,0.7002157559839324,0.540051267083873,-444.0413118760083,-397.9188914643301,1150.0,1159.7171392652606
XBB.1.48,22F,0.6989618272896521,0.540051267083873,-444.3965471521424,-397.9188914643301,1146.0,1159.7171392652606
XBB.2,22F,0.6463291325292299,0.540051267083873,-380.7277696320014,-397.9188914643301,1049.541592920354,1159.7171392652606
XBB.2.2,22F,0.6709740197621287,0.540051267083873,-410.4186568773814,-397.9188914643301,1112.7368421052631,1159.7171392652606
XBB.2.1,22F,0.6136597479553334,0.540051267083873,-352.7475816584622,-397.9188914643301,996.0,1159.7171392652606
XBB.2.3.5,23E,0.719981331340309,0.5579443823938729,-464.17536137401413,-420.2986383535877,1250.430107526882,1299.5924584004295
XBB.2.3.2,23E,0.7204007956913994,0.5579443823938729,-463.4799385596744,-420.2986383535877,1252.4968152866243,1299.5924584004295
XBB.2.3.3,23E,0.7245056452389638,0.5579443823938729,-468.83080929243187,-420.2986383535877,1263.569696969697,1299.5924584004295
XBB.2.3,23E,0.7186320768446883,0.5579443823938729,-460.46123408092876,-420.2986383535877,1242.872905027933,1299.5924584004295
XBB.2.3.1,23E,0.7079761960961923,0.5579443823938729,-451.47537544536294,-420.2986383535877,1192.6999999999998,1299.5924584004295
XBB.1.43,22F,0.6524010040999768,0.540051267083873,-392.7373519159465,-397.9188914643301,1054.0,1159.7171392652606
XBB.2.3.6,23E,0.7173368150477674,0.5579443823938729,-462.7656257481256,-420.2986383535877,1236.7241379310344,1299.5924584004295
XBB.2.3.7,23E,0.7126318946538529,0.5579443823938729,-455.811202425573,-420.2986383535877,1213.22,1299.5924584004295
XBB.2.3.10,23E,0.7063441042447233,0.5579443823938729,-449.147702384464,-420.2986383535877,1183.9555555555557,1299.5924584004295
XBB.2.3.8,23E,0.7319168357476095,0.5579443823938729,-478.9158416239638,-420.2986383535877,1292.541666666667,1299.5924584004295
XBB.2.3.9,23E,0.707243970774906,0.5579443823938729,-450.83508034505695,-420.2986383535877,1188.8333333333333,1299.5924584004295
XBB.2.3.19,23E,0.7266647373779979,0.5579443823938729,-472.2754990467605,-420.2986383535877,1273.0864197530866,1299.5924584004295
XBB.2.3.11,23E,0.7280149600758207,0.5579443823938729,-473.6646143417745,-420.2986383535877,1278.4852071005919,1299.5924584004295
XBB.2.3.12,23E,0.7144063651547126,0.5579443823938729,-457.98785967413835,-420.2986383535877,1224.9278350515463,1299.5924584004295
XBB.2.3.13,23E,0.713904052374972,0.5579443823938729,-459.64924217775337,-420.2986383535877,1221.1,1299.5924584004295
XBB.2.3.14,23E,0.7130883581341454,0.5579443823938729,-458.01781209530003,-420.2986383535877,1214.7894736842104,1299.5924584004295
XBB.2.3.15,23E,0.7343436654038611,0.5579443823938729,-481.9479425938324,-420.2986383535877,1298.4417808219177,1299.5924584004295
XBB.2.3.16,23E,0.7400149652831904,0.5579443823938729,-491.9743610174363,-420.2986383535877,1315.2857142857142,1299.5924584004295
XBB.2.3.17,23E,0.7373784685042178,0.5579443823938729,-487.1983898246383,-420.2986383535877,1306.6835443037976,1299.5924584004295
XBB.2.3.18,23E,0.7642291260860034,0.5579443823938729,-524.7408756454558,-420.2986383535877,1368.9285714285713,1299.5924584004295
XBB.2.3.4,23E,0.7133288278478128,0.5579443823938729,-457.09466992790504,-420.2986383535877,1216.75,1299.5924584004295
XBB.2.3.21,23E,0.7320129688056896,0.5579443823938729,-481.7828572327358,-420.2986383535877,1293.0588235294117,1299.5924584004295
XBB.2.4,22F,0.7142626359106203,0.540051267083873,-457.18261685512454,-397.9188914643301,1223.39010989011,1159.7171392652606
XBB.2.3.22,23E,0.7355373437438202,0.5579443823938729,-487.78533542946,-420.2986383535877,1301.25,1299.5924584004295
XBB.2.8,22F,0.6527314776340436,0.540051267083873,-389.39675742136586,-397.9188914643301,1054.7125,1159.7171392652606
XBB.2.5,22F,0.6596157968964493,0.540051267083873,-395.837585155115,-397.9188914643301,1070.1368421052632,1159.7171392652606
XBB.2.3.20,23E,0.7166747772192045,0.5579443823938729,-462.3738585897386,-420.2986383535877,1232.8421052631577,1299.5924584004295
XBB.2.6,22F,0.6529403629824203,0.540051267083873,-387.5906889344877,-397.9188914643301,1055.1334431630971,1159.7171392652606
XBB.2.6.1,22F,0.69866004680428,0.540051267083873,-441.65319640569754,-397.9188914643301,1144.7272727272727,1159.7171392652606
XBB.2.6.2,22F,0.655865845578611,0.540051267083873,-394.32278332031194,-397.9188914643301,1061.8125,1159.7171392652606
XBB.2.7.1,22F,0.6988968373014584,0.540051267083873,-444.3223916911342,-397.9188914643301,1146.0,1159.7171392652606
XBB.2.7,22F,0.6574662421417029,0.540051267083873,-395.53782890379875,-397.9188914643301,1066.0,1159.7171392652606
XBB.2.11,22F,0.6634292365944546,0.540051267083873,-402.976323785288,-397.9188914643301,1083.111111111111,1159.7171392652606
XBB.2.10,22F,0.6542022127392833,0.540051267083873,-395.3326577801042,-397.9188914643301,1058.0,1159.7171392652606
XBB.2.9,22F,0.7050111667490119,0.540051267083873,-450.69571918443404,-397.9188914643301,1174.5,1159.7171392652606
XBB.2.11.1,22F,0.6568035713797172,0.540051267083873,-391.62194268000195,-397.9188914643301,1064.2635658914728,1159.7171392652606
XBB.3,22F,0.6299339138484898,0.540051267083873,-365.05831730768745,-397.9188914643301,1033.2173913043478,1159.7171392652606
XBB.3.2,22F,0.6420533547250548,0.540051267083873,-377.5533092925241,-397.9188914643301,1041.9806451612903,1159.7171392652606
XBB.4.1,22F,0.6136597419234234,0.540051267083873,-353.15304069958614,-397.9188914643301,996.0,1159.7171392652606
XBB.3.4,22F,0.6663112730299651,0.540051267083873,-406.5074581275343,-397.9188914643301,1101.5,1159.7171392652606
XBB.3.3,22F,0.6290547068728423,0.540051267083873,-365.5486587087337,-397.9188914643301,1029.6,1159.7171392652606
XBB.4,22F,0.6546084481617712,0.540051267083873,-391.2628801259916,-397.9188914643301,1059.0777777777776,1159.7171392652606
XBB.3.5,22F,0.6476915572360796,0.540051267083873,-387.3963590595079,-397.9188914643301,1052.3333333333333,1159.7171392652606
XBB.6.1,22F,0.665826067159767,0.540051267083873,-402.1036135626991,-397.9188914643301,1095.486111111111,1159.7171392652606
XBB.6,22F,0.6354349572957768,0.540051267083873,-371.37548970358625,-397.9188914643301,1038.5853658536585,1159.7171392652606
XBB.5,22F,0.6127262854681789,0.540051267083873,-352.9340582426406,-397.9188914643301,995.0,1159.7171392652606
XBB.2.12,22F,0.6638201715813177,0.540051267083873,-404.49762750920246,-397.9188914643301,1085.6666666666665,1159.7171392652606
XBB.8,22F,0.646219110759278,0.540051267083873,-383.1424833364573,-397.9188914643301,1049.1333333333334,1159.7171392652606
XBB.8.1,22F,0.6667315080817533,0.540051267083873,-406.9662408140839,-397.9188914643301,1104.6666666666665,1159.7171392652606
XBB.8.2,22F,0.7305249392723991,0.540051267083873,-479.7567506592014,-397.9188914643301,1288.2105263157894,1159.7171392652606
XBB.9,22F,0.6294704998222923,0.540051267083873,-365.58590873581153,-397.9188914643301,1030.7627118644068,1159.7171392652606
XBB.7,22F,0.66410318818438,0.540051267083873,-405.2101845987865,-397.9188914643301,1088.0,1159.7171392652606
XBB.3.1,22F,0.6283601587298261,0.540051267083873,-366.91916410403286,-397.9188914643301,1027.8,1159.7171392652606
XDV.1,24D,0.8866604408536592,0.6511549793626423,-700.3797725592989,-557.6081382268849,1607.496732026144,1635.0449050086354
XDV.1.1,24D,0.9064276496625739,0.6511549793626423,-734.3739680457406,-557.6081382268849,1648.9607843137255,1635.0449050086354
XDV.1.3,24D,0.8904744068988653,0.6511549793626423,-709.853961163209,-557.6081382268849,1617.4545454545455,1635.0449050086354
XDV.1.8,24D,0.8773021775622196,0.6511549793626423,-688.7880739747227,-557.6081382268849,1582.6666666666665,1635.0449050086354
XDV.1.4,24D,0.8936887810158225,0.6511549793626423,-715.5138210551395,-557.6081382268849,1624.5714285714284,1635.0449050086354
XDV.1.5.1,24D,0.9130380538675512,0.6511549793626423,-748.1568132790342,-557.6081382268849,1665.6666666666665,1635.0449050086354
XDV.1.7,24D,0.8914436586802857,0.6511549793626423,-710.562981585384,-557.6081382268849,1620.4615384615386,1635.0449050086354
XDV.1.6,24D,0.9041046331695335,0.6511549793626423,-733.7884112731966,-557.6081382268849,1643.5,1635.0449050086354
XDV.1.7.1,24D,0.9302795392491917,0.6511549793626423,-776.4793725867787,-557.6081382268849,1708.5,1635.0449050086354
XDV.1.11,24D,0.8797896870319832,0.6511549793626423,-691.1407916935071,-557.6081382268849,1587.2807017543857,1635.0449050086354
XDV.1.9,24D,0.8889873457307318,0.6511549793626423,-706.5537645135497,-557.6081382268849,1613.3333333333333,1635.0449050086354
XEC.1,24F,0.9559359311881643,0.6873460570999008,-817.8177073725576,-616.4462251312727,1795.344537815126,1791.7708760420937
XEC.3,24F,0.9476790381258225,0.6873460570999008,-804.7292564478839,-616.4462251312727,1775.723404255319,1791.7708760420937
XEC.2,24F,0.9587242842676136,0.6873460570999008,-821.2048876055995,-616.4462251312727,1801.406611570248,1791.7708760420937
XEC,24F,0.9522508796906459,0.6873460570999008,-807.6018915397012,-616.4462251312727,1786.270617395223,1791.7708760420937
XEC.2.1,24F,0.9498550696939021,0.6873460570999008,-806.4298142636015,-616.4462251312727,1782.8418491484185,1791.7708760420937
XEC.2.2,24F,0.9625002862190678,0.6873460570999008,-829.5704831573006,-616.4462251312727,1808.9688715953307,1791.7708760420937
XEC.4.1,24F,0.9712380426645973,0.6873460570999008,-845.0047649109372,-616.4462251312727,1822.6313131313132,1791.7708760420937
XEC.4,24F,0.9647537844456889,0.6873460570999008,-833.765760037528,-616.4462251312727,1812.8165938864627,1791.7708760420937
XEC.2.3.1,24F,0.9679803401629922,0.6873460570999008,-843.1112522872317,-616.4462251312727,1817.9999999999998,1791.7708760420937
XEC.9,24F,0.9567764636886964,0.6873460570999008,-818.4026246681398,-616.4462251312727,1797.175,1791.7708760420937
XEC.5,24F,0.9608948001654374,0.6873460570999008,-827.6125754622827,-616.4462251312727,1805.8700000000001,1791.7708760420937
XEC.6,24F,0.9589009278782158,0.6873460570999008,-824.5784525154212,-616.4462251312727,1801.7894736842106,1791.7708760420937
XEC.8,24F,0.955910186010786,0.6873460570999008,-816.6770849687107,-616.4462251312727,1795.28129395218,1791.7708760420937
XEC.13,24F,0.9531157794002643,0.6873460570999008,-815.2429105943507,-616.4462251312727,1788.7,1791.7708760420937
XEC.8.1,24F,0.9741407605614952,0.6873460570999008,-853.2378375572858,-616.4462251312727,1826.428571428571,1791.7708760420937
XEC.10,24F,0.8713178581892085,0.6873460570999008,-679.9706802367555,-616.4462251312727,1562.142857142857,1791.7708760420937
XEC.11,24F,0.9787636697818668,0.6873460570999008,-861.9657258258839,-616.4462251312727,1831.8125,1791.7708760420937
XEC.11.1,24F,0.9703508595923735,0.6873460570999008,-843.7239988791478,-616.4462251312727,1821.3215547703182,1791.7708760420937
XEC.2.3,24F,0.952653330567197,0.6873460570999008,-813.8564124348158,-616.4462251312727,1787.4,1791.7708760420937
XEC.12,24F,0.9544775064816419,0.6873460570999008,-815.4721680608476,-616.4462251312727,1792.2197802197802,1791.7708760420937
XEC.14,24F,0.9529577109479254,0.6873460570999008,-812.5946486300977,-616.4462251312727,1788.2582159624412,1791.7708760420937
XEC.15,24F,0.953675156803457,0.6873460570999008,-814.3265996210237,-616.4462251312727,1790.1397058823532,1791.7708760420937
XEC.22,24F,0.9574705303924327,0.6873460570999008,-822.3829572115674,-616.4462251312727,1798.6153846153848,1791.7708760420937
XEC.18,24F,0.9567120985697252,0.6873460570999008,-819.519097802652,-616.4462251312727,1797.022857142857,1791.7708760420937
XEC.16,24F,0.9584346024445465,0.6873460570999008,-824.690477777953,-616.4462251312727,1800.7727272727275,1791.7708760420937
XEC.19,24F,0.953653121748698,0.6873460570999008,-814.2725556488685,-616.4462251312727,1790.0797101449275,1791.7708760420937
XEC.20,24F,0.9424625086338368,0.6873460570999008,-797.284378597574,-616.4462251312727,1755.25,1791.7708760420937
XEC.21,24F,0.9706515775581759,0.6873460570999008,-845.9856801118061,-616.4462251312727,1821.8235294117644,1791.7708760420937
XEC.23,24F,0.9577371655137982,0.6873460570999008,-823.2303371214766,-616.4462251312727,1799.2222222222222,1791.7708760420937
XEC.24,24F,0.9651126970047155,0.6873460570999008,-835.6605792191999,-616.4462251312727,1813.4242424242425,1791.7708760420937
XEC.25,24F,0.9478705770560611,0.6873460570999008,-805.8285474554633,-616.4462251312727,1776.409090909091,1791.7708760420937
XEC.11.1.1,24F,0.9681145679114747,0.6873460570999008,-842.3054712398393,-616.4462251312727,1818.2,1791.7708760420937
XEC.17,24F,0.9528339787458274,0.6873460570999008,-815.3368027317687,-616.4462251312727,1787.909090909091,1791.7708760420937
