parameter_estimate,true_parameter,deviation,abs_deviation,estimated_correctly,standard_error,ci_lower,ci_upper,n_variants,parameter_type
0.0,0.0,0.0,0.0,True,0.0,0.0,0.0,5,growth_rate
0.14574679470114202,0.14545236945647216,0.00029442524466985476,0.00029442524466985476,True,0.007084627724479941,0.1386621669766621,0.15283142242562195,5,growth_rate
0.25665630370530346,0.2554138025988315,0.0012425011064719493,0.0012425011064719493,True,0.0058353559027427,0.25082094780256076,0.26249165960804616,5,growth_rate
0.2770515422983175,0.27539895128728775,0.0016525910110297692,0.0016525910110297692,True,0.005890501948437376,0.27116104034988014,0.2829420442467549,5,growth_rate
0.35610976392117055,0.3540739113090524,0.0020358526121181386,0.0020358526121181386,True,0.005978186014490602,0.3501315779066799,0.3620879499356612,5,growth_rate
0.0,0.0,0.0,0.0,True,0.0,0.0,0.0,5,log_initial_freq
-3.7641630551327556,-3.751113064291371,-0.013049990841384584,0.013049990841384584,True,0.10939417081669418,-3.8735572259494497,-3.6547688843160615,5,log_initial_freq
-4.709369884839712,-4.6952125845525465,-0.014157300287165775,0.014157300287165775,True,0.09569764749896596,-4.805067532338678,-4.613672237340746,5,log_initial_freq
-4.980746478284734,-4.935034368814022,-0.04571210947071247,0.04571210947071247,True,0.09686390671899603,-5.07761038500373,-4.883882571565739,5,log_initial_freq
-6.298709992102418,-6.254571566522334,-0.04413842558008341,0.04413842558008341,True,0.10261332483901658,-6.4013233169414345,-6.196096667263401,5,log_initial_freq
0.0,0.0,0.0,0.0,True,0.0,0.0,0.0,10,growth_rate
0.032415906171986066,0.02573360165041494,0.006682304521571127,0.006682304521571127,True,0.010255809596538212,0.022160096575447853,0.04267171576852428,10,growth_rate
0.06899407000161197,0.06279265523191813,0.006201414769693839,0.006201414769693839,True,0.008690813192099486,0.06030325680951248,0.07768488319371145,10,growth_rate
0.11442954588565837,0.10362143906909338,0.010808106816564994,0.010808106816564994,True,0.01144800276590921,0.10298154311974916,0.12587754865156758,10,growth_rate
0.1518307642304123,0.14545236945647216,0.006378394773940144,0.006378394773940144,True,0.01468799635240481,0.1371427678780075,0.16651876058281712,10,growth_rate
0.2547311752561316,0.2554138025988315,-0.0006826273426999152,0.0006826273426999152,True,0.008189284195478421,0.24654189106065316,0.26292045945161,10,growth_rate
0.27785329017525906,0.27539895128728775,0.002454338887971308,0.002454338887971308,True,0.011353235224891713,0.2665000549503673,0.2892065254001508,10,growth_rate
0.3532325329318225,0.3540739113090524,-0.0008413783772299177,0.0008413783772299177,True,0.008235473933541813,0.3449970589982807,0.3614680068653643,10,growth_rate
0.44626295233454644,0.44647347717382735,-0.00021052483928091226,0.00021052483928091226,True,0.00811268806000144,0.438150264274545,0.45437564039454786,10,growth_rate
0.4479790939164611,0.44814654446671903,-0.00016745055025790823,0.00016745055025790823,True,0.008112680271504236,0.4398664136449569,0.45609177418796537,10,growth_rate
0.0,0.0,0.0,0.0,True,0.0,0.0,0.0,10,log_initial_freq
-2.6044980083655673,-2.6222414663993714,0.01774345803380406,0.01774345803380406,True,0.11413223186724239,-2.7186302402328097,-2.490365776498325,10,log_initial_freq
-2.609538245274263,-2.642318273914072,0.032780028639809,0.032780028639809,True,0.10051484054200677,-2.7100530858162695,-2.509023404732256,10,log_initial_freq
-3.8058804527390855,-3.751113064291371,-0.05476738844771445,0.05476738844771445,True,0.14612169181182877,-3.952002144550914,-3.659758760927257,10,log_initial_freq
-4.818551901387427,-4.6952125845525465,-0.12333931683488064,0.12333931683488064,True,0.2043221015217243,-5.022874002909152,-4.6142297998657025,10,log_initial_freq
-4.904918063201573,-4.935034368814022,0.030116305612448713,0.030116305612448713,True,0.12789373324268108,-5.032811796444254,-4.777024329958892,10,log_initial_freq
-6.29482816537389,-6.254571566522334,-0.0402565988515553,0.0402565988515553,True,0.20002218726647067,-6.49485035264036,-6.094805978107419,10,log_initial_freq
-6.712043111819149,-6.75654273117088,0.04449961935173086,0.04449961935173086,True,0.1441912340735832,-6.856234345892732,-6.567851877745566,10,log_initial_freq
-7.222223896496967,-7.246488137216982,0.024264240720015096,0.024264240720015096,True,0.12855651114039182,-7.350780407637359,-7.093667385356575,10,log_initial_freq
-7.667384314615032,-7.691196780195021,0.023812465579989173,0.023812465579989173,True,0.1290297124892572,-7.796414027104289,-7.538354602125775,10,log_initial_freq
0.0,0.0,0.0,0.0,True,0.0,0.0,0.0,20,growth_rate
0.01906345255989843,0.011990941188582682,0.007072511371315749,0.007072511371315749,True,0.011986712959156305,0.0070767396007421265,0.031050165519054734,20,growth_rate
0.01681346616726797,0.014938105439283478,0.0018753607279844917,0.0018753607279844917,True,0.01355484833501856,0.00325861783224941,0.03036831450228653,20,growth_rate
0.022372414808336512,0.02573360165041494,-0.0033611868420784265,0.0033611868420784265,True,0.0182594954525559,0.004112919355780613,0.04063191026089241,20,growth_rate
0.05436062782023126,0.06279265523191813,-0.008432027411686867,0.008432027411686867,True,0.018440931771040184,0.035919696049191076,0.07280155959127144,20,growth_rate
0.10050479606656886,0.10362143906909338,-0.0031166430025245245,0.0031166430025245245,True,0.015889430261866958,0.0846153658047019,0.11639422632843581,20,growth_rate
0.12642299258347672,0.1296262234537327,-0.0032032308702559797,0.0032032308702559797,True,0.014880398558916052,0.11154259402456067,0.14130339114239276,20,growth_rate
0.14492277654542018,0.13924364132398764,0.005679135221432541,0.005679135221432541,True,0.015563477114722599,0.12935929943069757,0.1604862536601428,20,growth_rate
0.13301173548946324,0.14545236945647216,-0.012440633967008924,0.012440633967008924,True,0.015990879336361685,0.11702085615310155,0.14900261482582491,20,growth_rate
0.21449566638569612,0.22040492182531823,-0.005909255439622119,0.005909255439622119,True,0.01055515319193842,0.2039405131937577,0.22505081957763454,20,growth_rate
0.22846238605220065,0.22841661219735554,4.577385484511032e-05,4.577385484511032e-05,True,0.011489208503376116,0.21697317754882453,0.23995159455557677,20,growth_rate
0.2550665275870829,0.2554138025988315,-0.00034727501174858233,0.00034727501174858233,True,0.009651605664260742,0.2454149219228222,0.2647181332513437,20,growth_rate
0.26737400247383714,0.27539895128728775,-0.008024948813450616,0.008024948813450616,True,0.011381603920801378,0.25599239855303574,0.27875560639463853,20,growth_rate
0.2787777425948069,0.279427043995441,-0.0006493014006340725,0.0006493014006340725,True,0.010972477729870866,0.26780526486493605,0.2897502203246778,20,growth_rate
0.2836456689583496,0.2954314087081754,-0.01178573974982583,0.01178573974982583,False,0.01053849858580871,0.2731071703725409,0.29418416754415827,20,growth_rate
0.3186907658444095,0.32457202380738037,-0.005881257962970898,0.005881257962970898,True,0.009397019186564928,0.30929374665784454,0.3280877850309744,20,growth_rate
0.3342862129481141,0.33812745099006564,-0.0038412380419515224,0.0038412380419515224,True,0.010094161426679718,0.3241920515214344,0.34438037437479385,20,growth_rate
0.3492102541132096,0.3540739113090524,-0.004863657195842808,0.004863657195842808,True,0.009318622555799473,0.33989163155741015,0.35852887666900907,20,growth_rate
0.4395133314013908,0.44647347717382735,-0.006960145772436532,0.006960145772436532,True,0.008226165197311423,0.4312871662040794,0.4477394965987022,20,growth_rate
0.44126442471520927,0.44814654446671903,-0.006882119751509763,0.006882119751509763,True,0.00822421259718257,0.4330402121180267,0.44948863731239186,20,growth_rate
0.0,0.0,0.0,0.0,True,0.0,0.0,0.0,20,log_initial_freq
-2.7140616771375177,-2.6222414663993714,-0.09182021073814628,0.09182021073814628,True,0.1332825769958211,-2.847344254133339,-2.5807791001416964,20,log_initial_freq
-2.6518631970390407,-2.642318273914072,-0.009544923124968907,0.009544923124968907,True,0.12719743947945122,-2.779060636518492,-2.5246657575595894,20,log_initial_freq
-3.785543321660864,-3.751113064291371,-0.03443025736949279,0.03443025736949279,True,0.18209448194828032,-3.967637803609144,-3.6034488397125837,20,log_initial_freq
-3.9004171321677803,-3.942470588119212,0.04205345595143184,0.04205345595143184,True,0.2148086866363728,-4.115225818804153,-3.6856084455314075,20,log_initial_freq
-4.026483805355455,-4.1051357143114355,0.07865190895598051,0.07865190895598051,True,0.19787649729208764,-4.2243603026475425,-3.8286073080633676,20,log_initial_freq
-4.414913968602803,-4.4548230955018955,0.03990912689909276,0.03990912689909276,True,0.1890487960305155,-4.6039627646333185,-4.225865172572287,20,log_initial_freq
-4.803168975225796,-4.646875472054708,-0.1562935031710877,0.1562935031710877,True,0.2227532235245476,-5.025922198750343,-4.580415751701248,20,log_initial_freq
-4.577333235392243,-4.6952125845525465,0.11787934916030363,0.11787934916030363,True,0.20141937937653545,-4.778752614768778,-4.375913856015708,20,log_initial_freq
-4.874411966788165,-4.935034368814022,0.06062240202585656,0.06062240202585656,True,0.16672061479432498,-5.04113258158249,-4.707691351993841,20,log_initial_freq
-5.191108460179638,-5.259000653631734,0.06789219345209574,0.06789219345209574,True,0.18919519335156285,-5.380303653531201,-5.001913266828075,20,log_initial_freq
-5.3872685284999395,-5.355140938096181,-0.03212759040375879,0.03212759040375879,True,0.15719233287184087,-5.54446086137178,-5.230076195628099,20,log_initial_freq
-6.110073988072174,-6.254571566522334,0.1444975784501601,0.1444975784501601,True,0.20287610185302932,-6.312950089925203,-5.907197886219145,20,log_initial_freq
-6.407362088273546,-6.3290763041121485,-0.07828578416139731,0.07828578416139731,True,0.2041193078760676,-6.611481396149613,-6.203242780397479,20,log_initial_freq
-6.264324761192037,-6.444485318555207,0.1801605573631706,0.1801605573631706,True,0.1938758156550022,-6.458200576847039,-6.070448945537034,20,log_initial_freq
-6.6533322014535425,-6.75654273117088,0.10321052971733735,0.10321052971733735,True,0.1785137862341759,-6.831845987687719,-6.474818415219366,20,log_initial_freq
-7.241794189232727,-7.246488137216982,0.0046939479842551535,0.0046939479842551535,True,0.20616323965150232,-7.447957428884229,-7.035630949581225,20,log_initial_freq
-7.6235556215594045,-7.691196780195021,0.0676411586356167,0.0676411586356167,True,0.17896899806836136,-7.802524619627766,-7.444586623491043,20,log_initial_freq
-7.723482191687226,-7.820742734728598,0.09726054304137222,0.09726054304137222,True,0.13069937758522948,-7.8541815692724555,-7.592782814101996,20,log_initial_freq
-7.767864487272177,-7.856108705737007,0.08824421846483066,0.08824421846483066,True,0.13086873587639541,-7.8987332231485725,-7.636995751395781,20,log_initial_freq
0.0,0.0,0.0,0.0,True,0.0,0.0,0.0,50,growth_rate
0.008329131735329159,0.011990941188582682,-0.0036618094532535235,0.0036618094532535235,True,0.011295694733685134,-0.002966562998355975,0.01962482646901429,50,growth_rate
0.0289033984926465,0.014938105439283478,0.013965293053363022,0.013965293053363022,False,0.011617405562744739,0.01728599292990176,0.04052080405539124,50,growth_rate
0.03686132771969816,0.02573360165041494,0.011127726069283222,0.011127726069283222,True,0.012971354468398148,0.023889973251300014,0.049832682188096306,50,growth_rate
0.041875104195658146,0.04610850443586212,-0.004233400240203973,0.004233400240203973,True,0.011420239475080765,0.03045486472057738,0.05329534367073891,50,growth_rate
0.0727991707430054,0.06279265523191813,0.010006515511087277,0.010006515511087277,True,0.011442861714218787,0.06135630902878662,0.0842420324572242,50,growth_rate
0.09576068702864925,0.07843386923748163,0.017326817791167612,0.017326817791167612,False,0.015117148942152608,0.08064353808649664,0.11087783597080185,50,growth_rate
0.10788611151870531,0.10362143906909338,0.004264672449611928,0.004264672449611928,True,0.012661042245202977,0.09522506927350233,0.12054715376390829,50,growth_rate
0.11726605691574701,0.1109789419660907,0.006287114949656308,0.006287114949656308,True,0.0118442622198195,0.10542179469592751,0.1291103191355665,50,growth_rate
0.11798150973594244,0.11252725241991596,0.005454257316026487,0.005454257316026487,True,0.012791860141276978,0.10518964959466547,0.13077336987721944,50,growth_rate
0.12262959310416861,0.1296262234537327,-0.00699663034956409,0.00699663034956409,True,0.01421823368726572,0.10841135941690289,0.13684782679143434,50,growth_rate
0.140879253691944,0.13461778912553063,0.006261464566413383,0.006261464566413383,True,0.012181063680947228,0.12869819001099678,0.15306031737289125,50,growth_rate
0.13262534004372398,0.13898875331180066,-0.006363413268076684,0.006363413268076684,True,0.014591811380935599,0.11803352866278838,0.14721715142465958,50,growth_rate
0.12803965111625543,0.13924364132398764,-0.011203990207732217,0.011203990207732217,True,0.012499251069494375,0.11554040004676105,0.1405389021857498,50,growth_rate
0.1408414941870418,0.1417439312161049,-0.0009024370290630912,0.0009024370290630912,True,0.01753542851466877,0.12330606567237304,0.15837692270171058,50,growth_rate
0.16812459102177615,0.14176254088565937,0.026362050136116782,0.026362050136116782,False,0.011722715267482003,0.15640187575429415,0.17984730628925816,50,growth_rate
0.15891413484069383,0.14545236945647216,0.013461765384221669,0.013461765384221669,True,0.019790670696377882,0.13912346414431595,0.17870480553707171,50,growth_rate
0.13330946252190534,0.1458963871127163,-0.012586924590810955,0.012586924590810955,True,0.021339297364410332,0.11197016515749501,0.15464875988631568,50,growth_rate
0.1515828488350085,0.15318176618808987,-0.001598917353081375,0.001598917353081375,True,0.017115524632817132,0.13446732420219137,0.16869837346782562,50,growth_rate
0.19324881154320117,0.18078238153128906,0.01246643001191211,0.01246643001191211,False,0.01145863348199913,0.18179017806120204,0.2047074450252003,50,growth_rate
0.18612994184327983,0.18899702066444457,-0.0028670788211647424,0.0028670788211647424,True,0.012383842789891696,0.17374609905338814,0.19851378463317151,50,growth_rate
0.18819373042071705,0.19398562877782438,-0.0057918983571073335,0.0057918983571073335,True,0.01648538568096855,0.1717083447397485,0.2046791161016856,50,growth_rate
0.18721829822769612,0.2032599581881243,-0.016041659960428195,0.016041659960428195,True,0.023405164919400416,0.1638131333082957,0.21062346314709654,50,growth_rate
0.20577211022701633,0.20755059850503482,-0.0017784882780184919,0.0017784882780184919,True,0.010911834548868933,0.1948602756781474,0.21668394477588526,50,growth_rate
0.2035421748428659,0.22022685883536974,-0.016684683992503835,0.016684683992503835,False,0.015366039702982146,0.18817613513988377,0.21890821454584805,50,growth_rate
0.22590705285446747,0.22040492182531823,0.005502131029149232,0.005502131029149232,True,0.011462505966945726,0.21444454688752174,0.2373695588214132,50,growth_rate
0.25060061452755705,0.22841661219735554,0.022184002330201513,0.022184002330201513,False,0.01474780752525202,0.23585280700230504,0.26534842205280906,50,growth_rate
0.23460307920773732,0.22884319966148897,0.005759879546248348,0.005759879546248348,True,0.01188357594996371,0.22271950325777362,0.24648665515770102,50,growth_rate
0.2301811268350184,0.23447012434958453,-0.0042889975145661285,0.0042889975145661285,True,0.011698711693999182,0.2184824151410192,0.2418798385290176,50,growth_rate
0.26013505592103386,0.2554138025988315,0.004721253322202357,0.004721253322202357,True,0.014329059561036042,0.24580599635999784,0.2744641154820699,50,growth_rate
0.288743504125222,0.27232450901592237,0.016418995109299617,0.016418995109299617,False,0.010867008694048134,0.2778764954311739,0.2996105128192701,50,growth_rate
0.28481556290886206,0.27539895128728775,0.009416611621574311,0.009416611621574311,True,0.011535838501017338,0.2732797244078447,0.2963514014098794,50,growth_rate
0.28828802680894716,0.27892038119422546,0.009367645614721698,0.009367645614721698,True,0.014866140991589524,0.27342188581735766,0.30315416780053667,50,growth_rate
0.2702788918304583,0.279427043995441,-0.009148152164982715,0.009148152164982715,True,0.014704664774111836,0.25557422705634647,0.2849835566045701,50,growth_rate
0.3078157925406027,0.2931264522339107,0.014689340306692,0.014689340306692,False,0.009428659960523956,0.29838713258007876,0.31724445250112665,50,growth_rate
0.29515923219956886,0.2954314087081754,-0.0002721765086065586,0.0002721765086065586,True,0.01525902691016658,0.2799002052894023,0.3104182591097354,50,growth_rate
0.3383936216454607,0.32457202380738037,0.013821597838080346,0.013821597838080346,False,0.01161351333735516,0.32678010830810555,0.3500071349828159,50,growth_rate
0.3285849263849512,0.3267054512617681,0.0018794751231830942,0.0018794751231830942,True,0.012189915111173172,0.316395011273778,0.34077484149612436,50,growth_rate
0.3383992165036748,0.33619183795640684,0.0022073785472679908,0.0022073785472679908,True,0.01103271519546727,0.32736650130820755,0.3494319316991421,50,growth_rate
0.3429281463931634,0.33812745099006564,0.004800695403097743,0.004800695403097743,True,0.011079377326012309,0.33184876906715105,0.3540075237191757,50,growth_rate
0.3569745411158616,0.34656895915649816,0.010405581959363419,0.010405581959363419,True,0.011126122335759363,0.3458484187801022,0.36810066345162096,50,growth_rate
0.36025055090466535,0.3540739113090524,0.006176639595612932,0.006176639595612932,True,0.010504332598572945,0.3497462183060924,0.37075488350323826,50,growth_rate
0.397825563402725,0.3901573822556835,0.007668181147041486,0.007668181147041486,True,0.009512035610675663,0.38831352779204936,0.40733759901340066,50,growth_rate
0.4312187609066223,0.42287543564658964,0.008343325260032675,0.008343325260032675,True,0.00916745734780396,0.42205130355881837,0.44038621825442625,50,growth_rate
0.43885881088358986,0.43026695647346325,0.00859185441012661,0.00859185441012661,True,0.00911752629954481,0.42974128458404504,0.4479763371831347,50,growth_rate
0.4548372275810906,0.44647347717382735,0.008363750407263226,0.008363750407263226,True,0.00910646458623063,0.4457307629948599,0.46394369216732123,50,growth_rate
0.4557771710706614,0.44814654446671903,0.00763062660394237,0.00763062660394237,True,0.009102960127188245,0.44667421094347315,0.46488013119784966,50,growth_rate
0.4597674998995253,0.45141705426919904,0.008350445630326275,0.008350445630326275,True,0.009097261891243998,0.4506702380082813,0.4688647617907693,50,growth_rate
0.47625683574023386,0.4681918249302152,0.008065010810018647,0.008065010810018647,True,0.009077013815750304,0.46717982192448354,0.4853338495559842,50,growth_rate
0.49599022815064286,0.4879977112364669,0.007992516914175962,0.007992516914175962,True,0.009066680543033707,0.48692354760760914,0.5050569086936766,50,growth_rate
0.0,0.0,0.0,0.0,True,0.0,0.0,0.0,50,log_initial_freq
-2.1075032580722395,-2.144027465162397,0.03652420709015747,0.03652420709015747,True,0.12076735723286157,-2.228270615305101,-1.986735900839378,50,log_initial_freq
-2.37995535552063,-2.3816981008374176,0.0017427453167875306,0.0017427453167875306,True,0.12492055897771594,-2.504875914498346,-2.255034796542914,50,log_initial_freq
-2.669271549839307,-2.582995348769612,-0.08627620106969536,0.08627620106969536,True,0.14428484079517118,-2.8135563906344783,-2.524986709044136,50,log_initial_freq
-2.570162687954995,-2.6222414663993714,0.05207877844437636,0.05207877844437636,True,0.14021428630262228,-2.7103769742576174,-2.4299484016523727,50,log_initial_freq
-2.7212879098861062,-2.642318273914072,-0.07896963597203444,0.07896963597203444,True,0.14173592760330048,-2.863023837489407,-2.5795519822828057,50,log_initial_freq
-2.968762817573258,-2.836796522318441,-0.13196629525481685,0.13196629525481685,True,0.16012676714571758,-3.1288895847189755,-2.8086360504275403,50,log_initial_freq
-2.8918762583117443,-2.925494772240924,0.033618513929179805,0.033618513929179805,True,0.1450734493200915,-3.0369497076318357,-2.746802808991653,50,log_initial_freq
-3.2965481442746776,-3.3181114129317977,0.021563268657120105,0.021563268657120105,True,0.1616964751266572,-3.4582446194013348,-3.1348516691480204,50,log_initial_freq
-3.747996840556305,-3.751113064291371,0.003116223735065926,0.003116223735065926,True,0.190657975658286,-3.938654816214591,-3.557338864898019,50,log_initial_freq
-3.6355757329135834,-3.8411724901220223,0.20559675720843895,0.20559675720843895,False,0.1823901506715385,-3.817965883585122,-3.4531855822420447,50,log_initial_freq
-3.894439229984567,-3.942470588119212,0.048031358134644986,0.048031358134644986,True,0.18547790502277486,-4.079917135007342,-3.708961324961792,50,log_initial_freq
-3.8327462628843585,-3.965697944523118,0.13295168163875948,0.13295168163875948,True,0.20141853770835388,-4.034164800592713,-3.6313277251760048,50,log_initial_freq
-3.970066431486866,-4.0795345848587825,0.10946815337191662,0.10946815337191662,True,0.1856169913232243,-4.15568342281009,-3.7844494401636415,50,log_initial_freq
-4.173448036484531,-4.1051357143114355,-0.06831232217309591,0.06831232217309591,True,0.22677332850098592,-4.4002213649855175,-3.9466747079835454,50,log_initial_freq
-4.567240780461029,-4.4548230955018955,-0.11241768495913362,0.11241768495913362,True,0.21062930064625593,-4.777870081107285,-4.356611479814773,50,log_initial_freq
-4.654818720025144,-4.482482573193072,-0.17233614683207232,0.17233614683207232,True,0.2661239910331794,-4.9209427110583235,-4.388694728991965,50,log_initial_freq
-4.401341541551091,-4.646875472054708,0.24553393050361727,0.24553393050361727,True,0.2616648645709162,-4.6630064061220065,-4.139676676980175,50,log_initial_freq
-4.6471047956163885,-4.652955425669294,0.005850630052905537,0.005850630052905537,True,0.25507019817496096,-4.902174993791349,-4.392034597441428,50,log_initial_freq
-4.837768870713069,-4.6952125845525465,-0.14255628616052274,0.14255628616052274,True,0.21851855623854816,-5.056287426951617,-4.619250314474521,50,log_initial_freq
-4.579230662463434,-4.732105891808931,0.15287522934549713,0.15287522934549713,True,0.21119054233380238,-4.790421204797236,-4.368040120129632,50,log_initial_freq
-4.819082759848803,-4.935034368814022,0.11595160896521861,0.11595160896521861,True,0.25427941942460053,-5.073362179273404,-4.564803340424203,50,log_initial_freq
-5.201323855689271,-5.186358507804986,-0.014965347884285052,0.014965347884285052,True,0.3159212397422284,-5.517245095431499,-4.885402615947043,50,log_initial_freq
-5.225319347785903,-5.253881604062133,0.028562256276229547,0.028562256276229547,True,0.23472055734952013,-5.460039905135423,-4.990598790436383,50,log_initial_freq
-5.089135112508564,-5.259000653631734,0.16986554112316998,0.16986554112316998,True,0.253508382857999,-5.342643495366563,-4.835626729650565,50,log_initial_freq
-5.2326899878992945,-5.355140938096181,0.12245095019688623,0.12245095019688623,True,0.21867813765750596,-5.4513681255568,-5.014011850241789,50,log_initial_freq
-5.561049174927629,-5.357277693975563,-0.20377148095206632,0.20377148095206632,True,0.25826525969111636,-5.819314434618746,-5.302783915236513,50,log_initial_freq
-5.459766606806047,-5.509392817939582,0.0496262111335346,0.0496262111335346,True,0.24065055913530964,-5.7004171659413565,-5.219116047670738,50,log_initial_freq
-5.3271106686226,-5.560880501742508,0.23376983311990784,0.23376983311990784,True,0.23532870299934314,-5.562439371621943,-5.091781965623257,50,log_initial_freq
-5.705017483205688,-5.672172454666107,-0.03284502853958049,0.03284502853958049,True,0.25064855210024073,-5.955666035305929,-5.454368931105447,50,log_initial_freq
-5.868589135776722,-5.732035752026665,-0.13655338375005766,0.13655338375005766,True,0.2143549565294726,-6.082944092306195,-5.65423417924725,50,log_initial_freq
-5.913622458375944,-5.830611421624531,-0.08301103675141253,0.08301103675141253,True,0.21937990828736048,-6.1330023666633044,-5.694242550088583,50,log_initial_freq
-6.157061872090758,-6.1618188057429215,0.00475693365216312,0.00475693365216312,True,0.27786142808871567,-6.434923300179474,-5.879200444002043,50,log_initial_freq
-6.107812855423815,-6.249243354647405,0.1414304992235893,0.1414304992235893,True,0.2870925793628918,-6.394905434786708,-5.820720276060923,50,log_initial_freq
-6.405580269092848,-6.254571566522334,-0.1510087025705138,0.1510087025705138,True,0.2036674945858737,-6.609247763678722,-6.201912774506974,50,log_initial_freq
-6.150690568239251,-6.298849509372087,0.14815894113283612,0.14815894113283612,True,0.27552207941824414,-6.426212647657495,-5.875168488821007,50,log_initial_freq
-6.420017017334316,-6.299072825406741,-0.12094419192757488,0.12094419192757488,True,0.21460220079309789,-6.634619218127414,-6.205414816541218,50,log_initial_freq
-6.276023642829975,-6.3290763041121485,0.05305266128217312,0.05305266128217312,True,0.2160982503051113,-6.492121893135087,-6.059925392524864,50,log_initial_freq
-6.222031111975831,-6.332134960258392,0.11010384828256115,0.11010384828256115,True,0.19816111355327473,-6.420192225529106,-6.023869998422556,50,log_initial_freq
-6.471954809059031,-6.384586530493633,-0.08736827856539797,0.08736827856539797,True,0.20475689739151642,-6.676711706450547,-6.267197911667514,50,log_initial_freq
-6.526177385574181,-6.444485318555207,-0.0816920670189738,0.0816920670189738,True,0.20773857597513595,-6.733915961549317,-6.318438809599045,50,log_initial_freq
-6.641448073388246,-6.649672970961008,0.008224897572762124,0.008224897572762124,True,0.19363194441684425,-6.83508001780509,-6.447816128971402,50,log_initial_freq
-6.660575338822601,-6.6682526964069115,0.007677357584310762,0.007677357584310762,True,0.1498035811788723,-6.810378920001473,-6.510771757643728,50,log_initial_freq
-6.813892417551246,-6.75654273117088,-0.057349686380366194,0.057349686380366194,True,0.12582223393474654,-6.939714651485993,-6.6880701836164995,50,log_initial_freq
-7.124288718485074,-7.05879356915022,-0.06549514933485412,0.06549514933485412,True,0.12060399486794336,-7.244892713353018,-7.0036847236171305,50,log_initial_freq
-7.318520031349695,-7.246488137216982,-0.07203189413271271,0.07203189413271271,True,0.1199438909848875,-7.4384639223345825,-7.198576140364807,50,log_initial_freq
-7.491085111333636,-7.446697946769655,-0.04438716456398062,0.04438716456398062,True,0.12275356243413517,-7.613838673767771,-7.3683315488995005,50,log_initial_freq
-7.792725336221898,-7.691196780195021,-0.10152855602687705,0.10152855602687705,True,0.12249846513044642,-7.915223801352345,-7.670226871091452,50,log_initial_freq
-7.880725671655625,-7.820742734728598,-0.059982936927027275,0.059982936927027275,True,0.11682342448697296,-7.997549096142598,-7.7639022471686525,50,log_initial_freq
-7.912727871477354,-7.856108705737007,-0.05661916574034631,0.05661916574034631,True,0.11349184597375457,-8.026219717451108,-7.799236025503599,50,log_initial_freq
0.0,0.0,0.0,0.0,True,0.0,0.0,0.0,100,growth_rate
-0.0006421996987900397,0.011990941188582682,-0.012633140887372721,0.012633140887372721,True,0.013641847785926895,-0.014284047484716934,0.012999648087136856,100,growth_rate
0.040112034229406936,0.014938105439283478,0.025173928790123458,0.025173928790123458,False,0.012694525093731942,0.02741750913567499,0.05280655932313888,100,growth_rate
0.03231565187024833,0.02573360165041494,0.0065820502198333936,0.0065820502198333936,True,0.013528400128171298,0.018787251742077037,0.04584405199841963,100,growth_rate
0.03466968929086932,0.030764465414969633,0.0039052238758996854,0.0039052238758996854,True,0.013773531250746058,0.02089615804012326,0.04844322054161537,100,growth_rate
0.0374187987071035,0.03348471196641317,0.003934086740690325,0.003934086740690325,True,0.014485628690277527,0.02293317001682597,0.05190442739738102,100,growth_rate
0.027177701429610998,0.03628106891111671,-0.009103367481505711,0.009103367481505711,True,0.013427697799085666,0.013750003630525332,0.040605399228696666,100,growth_rate
0.04662082995045514,0.043614684390402336,0.0030061455600528045,0.0030061455600528045,True,0.013610819762688402,0.03301001018776674,0.06023164971314354,100,growth_rate
0.04890111034725038,0.04610850443586212,0.00279260591138826,0.00279260591138826,True,0.010430913629566307,0.03847019671768407,0.05933202397681669,100,growth_rate
0.05228282719702792,0.05005217229072234,0.0022306549063055778,0.0022306549063055778,True,0.014029863824792675,0.038252963372235244,0.0663126910218206,100,growth_rate
0.08986162578943589,0.06279265523191813,0.027068970557517766,0.027068970557517766,False,0.014235755374225197,0.0756258704152107,0.10409738116366109,100,growth_rate
0.07328546948892807,0.06464693230442708,0.008638537184500986,0.008638537184500986,True,0.013989447862896182,0.05929602162603189,0.08727491735182426,100,growth_rate
0.0825906381089978,0.07593049850427053,0.006660139604727278,0.006660139604727278,True,0.014116845198322498,0.0684737929106753,0.0967074833073203,100,growth_rate
0.09670601748069625,0.07843386923748163,0.018272148243214617,0.018272148243214617,False,0.016790626679675583,0.07991539080102067,0.11349664416037183,100,growth_rate
0.09070178104095339,0.09390741246193912,-0.003205631420985733,0.003205631420985733,True,0.012320968260871082,0.07838081278008231,0.10302274930182446,100,growth_rate
0.10876816664399128,0.09948801314853917,0.00928015349545211,0.00928015349545211,True,0.012589570041271805,0.09617859660271948,0.12135773668526308,100,growth_rate
0.0885105467255795,0.10068935552153657,-0.012178808795957077,0.012178808795957077,True,0.012369593375507712,0.07614095335007179,0.1008801401010872,100,growth_rate
0.08898889220085268,0.10270517230249376,-0.013716280101641082,0.013716280101641082,True,0.013772628824438988,0.0752162633764137,0.10276152102529167,100,growth_rate
0.1053941530351869,0.10362143906909338,0.0017727139660935198,0.0017727139660935198,True,0.014914606851032209,0.09047954618415469,0.12030875988621911,100,growth_rate
0.14119920139963216,0.1109789419660907,0.030220259433541452,0.030220259433541452,False,0.016193649086542798,0.12500555231308935,0.15739285048617496,100,growth_rate
0.11559535201250656,0.11252725241991596,0.0030680995925906063,0.0030680995925906063,True,0.020375498544366835,0.09521985346813973,0.1359708505568734,100,growth_rate
0.1381293085774843,0.11529210217753699,0.022837206399947296,0.022837206399947296,False,0.011561867394858462,0.12656744118262583,0.14969117597234274,100,growth_rate
0.14144335814815076,0.12133771109216906,0.020105647055981696,0.020105647055981696,False,0.011871251589266904,0.12957210655888385,0.15331460973741767,100,growth_rate
0.15203212715515574,0.1296262234537327,0.022405903701423036,0.022405903701423036,False,0.012356488748638853,0.1396756384065169,0.16438861590379458,100,growth_rate
0.13263088076437266,0.1319433354762567,0.0006875452881159594,0.0006875452881159594,True,0.01241443046258006,0.1202164503017926,0.14504531122695272,100,growth_rate
0.14628176009657404,0.13461778912553063,0.011663970971043408,0.011663970971043408,True,0.013670293076842964,0.13261146701973106,0.159952053173417,100,growth_rate
0.1338136339778276,0.13898875331180066,-0.0051751193339730495,0.0051751193339730495,True,0.012642587744453107,0.1211710462333745,0.14645622172228073,100,growth_rate
0.1640228031658831,0.13924364132398764,0.024779161841895464,0.024779161841895464,False,0.013298228050564994,0.15072457511531812,0.1773210312164481,100,growth_rate
0.1673256305837569,0.1417439312161049,0.025581699367652005,0.025581699367652005,False,0.018042672131705604,0.1492829584520513,0.1853683027154625,100,growth_rate
0.13250403604467026,0.14176254088565937,-0.009258504840989112,0.009258504840989112,True,0.021992616686689375,0.11051141935798088,0.15449665273135962,100,growth_rate
0.17216880465562384,0.14545236945647216,0.026716435199151678,0.026716435199151678,False,0.012651285052298221,0.1595175196033256,0.18482008970792208,100,growth_rate
0.1552145641678952,0.1458963871127163,0.0093181770551789,0.0093181770551789,True,0.016627571984053506,0.13858699218384168,0.1718421361519487,100,growth_rate
0.14480574817618663,0.15318176618808987,-0.008376018011903241,0.008376018011903241,True,0.013826421184076688,0.13097932699210996,0.1586321693602633,100,growth_rate
0.18501569371182464,0.16290357903243724,0.022112114679387396,0.022112114679387396,False,0.013845385844782643,0.171170307867042,0.19886107955660728,100,growth_rate
0.19368328002537166,0.16992433197840895,0.023758948046962713,0.023758948046962713,False,0.010604292387228336,0.18307898763814331,0.2042875724126,100,growth_rate
0.20327014990281575,0.18078238153128906,0.02248776837152669,0.02248776837152669,False,0.010859521597075874,0.19241062830573988,0.21412967149989162,100,growth_rate
0.17362484738885237,0.1810881061939167,-0.007463258805064321,0.007463258805064321,True,0.012232911830733714,0.16139193555811865,0.18585775921958608,100,growth_rate
0.1749563399573511,0.1829702924263047,-0.008013952468953589,0.008013952468953589,True,0.010505872525763517,0.1644504674315876,0.18546221248311462,100,growth_rate
0.19799959185366073,0.18680006207446415,0.011199529779196582,0.011199529779196582,True,0.01247816850551918,0.18552142334814153,0.21047776035917992,100,growth_rate
0.19840335465079326,0.18899702066444457,0.009406333986348686,0.009406333986348686,True,0.015676199679374725,0.18272715497141853,0.21407955433016798,100,growth_rate
0.18699791897084825,0.19398562877782438,-0.006987709806976133,0.006987709806976133,True,0.011109965010676098,0.17588795396017215,0.19810788398152435,100,growth_rate
0.22965405672191275,0.2032599581881243,0.026394098533788435,0.026394098533788435,False,0.01163534308477611,0.21801871363713662,0.24128939980668887,100,growth_rate
0.21896854477853747,0.20755059850503482,0.01141794627350265,0.01141794627350265,True,0.011747466582565176,0.2072210781959723,0.23071601136110265,100,growth_rate
0.22207811040660752,0.22022685883536974,0.0018512515712377775,0.0018512515712377775,True,0.010603204860502641,0.21147490554610487,0.23268131526711017,100,growth_rate
0.23888065061418504,0.22040492182531823,0.018475728788866802,0.018475728788866802,False,0.010166370667310921,0.22871427994687413,0.24904702128149594,100,growth_rate
0.22423074393428855,0.22257252463176602,0.0016582193025225234,0.0016582193025225234,True,0.010597178631681135,0.2136335653026074,0.23482792256596968,100,growth_rate
0.23010933264137143,0.2273110377609734,0.002798294880398039,0.002798294880398039,True,0.01059223754824274,0.2195170950931287,0.24070157018961416,100,growth_rate
0.22580467500922888,0.22841661219735554,-0.0026119371881266618,0.0026119371881266618,True,0.012855319525119025,0.21294935548410984,0.2386599945343479,100,growth_rate
0.23839883414110916,0.22884319966148897,0.009555634479620184,0.009555634479620184,True,0.013096486968709945,0.22530234717239922,0.2514953211098191,100,growth_rate
0.26284799571991785,0.23447012434958453,0.02837787137033332,0.02837787137033332,False,0.010543636754431379,0.2523043589654865,0.2733916324743492,100,growth_rate
0.24069442832887486,0.23754430531721565,0.003150123011659206,0.003150123011659206,True,0.011371526901621503,0.22932290142725337,0.25206595523049635,100,growth_rate
0.2611299620716643,0.24011997804270502,0.02100998402895926,0.02100998402895926,False,0.011966249931254551,0.24916371214040972,0.27309621200291884,100,growth_rate
0.23960848843154461,0.24179276617579326,-0.002184277744248647,0.002184277744248647,True,0.010893821390109193,0.22871466704143542,0.2505023098216538,100,growth_rate
0.27520616295829287,0.2554138025988315,0.01979236035946136,0.01979236035946136,False,0.01112396141499818,0.2640822015432947,0.28633012437329103,100,growth_rate
0.268569620369212,0.25701752990872095,0.011552090460491049,0.011552090460491049,True,0.012152293422154669,0.2564173269470573,0.2807219137913667,100,growth_rate
0.2906294437866925,0.2705098366798856,0.02011960710680688,0.02011960710680688,False,0.011665806620094839,0.2789636371665976,0.30229525040678734,100,growth_rate
0.2884840155503384,0.27232450901592237,0.016159506534416057,0.016159506534416057,False,0.01454888962100879,0.2739351259293296,0.30303290517134723,100,growth_rate
0.2729916766678791,0.27539895128728775,-0.0024072746194086503,0.0024072746194086503,True,0.011012805171417615,0.2619788714964615,0.2840044818392967,100,growth_rate
0.27517610531402914,0.2764222865752228,-0.0012461812611936351,0.0012461812611936351,True,0.01495705991428205,0.2602190453997471,0.2901331652283112,100,growth_rate
0.30061035948836606,0.27663886590382675,0.023971493584539316,0.023971493584539316,False,0.012519094993727392,0.2880912644946387,0.31312945448209345,100,growth_rate
0.2768315245598768,0.27892038119422546,-0.002088856634348657,0.002088856634348657,True,0.010160024147485527,0.2666715004123913,0.2869915487073623,100,growth_rate
0.2660236639338623,0.279427043995441,-0.013403380061578707,0.013403380061578707,False,0.010355120281632602,0.2556685436522297,0.2763787842154949,100,growth_rate
0.2940216711262051,0.2863969349344375,0.007624736191767567,0.007624736191767567,True,0.012175793530963154,0.28184587759524193,0.30619746465716824,100,growth_rate
0.30807676253609667,0.2931264522339107,0.014950310302185965,0.014950310302185965,False,0.01239321292482985,0.2956835496112668,0.32046997546092654,100,growth_rate
0.29859875384528745,0.2954314087081754,0.003167345137112032,0.003167345137112032,True,0.011022839776045047,0.2875759140692424,0.3096215936213325,100,growth_rate
0.2926552305279353,0.2983318873009314,-0.005676656772996114,0.005676656772996114,True,0.011167215347820237,0.28148801518011507,0.3038224458757555,100,growth_rate
0.32975222637215273,0.3168327818937874,0.01291944447836535,0.01291944447836535,False,0.011705409733758426,0.3180468166383943,0.3414576361059112,100,growth_rate
0.33335918869277437,0.32457202380738037,0.008787164885393994,0.008787164885393994,True,0.013610745323381548,0.31974844336939284,0.3469699340161559,100,growth_rate
0.339678454357551,0.3252384291068698,0.014440025250681221,0.014440025250681221,False,0.014204898635691311,0.3254735557218597,0.3538833529932423,100,growth_rate
0.33708812257316245,0.3267054512617681,0.010382671311394365,0.010382671311394365,True,0.011450716972351633,0.32563740560081084,0.34853883954551407,100,growth_rate
0.3292133084978445,0.33016295319980626,-0.0009496447019617382,0.0009496447019617382,True,0.011207045674206962,0.3180062628236376,0.34042035417205146,100,growth_rate
0.34826569756522907,0.33406740236763377,0.014198295197595301,0.014198295197595301,False,0.012904517561642,0.33536118000358706,0.3611702151268711,100,growth_rate
0.34318045114113194,0.33619183795640684,0.006988613184725101,0.006988613184725101,True,0.010843056105331263,0.3323373950358007,0.3540235072464632,100,growth_rate
0.3576180469951689,0.33812745099006564,0.019490596005103278,0.019490596005103278,False,0.010546668546480694,0.34707137844868824,0.3681647155416496,100,growth_rate
0.3604100971997786,0.3408058894037133,0.01960420779606531,0.01960420779606531,False,0.010577490705825596,0.34983260649395304,0.3709875879056042,100,growth_rate
0.36135578110621325,0.34459020687745706,0.016765574228756186,0.016765574228756186,False,0.012012182935720594,0.34934359817049265,0.37336796404193384,100,growth_rate
0.3520949646641998,0.34554646092788216,0.006548503736317657,0.006548503736317657,True,0.011030819223074603,0.34106414544112523,0.3631257838872744,100,growth_rate
0.3519370278348419,0.3457387554736651,0.00619827236117676,0.00619827236117676,True,0.009524792193363088,0.34241223564147877,0.361461820028205,100,growth_rate
0.3617603997217786,0.34656895915649816,0.015191440565280434,0.015191440565280434,False,0.01227237054026951,0.34948802918150906,0.3740327702620481,100,growth_rate
0.3577111841190406,0.35359030040394884,0.004120883715091783,0.004120883715091783,True,0.010667780010980493,0.3470434041080601,0.36837896413002114,100,growth_rate
0.37305204284769744,0.35384331090783555,0.01920873193986189,0.01920873193986189,False,0.01176178829186486,0.3612902545558326,0.3848138311395623,100,growth_rate
0.3693691324270311,0.3540739113090524,0.015295221117978708,0.015295221117978708,False,0.010781487933927972,0.35858764449310315,0.3801506203609591,100,growth_rate
0.37339206921038515,0.36196956971874106,0.01142249949164409,0.01142249949164409,False,0.010973530628270797,0.36241853858211437,0.3843655998386559,100,growth_rate
0.3704376323253171,0.3631597492140186,0.007277883111298511,0.007277883111298511,True,0.010561489218599607,0.3598761431067175,0.38099912154391674,100,growth_rate
0.37787002944398534,0.37237616171217963,0.005493867731805713,0.005493867731805713,True,0.01133305584457913,0.36653697359940624,0.38920308528856445,100,growth_rate
0.3812302473875198,0.3733731115510023,0.007857135836517537,0.007857135836517537,True,0.011521635822297234,0.36970861156522256,0.3927518832098171,100,growth_rate
0.3999995820241392,0.3901573822556835,0.009842199768455684,0.009842199768455684,True,0.01056397418018799,0.3894356078439512,0.4105635562043272,100,growth_rate
0.42885466826300317,0.41959652889998533,0.009258139363017837,0.009258139363017837,True,0.00981219418169518,0.419042474081308,0.4386668624446983,100,growth_rate
0.431578207476989,0.4210515929383234,0.010526614538665602,0.010526614538665602,False,0.009792606077595474,0.42178560139939353,0.44137081355458446,100,growth_rate
0.4334202594933173,0.42287543564658964,0.010544823846727669,0.010544823846727669,False,0.009788237727508838,0.42363202176580844,0.44320849722082617,100,growth_rate
0.4403397598945606,0.43026695647346325,0.010072803421097343,0.010072803421097343,False,0.009685828597963,0.43065393129659757,0.4500255884925236,100,growth_rate
0.4552636301389081,0.44647347717382735,0.008790152965080733,0.008790152965080733,True,0.009617692544049218,0.4456459375948589,0.4648813226829573,100,growth_rate
0.4578615140351923,0.44814654446671903,0.009714969568473286,0.009714969568473286,False,0.00961358919807754,0.4482479248371148,0.46747510323326985,100,growth_rate
0.461410603320356,0.45141705426919904,0.009993549051156958,0.009993549051156958,False,0.009614758085233242,0.45179584523512273,0.47102536140558926,100,growth_rate
0.46675982906405317,0.4569876335029689,0.009772195561084274,0.009772195561084274,False,0.00959908592100063,0.45716074314305255,0.4763589149850538,100,growth_rate
0.4737129147030706,0.4633628421268639,0.010350072576206681,0.010350072576206681,False,0.009585737434580835,0.46412717726848973,0.48329865213765144,100,growth_rate
0.47779929251136266,0.4681918249302152,0.009607467581147444,0.009607467581147444,False,0.009592680683245106,0.46820661182811757,0.48739197319460775,100,growth_rate
0.48582266311834243,0.4760506215156041,0.009772041602738313,0.009772041602738313,False,0.00958175988401912,0.47624090323432333,0.49540442300236154,100,growth_rate
0.49559158967596334,0.4858013030867838,0.00979028658917952,0.00979028658917952,False,0.009584009089346635,0.4860075805866167,0.5051755987653099,100,growth_rate
0.497676764453802,0.4879977112364669,0.009679053217335087,0.009679053217335087,False,0.00958448050599012,0.48809228394781184,0.5072612449597921,100,growth_rate
0.0,0.0,0.0,0.0,True,0.0,0.0,0.0,100,log_initial_freq
-2.0596383104748983,-2.144027465162397,0.08438915468749864,0.08438915468749864,True,0.14861793006390644,-2.208256240538805,-1.9110203804109918,100,log_initial_freq
-2.287710394946479,-2.170384362958594,-0.11732603198788505,0.11732603198788505,True,0.14412093581447288,-2.4318313307609523,-2.143589459132006,100,log_initial_freq
-2.277134414590913,-2.2873925418127508,0.010258127221837832,0.010258127221837832,True,0.15263214442630665,-2.4297665590172195,-2.1245022701646064,100,log_initial_freq
-2.403008395465749,-2.3816981008374176,-0.021310294628331228,0.021310294628331228,True,0.1502217353370442,-2.553230130802793,-2.2527866601287045,100,log_initial_freq
-2.3932710705719673,-2.439645894477633,0.04637482390566561,0.04637482390566561,True,0.146017519954182,-2.5392885905261493,-2.2472535506177853,100,log_initial_freq
-2.3182219277851517,-2.5161483979643733,0.1979264701792216,0.1979264701792216,False,0.15415690019556186,-2.4723788279807137,-2.1640650275895896,100,log_initial_freq
-2.63977875742485,-2.582995348769612,-0.05678340865523834,0.05678340865523834,True,0.14482585069470444,-2.7846046081195546,-2.4949529067301457,100,log_initial_freq
-2.654135656453025,-2.6222414663993714,-0.03189419005365357,0.03189419005365357,True,0.15676960981211902,-2.810905266265144,-2.497366046640906,100,log_initial_freq
-2.601803885291408,-2.642318273914072,0.040514388622663766,0.040514388622663766,True,0.16432687320658546,-2.7661307584979937,-2.4374770120848224,100,log_initial_freq
-3.061177478489437,-2.836796522318441,-0.22438095617099618,0.22438095617099618,False,0.17773854520723703,-3.238916023696674,-2.8834389332822004,100,log_initial_freq
-3.0329835151308715,-2.925494772240924,-0.10748874288994736,0.10748874288994736,True,0.17696494917537545,-3.209948464306247,-2.856018565955496,100,log_initial_freq
-2.868011847999102,-2.9473808847401193,0.07936903674101714,0.07936903674101714,True,0.17425247432457283,-3.042264322323675,-2.693759373674529,100,log_initial_freq
-3.0439756948115813,-2.964841653200176,-0.07913404161140525,0.07913404161140525,True,0.1924011427633629,-3.236376837574944,-2.8515745520482185,100,log_initial_freq
-3.220919727079511,-3.3181114129317977,0.09719168585228655,0.09719168585228655,True,0.17300267783672094,-3.393922404916232,-3.0479170492427903,100,log_initial_freq
-3.536373540052082,-3.5195226613879727,-0.01685087866410928,0.01685087866410928,True,0.18582723091978745,-3.7222007709718694,-3.3505463091322945,100,log_initial_freq
-3.431267809333625,-3.5314860594538446,0.10021825012021957,0.10021825012021957,True,0.20172064645397533,-3.6329884557876,-3.22954716287965,100,log_initial_freq
-3.5318506102344465,-3.6420830094317767,0.11023239919733019,0.11023239919733019,True,0.20718139046219136,-3.7390320006966378,-3.324669219772255,100,log_initial_freq
-3.5895859623058124,-3.6563651633751073,0.06677920106929491,0.06677920106929491,True,0.2027222037358518,-3.792308166041664,-3.3868637585699606,100,log_initial_freq
-3.9299375383367385,-3.751113064291371,-0.1788244740453675,0.1788244740453675,True,0.223638085777706,-4.153575624114445,-3.7062994525590325,100,log_initial_freq
-3.8121775420292563,-3.7538802691059736,-0.058297272923282684,0.058297272923282684,True,0.24957584106631306,-4.061753383095569,-3.562601700962943,100,log_initial_freq
-3.914560658744482,-3.756916395152614,-0.15764426359186778,0.15764426359186778,True,0.21406804033925256,-4.128628699083735,-3.7004926184052294,100,log_initial_freq
-3.8549733917805087,-3.8411724901220223,-0.013800901658486353,0.013800901658486353,True,0.19177095924437365,-4.046744351024882,-3.663202432536135,100,log_initial_freq
-3.9651108093399547,-3.8511349343160184,-0.11397587502393636,0.11397587502393636,True,0.20976048887024126,-4.174871298210196,-3.7553503204697134,100,log_initial_freq
-3.7534025284644454,-3.8534424688654143,0.10003994040096886,0.10003994040096886,True,0.20032056556096522,-3.9537230940254107,-3.55308196290348,100,log_initial_freq
-3.982910854950723,-3.8649175174705155,-0.11799333748020757,0.11799333748020757,True,0.21085212118948055,-4.193762976140204,-3.7720587337612423,100,log_initial_freq
-3.8213276518435193,-3.9103293271554405,0.08900167531192116,0.08900167531192116,True,0.198429168501983,-4.019756820345503,-3.6228984833415363,100,log_initial_freq
-4.117273883485118,-3.942470588119212,-0.17480329536590578,0.17480329536590578,True,0.2159060858776617,-4.33317996936278,-3.901367797607456,100,log_initial_freq
-4.2712433563352965,-3.965697944523118,-0.30554541181217854,0.30554541181217854,False,0.2385096757505404,-4.509753032085837,-4.032733680584756,100,log_initial_freq
-3.896246490938476,-3.9911911715883948,0.09494468064991857,0.09494468064991857,True,0.24423098515571404,-4.1404774760941905,-3.6520155057827624,100,log_initial_freq
-4.130535590079571,-4.038044561602325,-0.09249102847724622,0.09249102847724622,True,0.21270599665478235,-4.3432415867343535,-3.9178295934247886,100,log_initial_freq
-4.111922694071182,-4.0795345848587825,-0.03238810921239921,0.03238810921239921,True,0.23012779974257905,-4.342050493813761,-3.8817948943286025,100,log_initial_freq
-4.026750941782931,-4.097138850717562,0.07038790893463176,0.07038790893463176,True,0.21360453605460172,-4.240355477837532,-3.813146405728329,100,log_initial_freq
-4.21212856355084,-4.1051357143114355,-0.10699284923940411,0.10699284923940411,True,0.21089533323238957,-4.42302389678323,-4.00123323031845,100,log_initial_freq
-4.318524408691234,-4.198006617274551,-0.12051779141668284,0.12051779141668284,True,0.18193445529920227,-4.500458863990436,-4.136589953392032,100,log_initial_freq
-4.710732213280998,-4.4200173523888235,-0.2907148608921748,0.2907148608921748,False,0.23465630441377022,-4.945388517694768,-4.476075908867228,100,log_initial_freq
-4.029676348573595,-4.4548230955018955,0.42514674692830035,0.42514674692830035,False,0.20558029607203554,-4.235256644645631,-3.8240960525015595,100,log_initial_freq
-4.356397303135031,-4.482482573193072,0.1260852700580406,0.1260852700580406,True,0.21274724694272246,-4.569144550077754,-4.143650056192309,100,log_initial_freq
-4.535978059822095,-4.56323678078675,0.02725872096465487,0.02725872096465487,True,0.21105299958444432,-4.747031059406539,-4.324925060237651,100,log_initial_freq
-4.705354705212135,-4.646875472054708,-0.05847923315742687,0.05847923315742687,True,0.25184834671390804,-4.957203051926043,-4.453506358498227,100,log_initial_freq
-4.519655373232783,-4.652955425669294,0.13330005243651133,0.13330005243651133,True,0.2346648279540195,-4.754320201186802,-4.284990545278763,100,log_initial_freq
-4.980639533330529,-4.680333609154079,-0.30030592417644986,0.30030592417644986,False,0.24206622297778563,-5.222705756308315,-4.738573310352743,100,log_initial_freq
-4.779854329613292,-4.682932561097327,-0.09692176851596468,0.09692176851596468,True,0.23389680077060007,-5.013751130383891,-4.545957528842692,100,log_initial_freq
-4.689188105052091,-4.6952125845525465,0.006024479500455371,0.006024479500455371,True,0.2044964074728957,-4.893684512524987,-4.484691697579195,100,log_initial_freq
-4.988670448439756,-4.732105891808931,-0.256564556630825,0.256564556630825,False,0.22255281938902138,-5.211223267828778,-4.7661176290507345,100,log_initial_freq
-4.647060661268861,-4.753881959841372,0.10682129857251166,0.10682129857251166,True,0.17198142560775234,-4.819042086876613,-4.475079235661108,100,log_initial_freq
-4.733008423311625,-4.9157896410953485,0.1827812177837238,0.1827812177837238,True,0.20491190749997484,-4.9379203308115995,-4.52809651581165,100,log_initial_freq
-4.725494687656389,-4.935034368814022,0.20953968115763288,0.20953968115763288,True,0.2220347622578074,-4.947529449914197,-4.503459925398581,100,log_initial_freq
-5.031272017680396,-5.098486805890481,0.06721478821008464,0.06721478821008464,True,0.24065894353664513,-5.271930961217041,-4.790613074143751,100,log_initial_freq
-5.442004057614653,-5.11856026348754,-0.32344379412711355,0.32344379412711355,False,0.23786877833566766,-5.679872835950321,-5.204135279278986,100,log_initial_freq
-5.140769426925235,-5.149468336193412,0.008698909268177069,0.008698909268177069,True,0.23861010202359176,-5.379379528948827,-4.9021593249016435,100,log_initial_freq
-5.377086570852521,-5.186358507804986,-0.1907280630475352,0.1907280630475352,True,0.23189074380180139,-5.6089773146543225,-5.14519582705072,100,log_initial_freq
-5.041315420322851,-5.253881604062133,0.21256618373928138,0.21256618373928138,False,0.20678635204626403,-5.2481017723691155,-4.834529068276587,100,log_initial_freq
-5.419394864722397,-5.259000653631734,-0.16039421109066332,0.16039421109066332,True,0.2283623509844742,-5.647757215706871,-5.191032513737923,100,log_initial_freq
-5.372919812289942,-5.272267546868319,-0.10065226542162353,0.10065226542162353,True,0.21853915707771698,-5.591458969367659,-5.1543806552122255,100,log_initial_freq
-5.454077485221368,-5.329129704418808,-0.12494778080256008,0.12494778080256008,True,0.2150603542367056,-5.669137839458074,-5.239017130984662,100,log_initial_freq
-5.440627955988501,-5.355140938096181,-0.08548701789232016,0.08548701789232016,True,0.23924115053065814,-5.679869106519159,-5.201386805457843,100,log_initial_freq
-5.229225673192416,-5.357277693975563,0.12805202078314704,0.12805202078314704,True,0.20515012754249123,-5.434375800734907,-5.024075545649925,100,log_initial_freq
-5.222214996465778,-5.509392817939582,0.28717782147380433,0.28717782147380433,False,0.23182437321201727,-5.454039369677795,-4.99039062325376,100,log_initial_freq
-5.849486829282966,-5.560880501742508,-0.28860632754045756,0.28860632754045756,False,0.25148148655219504,-6.100968315835161,-5.5980053427307706,100,log_initial_freq
-5.298538399976336,-5.672172454666107,0.37363405468977096,0.37363405468977096,False,0.20199052153223762,-5.5005289215085735,-5.096547878444099,100,log_initial_freq
-5.49623426880958,-5.732035752026665,0.2358014832170845,0.2358014832170845,False,0.21532554371196133,-5.711559812521542,-5.2809087250976186,100,log_initial_freq
-5.617404113476155,-5.75839925510643,0.14099514163027482,0.14099514163027482,True,0.22905091984055753,-5.846455033316713,-5.388353193635598,100,log_initial_freq
-5.857707632861941,-5.804356490884343,-0.05335114197759783,0.05335114197759783,True,0.241991004449628,-6.099698637311569,-5.615716628412313,100,log_initial_freq
-5.766356039524354,-5.826942725673,0.06058668614864615,0.06058668614864615,True,0.20141052784337551,-5.967766567367729,-5.564945511680978,100,log_initial_freq
-5.654668204001512,-5.830611421624531,0.17594321762301934,0.17594321762301934,True,0.2298043506339764,-5.884472554635488,-5.424863853367535,100,log_initial_freq
-6.022632735207914,-5.960908016259093,-0.061724718948821256,0.061724718948821256,True,0.2209954489284921,-6.243628184136406,-5.801637286279422,100,log_initial_freq
-6.021453709498675,-6.045157051610753,0.023703342112077586,0.023703342112077586,True,0.2484829194984674,-6.269936628997143,-5.772970790000207,100,log_initial_freq
-6.336657050031774,-6.1618188057429215,-0.17483824428885253,0.17483824428885253,True,0.29016229362092855,-6.626819343652703,-6.046494756410845,100,log_initial_freq
-6.322217178849892,-6.249243354647405,-0.07297382420248777,0.07297382420248777,True,0.24477751452877802,-6.56699469337867,-6.077439664321115,100,log_initial_freq
-6.082857755469422,-6.254571566522334,0.1717138110529124,0.1717138110529124,True,0.2279915062160838,-6.310849261685505,-5.854866249253338,100,log_initial_freq
-6.4177826833496665,-6.298849509372087,-0.11893317397757919,0.11893317397757919,True,0.2536300056762227,-6.671412689025889,-6.164152677673444,100,log_initial_freq
-6.256502171967893,-6.299072825406741,0.04257065343884836,0.04257065343884836,True,0.19061824514194542,-6.447120417109838,-6.065883926825947,100,log_initial_freq
-6.6408668037839735,-6.3290763041121485,-0.31179049967182504,0.31179049967182504,False,0.2218335424391717,-6.8627003462231455,-6.419033261344802,100,log_initial_freq
-6.519888066146549,-6.332134960258392,-0.18775310588815675,0.18775310588815675,True,0.1971768803864204,-6.717064946532969,-6.322711185760128,100,log_initial_freq
-6.522468146463597,-6.384586530493633,-0.13788161596996407,0.13788161596996407,True,0.24033434821153854,-6.762802494675135,-6.282133798252058,100,log_initial_freq
-6.348527753409879,-6.41667997428492,0.06815222087504047,0.06815222087504047,True,0.20926706958449046,-6.55779482299437,-6.1392606838253885,100,log_initial_freq
-6.371796937247635,-6.444485318555207,0.07268838130757249,0.07268838130757249,True,0.19426412376727484,-6.56606106101491,-6.17753281348036,100,log_initial_freq
-6.671781682662908,-6.543947466893972,-0.12783421576893605,0.12783421576893605,True,0.25331514283162737,-6.925096825494535,-6.418466539831281,100,log_initial_freq
-6.571390969082748,-6.616494773869556,0.04510380478680798,0.04510380478680798,True,0.22137151936746016,-6.792762488450209,-6.350019449715288,100,log_initial_freq
-6.927906808064995,-6.649672970961008,-0.2782338371039863,0.2782338371039863,False,0.2490543197109884,-7.176961127775983,-6.678852488354006,100,log_initial_freq
-6.830557567263721,-6.6682526964069115,-0.16230487085680956,0.16230487085680956,True,0.22700819606886977,-7.057565763332591,-6.603549371194851,100,log_initial_freq
-6.849916290658506,-6.75654273117088,-0.09337355948762571,0.09337355948762571,True,0.2280618842670801,-7.077978174925586,-6.621854406391425,100,log_initial_freq
-6.797372797805143,-6.767537932370075,-0.029834865435067748,0.029834865435067748,True,0.21656985996096337,-7.013942657766107,-6.5808029378441795,100,log_initial_freq
-6.778380503341344,-6.791727733741562,0.013347230400217569,0.013347230400217569,True,0.22465107820676988,-7.003031581548114,-6.553729425134574,100,log_initial_freq
-6.798128397465463,-6.80614384221753,0.008015444752066614,0.008015444752066614,True,0.22500459160368685,-7.0231329890691505,-6.573123805861776,100,log_initial_freq
-6.938217970705982,-6.87311105045673,-0.06510692024925202,0.06510692024925202,True,0.19037067729554621,-7.128588648001529,-6.747847293410436,100,log_initial_freq
-7.101416784298853,-7.05879356915022,-0.04262321514863299,0.04262321514863299,True,0.14593528468186295,-7.247352068980716,-6.95548149961699,100,log_initial_freq
-7.131621491297976,-7.088834017948754,-0.04278747334922173,0.04278747334922173,True,0.14404212046467985,-7.275663611762655,-6.987579370833296,100,log_initial_freq
-7.286516081842846,-7.224236812346875,-0.062279269495970624,0.062279269495970624,True,0.15061227615961495,-7.437128358002461,-7.135903805683231,100,log_initial_freq
-7.274856252991256,-7.246488137216982,-0.028368115774274116,0.028368115774274116,True,0.13189744945464016,-7.406753702445896,-7.142958803536616,100,log_initial_freq
-7.39175193620012,-7.399373932511332,0.007621996311211632,0.007621996311211632,True,0.12581027600576994,-7.51756221220589,-7.2659416601943505,100,log_initial_freq
-7.455883216100544,-7.446697946769655,-0.009185269330888701,0.009185269330888701,True,0.12453094351427146,-7.580414159614815,-7.3313522725862725,100,log_initial_freq
-7.515340387930726,-7.476623787315172,-0.03871660061555371,0.03871660061555371,True,0.1228631408515475,-7.638203528782274,-7.392477247079178,100,log_initial_freq
-7.6179282484095925,-7.564627173066599,-0.05330107534299344,0.05330107534299344,True,0.12108597880187477,-7.7390142272114675,-7.4968422696077175,100,log_initial_freq
-7.668291768513956,-7.598183456403042,-0.07010831211091428,0.07010831211091428,True,0.11527725415564154,-7.783569022669598,-7.553014514358315,100,log_initial_freq
-7.641525810049715,-7.630826415020365,-0.010699395029350356,0.010699395029350356,True,0.11222287755409555,-7.75374868760381,-7.52930293249562,100,log_initial_freq
-7.720612507950684,-7.691196780195021,-0.029415727755663035,0.029415727755663035,True,0.10964040113540609,-7.830252909086091,-7.610972106815278,100,log_initial_freq
-7.859406177903049,-7.820742734728598,-0.038663443174450585,0.038663443174450585,True,0.1073791846745395,-7.966785362577588,-7.752026993228509,100,log_initial_freq
-7.875984017387816,-7.856108705737007,-0.019875311650809024,0.019875311650809024,True,0.10755202570850202,-7.9835360430963185,-7.768431991679314,100,log_initial_freq
0.0,0.0,0.0,0.0,True,0.0,0.0,0.0,200,growth_rate
0.024959799212609938,0.011990941188582682,0.012968858024027256,0.012968858024027256,True,0.027704730799810142,-0.002744931587200204,0.05266453001242008,200,growth_rate
0.027921785492808906,0.014938105439283478,0.012983680053525428,0.012983680053525428,True,0.019898506719397965,0.008023278773410941,0.04782029221220687,200,growth_rate
0.04370462613306061,0.022748652927934432,0.020955973205126176,0.020955973205126176,True,0.026299099299221074,0.017405526833839533,0.07000372543228169,200,growth_rate
0.030487918763246906,0.02455446219893681,0.005933456564310095,0.005933456564310095,True,0.01917133491088347,0.011316583852363435,0.04965925367413038,200,growth_rate
0.020006079606750063,0.02573360165041494,-0.005727522043664876,0.005727522043664876,True,0.02191109030522034,-0.0019050106984702768,0.041917169911970406,200,growth_rate
0.025382771502067844,0.027820770525844085,-0.002437999023776241,0.002437999023776241,True,0.021175593832500245,0.004207177669567599,0.046558365334568086,200,growth_rate
0.026434679961335337,0.028865743911483777,-0.0024310639501484398,0.0024310639501484398,True,0.021550446109259155,0.004884233852076182,0.04798512607059449,200,growth_rate
0.03658138388006741,0.030764465414969633,0.005816918465097777,0.005816918465097777,True,0.02314178866484184,0.013439595215225569,0.05972317254490925,200,growth_rate
0.019217983038954483,0.031139740202887956,-0.011921757163933473,0.011921757163933473,True,0.021163334934355117,-0.0019453518954006335,0.0403813179733096,200,growth_rate
0.0336575998864514,0.03233659899514163,0.0013210008913097718,0.0013210008913097718,True,0.020718084145895203,0.012939515740556198,0.054375684032346605,200,growth_rate
0.03393612747157839,0.03348471196641317,0.00045141550516521883,0.00045141550516521883,True,0.02364490887312962,0.010291218598448771,0.057581036344708014,200,growth_rate
0.04215862883076827,0.03506625254383511,0.007092376286933162,0.007092376286933162,True,0.019027968020123322,0.023130660810644948,0.06118659685089159,200,growth_rate
0.02614454167072164,0.03628106891111671,-0.010136527240395068,0.010136527240395068,True,0.021232374357739038,0.004912167312982604,0.04737691602846068,200,growth_rate
0.022133532072751844,0.036811834609678795,-0.014678302536926952,0.014678302536926952,True,0.025762075055460656,-0.003628542982708812,0.0478956071282125,200,growth_rate
0.07604348844009358,0.0370188981399982,0.03902459030009538,0.03902459030009538,False,0.02292972352653364,0.053113764913559944,0.09897321196662721,200,growth_rate
0.0346948233916166,0.041435509398778714,-0.006740686007162114,0.006740686007162114,True,0.024120332617131972,0.010574490774484628,0.05881515600874857,200,growth_rate
0.03712232729649154,0.043614684390402336,-0.006492357093910793,0.006492357093910793,True,0.025115651921033592,0.01200667537545795,0.062237979217525136,200,growth_rate
0.06370872469400109,0.044895434761532405,0.018813289932468683,0.018813289932468683,True,0.02184269192609496,0.041866032767906125,0.08555141662009605,200,growth_rate
0.053428640226829464,0.0460657959002958,0.0073628443265336616,0.0073628443265336616,True,0.01814182956224272,0.03528681066458675,0.07157046978907218,200,growth_rate
0.041549304304114056,0.04610850443586212,-0.004559200131748063,0.004559200131748063,True,0.024447338939746103,0.017101965364367953,0.06599664324386016,200,growth_rate
0.011619132751454911,0.047783407503306785,-0.036164274751851876,0.036164274751851876,False,0.03079129636535198,-0.01917216361389707,0.04241042911680689,200,growth_rate
0.03519639691922338,0.05005217229072234,-0.014855775371498958,0.014855775371498958,True,0.02482197888196012,0.010374418037263262,0.06001837580118351,200,growth_rate
0.07439087325597857,0.06279265523191813,0.011598218024060442,0.011598218024060442,True,0.019821246713090386,0.05456962654288818,0.09421211996906895,200,growth_rate
0.0613835108854285,0.06464693230442708,-0.0032634214189985883,0.0032634214189985883,True,0.027756205793106094,0.0336273050923224,0.0891397166785346,200,growth_rate
0.05398098720914059,0.06973356209123016,-0.015752574882089573,0.015752574882089573,True,0.019298975206306326,0.03468201200283426,0.07327996241544692,200,growth_rate
0.03906531343321272,0.07166615873566068,-0.03260084530244796,0.03260084530244796,False,0.022940887661686653,0.016124425771526067,0.06200620109489938,200,growth_rate
0.06814253508647224,0.07593049850427053,-0.007787963417798291,0.007787963417798291,True,0.021115677774590103,0.047026857311882136,0.08925821286106234,200,growth_rate
0.07562035363171685,0.0768701042855715,-0.0012497506538546588,0.0012497506538546588,True,0.025488120305567224,0.05013223332614962,0.10110847393728407,200,growth_rate
0.06809050454055668,0.07813121183563676,-0.010040707295080081,0.010040707295080081,True,0.01889242466097124,0.04919807987958544,0.08698292920152792,200,growth_rate
0.08503584232723352,0.07843386923748163,0.006601973089751884,0.006601973089751884,True,0.03238370784427723,0.05265213448295629,0.11741955017151075,200,growth_rate
0.10386453336372066,0.079016827350747,0.02484770601297366,0.02484770601297366,False,0.020932222856448628,0.08293231050727204,0.12479675622016928,200,growth_rate
0.08028880100724195,0.08501677211856734,-0.004727971111325391,0.004727971111325391,True,0.019753812463354,0.060534988543887946,0.10004261347059595,200,growth_rate
0.07776749414174151,0.08860669040091179,-0.010839196259170278,0.010839196259170278,True,0.019661908513925717,0.0581055856278158,0.09742940265566723,200,growth_rate
0.1284160177499344,0.09390741246193912,0.03450860528799529,0.03450860528799529,False,0.022105921086058477,0.10631009666387593,0.15052193883599288,200,growth_rate
0.07879329627127102,0.09603614819680156,-0.017242851925530545,0.017242851925530545,True,0.02018321238294009,0.05861008388833093,0.0989765086542111,200,growth_rate
0.08431685219274443,0.09819028835006843,-0.013873436157324004,0.013873436157324004,True,0.02226021467841107,0.06205663751433336,0.1065770668711555,200,growth_rate
0.0971387508823645,0.09948801314853917,-0.0023492622661746704,0.0023492622661746704,True,0.020036693450596887,0.07710205743176761,0.11717544433296138,200,growth_rate
0.10788728397029446,0.10068935552153657,0.007197928448757884,0.007197928448757884,True,0.021874267682088628,0.08601301628820583,0.1297615516523831,200,growth_rate
0.11428494427421274,0.10246988445388955,0.011815059820323187,0.011815059820323187,True,0.023256100104556216,0.09102884416965652,0.13754104437876896,200,growth_rate
0.12156603046727388,0.10270517230249376,0.018860858164780114,0.018860858164780114,True,0.022279663380680315,0.09928636708659357,0.1438456938479542,200,growth_rate
0.12206886590176817,0.10362143906909338,0.018447426832674793,0.018447426832674793,True,0.0204804359149734,0.10158842998679476,0.14254930181674158,200,growth_rate
0.09053305839143538,0.10468667476118182,-0.014153616369746436,0.014153616369746436,True,0.024009352123254033,0.06652370626818135,0.11454241051468941,200,growth_rate
0.11414250007111817,0.10797473550988834,0.006167764561229833,0.006167764561229833,True,0.01925604095454336,0.09488645911657481,0.13339854102566154,200,growth_rate
0.08151459590461603,0.10899288420467679,-0.027478288300060758,0.027478288300060758,False,0.019697267506380702,0.061817328398235324,0.10121186341099674,200,growth_rate
0.11433702693099242,0.1109789419660907,0.0033580849649017114,0.0033580849649017114,True,0.024457243074665062,0.08987978385632736,0.13879427000565747,200,growth_rate
0.09407230519263138,0.11252725241991596,-0.01845494722728458,0.01845494722728458,True,0.02104845542615315,0.07302384976647823,0.11512076061878453,200,growth_rate
0.09357534608845572,0.11529210217753699,-0.021716756089081274,0.021716756089081274,True,0.025541176632370956,0.06803416945608476,0.11911652272082668,200,growth_rate
0.09653917898032263,0.11541813278816343,-0.018878953807840798,0.018878953807840798,True,0.022543640814362303,0.07399553816596033,0.11908281979468494,200,growth_rate
0.10776227792481208,0.12028516016729951,-0.012522882242487432,0.012522882242487432,True,0.018579599224270615,0.08918267870054146,0.12634187714908268,200,growth_rate
0.1149934124371454,0.12133771109216906,-0.0063442986550236585,0.0063442986550236585,True,0.02389205723821151,0.09110135519893389,0.13888546967535692,200,growth_rate
0.12138585735573056,0.1296262234537327,-0.008240366098002147,0.008240366098002147,True,0.02309494331013157,0.09829091404559899,0.14448080066586214,200,growth_rate
0.15536361484590333,0.13017253636445758,0.02519107848144575,0.02519107848144575,False,0.020343994564092097,0.13501962028181125,0.1757076094099954,200,growth_rate
0.1568440740010812,0.1319433354762567,0.024900738524824495,0.024900738524824495,False,0.018256212264478145,0.13858786173660304,0.17510028626555935,200,growth_rate
0.12354669184710955,0.13461778912553063,-0.01107109727842108,0.01107109727842108,True,0.026649885517035607,0.09689680633007394,0.15019657736414516,200,growth_rate
0.10650293827331439,0.13739025274781963,-0.03088731447450524,0.03088731447450524,False,0.022342838918689822,0.08416009935462457,0.1288457771920042,200,growth_rate
0.14925398888861405,0.13898875331180066,0.010265235576813386,0.010265235576813386,True,0.02132642002671476,0.1279275688618993,0.1705804089153288,200,growth_rate
0.14667355656836856,0.13924364132398764,0.0074299152443809136,0.0074299152443809136,True,0.021811651017494535,0.12486190555087402,0.1684852075858631,200,growth_rate
0.1580703953843111,0.13964729842342816,0.018423096960882956,0.018423096960882956,True,0.023688199427034016,0.1343821959572771,0.18175859481134513,200,growth_rate
0.11636024355515605,0.1417439312161049,-0.025383687660948853,0.025383687660948853,False,0.01696159093364576,0.09939865262151029,0.1333218344888018,200,growth_rate
0.09628423191128928,0.14176254088565937,-0.045478308974370094,0.045478308974370094,False,0.020158812580784932,0.07612541933050435,0.11644304449207421,200,growth_rate
0.15576213136765482,0.14352488234056643,0.012237249027088393,0.012237249027088393,True,0.01943540003178614,0.13632673133586867,0.17519753139944097,200,growth_rate
0.1383156970136919,0.145436222914738,-0.007120525901046115,0.007120525901046115,True,0.035695899057859436,0.10261979795583245,0.17401159607155134,200,growth_rate
0.16944535118528947,0.14545236945647216,0.02399298172881731,0.02399298172881731,True,0.029176497513872676,0.14026885367141678,0.19862184869916216,200,growth_rate
0.10876819922663514,0.1458963871127163,-0.03712818788608116,0.03712818788608116,False,0.022898814249866277,0.08586938497676885,0.13166701347650142,200,growth_rate
0.14099618902898667,0.15234321647419602,-0.011347027445209351,0.011347027445209351,True,0.02444865445047796,0.11654753457850871,0.16544484347946464,200,growth_rate
0.12815336469846683,0.15318176618808987,-0.025028401489623042,0.025028401489623042,False,0.0194681861261931,0.10868517857227374,0.14762155082465994,200,growth_rate
0.13859148003284658,0.15690955761661102,-0.01831807758376444,0.01831807758376444,True,0.01849416684517808,0.1200973131876685,0.15708564687802465,200,growth_rate
0.11723624988038694,0.15732649938199866,-0.04009024950161172,0.04009024950161172,False,0.01762914168985009,0.09960710819053685,0.13486539157023703,200,growth_rate
0.17032143273721848,0.16290357903243724,0.007417853704781235,0.007417853704781235,True,0.021652756727608996,0.14866867600960948,0.19197418946482747,200,growth_rate
0.17607385871322867,0.16992433197840895,0.006149526734819721,0.006149526734819721,True,0.02172094336036913,0.15435291535285955,0.1977948020735978,200,growth_rate
0.1621568754649917,0.17034424223007977,-0.008187366765088078,0.008187366765088078,True,0.01944165719424321,0.14271521827074848,0.1815985326592349,200,growth_rate
0.1967939645639994,0.17154693219598072,0.025247032368018674,0.025247032368018674,False,0.01665631784898771,0.18013764671501167,0.2134502824129871,200,growth_rate
0.20390335207278298,0.1795537624317457,0.024349589641037284,0.024349589641037284,False,0.0193787421516968,0.18452460992108619,0.22328209422447978,200,growth_rate
0.17397346141824832,0.18078238153128906,-0.0068089201130407395,0.0068089201130407395,True,0.024117653915736906,0.14985580750251143,0.1980911153339852,200,growth_rate
0.1563576710239819,0.1810881061939167,-0.024730435169934784,0.024730435169934784,True,0.026017828941849314,0.1303398420821326,0.18237549996583122,200,growth_rate
0.1662659960968781,0.1829702924263047,-0.016704296329426604,0.016704296329426604,True,0.02186363142110515,0.14440236467577294,0.18812962751798323,200,growth_rate
0.1821420129882383,0.1838514916517302,-0.0017094786634919146,0.0017094786634919146,True,0.023099375184460053,0.15904263780377823,0.20524138817269835,200,growth_rate
0.18703491457961427,0.18680006207446415,0.0002348525051501238,0.0002348525051501238,True,0.023123209826850923,0.16391170475276334,0.2101581244064652,200,growth_rate
0.21784987796511537,0.18899702066444457,0.028852857300670803,0.028852857300670803,False,0.024492811123206833,0.19335706684190854,0.2423426890883222,200,growth_rate
0.20638488469834623,0.19398562877782438,0.012399255920521851,0.012399255920521851,True,0.03095079232629869,0.17543409237204755,0.23733567702464492,200,growth_rate
0.18134831094182013,0.2032599581881243,-0.021911647246304178,0.021911647246304178,True,0.023218763635750046,0.1581295473060701,0.20456707457757017,200,growth_rate
0.2091955840476675,0.20706345985810365,0.00213212418956385,0.00213212418956385,True,0.015617019594335696,0.1935785644533318,0.2248126036420032,200,growth_rate
0.21829407946194074,0.20755059850503482,0.010743480956905915,0.010743480956905915,True,0.020518170024755828,0.1977759094371849,0.23881224948669658,200,growth_rate
0.2113953123797192,0.20979137834147227,0.0016039340382469347,0.0016039340382469347,True,0.023757773134406725,0.18763753924531248,0.23515308551412592,200,growth_rate
0.2145092989820881,0.21540751100923,-0.0008982120271419092,0.0008982120271419092,True,0.021722828859427497,0.1927864701226606,0.2362321278415156,200,growth_rate
0.2140432887292993,0.2177602780875964,-0.0037169893582970903,0.0037169893582970903,True,0.0237911410264869,0.1902521477028124,0.23783442975578623,200,growth_rate
0.2273541541285201,0.22022685883536974,0.007127295293150343,0.007127295293150343,True,0.018301464419141315,0.20905268970937876,0.2456556185476614,200,growth_rate
0.21459764260649364,0.22040492182531823,-0.005807279218824596,0.005807279218824596,True,0.02358477693540748,0.19101286567108616,0.2381824195419011,200,growth_rate
0.2324699843659196,0.22257252463176602,0.009897459734153569,0.009897459734153569,True,0.018436169099942237,0.21403381526597737,0.2509061534658618,200,growth_rate
0.23924640448250822,0.2273110377609734,0.011935366721534835,0.011935366721534835,True,0.019317491483892606,0.2199289129986156,0.25856389596640084,200,growth_rate
0.2435611027780918,0.22763968074044316,0.015921422037648625,0.015921422037648625,True,0.01745825176424013,0.22610285101385166,0.26101935454233194,200,growth_rate
0.2190061862034903,0.22841661219735554,-0.00941042599386524,0.00941042599386524,True,0.02370512034661976,0.19530106585687054,0.24271130655011006,200,growth_rate
0.22076314330652624,0.22884319966148897,-0.008080056354962728,0.008080056354962728,True,0.022326187498694253,0.198436955807832,0.2430893308052205,200,growth_rate
0.23293108511593064,0.23447012434958453,-0.0015390392336538938,0.0015390392336538938,True,0.017924239483308884,0.21500684563262176,0.25085532459923954,200,growth_rate
0.2593566266420125,0.23754430531721565,0.021812321324796824,0.021812321324796824,False,0.014451342581586188,0.24490528406042628,0.2738079692235987,200,growth_rate
0.22146459463488732,0.23945772610891908,-0.017993131474031754,0.017993131474031754,False,0.017438866252464852,0.20402572838242247,0.23890346088735218,200,growth_rate
0.22325383972570984,0.23948914868848886,-0.016235308962779027,0.016235308962779027,True,0.02186257792898046,0.20139126179672937,0.2451164176546903,200,growth_rate
0.23247027394896252,0.24011997804270502,-0.007649704093742493,0.007649704093742493,True,0.015201263023791383,0.21726901092517115,0.2476715369727539,200,growth_rate
0.24439297000522298,0.24124852088691495,0.0031444491183080236,0.0031444491183080236,True,0.0178557362176391,0.22653723378758386,0.26224870622286206,200,growth_rate
0.24414961737077925,0.24179276617579326,0.0023568511949859927,0.0023568511949859927,True,0.022802054202914535,0.22134756316786472,0.2669516715736938,200,growth_rate
0.2571714602686141,0.24254711302704407,0.014624347241570024,0.014624347241570024,True,0.023118393167199887,0.23405306710141421,0.280289853435814,200,growth_rate
0.23544502993286745,0.2444366223080564,-0.008991592375188956,0.008991592375188956,True,0.016402006509035418,0.21904302342383203,0.25184703644190287,200,growth_rate
0.2413407582200542,0.25137552383720974,-0.010034765617155522,0.010034765617155522,True,0.016111985144810888,0.22522877307524333,0.2574527433648651,200,growth_rate
0.24573191610227424,0.2554138025988315,-0.009681886496557268,0.009681886496557268,True,0.020924169529589715,0.2248077465726845,0.26665608563186394,200,growth_rate
0.25581575260196604,0.25701752990872095,-0.0012017773067549142,0.0012017773067549142,True,0.024884548049068762,0.23093120455289728,0.2807003006510348,200,growth_rate
0.2521092545851368,0.25839218292162264,-0.00628292833648586,0.00628292833648586,True,0.021042722651457606,0.23106653193367918,0.2731519772365944,200,growth_rate
0.27546865943223675,0.2673674351756605,0.008101224256576278,0.008101224256576278,True,0.021328674510965547,0.2541399849212712,0.2967973339432023,200,growth_rate
0.2832700076494987,0.2697232501323334,0.013546757517165331,0.013546757517165331,True,0.01605609789024594,0.2672139097592528,0.29932610553974465,200,growth_rate
0.25713283064698184,0.2703804180932469,-0.013247587446265086,0.013247587446265086,True,0.022987249763186245,0.23414558088379558,0.28012008041016806,200,growth_rate
0.262664797069856,0.2705098366798856,-0.00784503961002958,0.00784503961002958,True,0.01968364850115826,0.24298114856869776,0.2823484455710143,200,growth_rate
0.26624390549729504,0.27179716329791137,-0.005553257800616329,0.005553257800616329,True,0.02042805738130262,0.2458158481159924,0.28667196287859764,200,growth_rate
0.26897934961881254,0.27232450901592237,-0.0033451593971098315,0.0033451593971098315,True,0.018617609914742837,0.2503617397040697,0.28759695953355535,200,growth_rate
0.2766122179923462,0.27539895128728775,0.0012132667050584467,0.0012132667050584467,True,0.0207570725573616,0.2558551454349846,0.2973692905497078,200,growth_rate
0.23917724646632504,0.2764222865752228,-0.03724504010889773,0.03724504010889773,False,0.0204337744706417,0.21874347199568334,0.25961102093696675,200,growth_rate
0.2984370911228238,0.27663886590382675,0.021798225218997047,0.021798225218997047,False,0.018972208157381914,0.27946488296544186,0.3174092992802057,200,growth_rate
0.2667063126634258,0.27892038119422546,-0.012214068530799649,0.012214068530799649,True,0.020796318194442838,0.24590999446898298,0.28750263085786865,200,growth_rate
0.2574032218454077,0.279427043995441,-0.02202382215003329,0.02202382215003329,False,0.020441849602006706,0.236961372243401,0.27784507144741444,200,growth_rate
0.30210136670672355,0.2863969349344375,0.01570443177228603,0.01570443177228603,True,0.017087074278426463,0.28501429242829707,0.31918844098515003,200,growth_rate
0.2931633595492637,0.2931264522339107,3.6907315352996406e-05,3.6907315352996406e-05,True,0.01780148371767378,0.27536187583158994,0.31096484326693746,200,growth_rate
0.28324858023741606,0.2954314087081754,-0.012182828470759355,0.012182828470759355,True,0.020701038093985782,0.2625475421434303,0.3039496183314018,200,growth_rate
0.31018008311544487,0.2983318873009314,0.011848195814513462,0.011848195814513462,True,0.017237588562655802,0.2929424945527891,0.32741767167810065,200,growth_rate
0.30942016440274894,0.3168327818937874,-0.007412617491038442,0.007412617491038442,True,0.01766547108456964,0.2917546933181793,0.32708563548731856,200,growth_rate
0.3185478549290976,0.32008830844952946,-0.0015404535204318615,0.0015404535204318615,True,0.016190026210432258,0.30235782871866534,0.33473788113952985,200,growth_rate
0.3306416093701399,0.32457202380738037,0.00606958556275955,0.00606958556275955,True,0.017855865276259545,0.3127857440938804,0.34849747464639946,200,growth_rate
0.3225178450906912,0.3252384291068698,-0.0027205840161785844,0.0027205840161785844,True,0.020282767832683565,0.30223507725800763,0.34280061292337477,200,growth_rate
0.31933569384922855,0.3255613852207997,-0.00622569137157114,0.00622569137157114,True,0.018607125885307878,0.30072856796392067,0.33794281973453644,200,growth_rate
0.3092384912418121,0.32611156253309237,-0.016873071291280295,0.016873071291280295,False,0.016470363141299373,0.2927681281005127,0.3257088543831114,200,growth_rate
0.3082824292162406,0.3267054512617681,-0.018423022045527482,0.018423022045527482,True,0.01849447973775542,0.2897879494784852,0.326776908953996,200,growth_rate
0.3188367820213013,0.33016295319980626,-0.011326171178504985,0.011326171178504985,True,0.020043597733289623,0.29879318428801166,0.3388803797545909,200,growth_rate
0.34886031928364974,0.33406740236763377,0.014792916916015975,0.014792916916015975,False,0.014530892668651468,0.33432942661499826,0.36339121195230123,200,growth_rate
0.3266219140377894,0.33619183795640684,-0.00956992391861744,0.00956992391861744,True,0.016997041498478485,0.3096248725393109,0.34361895553626787,200,growth_rate
0.33844736913246476,0.33812745099006564,0.00031991814239912264,0.00031991814239912264,True,0.018963657762561432,0.31948371136990333,0.3574110268950262,200,growth_rate
0.3429618529881436,0.3408058894037133,0.002155963584430265,0.002155963584430265,True,0.016422620477007533,0.32653923251113603,0.3593844734651511,200,growth_rate
0.3591858343580337,0.34459020687745706,0.014595627480576634,0.014595627480576634,True,0.01715425504012248,0.3420315793179112,0.37634008939815616,200,growth_rate
0.34179262254204046,0.34554646092788216,-0.0037538383858417013,0.0037538383858417013,True,0.015909558245739933,0.32588306429630054,0.3577021807877804,200,growth_rate
0.35176711386496057,0.3457387554736651,0.006028358391295452,0.006028358391295452,True,0.016538735781265856,0.3352283780836947,0.3683058496462264,200,growth_rate
0.3467836832380744,0.34598875593642137,0.0007949273016530367,0.0007949273016530367,True,0.017319874606459215,0.3294638086316152,0.36410355784453363,200,growth_rate
0.32281114449078424,0.34656895915649816,-0.023757814665713917,0.023757814665713917,False,0.018591579274966692,0.30421956521581756,0.3414027237657509,200,growth_rate
0.34526981979316224,0.34748171757043794,-0.0022118977772757065,0.0022118977772757065,True,0.017203752189766306,0.3280660676033959,0.36247357198292857,200,growth_rate
0.34449540902289444,0.34940499919021173,-0.00490959016731729,0.00490959016731729,True,0.01743874716113007,0.32705666186176435,0.3619341561840245,200,growth_rate
0.3644907916266655,0.3502558894831364,0.014234902143529071,0.014234902143529071,True,0.014734033207080855,0.34975675841958465,0.3792248248337463,200,growth_rate
0.3674525720687586,0.35359030040394884,0.013862271664809744,0.013862271664809744,True,0.015636646889888223,0.3518159251788704,0.3830892189586468,200,growth_rate
0.3492172188725104,0.35384331090783555,-0.004626092035325158,0.004626092035325158,True,0.01777400549457853,0.33144321337793187,0.3669912243670889,200,growth_rate
0.3619152199430742,0.3540739113090524,0.00784130863402177,0.00784130863402177,True,0.015317138206281824,0.34659808173679235,0.377232358149356,200,growth_rate
0.35361306290551303,0.36196956971874106,-0.008356506813228026,0.008356506813228026,True,0.015865854769009178,0.33774720813650383,0.36947891767452223,200,growth_rate
0.3570297845788567,0.36283481196641043,-0.0058050273875537295,0.0058050273875537295,True,0.0162724472177881,0.3407573373610686,0.3733022317966448,200,growth_rate
0.36986966572070606,0.3631597492140186,0.006709916506687452,0.006709916506687452,True,0.01515046139698177,0.3547192043237243,0.38502012711768785,200,growth_rate
0.3521653833431547,0.36334487574509894,-0.011179492401944213,0.011179492401944213,True,0.01589302702592316,0.33627235631723157,0.3680584103690779,200,growth_rate
0.35877189523336017,0.36357603937335464,-0.004804144139994471,0.004804144139994471,True,0.0134194430377192,0.345352452195641,0.37219133827107936,200,growth_rate
0.3752468092886108,0.36535406206451915,0.00989274722409167,0.00989274722409167,True,0.015288396904347773,0.35995841238426307,0.39053520619295856,200,growth_rate
0.38322259534228514,0.3705412031997813,0.012681392142503856,0.012681392142503856,True,0.014342176050524185,0.36888041929176096,0.3975647713928093,200,growth_rate
0.37981955485443825,0.3713686367748144,0.008450918079623837,0.008450918079623837,True,0.015348659497829363,0.36447089535660887,0.3951682143522676,200,growth_rate
0.3753355273834569,0.37237616171217963,0.0029593656712772476,0.0029593656712772476,True,0.01471845184380423,0.36061707553965267,0.3900539792272611,200,growth_rate
0.38012842486824977,0.3733731115510023,0.006755313317247491,0.006755313317247491,True,0.014349392490017612,0.36577903237823217,0.39447781735826737,200,growth_rate
0.3846615245968111,0.37551365365918965,0.009147870937621427,0.009147870937621427,True,0.014375482092267173,0.3702860425045439,0.39903700668907827,200,growth_rate
0.3867404570628562,0.3874839075204618,-0.0007434504576055989,0.0007434504576055989,True,0.01310863341732451,0.3736318236455317,0.3998490904801807,200,growth_rate
0.3899567788250406,0.3901573822556835,-0.00020060343064293162,0.00020060343064293162,True,0.012590556159622623,0.37736622266541797,0.4025473349846632,200,growth_rate
0.3949315594418341,0.39246835171556554,0.002463207726268568,0.002463207726268568,True,0.011824876873095283,0.3831066825687388,0.4067564363149294,200,growth_rate
0.3901664201385038,0.39380909975173817,-0.0036426796132343897,0.0036426796132343897,True,0.012445828896320805,0.377720591242183,0.40261224903482457,200,growth_rate
0.4008816407958071,0.39948215961040195,0.0013994811854051714,0.0013994811854051714,True,0.011457891009328208,0.3894237497864789,0.41233953180513533,200,growth_rate
0.4114806816676888,0.41393140071071044,-0.002450719043021632,0.002450719043021632,True,0.011241817442213748,0.40023886422547506,0.42272249910990256,200,growth_rate
0.4137983660887767,0.4145005392373627,-0.000702173148586005,0.000702173148586005,True,0.011318101386469156,0.4024802647023075,0.42511646747524584,200,growth_rate
0.41419015064074977,0.41588054522893325,-0.0016903945881834859,0.0016903945881834859,True,0.011188553114295133,0.40300159752645465,0.4253787037550449,200,growth_rate
0.41691620715657374,0.41684394217157983,7.226498499390832e-05,7.226498499390832e-05,True,0.011122610318414165,0.4057935968381596,0.4280388174749879,200,growth_rate
0.41755165768459634,0.41845606935680757,-0.000904411672211225,0.000904411672211225,True,0.01091410602362587,0.4066375516609705,0.4284657637082222,200,growth_rate
0.4182405281212937,0.4187312163348612,-0.0004906882135675139,0.0004906882135675139,True,0.01114554258458273,0.407094985536711,0.4293860707058764,200,growth_rate
0.42074949774719356,0.41959652889998533,0.0011529688472082245,0.0011529688472082245,True,0.01108597119680594,0.4096635265503876,0.4318354689439995,200,growth_rate
0.41606286434469897,0.4202805427431185,-0.004217678398419522,0.004217678398419522,True,0.011039192573434093,0.40502367177126486,0.4271020569181331,200,growth_rate
0.4235444813551947,0.4207098095155741,0.002834671839620606,0.002834671839620606,True,0.011169580061615383,0.4123749012935793,0.43471406141681007,200,growth_rate
0.4202957862213661,0.4210515929383234,-0.0007558067169572968,0.0007558067169572968,True,0.01113234978999056,0.40916343643137554,0.43142813601135666,200,growth_rate
0.42011745730600514,0.42287543564658964,-0.0027579783405844993,0.0027579783405844993,True,0.011183040011771013,0.40893441729423413,0.43130049731777614,200,growth_rate
0.4251985421681355,0.424151948539748,0.0010465936283874933,0.0010465936283874933,True,0.010909589825463849,0.41428895234267166,0.4361081319935994,200,growth_rate
0.4270632106418285,0.42548570852075085,0.0015775021210776563,0.0015775021210776563,True,0.01083761810134373,0.4162255925404848,0.4379008287431722,200,growth_rate
0.42844761665961373,0.43026695647346325,-0.0018193398138495187,0.0018193398138495187,True,0.010824805660419585,0.4176228109991941,0.43927242232003333,200,growth_rate
0.43371059028170017,0.4320598347053219,0.0016507555763782822,0.0016507555763782822,True,0.010877791609487689,0.42283279867221246,0.4445883818911879,200,growth_rate
0.43602854366868654,0.43608975419971296,-6.121053102642326e-05,6.121053102642326e-05,True,0.010768028255864747,0.4252605154128218,0.4467965719245513,200,growth_rate
0.4399222541463002,0.43860601947215855,0.0013162346741416586,0.0013162346741416586,True,0.010732992103093416,0.4291892620432068,0.4506552462493936,200,growth_rate
0.44128727518854755,0.4400623951246578,0.0012248800638897661,0.0012248800638897661,True,0.010750713072537802,0.43053656211600977,0.4520379882610853,200,growth_rate
0.443105550192452,0.4421207155438686,0.0009848346485833992,0.0009848346485833992,True,0.01075202891972083,0.4323535212727312,0.45385757911217284,200,growth_rate
0.44691389003237275,0.44619659379354626,0.0007172962388264925,0.0007172962388264925,True,0.01066483382809454,0.43624905620427823,0.4575787238604673,200,growth_rate
0.4460993960715509,0.44647347717382735,-0.00037408110227643565,0.00037408110227643565,True,0.010717127410782375,0.4353822686607685,0.4568165234823333,200,growth_rate
0.44693343063027213,0.4477851640709918,-0.0008517334407196486,0.0008517334407196486,True,0.010666772108282941,0.4362666585219892,0.45760020273855506,200,growth_rate
0.44894534600887515,0.44814654446671903,0.0007988015421561134,0.0007988015421561134,True,0.010669697774925173,0.43827564823395,0.4596150437838003,200,growth_rate
0.4527719994568378,0.45141705426919904,0.0013549451876387897,0.0013549451876387897,True,0.010626238234598977,0.44214576122223886,0.4633982376914368,200,growth_rate
0.4572105344901503,0.4569876335029689,0.00022290098718141804,0.00022290098718141804,True,0.01060275084077783,0.4466077836493725,0.46781328533092814,200,growth_rate
0.463180545912966,0.4633628421268639,-0.0001822962138979256,0.0001822962138979256,True,0.010634817663008894,0.4525457282499571,0.47381536357597487,200,growth_rate
0.4632124361050569,0.4639681737810628,-0.0007557376760058965,0.0007557376760058965,True,0.010583250506933256,0.45262918559812365,0.4737956866119902,200,growth_rate
0.46856934227294617,0.4681918249302152,0.0003775173427309486,0.0003775173427309486,True,0.010575905790513327,0.45799343648243285,0.4791452480634595,200,growth_rate
0.47454701449869857,0.47426382347997736,0.0002831910187212072,0.0002831910187212072,True,0.01055558988854635,0.46399142461015225,0.4851026043872449,200,growth_rate
0.47612496098319407,0.4760506215156041,7.433946758994558e-05,7.433946758994558e-05,True,0.010544795584974767,0.4655801653982193,0.48666975656816885,200,growth_rate
0.4782607438881517,0.4782247556586902,3.598822946149216e-05,3.598822946149216e-05,True,0.010528721799533238,0.46773202208861847,0.48878946568768494,200,growth_rate
0.479876125055006,0.47985359362661056,2.2531428395422548e-05,2.2531428395422548e-05,True,0.010539974300501914,0.4693361507545041,0.4904160993555079,200,growth_rate
0.48257622690920876,0.4826140742969577,-3.784738774892382e-05,3.784738774892382e-05,True,0.010551514237820803,0.47202471267138796,0.49312774114702956,200,growth_rate
0.48295087953367843,0.48264667555318286,0.0003042039804955765,0.0003042039804955765,True,0.010547668643538769,0.47240321089013965,0.4934985481772172,200,growth_rate
0.4858730793714577,0.4858013030867838,7.177628467386343e-05,7.177628467386343e-05,True,0.010559083056654392,0.4753139963148033,0.49643216242811206,200,growth_rate
0.48604795663813033,0.48581214853899035,0.00023580809913997802,0.00023580809913997802,True,0.010561147203363534,0.4754868094347668,0.49660910384149387,200,growth_rate
0.4858511577274163,0.4860491818418829,-0.0001980241144665662,0.0001980241144665662,True,0.010554977668251154,0.4752961800591652,0.49640613539566747,200,growth_rate
0.48835989978122685,0.4879977112364669,0.0003621885447599449,0.0003621885447599449,True,0.010544057059140396,0.47781584272208644,0.49890395684036726,200,growth_rate
0.4888994645221512,0.48897620482849236,-7.674030634113871e-05,7.674030634113871e-05,True,0.010555142409881361,0.47834432211226985,0.4994546069320326,200,growth_rate
0.0,0.0,0.0,0.0,True,0.0,0.0,0.0,200,log_initial_freq
-2.1997656434820865,-2.1322855420580917,-0.06748010142399474,0.06748010142399474,True,0.23444271993910898,-2.4342083634211953,-1.9653229235429774,200,log_initial_freq
-2.1468373328011827,-2.144027465162397,-0.002809867638785768,0.002809867638785768,True,0.20918241856128567,-2.3560197513624686,-1.937654914239897,200,log_initial_freq
-2.329881564533816,-2.167409817897405,-0.16247174663641095,0.16247174663641095,True,0.22449211133670033,-2.5543736758705164,-2.1053894531971156,200,log_initial_freq
-2.2467684884684838,-2.170254217532116,-0.07651427093636798,0.07651427093636798,True,0.20847480407873867,-2.4552432925472223,-2.0382936843897452,200,log_initial_freq
-2.2196702032748417,-2.170384362958594,-0.0492858403162475,0.0492858403162475,True,0.22776233274276672,-2.4474325360176086,-1.991907870532075,200,log_initial_freq
-2.2938546657265904,-2.2082398933618057,-0.08561477236478465,0.08561477236478465,True,0.2334282235453591,-2.5272828892719494,-2.0604264421812313,200,log_initial_freq
-2.2997916791439192,-2.208631108436508,-0.09116057070741146,0.09116057070741146,True,0.23188084686983956,-2.5316725260137587,-2.06791083227408,200,log_initial_freq
-2.287426332494917,-2.2417568764806735,-0.04566945601424344,0.04566945601424344,True,0.21623978622164886,-2.503666118716566,-2.071186546273268,200,log_initial_freq
-2.1224770719506063,-2.2613029320957176,0.13882586014511133,0.13882586014511133,True,0.20996895602412624,-2.3324460279747328,-1.91250811592648,200,log_initial_freq
-2.25466733714128,-2.2873925418127508,0.032725204671470554,0.032725204671470554,True,0.21689081943929983,-2.47155815658058,-2.0377765177019804,200,log_initial_freq
-2.3094914885283084,-2.308834118240272,-0.000657370288036585,0.000657370288036585,True,0.23263353282804888,-2.542125021356357,-2.0768579557002598,200,log_initial_freq
-2.492418441003833,-2.3816981008374176,-0.11072034016641519,0.11072034016641519,True,0.2333406443881003,-2.725759085391933,-2.2590777966157325,200,log_initial_freq
-2.3326379152726195,-2.4323819146272463,0.09974399935462674,0.09974399935462674,True,0.2259620745654163,-2.558599989838036,-2.106675840707203,200,log_initial_freq
-2.345869305323124,-2.439645894477633,0.09377658915450882,0.09377658915450882,True,0.23829179223350894,-2.584161097556633,-2.1075775130896153,200,log_initial_freq
-2.7878616845138726,-2.5161483979643733,-0.27171328654949933,0.27171328654949933,False,0.24739400713639154,-3.035255691650264,-2.5404676773774812,200,log_initial_freq
-2.492961511970648,-2.582995348769612,0.09003383679896393,0.09003383679896393,True,0.2505893865123654,-2.7435508984830133,-2.2423721254582825,200,log_initial_freq
-2.5472013880163007,-2.6222414663993714,0.0750400783830707,0.0750400783830707,True,0.25537054857126157,-2.802571936587562,-2.2918308394450393,200,log_initial_freq
-2.775316575589901,-2.6265780311480986,-0.14873854444180257,0.14873854444180257,True,0.25594935720344486,-3.031265932793346,-2.5193672183864564,200,log_initial_freq
-2.7023015833813915,-2.642318273914072,-0.05998330946731967,0.05998330946731967,True,0.24631972819698297,-2.9486213115783744,-2.4559818551844086,200,log_initial_freq
-2.711906587683954,-2.645640874477445,-0.06626571320650898,0.06626571320650898,True,0.2657016172348332,-2.977608204918787,-2.446204970449121,200,log_initial_freq
-2.574184023971038,-2.694551413473577,0.120367389502539,0.120367389502539,True,0.2745504317239652,-2.848734455695003,-2.2996335922470728,200,log_initial_freq
-2.599076120844259,-2.719251258504107,0.12017513765984766,0.12017513765984766,True,0.2509279268654756,-2.850004047709735,-2.3481481939787834,200,log_initial_freq
-2.832145453087093,-2.7367277663340976,-0.09541768675299522,0.09541768675299522,True,0.2558437381953378,-3.0879891912824307,-2.576301714891755,200,log_initial_freq
-2.7896175965731893,-2.7669229496034444,-0.02269464696974488,0.02269464696974488,True,0.2740357755075895,-3.063653372080779,-2.5155818210655996,200,log_initial_freq
-2.7804319031260087,-2.8152819835361376,0.034850080410128825,0.034850080410128825,True,0.244472584956862,-3.024904488082871,-2.5359593181691467,200,log_initial_freq
-2.6146492018326373,-2.836796522318441,0.22214732048580377,0.22214732048580377,True,0.2477186753943913,-2.8623678772270287,-2.366930526438246,200,log_initial_freq
-2.790127673765117,-2.89417149775099,0.10404382398587275,0.10404382398587275,True,0.25053401389352564,-3.0406616876586425,-2.5395936598715916,200,log_initial_freq
-2.953863453343188,-2.9101766175230237,-0.043686835820164305,0.043686835820164305,True,0.2778189972066635,-3.2316824505498514,-2.6760444561365246,200,log_initial_freq
-3.0679854885569813,-2.925494772240924,-0.14249071631605714,0.14249071631605714,True,0.27452366067398487,-3.342509149230966,-2.7934618278829966,200,log_initial_freq
-3.0355991033760383,-2.9473808847401193,-0.08821821863591905,0.08821821863591905,True,0.2938574288698704,-3.3294565322459087,-2.741741674506168,200,log_initial_freq
-3.1662253671825686,-2.9514822858131113,-0.2147430813694573,0.2147430813694573,True,0.2751958408963991,-3.441421208078968,-2.8910295262861694,200,log_initial_freq
-3.0352799552307514,-2.956633487082578,-0.07864646814817355,0.07864646814817355,True,0.26930054623186866,-3.30458050146262,-2.765979408998883,200,log_initial_freq
-2.8769447733747002,-2.964841653200176,0.08789687982547578,0.08789687982547578,True,0.25679200182727746,-3.1337367752019776,-2.620152771547423,200,log_initial_freq
-3.14670475412353,-2.9752254039816655,-0.17147935014186455,0.17147935014186455,True,0.26777029957638465,-3.4144750536999147,-2.8789344545471454,200,log_initial_freq
-3.0082252299381174,-2.978527167718309,-0.029698062219808197,0.029698062219808197,True,0.2663253485053935,-3.274550578443511,-2.741899881432724,200,log_initial_freq
-2.9828752497269386,-2.997872693941042,0.014997444214103428,0.014997444214103428,True,0.26865344973382976,-3.2515286994607684,-2.714221799993109,200,log_initial_freq
-2.9053275832868217,-3.009433457252801,0.10410587396597926,0.10410587396597926,True,0.24976716245554031,-3.155094745742362,-2.6555604208312813,200,log_initial_freq
-3.1891941832270505,-3.0259935291516475,-0.16320065407540296,0.16320065407540296,True,0.28352753076528575,-3.4727217139923363,-2.9056666524617647,200,log_initial_freq
-3.0244158477334087,-3.0328231914714747,0.008407343738066064,0.008407343738066064,True,0.26559280609973546,-3.2900086538331443,-2.758823041633673,200,log_initial_freq
-3.390503933114484,-3.2062140846751763,-0.18428984843930785,0.18428984843930785,True,0.29455866401082526,-3.6850625971253095,-3.095945269103659,200,log_initial_freq
-3.430350215984764,-3.274290802979142,-0.1560594130056221,0.1560594130056221,True,0.29285455622474243,-3.7232047722095065,-3.1374956597600216,200,log_initial_freq
-3.4213174001260427,-3.2903797794132137,-0.130937620712829,0.130937620712829,True,0.3164604554385791,-3.7377778555646217,-3.1048569446874636,200,log_initial_freq
-3.154051433893296,-3.3181114129317977,0.16405997903850178,0.16405997903850178,True,0.26449775579905893,-3.4185491896923548,-2.889553678094237,200,log_initial_freq
-3.3803121340826223,-3.3501931097544584,-0.030119024328163935,0.030119024328163935,True,0.2989375282174233,-3.6792496623000455,-3.081374605865199,200,log_initial_freq
-3.483288344645191,-3.493836156089724,0.010547811444533206,0.010547811444533206,True,0.310799690285712,-3.794088034930903,-3.172488654359479,200,log_initial_freq
-3.3804758035236664,-3.5195226613879727,0.13904685786430626,0.13904685786430626,True,0.29215367305332257,-3.672629476576989,-3.0883221304703437,200,log_initial_freq
-3.3661289064687816,-3.5314860594538446,0.16535715298506304,0.16535715298506304,True,0.3070148564194711,-3.6731437628882526,-3.0591140500493106,200,log_initial_freq
-3.5245879747578646,-3.543576358702227,0.018988383944362308,0.018988383944362308,True,0.31445494512808597,-3.8390429198859506,-3.2101330296297785,200,log_initial_freq
-3.3530980098510885,-3.5535055616026243,0.2004075517515358,0.2004075517515358,True,0.2832182807683789,-3.6363162906194675,-3.0698797290827096,200,log_initial_freq
-3.4485209250593347,-3.6157512552257702,0.16723033016643551,0.16723033016643551,True,0.30997491634886454,-3.758495841408199,-3.1385460087104704,200,log_initial_freq
-3.550514159688513,-3.6370875275197445,0.0865733678312317,0.0865733678312317,True,0.31304768252035853,-3.8635618422088713,-3.2374664771681543,200,log_initial_freq
-3.760016645829534,-3.639861491058813,-0.12015515477072114,0.12015515477072114,True,0.30650237297298716,-4.066519018802521,-3.453514272856547,200,log_initial_freq
-3.6333728351420422,-3.6420830094317767,0.008710174289734418,0.008710174289734418,True,0.28373395166327203,-3.917106786805314,-3.3496388834787703,200,log_initial_freq
-3.6432016233452815,-3.645982256403075,0.0027806330577933025,0.0027806330577933025,True,0.33334313309260755,-3.976544756437889,-3.309858490252674,200,log_initial_freq
-3.381810965192953,-3.6563651633751073,0.27455419818215443,0.27455419818215443,True,0.2989359176822169,-3.68074688287517,-3.082875047510736,200,log_initial_freq
-3.7616316198747044,-3.751113064291371,-0.010518555583333367,0.010518555583333367,True,0.3119540247676844,-4.073585644642389,-3.44967759510702,200,log_initial_freq
-3.8324271144081137,-3.7538802691059736,-0.07854684530214007,0.07854684530214007,True,0.320066518402018,-4.152493632810132,-3.5123605960060957,200,log_initial_freq
-3.9272133840038443,-3.756916395152614,-0.17029698885123024,0.17029698885123024,True,0.33679902084255825,-4.264012404846403,-3.590414363161286,200,log_initial_freq
-3.5958083538572576,-3.7969293262023633,0.20112097234510573,0.20112097234510573,True,0.29144523559922453,-3.887253589456482,-3.304363118258033,200,log_initial_freq
-3.3968152945136874,-3.8071400097174593,0.4103247152037719,0.4103247152037719,False,0.2995849799560569,-3.6964002744697444,-3.0972303145576303,200,log_initial_freq
-3.7087006231092703,-3.8302193891547445,0.12151876604547418,0.12151876604547418,True,0.29830006661651887,-4.007000689725789,-3.4104005564927515,200,log_initial_freq
-4.03466004347739,-3.8411724901220223,-0.19348755335536794,0.19348755335536794,True,0.395805898445873,-4.430465941923263,-3.6388541450315173,200,log_initial_freq
-3.924710621231965,-3.848134928762944,-0.0765756924690213,0.0765756924690213,True,0.3449546237801354,-4.2696652450121,-3.5797559974518296,200,log_initial_freq
-3.6055221359087355,-3.8511349343160184,0.2456127984072829,0.2456127984072829,True,0.3239978150142058,-3.9295199509229413,-3.2815243208945297,200,log_initial_freq
-3.9103689465040263,-3.8534424688654143,-0.05692647763861203,0.05692647763861203,True,0.3484995956160829,-4.258868542120109,-3.5618693508879433,200,log_initial_freq
-3.786995648438571,-3.8649175174705155,0.07792186903194454,0.07792186903194454,True,0.30992039164775814,-4.096916040086329,-3.4770752567908128,200,log_initial_freq
-3.6760661221614055,-3.9103293271554405,0.23426320499403497,0.23426320499403497,True,0.2978203097630292,-3.9738864319244347,-3.3782458123983763,200,log_initial_freq
-3.697045418913853,-3.942470588119212,0.24542516920535906,0.24542516920535906,True,0.3070574263140359,-4.004102845227889,-3.389987992599817,200,log_initial_freq
-4.057296749119534,-3.965697944523118,-0.09159880459641645,0.09159880459641645,True,0.32938051074225294,-4.386677259861788,-3.7279162383772815,200,log_initial_freq
-4.020987928341849,-3.9911911715883948,-0.029796756753453835,0.029796756753453835,True,0.3272942272897258,-4.3482821556315745,-3.6936937010521227,200,log_initial_freq
-3.923750156293098,-4.038044561602325,0.11429440530922674,0.11429440530922674,True,0.30899292005803874,-4.232743076351137,-3.6147572362350595,200,log_initial_freq
-4.464536805742749,-4.0795345848587825,-0.3850022208839663,0.3850022208839663,False,0.32333860150103155,-4.787875407243781,-4.141198204241717,200,log_initial_freq
-4.3726542502872245,-4.086661249602892,-0.285993000684333,0.285993000684333,True,0.3267087342651778,-4.699362984552402,-4.045945516022047,200,log_initial_freq
-3.95086392218981,-4.093263377350404,0.14239945516059382,0.14239945516059382,True,0.33419720581331597,-4.285061128003126,-3.616666716376494,200,log_initial_freq
-3.8376856599486566,-4.097138850717562,0.2594531907689057,0.2594531907689057,True,0.3401728369490369,-4.177858496897693,-3.49751282299962,200,log_initial_freq
-3.943095357988433,-4.1051357143114355,0.1620403563230024,0.1620403563230024,True,0.3241728690433013,-4.267268227031734,-3.618922488945132,200,log_initial_freq
-4.044423513646184,-4.158940298605646,0.11451678495946194,0.11451678495946194,True,0.32614900593824603,-4.370572519584431,-3.7182745077079384,200,log_initial_freq
-4.1657504813598445,-4.198006617274551,0.03225613591470644,0.03225613591470644,True,0.3507052087662723,-4.516455690126117,-3.815045272593572,200,log_initial_freq
-4.695798973489175,-4.4200173523888235,-0.27578162110035187,0.27578162110035187,True,0.4003622858108207,-5.096161259299996,-4.295436687678355,200,log_initial_freq
-4.59828054936962,-4.4548230955018955,-0.14345745386772446,0.14345745386772446,True,0.41971703762325974,-5.0179975869928795,-4.17856351174636,200,log_initial_freq
-4.226184650976595,-4.482482573193072,0.2562979222164765,0.2562979222164765,True,0.34403602272767697,-4.570220673704272,-3.882148628248918,200,log_initial_freq
-4.697109941373492,-4.56323678078675,-0.13387316058674248,0.13387316058674248,True,0.33740299189553785,-5.03451293326903,-4.359706949477954,200,log_initial_freq
-4.805156862141782,-4.646875472054708,-0.15828139008707431,0.15828139008707431,True,0.3780530437528957,-5.183209905894678,-4.427103818388886,200,log_initial_freq
-4.5825107048920515,-4.652955425669294,0.07044472077724251,0.07044472077724251,True,0.3551430899595008,-4.937653794851553,-4.22736761493255,200,log_initial_freq
-4.680738348076623,-4.680333609154079,-0.00040473892254411226,0.00040473892254411226,True,0.3686360065602863,-5.049374354636909,-4.312102341516337,200,log_initial_freq
-4.767974476272315,-4.682932561097327,-0.08504191517498771,0.08504191517498771,True,0.38498434122408237,-5.152958817496397,-4.3829901350482325,200,log_initial_freq
-4.718615203366134,-4.6952125845525465,-0.02340261881358785,0.02340261881358785,True,0.34291372983676843,-5.0615289332029025,-4.375701473529366,200,log_initial_freq
-4.632398029726409,-4.732105891808931,0.09970786208252225,0.09970786208252225,True,0.39340731955791625,-5.025805349284325,-4.238990710168493,200,log_initial_freq
-4.941400514471368,-4.738434040425064,-0.2029664740463044,0.2029664740463044,True,0.329617408625474,-5.271017923096842,-4.611783105845895,200,log_initial_freq
-4.7958484034821085,-4.753881959841372,-0.041966443640736095,0.041966443640736095,True,0.33712822317260727,-5.132976626654716,-4.458720180309501,200,log_initial_freq
-5.100071344975774,-4.755434982881037,-0.3446363620947368,0.3446363620947368,True,0.36941345178730933,-5.4694847967630835,-4.730657893188464,200,log_initial_freq
-4.673425447956517,-4.7633209984119995,0.08989555045548236,0.08989555045548236,True,0.3893492896908932,-5.062774737647411,-4.2840761582656235,200,log_initial_freq
-4.768923391616781,-4.7915907778920745,0.022667386275293744,0.022667386275293744,True,0.37115587280988604,-5.140079264426667,-4.397767518806894,200,log_initial_freq
-4.960560547421416,-4.899293804940529,-0.06126674248088726,0.06126674248088726,True,0.3396681740927686,-5.300228721514184,-4.6208923733286476,200,log_initial_freq
-5.462131359217987,-4.9157896410953485,-0.5463417181226387,0.5463417181226387,False,0.3521870359261257,-5.814318395144113,-5.109944323291861,200,log_initial_freq
-4.668306661816478,-4.935034368814022,0.26672770699754356,0.26672770699754356,True,0.3314976044687665,-4.999804266285245,-4.336809057347712,200,log_initial_freq
-4.865758764720782,-4.983493713953483,0.11773494923270089,0.11773494923270089,True,0.38685295869650416,-5.252611723417287,-4.478905806024278,200,log_initial_freq
-4.9414038987216005,-5.066760532303324,0.1253566335817231,0.1253566335817231,True,0.32281236008813785,-5.264216258809738,-4.618591538633463,200,log_initial_freq
-5.124671630547527,-5.089434643675471,-0.03523698687205634,0.03523698687205634,True,0.3818209520897999,-5.506492582637327,-4.742850678457727,200,log_initial_freq
-5.121397922995951,-5.098486805890481,-0.02291111710546989,0.02291111710546989,True,0.41933778020775053,-5.540735703203701,-4.7020601427882,200,log_initial_freq
-5.1865223089356824,-5.105017749357021,-0.08150455957866143,0.08150455957866143,True,0.41613185667664987,-5.602654165612332,-4.770390452259033,200,log_initial_freq
-5.006429545719199,-5.11856026348754,0.11213071776834038,0.11213071776834038,True,0.3367048667825899,-5.343134412501789,-4.66972467893661,200,log_initial_freq
-5.018465339746232,-5.126130215738134,0.10766487599190189,0.10766487599190189,True,0.3426629031335464,-5.361128242879778,-4.675802436612686,200,log_initial_freq
-4.969471173756273,-5.126507286692971,0.15703611293669795,0.15703611293669795,True,0.3696260959405229,-5.339097269696796,-4.59984507781575,200,log_initial_freq
-5.323496177759328,-5.149468336193412,-0.17402784156591533,0.17402784156591533,True,0.4423011076433035,-5.765797285402631,-4.881195070116024,200,log_initial_freq
-5.068361143702555,-5.186358507804986,0.11799736410243078,0.11799736410243078,True,0.3931545080022736,-5.461515651704829,-4.675206635700281,200,log_initial_freq
-5.3427101866878,-5.253881604062133,-0.08882858262566717,0.08882858262566717,True,0.39766630497354194,-5.740376491661341,-4.945043881714258,200,log_initial_freq
-5.5661408321975,-5.259000653631734,-0.30714017856576614,0.30714017856576614,True,0.35659505181938944,-5.922735884016889,-5.209545780378111,200,log_initial_freq
-5.173997836703423,-5.268323831114682,0.09432599441125866,0.09432599441125866,True,0.39262170802805757,-5.566619544731481,-4.781376128675365,200,log_initial_freq
-5.229884564100247,-5.272267546868319,0.042382982768072175,0.042382982768072175,True,0.38732952492651435,-5.617214089026761,-4.842555039173733,200,log_initial_freq
-5.3298866108646585,-5.329129704418808,-0.0007569064458508024,0.0007569064458508024,True,0.4016889862832351,-5.731575597147893,-4.928197624581424,200,log_initial_freq
-5.514491167453898,-5.355140938096181,-0.1593502293577176,0.1593502293577176,True,0.3943426705839301,-5.908833838037828,-5.120148496869969,200,log_initial_freq
-5.360287705588972,-5.357277693975563,-0.0030100116134086363,0.0030100116134086363,True,0.39572213815819246,-5.756009843747164,-4.964565567430779,200,log_initial_freq
-5.0417972431720575,-5.386876662948843,0.3450794197767859,0.3450794197767859,True,0.3922310864600044,-5.434028329632062,-4.649566156712053,200,log_initial_freq
-5.826788679287122,-5.41510986788924,-0.4116788113978824,0.4116788113978824,False,0.38478549691099656,-6.211574176198119,-5.4420031823761255,200,log_initial_freq
-5.2660934461470825,-5.482503459902333,0.21641001375525004,0.21641001375525004,True,0.38397803375843176,-5.650071479905514,-4.882115412388651,200,log_initial_freq
-5.086865290780995,-5.509392817939582,0.42252752715858666,0.42252752715858666,False,0.3831968430352571,-5.470062133816253,-4.703668447745738,200,log_initial_freq
-5.808449340899596,-5.515238481702756,-0.2932108591968401,0.2932108591968401,True,0.37505748732958727,-6.183506828229183,-5.433391853570009,200,log_initial_freq
-5.532299557151062,-5.560880501742508,0.028580944591445778,0.028580944591445778,True,0.3598800112238508,-5.892179568374913,-5.1724195459272115,200,log_initial_freq
-5.421906921334769,-5.672172454666107,0.25026553333133794,0.25026553333133794,True,0.38002736406467713,-5.8019342853994464,-5.041879557270092,200,log_initial_freq
-5.758723703206925,-5.732035752026665,-0.026687951180260683,0.026687951180260683,True,0.38217738201641466,-6.14090108522334,-5.376546321190511,200,log_initial_freq
-5.640716960334151,-5.75839925510643,0.11768229477227887,0.11768229477227887,True,0.3714319566506283,-6.0121489169847795,-5.269285003683523,200,log_initial_freq
-5.93920753131918,-5.793782100179238,-0.14542543113994277,0.14542543113994277,True,0.3794700982826966,-6.318677629601877,-5.559737433036483,200,log_initial_freq
-5.885429476537196,-5.804356490884343,-0.08107298565285248,0.08107298565285248,True,0.3683140544559352,-6.253743530993131,-5.51711542208126,200,log_initial_freq
-5.889676301379899,-5.826942725673,-0.06273357570689964,0.06273357570689964,True,0.40158753208577264,-6.291263833465672,-5.4880887692941265,200,log_initial_freq
-5.789009644083765,-5.830611421624531,0.041601777540765994,0.041601777540765994,True,0.3814263898453871,-6.170436033929152,-5.407583254238378,200,log_initial_freq
-5.629250558226122,-5.845354850819051,0.21610429259292907,0.21610429259292907,True,0.3576679871128409,-5.986918545338963,-5.2715825711132815,200,log_initial_freq
-5.541090814615207,-5.941436813648231,0.40034599903302404,0.40034599903302404,False,0.3671089383128931,-5.9081997529281,-5.173981876302314,200,log_initial_freq
-5.812232092610779,-5.955869093239043,0.14363700062826368,0.14363700062826368,True,0.3956418498573058,-6.207873942468085,-5.416590242753474,200,log_initial_freq
-6.2133774322423525,-5.960908016259093,-0.2524694159832599,0.2524694159832599,True,0.3312345742311499,-6.5446120064735025,-5.8821428580112025,200,log_initial_freq
-6.037217216962092,-6.045157051610753,0.00793983464866077,0.00793983464866077,True,0.38588659339967224,-6.423103810361765,-5.651330623562419,200,log_initial_freq
-6.1083387331942856,-6.112082007416016,0.003743274221730708,0.003743274221730708,True,0.3866702650186996,-6.4950089982129855,-5.721668468175586,200,log_initial_freq
-6.108075793791264,-6.117085308600668,0.009009514809403818,0.009009514809403818,True,0.3556083334054911,-6.463684127196755,-5.752467460385773,200,log_initial_freq
-6.636723012556843,-6.1618188057429215,-0.4749042068139211,0.4749042068139211,False,0.40182057964967066,-7.038543592206513,-6.234902432907172,200,log_initial_freq
-6.111578773297159,-6.171881402309648,0.060302629012488396,0.060302629012488396,True,0.3532262280184305,-6.4648050013155895,-5.758352545278729,200,log_initial_freq
-6.406522119248302,-6.249243354647405,-0.15727876460089707,0.15727876460089707,True,0.3773488250129342,-6.783870944261236,-6.029173294235368,200,log_initial_freq
-6.313825314480264,-6.254571566522334,-0.05925374795792937,0.05925374795792937,True,0.3847712864414667,-6.69859660092173,-5.929054028038797,200,log_initial_freq
-5.822917523969689,-6.254765325023143,0.4318478010534541,0.4318478010534541,False,0.38148542226576043,-6.20440294623545,-5.441432101703929,200,log_initial_freq
-6.22090133351017,-6.277701411913203,0.05680007840303247,0.05680007840303247,True,0.3737065615000816,-6.594607895010252,-5.847194772010089,200,log_initial_freq
-6.1683738142718925,-6.298849509372087,0.13047569510019486,0.13047569510019486,True,0.3718804641241971,-6.540254278396089,-5.796493350147696,200,log_initial_freq
-6.8638650295161945,-6.299072825406741,-0.5647922041094535,0.5647922041094535,False,0.36292584467668354,-7.226790874192878,-6.500939184839511,200,log_initial_freq
-6.715074696438947,-6.324232418918863,-0.3908422775200844,0.3908422775200844,False,0.37261478922789454,-7.087689485666841,-6.342459907211053,200,log_initial_freq
-6.390014560698158,-6.3290763041121485,-0.06093825658600949,0.06093825658600949,True,0.38283824984561604,-6.772852810543774,-6.007176310852542,200,log_initial_freq
-6.5410141709018665,-6.332134960258392,-0.2088792106434747,0.2088792106434747,True,0.3615238675955803,-6.902538038497447,-6.179490303306286,200,log_initial_freq
-6.14440482922209,-6.351316967026165,0.2069121378040748,0.2069121378040748,True,0.3296483167669533,-6.474053145989043,-5.814756512455137,200,log_initial_freq
-6.297831598909102,-6.384586530493633,0.0867549315845304,0.0867549315845304,True,0.34713077190933356,-6.644962370818436,-5.9507008269997685,200,log_initial_freq
-6.696496115494649,-6.41667997428492,-0.27981614120972953,0.27981614120972953,True,0.3592135684042288,-7.055709683898878,-6.33728254709042,200,log_initial_freq
-6.201426805075524,-6.4379295636265095,0.23650275855098535,0.23650275855098535,True,0.34404348012556896,-6.545470285201093,-5.857383324949955,200,log_initial_freq
-6.19481642995546,-6.444485318555207,0.24966888859974734,0.24966888859974734,True,0.2921604361478748,-6.486976866103335,-5.902655993807585,200,log_initial_freq
-6.81675473199588,-6.543947466893972,-0.27280726510190867,0.27280726510190867,True,0.36253705437029177,-7.179291786366172,-6.454217677625588,200,log_initial_freq
-6.9845838160032265,-6.556578077992405,-0.4280057380108211,0.4280057380108211,False,0.34123399688542677,-7.325817812888653,-6.6433498191178,200,log_initial_freq
-6.947542177906033,-6.614982406542039,-0.3325597713639947,0.3325597713639947,True,0.36240923750788867,-7.309951415413922,-6.585132940398145,200,log_initial_freq
-6.60388734503858,-6.616494773869556,0.012607428830976097,0.012607428830976097,True,0.32719034005479647,-6.931077685093377,-6.276697004983784,200,log_initial_freq
-6.8348162574029,-6.649672970961008,-0.1851432864418916,0.1851432864418916,True,0.33343922340170296,-7.168255480804603,-6.501377034001197,200,log_initial_freq
-6.97924274252011,-6.6682526964069115,-0.310990046113198,0.310990046113198,True,0.3450438353411235,-7.324286577861233,-6.634198907178986,200,log_initial_freq
-6.5648593882041855,-6.6920853895438785,0.12722600133969308,0.12722600133969308,True,0.2746776776767467,-6.839537065880932,-6.290181710527439,200,log_initial_freq
-6.780194787801942,-6.70430317388134,-0.07589161392060184,0.07589161392060184,True,0.27664548626678365,-7.056840274068725,-6.503549301535158,200,log_initial_freq
-6.900387092124169,-6.743759902865818,-0.15662718925835062,0.15662718925835062,True,0.261938668538874,-7.162325760663043,-6.638448423585295,200,log_initial_freq
-6.633153389740586,-6.75654273117088,0.12338934143029423,0.12338934143029423,True,0.25218607990734004,-6.885339469647926,-6.380967309833245,200,log_initial_freq
-6.784169050524398,-6.767537932370075,-0.016631118154323055,0.016631118154323055,True,0.22680514542181618,-7.010974195946215,-6.557363905102582,200,log_initial_freq
-6.6676591586897045,-6.770361386553326,0.10270222786362115,0.10270222786362115,True,0.20227398736915472,-6.869933146058859,-6.46538517132055,200,log_initial_freq
-6.8476358988707275,-6.791727733741562,-0.055908165129165965,0.055908165129165965,True,0.2002092358900573,-7.0478451347607844,-6.647426662980671,200,log_initial_freq
-6.721651906205403,-6.80614384221753,0.08449193601212723,0.08449193601212723,True,0.1907736723265284,-6.9124255785319315,-6.530878233878874,200,log_initial_freq
-6.787541707760817,-6.821716539799179,0.03417483203836191,0.03417483203836191,True,0.18902250019133066,-6.976564207952148,-6.5985192075694865,200,log_initial_freq
-6.930108847847533,-6.847566221638381,-0.0825426262091522,0.0825426262091522,True,0.1974473615875813,-7.127556209435115,-6.732661486259952,200,log_initial_freq
-6.923164330089736,-6.87311105045673,-0.050053279633005765,0.050053279633005765,True,0.189840275304886,-7.113004605394622,-6.73332405478485,200,log_initial_freq
-7.0096667583570245,-6.936719715189058,-0.07294704316796619,0.07294704316796619,True,0.19951018876162757,-7.209176947118652,-6.810156569595397,200,log_initial_freq
-6.840216004870411,-6.979798734577192,0.1395827297067811,0.1395827297067811,True,0.1959407652707049,-7.036156770141115,-6.644275239599706,200,log_initial_freq
-7.18588038654714,-7.051798071791036,-0.1340823147561041,0.1340823147561041,True,0.20287399188317876,-7.388754378430319,-6.983006394663962,200,log_initial_freq
-7.04580210198999,-7.05879356915022,0.01299146716023003,0.01299146716023003,True,0.19821177582609759,-7.244013877816087,-6.847590326163893,200,log_initial_freq
-7.005267645830586,-7.062425457972359,0.057157812141772624,0.057157812141772624,True,0.19711666121673996,-7.202384307047327,-6.808150984613846,200,log_initial_freq
-7.110923257615824,-7.077558748573142,-0.0333645090426824,0.0333645090426824,True,0.1883342195542594,-7.299257477170084,-6.922589038061565,200,log_initial_freq
-7.183362497703205,-7.088834017948754,-0.09452847975445078,0.09452847975445078,True,0.19175907371921255,-7.375121571422417,-6.991603423983992,200,log_initial_freq
-7.019660258524075,-7.140006095172072,0.12034583664799658,0.12034583664799658,True,0.1760580611398974,-7.195718319663972,-6.843602197384178,200,log_initial_freq
-7.229076447711034,-7.1631972549052385,-0.06587919280579513,0.06587919280579513,True,0.17789139845212731,-7.406967846163161,-7.0511850492589065,200,log_initial_freq
-7.157965839615046,-7.224236812346875,0.06627097273182958,0.06627097273182958,True,0.17215744338598135,-7.3301232830010274,-6.985808396229064,200,log_initial_freq
-7.314878621369252,-7.246488137216982,-0.06839048415227023,0.06839048415227023,True,0.17361136295396487,-7.488489984323217,-7.141267258415287,200,log_initial_freq
-7.4310340668216455,-7.399373932511332,-0.03166013431031356,0.03166013431031356,True,0.17309940933369067,-7.6041334761553365,-7.257934657487954,200,log_initial_freq
-7.469048203801919,-7.426599109960319,-0.04244909384160067,0.04244909384160067,True,0.1715092427551788,-7.640557446557098,-7.29753896104674,200,log_initial_freq
-7.476645476628129,-7.446697946769655,-0.029947529858474375,0.029947529858474375,True,0.16742628853370364,-7.644071765161833,-7.309219188094426,200,log_initial_freq
-7.390212204555949,-7.447210449196451,0.05699824464050174,0.05699824464050174,True,0.16426936276756848,-7.554481567323518,-7.22594284178838,200,log_initial_freq
-7.477659640560807,-7.461254782861611,-0.016404857699195752,0.016404857699195752,True,0.16499660633844637,-7.642656246899254,-7.312663034222361,200,log_initial_freq
-7.5374176084951765,-7.476623787315172,-0.060793821180004315,0.060793821180004315,True,0.1639820275512302,-7.701399636046407,-7.373435580943946,200,log_initial_freq
-7.5397064288938225,-7.502773887214655,-0.036932541679167485,0.036932541679167485,True,0.15594341682281335,-7.695649845716636,-7.383763012071009,200,log_initial_freq
-7.56058890502504,-7.555773222320021,-0.004815682705018531,0.004815682705018531,True,0.15369173427389166,-7.714280639298932,-7.406897170751148,200,log_initial_freq
-7.599238213114449,-7.558257984683855,-0.04098022843059468,0.04098022843059468,True,0.14839475018756243,-7.747632963302012,-7.450843462926887,200,log_initial_freq
-7.497516857116196,-7.564627173066599,0.06711031595040318,0.06711031595040318,True,0.1424852719092832,-7.640002129025479,-7.355031585206913,200,log_initial_freq
-7.606963734527469,-7.579204969473979,-0.027758765053490286,0.027758765053490286,True,0.14122084961920692,-7.748184584146676,-7.465742884908263,200,log_initial_freq
-7.629034764215798,-7.598183456403042,-0.030851307812755913,0.030851307812755913,True,0.1329858803648714,-7.762020644580669,-7.496048883850927,200,log_initial_freq
-7.611964233993868,-7.6119608120583,-3.421935567793355e-06,3.421935567793355e-06,True,0.12901939058936157,-7.7409836245832295,-7.482944843404507,200,log_initial_freq
-7.6372496892571995,-7.626323117565344,-0.01092657169185518,0.01092657169185518,True,0.12690972197172948,-7.764159411228929,-7.51033996728547,200,log_initial_freq
-7.663051793299138,-7.630826415020365,-0.03222537827877314,0.03222537827877314,True,0.12475384992106925,-7.787805643220207,-7.538297943378068,200,log_initial_freq
-7.636119378463258,-7.653611073062194,0.01749169459893629,0.01749169459893629,True,0.12698141044799321,-7.7631007889112515,-7.509137968015264,200,log_initial_freq
-7.695378073659096,-7.666150753689871,-0.029227319969225007,0.029227319969225007,True,0.1289997136431015,-7.824377787302198,-7.566378360015995,200,log_initial_freq
-7.696541304155009,-7.691196780195021,-0.005344523959987413,0.005344523959987413,True,0.12124721866010667,-7.817788522815115,-7.575294085494902,200,log_initial_freq
-7.726709882324613,-7.7053464536127585,-0.021363428711854482,0.021363428711854482,True,0.12189029824766186,-7.848600180572275,-7.604819584076951,200,log_initial_freq
-7.712899720424067,-7.727016164864787,0.014116444440719356,0.014116444440719356,True,0.12342714786801777,-7.836326868292085,-7.5894725725560495,200,log_initial_freq
-7.871727734767376,-7.820742734728598,-0.050985000038777706,0.050985000038777706,True,0.12509206051944902,-7.996819795286825,-7.746635674247926,200,log_initial_freq
-7.845195447259537,-7.856108705737007,0.010913258477470045,0.010913258477470045,True,0.12605792491593085,-7.971253372175468,-7.7191375223436065,200,log_initial_freq
0.0,0.0,0.0,0.0,True,0.0,0.0,0.0,500,growth_rate
-0.0006326626447962715,0.000372761020948964,-0.0010054236657452355,0.0010054236657452355,True,0.02711333085484163,-0.0277459934996379,0.02648066821004536,500,growth_rate
0.016063274705608147,0.0010627792329545027,0.015000495472653644,0.015000495472653644,True,0.030489341748475562,-0.014426067042867415,0.046552616454083706,500,growth_rate
0.005748286517997098,0.0021332170835797193,0.003615069434417379,0.003615069434417379,True,0.029776563810764337,-0.024028277292767238,0.03552485032876143,500,growth_rate
0.019743891217966065,0.0033471091907581463,0.01639678202720792,0.01639678202720792,True,0.03501391143277699,-0.015270020214810925,0.05475780265074305,500,growth_rate
0.002704912723796157,0.006541404976090792,-0.003836492252294635,0.003836492252294635,True,0.024094057208531586,-0.02138914448473543,0.02679896993232774,500,growth_rate
-0.023898553883375695,0.007357391874300401,-0.031255945757676096,0.031255945757676096,False,0.02516806845371381,-0.049066622337089506,0.0012695145703381164,500,growth_rate
0.0008014986031340018,0.0075503866186620305,-0.006748888015528028,0.006748888015528028,True,0.031243197933245904,-0.030441699330111902,0.0320446965363799,500,growth_rate
0.04067237658462492,0.01111594327859411,0.029556433306030812,0.029556433306030812,True,0.03171247028445259,0.008959906300172328,0.07238484686907751,500,growth_rate
0.009586439073695593,0.011990941188582682,-0.0024045021148870888,0.0024045021148870888,True,0.0388253969378966,-0.029238957864201005,0.04841183601159219,500,growth_rate
0.021554267176571374,0.014147035925813567,0.007407231250757807,0.007407231250757807,True,0.03828599786899666,-0.016731730692425287,0.05984026504556804,500,growth_rate
0.003440235459006857,0.014938105439283478,-0.011497869980276621,0.011497869980276621,True,0.042090485048169896,-0.038650249589163035,0.045530720507176756,500,growth_rate
0.01641815981400165,0.015155680261233262,0.001262479552768387,0.001262479552768387,True,0.02405877342902615,-0.007640613615024501,0.0404769332430278,500,growth_rate
0.053113335907103924,0.019680723826307422,0.0334326120807965,0.0334326120807965,False,0.021194055174953,0.031919280732150924,0.07430739108205692,500,growth_rate
0.03975202149342097,0.0208078207654811,0.01894420072793987,0.01894420072793987,True,0.025358520175240803,0.014393501318180166,0.06511054166866177,500,growth_rate
0.0016362183121179266,0.02101542549678681,-0.019379207184668883,0.019379207184668883,True,0.025232882870733508,-0.02359666455861558,0.026869101182851435,500,growth_rate
0.06909923045560042,0.021034761729159024,0.04806446872644139,0.04806446872644139,False,0.03339453358231169,0.03570469687328873,0.1024937640379121,500,growth_rate
0.0005896447884829737,0.022748652927934432,-0.022159008139451458,0.022159008139451458,True,0.03295401170211277,-0.032364366913629795,0.03354365649059574,500,growth_rate
0.05133861830869441,0.02314810149647417,0.02819051681222024,0.02819051681222024,False,0.018428158345942677,0.032910459962751736,0.0697667766546371,500,growth_rate
0.03114935556094747,0.02452816625256582,0.00662118930838165,0.00662118930838165,True,0.03971689422525438,-0.008567538664306911,0.07086624978620185,500,growth_rate
0.05997791956726939,0.02455446219893681,0.03542345736833258,0.03542345736833258,False,0.0331762916027798,0.026801627964489587,0.09315421117004918,500,growth_rate
0.05912112145651373,0.025389989501138133,0.033731131955375596,0.033731131955375596,False,0.02515165662755182,0.033969464828961904,0.08427277808406555,500,growth_rate
-0.002482509835306397,0.02573360165041494,-0.028216111485721337,0.028216111485721337,False,0.022284217918236444,-0.02476672775354284,0.019801708082930046,500,growth_rate
-0.02493323435198599,0.027820770525844085,-0.05275400487783008,0.05275400487783008,False,0.03555624592523407,-0.060489480277220065,0.010623011573248079,500,growth_rate
0.06338148109418452,0.028436287024357798,0.03494519406982673,0.03494519406982673,False,0.024031276591929433,0.03935020450225509,0.08741275768611395,500,growth_rate
0.046919591893969916,0.028865743911483777,0.01805384798248614,0.01805384798248614,True,0.024054916138054723,0.022864675755915193,0.07097450803202464,500,growth_rate
0.03853225903881407,0.03052403758927069,0.008008221449543378,0.008008221449543378,True,0.02335090981114924,0.015181349227664828,0.06188316884996331,500,growth_rate
0.04623795225181537,0.030764465414969633,0.01547348683684574,0.01547348683684574,True,0.026038721335625188,0.020199230916190185,0.07227667358744055,500,growth_rate
0.0609335613169204,0.03077035796034988,0.030163203356570516,0.030163203356570516,False,0.022932017563524792,0.03800154375339561,0.08386557888044519,500,growth_rate
0.058121234173285345,0.031139740202887956,0.02698149397039739,0.02698149397039739,False,0.020490179826027344,0.037631054347258,0.0786114139993127,500,growth_rate
0.01570141419596226,0.03233659899514163,-0.01663518479917937,0.01663518479917937,True,0.026298824782248757,-0.010597410586286497,0.04200023897821102,500,growth_rate
0.024015428938559402,0.03348471196641317,-0.00946928302785377,0.00946928302785377,True,0.02815817899747554,-0.0041427500589161365,0.05217360793603494,500,growth_rate
0.0190601120811754,0.03427495913091838,-0.01521484704974298,0.01521484704974298,True,0.0335986702339425,-0.014538558152767101,0.052658782315117905,500,growth_rate
0.005967136720300627,0.03505950656343232,-0.029092369843131693,0.029092369843131693,False,0.02707483860798588,-0.021107701887685255,0.03304197532828651,500,growth_rate
0.049394459089600766,0.03506625254383511,0.014328206545765658,0.014328206545765658,True,0.020613564507246187,0.02878089458235458,0.07000802359684695,500,growth_rate
0.07506996524003152,0.03628106891111671,0.038788896328914815,0.038788896328914815,False,0.03214657565185951,0.04292338958817202,0.10721654089189103,500,growth_rate
-0.01740991166712073,0.03645854679107863,-0.05386845845819936,0.05386845845819936,False,0.03739181368531429,-0.05480172535243502,0.019981902018193557,500,growth_rate
-0.011256289397257053,0.036811834609678795,-0.048068124006935845,0.048068124006935845,False,0.0305705747239037,-0.04182686412116075,0.019314285326646648,500,growth_rate
0.03498120771423582,0.0370188981399982,-0.0020376904257623854,0.0020376904257623854,True,0.026082999324253196,0.00889820838998262,0.06106420703848901,500,growth_rate
0.04395514276093232,0.03778320225261539,0.006171940508316931,0.006171940508316931,True,0.020296610954804978,0.023658531806127342,0.0642517537157373,500,growth_rate
0.03389706362152489,0.03824814115797853,-0.00435107753645364,0.00435107753645364,True,0.026983809973343396,0.006913253648181496,0.06088087359486829,500,growth_rate
0.014717619677115497,0.039806365347227146,-0.02508874567011165,0.02508874567011165,True,0.033622664079353194,-0.018905044402237697,0.04834028375646869,500,growth_rate
0.006484980830770044,0.040895371507590206,-0.03441039067682016,0.03441039067682016,False,0.021313664709828182,-0.014828683879058138,0.027798645540598226,500,growth_rate
0.04440429631528877,0.041435509398778714,0.0029687869165100564,0.0029687869165100564,True,0.025162957913787153,0.019241338401501617,0.06956725422907592,500,growth_rate
0.042814178614825185,0.04204034053834066,0.000773838076484526,0.000773838076484526,True,0.028345018933952464,0.014469159680872722,0.07115919754877764,500,growth_rate
0.006404280134395184,0.04211082449206005,-0.03570654435766486,0.03570654435766486,False,0.02658972568898855,-0.020185445554593364,0.03299400582338373,500,growth_rate
0.027551010750479946,0.04325907281875019,-0.015708062068270242,0.015708062068270242,True,0.023377626067156636,0.00417338468332331,0.05092863681763658,500,growth_rate
0.020953262018513504,0.043614684390402336,-0.022661422371888833,0.022661422371888833,True,0.026079592956942014,-0.00512633093842851,0.04703285497545552,500,growth_rate
0.01664101555361843,0.04474749569755443,-0.028106480143935998,0.028106480143935998,False,0.01948750563891368,-0.00284649008529525,0.03612852119253211,500,growth_rate
0.028750058806443646,0.044895434761532405,-0.016145375955088758,0.016145375955088758,True,0.03764530820858507,-0.008895249402141422,0.06639536701502871,500,growth_rate
0.05096947413438606,0.0460657959002958,0.004903678234090256,0.004903678234090256,True,0.025470658218581056,0.025498815915805002,0.07644013235296712,500,growth_rate
0.08054473295124569,0.04610850443586212,0.03443622851538357,0.03443622851538357,False,0.03145003653128402,0.04909469641996167,0.1119947694825297,500,growth_rate
0.04572431828586959,0.047783407503306785,-0.0020590892174371933,0.0020590892174371933,True,0.027819058905865186,0.017905259380004406,0.07354337719173477,500,growth_rate
0.033765853129515626,0.05005217229072234,-0.016286319161206715,0.016286319161206715,True,0.025993298578293456,0.00777255455122217,0.059759151707809086,500,growth_rate
0.03623717465487159,0.05106711035224415,-0.014829935697372558,0.014829935697372558,True,0.023865103664670317,0.012372070990201274,0.06010227831954191,500,growth_rate
0.06246705764152662,0.05338246784008038,0.00908458980144624,0.00908458980144624,True,0.03476487029527821,0.027702187346248415,0.09723192793680482,500,growth_rate
0.09520603639334228,0.05392554857493154,0.04128048781841075,0.04128048781841075,False,0.02881576675374666,0.06639026963959563,0.12402180314708894,500,growth_rate
0.05901805747405981,0.05672204193205865,0.0022960155420011577,0.0022960155420011577,True,0.024843895465373682,0.03417416200868613,0.08386195293943349,500,growth_rate
0.06263793838561446,0.05746611901838927,0.005171819367225189,0.005171819367225189,True,0.025912215061295898,0.03672572332431856,0.08855015344691036,500,growth_rate
0.05813556762217098,0.06033753353445359,-0.0022019659122826107,0.0022019659122826107,True,0.02628962944484001,0.031845938177330974,0.08442519706701099,500,growth_rate
0.06100164652751002,0.06279265523191813,-0.001791008704408105,0.001791008704408105,True,0.023065497650473915,0.037936148877036106,0.08406714417798394,500,growth_rate
0.030421991648592998,0.0632186526143596,-0.03279666096576661,0.03279666096576661,False,0.029980138840499007,0.00044185280809399055,0.060402130489092,500,growth_rate
0.031257263419708366,0.06420453831768236,-0.03294727489797399,0.03294727489797399,False,0.025967404412619365,0.0052898590070890004,0.05722466783232773,500,growth_rate
0.10830811015242342,0.06464693230442708,0.043661177847996335,0.043661177847996335,False,0.027887890034774154,0.08042022011764927,0.13619600018719757,500,growth_rate
0.10581710447616265,0.06710908484951655,0.03870801962664609,0.03870801962664609,False,0.0241042808946391,0.08171282358152354,0.12992138537080175,500,growth_rate
0.08228428642289114,0.06890494645551665,0.01337933996737449,0.01337933996737449,True,0.021156852346641383,0.06112743407624975,0.10344113876953252,500,growth_rate
0.13784730240150744,0.06913970742905018,0.06870759497245726,0.06870759497245726,False,0.019862687801630682,0.11798461459987676,0.15770999020313814,500,growth_rate
0.08351227614218396,0.06973356209123016,0.013778714050953794,0.013778714050953794,True,0.027314054672199908,0.056198221469984044,0.11082633081438387,500,growth_rate
0.0269955305525258,0.07094271374633054,-0.043947183193804744,0.043947183193804744,False,0.022865054185397263,0.004130476367128537,0.04986058473792306,500,growth_rate
0.053573371578260615,0.07166615873566068,-0.018092787157400064,0.018092787157400064,True,0.0317384344629551,0.021834937115305514,0.08531180604121572,500,growth_rate
0.042268411125764724,0.07244837749261379,-0.030179966366849068,0.030179966366849068,False,0.02193751511676528,0.020330896008999445,0.06420592624253,500,growth_rate
0.0925548800332866,0.07264497942678194,0.01990990060650466,0.01990990060650466,False,0.01908529174265027,0.07346958829063634,0.11164017177593687,500,growth_rate
0.10919693050522782,0.07279751453495331,0.036399415970274504,0.036399415970274504,False,0.02075242685018108,0.08844450365504673,0.12994935735540888,500,growth_rate
0.06002302132754431,0.07593049850427053,-0.01590747717672622,0.01590747717672622,True,0.02554583093017279,0.034477190397371515,0.0855688522577171,500,growth_rate
0.1244550602381005,0.0762316304790377,0.04822342975906281,0.04822342975906281,False,0.03211352896075871,0.09234153127734179,0.15656858919885921,500,growth_rate
0.04884124928362214,0.07654465036325808,-0.02770340107963594,0.02770340107963594,False,0.026401222144061702,0.02244002713956044,0.07524247142768384,500,growth_rate
0.04084961973814313,0.0768701042855715,-0.03602048454742838,0.03602048454742838,False,0.03178427492949849,0.009065344808644633,0.07263389466764161,500,growth_rate
0.07635837383105003,0.07813121183563676,-0.0017728380045867326,0.0017728380045867326,True,0.02299423526377287,0.05336413856727716,0.0993526090948229,500,growth_rate
0.10169344159718077,0.07843386923748163,0.023259572359699138,0.023259572359699138,False,0.022674626858594966,0.07901881473858581,0.12436806845577573,500,growth_rate
0.0925547173876712,0.07861734153280675,0.013937375854864445,0.013937375854864445,True,0.019519312417200705,0.0730354049704705,0.1120740298048719,500,growth_rate
0.12298498452413531,0.07862232919256812,0.04436265533156719,0.04436265533156719,False,0.01666984039090394,0.10631514413323137,0.13965482491503925,500,growth_rate
0.03742480162525304,0.079016827350747,-0.04159202572549396,0.04159202572549396,False,0.02567495402002685,0.011749847605226186,0.06309975564527989,500,growth_rate
0.08006979942738793,0.08126034243325964,-0.0011905430058717081,0.0011905430058717081,True,0.03906779674162032,0.041002002685767605,0.11913759616900825,500,growth_rate
0.0723541494718595,0.08223746092555706,-0.009883311453697557,0.009883311453697557,True,0.027754635309282048,0.04459951416257746,0.10010878478114155,500,growth_rate
0.08306266404298907,0.0849950089989121,-0.0019323449559230377,0.0019323449559230377,True,0.0262081305911166,0.05685453345187247,0.10927079463410566,500,growth_rate
0.021638002513228078,0.08501677211856734,-0.06337876960533927,0.06337876960533927,False,0.025459267982752158,-0.00382126546952408,0.04709727049598024,500,growth_rate
0.07561111562552617,0.0862591260830895,-0.010648010457563334,0.010648010457563334,True,0.035204893989187185,0.04040622163633898,0.11081600961471336,500,growth_rate
0.07530404494284038,0.08637089974817658,-0.011066854805336201,0.011066854805336201,True,0.029453084346295004,0.04585096059654537,0.10475712928913539,500,growth_rate
0.08805715334968633,0.08661250359216183,0.0014446497575245076,0.0014446497575245076,True,0.02641322684282297,0.061643926506863365,0.1144703801925093,500,growth_rate
0.13116775432150724,0.08689922210406265,0.04426853221744459,0.04426853221744459,False,0.03185433355925255,0.09931342076225469,0.16302208788075978,500,growth_rate
0.11690663411358053,0.08775030618880064,0.029156327924779887,0.029156327924779887,False,0.026177342724659988,0.09072929138892054,0.1430839768382405,500,growth_rate
0.11365336728932754,0.08860669040091179,0.025046676888415748,0.025046676888415748,True,0.029868696267524718,0.08378467102180281,0.14352206355685226,500,growth_rate
0.136811278893944,0.08888247336905736,0.04792880552488665,0.04792880552488665,False,0.03264891936806723,0.10416235952587678,0.16946019826201125,500,growth_rate
0.07879165593159611,0.09188615900622138,-0.013094503074625272,0.013094503074625272,True,0.03315691782763438,0.04563473810396173,0.11194857375923048,500,growth_rate
0.13428879497669408,0.09390741246193912,0.040381382514754954,0.040381382514754954,False,0.021837120291553658,0.11245167468514042,0.15612591526824773,500,growth_rate
0.12337250251119486,0.09603614819680156,0.027336354314393296,0.027336354314393296,False,0.017632388999294472,0.10574011351190038,0.14100489151048934,500,growth_rate
0.1305121856455291,0.09637348385991013,0.03413870178561898,0.03413870178561898,False,0.023162838635149598,0.10734934701037951,0.1536750242806787,500,growth_rate
0.05997781833175503,0.09819028835006843,-0.038212470018313405,0.038212470018313405,False,0.03126335451535966,0.02871446381639537,0.0912411728471147,500,growth_rate
0.039939341168625735,0.09823148034763951,-0.058292139179013776,0.058292139179013776,False,0.035090953494072596,0.004848387674553138,0.07503029466269834,500,growth_rate
0.13754861186617298,0.09948801314853917,0.038060598717633815,0.038060598717633815,True,0.04666205743390193,0.09088655443227106,0.1842106693000749,500,growth_rate
0.07508088708374212,0.10068935552153657,-0.02560846843779445,0.02560846843779445,False,0.023190952875238965,0.05188993420850316,0.09827183995898109,500,growth_rate
0.10709046965102673,0.10155382837058763,0.005536641280439097,0.005536641280439097,True,0.020846345292039034,0.08624412435898769,0.12793681494306575,500,growth_rate
0.10977290908359885,0.10246988445388955,0.007303024629709304,0.007303024629709304,True,0.03952313508800796,0.07024977399559089,0.1492960441716068,500,growth_rate
0.11177128618433141,0.10270517230249376,0.009066113881837645,0.009066113881837645,True,0.020833917484300506,0.0909373687000309,0.1326052036686319,500,growth_rate
0.09327329093050528,0.10362143906909338,-0.0103481481385881,0.0103481481385881,True,0.03335350770247585,0.059919783228029426,0.12662679863298112,500,growth_rate
0.09736078476062322,0.10468667476118182,-0.007325890000558596,0.007325890000558596,True,0.027579771080343988,0.06978101368027924,0.12494055584096721,500,growth_rate
0.07562926635465428,0.10482553409082895,-0.029196267736174675,0.029196267736174675,False,0.024389619225030478,0.0512396471296238,0.10001888557968476,500,growth_rate
0.17511627506103036,0.1048532180808106,0.07026305698021976,0.07026305698021976,False,0.01744747375592844,0.1576688013051019,0.1925637488169588,500,growth_rate
0.10629517420208628,0.1067601324942219,-0.0004649582921356088,0.0004649582921356088,True,0.029229862083109827,0.07706531211897646,0.1355250362851961,500,growth_rate
0.14371116921484423,0.10797473550988834,0.03573643370495588,0.03573643370495588,False,0.025407175171711333,0.1183039940431329,0.16911834438655557,500,growth_rate
0.1876717207546209,0.10831863121911711,0.0793530895355038,0.0793530895355038,False,0.027639233854028646,0.16003248690059227,0.21531095460864955,500,growth_rate
0.10919687455593173,0.10899288420467679,0.00020399035125494291,0.00020399035125494291,True,0.019106311337710357,0.09009056321822137,0.1283031858936421,500,growth_rate
0.11167714984543875,0.11016816577415633,0.0015089840712824154,0.0015089840712824154,True,0.017480360423246563,0.09419678942219219,0.12915751026868533,500,growth_rate
0.12931150395185279,0.1109789419660907,0.01833256198576208,0.01833256198576208,True,0.01877162584843782,0.11053987810341497,0.1480831298002906,500,growth_rate
0.058886535259452186,0.11166148644286839,-0.0527749511834162,0.0527749511834162,False,0.04479126604873042,0.014095269210721767,0.1036778013081826,500,growth_rate
0.13572087505958613,0.11252725241991596,0.023193622639670175,0.023193622639670175,False,0.023094539002104536,0.1126263360574816,0.15881541406169067,500,growth_rate
0.14549970110145508,0.11385644836091796,0.031643252740537114,0.031643252740537114,False,0.025387039321023687,0.1201126617804314,0.17088674042247876,500,growth_rate
0.12800364320074545,0.11529210217753699,0.012711541023208456,0.012711541023208456,True,0.01931713690586258,0.10868650629488287,0.14732078010660804,500,growth_rate
0.1589268756284049,0.11541813278816343,0.04350874284024148,0.04350874284024148,False,0.028023457387308263,0.13090341824109664,0.18695033301571318,500,growth_rate
0.08361146724167931,0.11822378410734108,-0.03461231686566177,0.03461231686566177,False,0.02599051506823131,0.057620952173447995,0.10960198230991063,500,growth_rate
0.15406076261507784,0.12028516016729951,0.03377560244777833,0.03377560244777833,False,0.01958231794589392,0.1344784446691839,0.17364308056097177,500,growth_rate
0.1152498988128994,0.12133771109216906,-0.006087812279269661,0.006087812279269661,True,0.01890268042028401,0.0963472183926154,0.1341525792331834,500,growth_rate
0.1543179633983685,0.12148908984697754,0.03282887355139097,0.03282887355139097,False,0.026862199332296225,0.12745576406607229,0.18118016273066473,500,growth_rate
0.13913705928211612,0.12326773443044475,0.015869324851671363,0.015869324851671363,True,0.027683408968841187,0.11145365031327492,0.1668204682509573,500,growth_rate
0.12080070014617642,0.12509447119468003,-0.00429377104850362,0.00429377104850362,True,0.024630491274234365,0.09617020887194205,0.14543119142041078,500,growth_rate
0.11031924518600751,0.12596515127730945,-0.01564590609130194,0.01564590609130194,True,0.02016146417487365,0.09015778101113386,0.13048070936088116,500,growth_rate
0.14141081106507544,0.1296262234537327,0.01178458761134274,0.01178458761134274,True,0.0255871265687294,0.11582368449634604,0.16699793763380483,500,growth_rate
0.1423720529808098,0.13017253636445758,0.012199516616352213,0.012199516616352213,True,0.023825445130762422,0.11854660785004736,0.16619749811157222,500,growth_rate
0.1551848867050587,0.1319433354762567,0.023241551228802004,0.023241551228802004,True,0.024539487418066584,0.13064539928699212,0.17972437412312528,500,growth_rate
0.1571430774907384,0.13216276332010657,0.024980314170631818,0.024980314170631818,False,0.01734293046281724,0.13980014702792115,0.17448600795355562,500,growth_rate
0.15728338663761832,0.13461778912553063,0.022665597512087687,0.022665597512087687,True,0.03674329828719747,0.12054008835042085,0.19402668492481578,500,growth_rate
0.17170575298802854,0.1351959984416563,0.03650975454637223,0.03650975454637223,False,0.02242848848904226,0.14927726449898626,0.1941342414770708,500,growth_rate
0.15916625548109456,0.13739025274781963,0.02177600273327493,0.02177600273327493,True,0.024747991377891694,0.13441826410320287,0.18391424685898625,500,growth_rate
0.1719903550153585,0.1377542377168468,0.0342361172985117,0.0342361172985117,False,0.01809200697472608,0.15389834804063243,0.19008236199008458,500,growth_rate
0.14916602426938902,0.13777623151042728,0.011389792758961736,0.011389792758961736,True,0.03419429933298207,0.11497172493640695,0.1833603236023711,500,growth_rate
0.15447395509659734,0.13898875331180066,0.015485201784796676,0.015485201784796676,True,0.025663783607604223,0.12881017148899312,0.18013773870420155,500,growth_rate
0.18913731546140156,0.13924364132398764,0.04989367413741391,0.04989367413741391,False,0.02246495734269879,0.16667235811870276,0.21160227280410035,500,growth_rate
0.12684228117583388,0.13964729842342816,-0.01280501724759428,0.01280501724759428,True,0.017287442782901008,0.10955483839293287,0.14412972395873488,500,growth_rate
0.16504637961314797,0.1417439312161049,0.02330244839704307,0.02330244839704307,True,0.028610688430023568,0.1364356911831244,0.19365706804317154,500,growth_rate
0.127745124239011,0.14176254088565937,-0.014017416646648378,0.014017416646648378,True,0.0266334614281291,0.1011116628108819,0.15437858566714008,500,growth_rate
0.08591472978659967,0.14193209172569188,-0.05601736193909221,0.05601736193909221,False,0.027451332611968676,0.05846339717463099,0.11336606239856835,500,growth_rate
0.14412700548890006,0.14352488234056643,0.0006021231483336331,0.0006021231483336331,True,0.01726814193742525,0.1268588635514748,0.16139514742632532,500,growth_rate
0.15976077041185158,0.14524244801757574,0.014518322394275834,0.014518322394275834,True,0.02608057008616682,0.13368020032568476,0.1858413404980184,500,growth_rate
0.15652272915447385,0.145436222914738,0.011086506239735838,0.011086506239735838,True,0.033658652897168656,0.1228640762573052,0.1901813820516425,500,growth_rate
0.15801903162940317,0.14545236945647216,0.012566662172931009,0.012566662172931009,True,0.025698891741726532,0.13232013988767663,0.18371792337112972,500,growth_rate
0.12973500075175848,0.14564110249946355,-0.01590610174770507,0.01590610174770507,True,0.022321470940963917,0.10741352981079456,0.1520564716927224,500,growth_rate
0.1878539133873315,0.1458963871127163,0.041957526274615214,0.041957526274615214,False,0.022622971267794403,0.1652309421195371,0.21047688465512593,500,growth_rate
0.12015755401769436,0.14596559302316803,-0.025808039005473668,0.025808039005473668,False,0.02136668275932166,0.0987908712583727,0.14152423677701603,500,growth_rate
0.1820778585983312,0.14601599328217307,0.036061865316158126,0.036061865316158126,False,0.025519215166646278,0.1565586434316849,0.2075970737649775,500,growth_rate
0.1512173748166821,0.146128387976043,0.005088986840639104,0.005088986840639104,True,0.036965457415254525,0.11425191740142757,0.18818283223193663,500,growth_rate
0.1822209593635281,0.14734674930163993,0.03487421006188818,0.03487421006188818,False,0.02505698979826216,0.15716396956526596,0.20727794916179026,500,growth_rate
0.16701171728083308,0.14771313548956622,0.019298581791266867,0.019298581791266867,True,0.02024527099890184,0.14676644628193125,0.18725698827973492,500,growth_rate
0.13330039358680934,0.15140991895880673,-0.018109525371997393,0.018109525371997393,True,0.01996764514774169,0.11333274843906765,0.15326803873455103,500,growth_rate
0.1792233515432715,0.15234321647419602,0.026880135069075467,0.026880135069075467,False,0.02087121254198029,0.1583521390012912,0.20009456408525178,500,growth_rate
0.16744068387782898,0.152555693437318,0.014884990440510976,0.014884990440510976,True,0.030710287020118625,0.13673039685771035,0.19815097089794761,500,growth_rate
0.1386868443173662,0.15318176618808987,-0.014494921870723682,0.014494921870723682,True,0.02316320202724591,0.11552364229012028,0.16185004634461211,500,growth_rate
0.19230731657175545,0.15690955761661102,0.03539775895514444,0.03539775895514444,False,0.03249166255198288,0.15981565401977257,0.22479897912373834,500,growth_rate
0.1852557753059476,0.15732649938199866,0.02792927592394895,0.02792927592394895,False,0.026315861485200247,0.15893991382074737,0.21157163679114785,500,growth_rate
0.13668733596117807,0.16091952511100754,-0.02423218914982947,0.02423218914982947,True,0.02885565992368768,0.10783167603749039,0.16554299588486576,500,growth_rate
0.15817306688190433,0.1615442233089246,-0.0033711564270202665,0.0033711564270202665,True,0.024426047008555166,0.13374701987334917,0.1825991138904595,500,growth_rate
0.16479806161221397,0.16290357903243724,0.0018944825797767295,0.0018944825797767295,True,0.01874176588479523,0.14605629572741874,0.1835398274970092,500,growth_rate
0.14780404617425677,0.16403287190105587,-0.016228825726799095,0.016228825726799095,True,0.026506715639832257,0.12129733053442451,0.17431076181408903,500,growth_rate
0.20215717648537507,0.16992433197840895,0.03223284450696612,0.03223284450696612,False,0.03129567800048016,0.1708614984848949,0.23345285448585523,500,growth_rate
0.1728707959527974,0.17034424223007977,0.0025265537227176227,0.0025265537227176227,True,0.021727747195705624,0.15114304875709178,0.194598543148503,500,growth_rate
0.209641929646617,0.17073831541167228,0.038903614234944706,0.038903614234944706,False,0.02839373097263487,0.18124819867398212,0.23803566061925185,500,growth_rate
0.1732599383823765,0.17078917713767683,0.002470761244699665,0.002470761244699665,True,0.026953836740866776,0.14630610164150973,0.20021377512324326,500,growth_rate
0.22243926310318266,0.17154693219598072,0.05089233090720194,0.05089233090720194,False,0.02180480287374174,0.20063446022944093,0.24424406597692438,500,growth_rate
0.2080953518366782,0.17247673146729786,0.03561862036938035,0.03561862036938035,False,0.02321855379993597,0.18487679803674223,0.2313139056366142,500,growth_rate
0.18251327010006474,0.17275866935756423,0.009754600742500508,0.009754600742500508,True,0.024317935345454008,0.15819533475461073,0.20683120544551875,500,growth_rate
0.15200055195751705,0.17320085145013525,-0.021200299492618202,0.021200299492618202,True,0.031111667013679727,0.12088888494383732,0.18311221897119678,500,growth_rate
0.18484944926718552,0.17378409545682943,0.011065353810356088,0.011065353810356088,True,0.025565932758256204,0.15928351650892933,0.21041538202544172,500,growth_rate
0.227500947468841,0.17708224488384994,0.050418702584991065,0.050418702584991065,False,0.03328607461233978,0.19421487285650121,0.26078702208118076,500,growth_rate
0.18865133420365393,0.1795537624317457,0.00909757177190823,0.00909757177190823,True,0.02123430533175731,0.16741702887189663,0.20988563953541123,500,growth_rate
0.2019703026533581,0.17980754955261974,0.02216275310073837,0.02216275310073837,True,0.0239502664598982,0.1780200361934599,0.2259205691132563,500,growth_rate
0.17536182904131004,0.18078238153128906,-0.005420552489979025,0.005420552489979025,True,0.02736787661138295,0.14799395242992708,0.202729705652693,500,growth_rate
0.1573878349937898,0.1810881061939167,-0.023700271200126882,0.023700271200126882,False,0.02048550585239907,0.13690232914139072,0.1778733408461889,500,growth_rate
0.17218826591416672,0.1813939612853201,-0.009205695371153372,0.009205695371153372,True,0.022119119238540992,0.15006914667562574,0.1943073851527077,500,growth_rate
0.19938014557506964,0.181816933914355,0.017563211660714645,0.017563211660714645,True,0.019140907887053193,0.18023923768801645,0.21852105346212283,500,growth_rate
0.14961201377985797,0.1829702924263047,-0.03335827864644672,0.03335827864644672,False,0.027699025021210966,0.121912988758647,0.17731103880106894,500,growth_rate
0.196293380176757,0.1838514916517302,0.012441888525026784,0.012441888525026784,True,0.024573405243024503,0.17171997493373248,0.2208667854197815,500,growth_rate
0.22312959961310996,0.18599015610471986,0.0371394435083901,0.0371394435083901,False,0.02256415124993411,0.20056544836317586,0.24569375086304407,500,growth_rate
0.228577486043555,0.18640574982133423,0.04217173622222076,0.04217173622222076,False,0.024266611804794135,0.20431087423876085,0.2528440978483491,500,growth_rate
0.24222699969772155,0.18680006207446415,0.0554269376232574,0.0554269376232574,False,0.024685513400892735,0.21754148629682882,0.2669125130986143,500,growth_rate
0.2262319060745897,0.18899702066444457,0.037234885410145135,0.037234885410145135,False,0.022595011184624918,0.20363689488996478,0.24882691725921463,500,growth_rate
0.21634213238982775,0.18986062501283352,0.02648150737699423,0.02648150737699423,True,0.02959829783108889,0.18674383455873886,0.24594043022091663,500,growth_rate
0.25543874252845217,0.19042055419309217,0.06501818833536,0.06501818833536,False,0.025883315655768842,0.22955542687268332,0.281322058184221,500,growth_rate
0.1913458193476806,0.19091252005602966,0.0004332992916509515,0.0004332992916509515,True,0.031033665208647858,0.16031215413903274,0.22237948455632847,500,growth_rate
0.1747843235627978,0.19398562877782438,-0.01920130521502658,0.01920130521502658,True,0.027378552087910228,0.14740577147488756,0.20216287565070803,500,growth_rate
0.18374329018678634,0.19411209763421716,-0.010368807447430822,0.010368807447430822,True,0.023269559401385375,0.16047373078540098,0.2070128495881717,500,growth_rate
0.22523427306507404,0.19547900786693934,0.029755265198134706,0.029755265198134706,False,0.016998489593271632,0.2082357834718024,0.24223276265834567,500,growth_rate
0.2109046433296217,0.1957508792948553,0.015153764034766398,0.015153764034766398,True,0.02365806829500849,0.1872465750346132,0.2345627116246302,500,growth_rate
0.21555051084508473,0.19585373866004174,0.019696772185042982,0.019696772185042982,True,0.027440513768159612,0.1881099970769251,0.24299102461324434,500,growth_rate
0.2847863184475776,0.19623595677223332,0.0885503616753443,0.0885503616753443,False,0.0208859409860356,0.26390037746154205,0.3056722594336132,500,growth_rate
0.20957271093674856,0.1973759352009804,0.012196775735768162,0.012196775735768162,True,0.020703208286591675,0.1888695026501569,0.23027591922334023,500,growth_rate
0.2040634039284542,0.1975303948875829,0.006533009040871313,0.006533009040871313,True,0.027259801964566736,0.17680360196388747,0.23132320589302094,500,growth_rate
0.2044620828712549,0.2032599581881243,0.0012021246831305787,0.0012021246831305787,True,0.030851070585862526,0.17361101228539236,0.23531315345711742,500,growth_rate
0.2502019426601318,0.20516010245358163,0.045041840206550166,0.045041840206550166,False,0.016801967737834985,0.2333999749222968,0.2670039103979668,500,growth_rate
0.2145257823188166,0.20619138346611054,0.008334398852706065,0.008334398852706065,True,0.024855672397157753,0.18967010992165886,0.23938145471597436,500,growth_rate
0.20162909131814374,0.20706345985810365,-0.005434368539959905,0.005434368539959905,True,0.026008823317835217,0.17562026800030853,0.22763791463597896,500,growth_rate
0.21363550137961163,0.20720942957667893,0.006426071802932698,0.006426071802932698,True,0.03331035638007778,0.18032514499953384,0.2469458577596894,500,growth_rate
0.22605966183099135,0.20755059850503482,0.018509063325956532,0.018509063325956532,False,0.01825237997503155,0.2078072818559598,0.2443120418060229,500,growth_rate
0.20521796002108383,0.2086334473786134,-0.0034154873575295563,0.0034154873575295563,True,0.019944785063647507,0.18527317495743634,0.22516274508473133,500,growth_rate
0.2394537902797406,0.20878095520429474,0.030672835075445853,0.030672835075445853,False,0.030058556075782263,0.20939523420395834,0.26951234635552285,500,growth_rate
0.19629335200338496,0.20969647182396856,-0.013403119820583592,0.013403119820583592,True,0.028515272106384035,0.16777807989700094,0.22480862410976898,500,growth_rate
0.22238648173579767,0.20979137834147227,0.012595103394325402,0.012595103394325402,True,0.021370692382590185,0.2010157893532075,0.24375717411838785,500,growth_rate
0.21097192031365855,0.21068817933089073,0.0002837409827678161,0.0002837409827678161,True,0.021359244838391144,0.18961267547526742,0.23233116515204968,500,growth_rate
0.21409977467146762,0.21205795014427437,0.002041824527193259,0.002041824527193259,True,0.02036404656891041,0.1937357281025572,0.23446382124037804,500,growth_rate
0.23701450760805934,0.2120736237022317,0.024940883905827632,0.024940883905827632,False,0.022350233318240886,0.21466427428981846,0.25936474092630024,500,growth_rate
0.22657248482609765,0.21280236492681587,0.013770119899281785,0.013770119899281785,True,0.02691053078754993,0.19966195403854772,0.2534830156136476,500,growth_rate
0.19104268655048648,0.2144765636458547,-0.023433877095368233,0.023433877095368233,True,0.03044943260004904,0.16059325395043744,0.22149211915053552,500,growth_rate
0.2294561219652209,0.21540751100923,0.014048610955990887,0.014048610955990887,True,0.020808544414010782,0.2086475775512101,0.25026466637923167,500,growth_rate
0.22425159611525927,0.2159626594436549,0.00828893667160438,0.00828893667160438,True,0.028147666722366623,0.19610392939289265,0.25239926283762587,500,growth_rate
0.1933171667058429,0.21769328898784307,-0.024376122282000173,0.024376122282000173,True,0.056070790456427495,0.1372463762494154,0.24938795716227039,500,growth_rate
0.20806076236820487,0.2177602780875964,-0.009699515719391538,0.009699515719391538,True,0.03469921586477801,0.17336154650342686,0.24275997823298287,500,growth_rate
0.22819824261229077,0.218178542083257,0.010019700529033781,0.010019700529033781,True,0.01907045816817294,0.20912778444411784,0.2472687007804637,500,growth_rate
0.21589375507927508,0.2183378707200811,-0.002444115640806016,0.002444115640806016,True,0.024175755330535252,0.19171799974873982,0.24006951040981034,500,growth_rate
0.22830205573390652,0.21971076631482467,0.008591289419081855,0.008591289419081855,True,0.02476091207460723,0.2035411436592993,0.25306296780851373,500,growth_rate
0.2309586913403309,0.22022685883536974,0.010731832504961153,0.010731832504961153,True,0.020994322549550845,0.20996436879078006,0.2519530138898817,500,growth_rate
0.22442951852214393,0.22040492182531823,0.0040245966968257,0.0040245966968257,True,0.026690609190561012,0.19773890933158292,0.2511201277127049,500,growth_rate
0.2603342097924858,0.22257252463176602,0.03776168516071976,0.03776168516071976,False,0.034442759292998504,0.22589145049948728,0.2947769690854843,500,growth_rate
0.27501636603548163,0.2229050893564794,0.05211127667900223,0.05211127667900223,False,0.019014594258436237,0.2560017717770454,0.29403096029391784,500,growth_rate
0.2119390836723273,0.22295705495543428,-0.01101797128310697,0.01101797128310697,True,0.025467718366046017,0.18647136530628128,0.23740680203837333,500,growth_rate
0.25322267811278715,0.22383870610662837,0.029383972006158776,0.029383972006158776,False,0.021793171368665504,0.23142950674412163,0.27501584948145263,500,growth_rate
0.23561210387816006,0.22600580818578764,0.009606295692372424,0.009606295692372424,True,0.02320904620779701,0.21240305767036305,0.2588211500859571,500,growth_rate
0.24001133800531266,0.2273110377609734,0.012700300244339269,0.012700300244339269,True,0.01726223130094143,0.22274910670437123,0.2572735693062541,500,growth_rate
0.254657203972024,0.22763968074044316,0.027017523231580853,0.027017523231580853,False,0.019031012116329737,0.23562619185569428,0.27368821608835375,500,growth_rate
0.23705235774282926,0.2277132856696974,0.009339072073131865,0.009339072073131865,True,0.024158126636647577,0.2128942311061817,0.26121048437947686,500,growth_rate
0.2709750341342487,0.22797616555344746,0.042998868580801264,0.042998868580801264,False,0.021318041586713053,0.24965699254753568,0.2922930757209618,500,growth_rate
0.2096260691633938,0.22841661219735554,-0.018790543033961743,0.018790543033961743,True,0.02065885368840653,0.18896721547498727,0.23028492285180033,500,growth_rate
0.2301666947773663,0.22884319966148897,0.0013234951158773156,0.0013234951158773156,True,0.021652019316004068,0.2085146754613622,0.25181871409337037,500,growth_rate
0.23963142035771984,0.23018425194462094,0.009447168413098894,0.009447168413098894,True,0.025560707589320136,0.2140707127683997,0.26519212794703995,500,growth_rate
0.2574197143813913,0.23077407582390275,0.026645638557488527,0.026645638557488527,False,0.021731757781298353,0.23568795660009292,0.27915147216268965,500,growth_rate
0.2709084466903179,0.23226848973126846,0.038639956959049426,0.038639956959049426,False,0.021621001430658978,0.2492874452596589,0.29252944812097686,500,growth_rate
0.21541782125283326,0.23284653572186836,-0.0174287144690351,0.0174287144690351,True,0.01980096184664654,0.19561685940618673,0.2352187830994798,500,growth_rate
0.27192824429515433,0.23447012434958453,0.0374581199455698,0.0374581199455698,False,0.029743332291812984,0.24218491200334136,0.3016715765869673,500,growth_rate
0.28633138604826214,0.23754430531721565,0.048787080731046484,0.048787080731046484,False,0.029364618319871593,0.25696676772839055,0.3156960043681337,500,growth_rate
0.22729431491121008,0.23854581672168468,-0.011251501810474601,0.011251501810474601,True,0.021572587644664055,0.20572172726654603,0.24886690255587413,500,growth_rate
0.23550994711259465,0.23945772610891908,-0.003947778996324425,0.003947778996324425,True,0.018561600753609176,0.21694834635898547,0.25407154786620384,500,growth_rate
0.24440265128773253,0.23948914868848886,0.004913502599243669,0.004913502599243669,True,0.017888100624773928,0.2265145506629586,0.26229075191250645,500,growth_rate
0.21897976823029378,0.23975365241153346,-0.020773884181239682,0.020773884181239682,True,0.033100612928614055,0.18587915530167973,0.25208038115890785,500,growth_rate
0.275297143244422,0.24011997804270502,0.03517716520171699,0.03517716520171699,False,0.01722582158581641,0.2580713216586056,0.29252296483023843,500,growth_rate
0.2839888264241945,0.24034589421769392,0.04364293220650056,0.04364293220650056,False,0.020030100529694197,0.2639587258945003,0.30401892695388866,500,growth_rate
0.23621125480177854,0.2409231943398525,-0.004711939538073945,0.004711939538073945,True,0.033453665321744035,0.2027575894800345,0.26966492012352256,500,growth_rate
0.2886238910789431,0.24124852088691495,0.04737537019202814,0.04737537019202814,False,0.015925158602866817,0.2726987324760763,0.3045490496818099,500,growth_rate
0.22927807379378928,0.24179276617579326,-0.012514692382003978,0.012514692382003978,True,0.029594391297420686,0.1996836824963686,0.25887246509121,500,growth_rate
0.2838138320185154,0.24254711302704407,0.04126671899147133,0.04126671899147133,False,0.03192019297147333,0.2518936390470421,0.3157340249899887,500,growth_rate
0.2913141206611577,0.24335559441157856,0.047958526249579136,0.047958526249579136,False,0.01798282987111316,0.27333129079004453,0.30929695053227085,500,growth_rate
0.20631722272190117,0.24368283094768772,-0.03736560822578655,0.03736560822578655,False,0.030037717672883737,0.17627950504901743,0.2363549403947849,500,growth_rate
0.2701041463592074,0.2444366223080564,0.02566752405115097,0.02566752405115097,False,0.01769804369810684,0.25240610266110053,0.2878021900573142,500,growth_rate
0.2910627440721589,0.24503044060335233,0.046032303468806546,0.046032303468806546,False,0.02190679225059105,0.2691559518215678,0.31296953632274993,500,growth_rate
0.27710098473416145,0.24530335117363,0.031797633560531446,0.031797633560531446,False,0.01684394469830233,0.26025704003585914,0.29394492943246375,500,growth_rate
0.23504122715696643,0.24560156480784,-0.01056033765087358,0.01056033765087358,True,0.017742272080747006,0.21729895507621944,0.2527834992377134,500,growth_rate
0.2608524532033363,0.24716478777089562,0.013687665432440654,0.013687665432440654,True,0.020905282426888855,0.23994717077644742,0.2817577356302251,500,growth_rate
0.2921881367141577,0.24889141550922872,0.043296721204929,0.043296721204929,False,0.038230250687055566,0.2539578860271022,0.33041838740121326,500,growth_rate
0.21897975685705928,0.2494026091899995,-0.03042285233294023,0.03042285233294023,True,0.03342862426131878,0.1855511325957405,0.25240838111837804,500,growth_rate
0.2878630862752213,0.25028277721821596,0.03758030905700532,0.03758030905700532,False,0.017575259262204948,0.27028782701301635,0.3054383455374262,500,growth_rate
0.28872120270948326,0.25137552383720974,0.037345678872273524,0.037345678872273524,False,0.020905574954528054,0.2678156277549552,0.3096267776640113,500,growth_rate
0.2577656203530514,0.2527984813498003,0.004967139003251075,0.004967139003251075,True,0.021078661955774448,0.23668695839727694,0.27884428230882585,500,growth_rate
0.23373379306529116,0.2529831383171606,-0.01924934525186947,0.01924934525186947,True,0.02788966352110918,0.20584412954418196,0.26162345658640035,500,growth_rate
0.2592645721373693,0.2530426310624932,0.006221941074876114,0.006221941074876114,True,0.01819980632716339,0.24106476581020592,0.2774643784645327,500,growth_rate
0.28202667511170537,0.2540787144243027,0.027947960687402684,0.027947960687402684,False,0.023069141632228674,0.2589575334794767,0.30509581674393405,500,growth_rate
0.2856231144790623,0.2552364197922561,0.030386694686806215,0.030386694686806215,False,0.025265231786806296,0.260357882692256,0.3108883462658686,500,growth_rate
0.2828359228789672,0.2554138025988315,0.027422120280135687,0.027422120280135687,False,0.018465545817794367,0.26437037706117283,0.30130146869676155,500,growth_rate
0.2508635487496651,0.25701752990872095,-0.006153981159055855,0.006153981159055855,True,0.016959178507523178,0.23390437024214192,0.26782272725718825,500,growth_rate
0.24695356674393815,0.25812224061722144,-0.011168673873283297,0.011168673873283297,True,0.022269171457266375,0.22468439528667178,0.2692227382012045,500,growth_rate
0.2918063485391606,0.25839218292162264,0.03341416561753796,0.03341416561753796,False,0.02433967722147777,0.2674666713176828,0.3161460257606384,500,growth_rate
0.3002152670630554,0.26348112745814695,0.036734139604908456,0.036734139604908456,False,0.024230673484452528,0.2759845935786029,0.3244459405475079,500,growth_rate
0.28187558957185754,0.26400259757855454,0.017872991993303,0.017872991993303,True,0.01933583069026975,0.2625397588815878,0.30121142026212727,500,growth_rate
0.2861914466950643,0.26424738859558533,0.02194405809947897,0.02194405809947897,True,0.02245999322971255,0.26373145346535176,0.30865143992477684,500,growth_rate
0.23650277873076725,0.26691802050295477,-0.030415241772187518,0.030415241772187518,False,0.02628405303324951,0.21021872569751773,0.26278683176401674,500,growth_rate
0.2825556734558426,0.2673202547098242,0.015235418746018414,0.015235418746018414,True,0.021955303829711764,0.2606003696261308,0.3045109772855544,500,growth_rate
0.26935667794591767,0.2673674351756605,0.0019892427702571935,0.0019892427702571935,True,0.014755650160287863,0.2546010277856298,0.2841123281062055,500,growth_rate
0.2863313847663916,0.26746266726764073,0.018868717498750853,0.018868717498750853,True,0.03187093936278486,0.25446044540360674,0.31820232412917643,500,growth_rate
0.306606309642372,0.2674877893151807,0.03911852032719132,0.03911852032719132,False,0.02987272649818004,0.27673358314419194,0.3364790361405521,500,growth_rate
0.28513094356744656,0.26871718497228675,0.01641375859515981,0.01641375859515981,True,0.021283747465340543,0.263847196102106,0.3064146910327871,500,growth_rate
0.25620980945757293,0.269396329001585,-0.013186519544012065,0.013186519544012065,True,0.022384082555271318,0.2338257269023016,0.27859389201284424,500,growth_rate
0.28900302625813135,0.2697232501323334,0.019279776125797954,0.019279776125797954,True,0.01951446142412768,0.2694885648340037,0.308517487682259,500,growth_rate
0.2847862959670504,0.2703804180932469,0.014405877873803485,0.014405877873803485,True,0.026927557482726145,0.2578587384843243,0.31171385344977653,500,growth_rate
0.24417723566250338,0.2705098366798856,-0.026332601017382218,0.026332601017382218,False,0.024539301489974137,0.21963793417252925,0.2687165371524775,500,growth_rate
0.3281159321757905,0.27158972740718984,0.05652620476860065,0.05652620476860065,False,0.019706225739083243,0.30840970643670723,0.34782215791487375,500,growth_rate
0.281942446222494,0.27179716329791137,0.01014528292458261,0.01014528292458261,True,0.022726664117243327,0.25921578210525065,0.3046691103397373,500,growth_rate
0.29605259921563964,0.2719889767693618,0.024063622446277855,0.024063622446277855,True,0.02717029908761249,0.26888230012802716,0.3232228983032521,500,growth_rate
0.339952573869392,0.27232450901592237,0.06762806485346962,0.06762806485346962,False,0.02424678427198835,0.31570578959740364,0.3641993581413803,500,growth_rate
0.2926035572650375,0.2743335874535198,0.018269969811517683,0.018269969811517683,True,0.02049052850314828,0.27211302876188925,0.31309408576818576,500,growth_rate
0.2368648159678985,0.274618433896214,-0.0377536179283155,0.0377536179283155,False,0.023169461384131864,0.21369535458376662,0.26003427735203033,500,growth_rate
0.2763485712472362,0.27539895128728775,0.0009496199599484667,0.0009496199599484667,True,0.017370192424055044,0.2589783788231812,0.29371876367129124,500,growth_rate
0.30787748129635645,0.2754162979383166,0.032461183358039825,0.032461183358039825,False,0.017928585430661483,0.28994889586569494,0.32580606672701795,500,growth_rate
0.32110542074712567,0.27637863120869116,0.04472678953843451,0.04472678953843451,False,0.026450384572298945,0.29465503617482675,0.3475558053194246,500,growth_rate
0.2969587043388951,0.2764222865752228,0.02053641776367232,0.02053641776367232,True,0.024657885027066825,0.27230081931182826,0.32161658936596194,500,growth_rate
0.30393610339698496,0.27663886590382675,0.02729723749315821,0.02729723749315821,False,0.024209468903813335,0.27972663449317164,0.32814557230079827,500,growth_rate
0.2996474208919583,0.2767164170771784,0.02293100381477986,0.02293100381477986,True,0.024568170260867894,0.2750792506310904,0.32421559115282617,500,growth_rate
0.30205777066738326,0.2786836937651008,0.023374076902282437,0.023374076902282437,False,0.018236390991766136,0.2838213796756171,0.3202941616591494,500,growth_rate
0.28754991423378545,0.27892038119422546,0.008629533039559989,0.008629533039559989,True,0.024718362240225097,0.26283155199356034,0.31226827647401056,500,growth_rate
0.24885317984294472,0.2790020416839081,-0.030148861840963354,0.030148861840963354,False,0.028404433672043695,0.22044874617090102,0.2772576135149884,500,growth_rate
0.3080247476289531,0.279427043995441,0.028597703633512106,0.028597703633512106,False,0.01940418062470769,0.28862056700424543,0.32742892825366077,500,growth_rate
0.30316501818832736,0.28291716727879657,0.020247850909530796,0.020247850909530796,False,0.020048432885355367,0.283116585302972,0.3232134510736827,500,growth_rate
0.3168615837758741,0.2835332752206373,0.033328308555236774,0.033328308555236774,False,0.022487593625594247,0.2943739901502798,0.33934917740146836,500,growth_rate
0.3125421529247724,0.28395108707201533,0.028591065852757058,0.028591065852757058,False,0.017341482977319245,0.29520066994745314,0.32988363590209163,500,growth_rate
0.2857954989163872,0.2851041192451216,0.0006913796712656461,0.0006913796712656461,True,0.02752201228050799,0.25827348663587923,0.3133175111968952,500,growth_rate
0.32191398021658224,0.2863969349344375,0.03551704528214472,0.03551704528214472,False,0.018610780565420582,0.30330319965116165,0.34052476078200283,500,growth_rate
0.31030636057661803,0.28643035546985274,0.023876005106765297,0.023876005106765297,False,0.01948457242326696,0.2908217881533511,0.329790932999885,500,growth_rate
0.2942682987120394,0.2867106399918805,0.0075576587201589,0.0075576587201589,True,0.025315123481856747,0.26895317523018264,0.3195834221938962,500,growth_rate
0.29451116225455126,0.287234729968114,0.007276432286437262,0.007276432286437262,True,0.018555591182522424,0.27595557107202884,0.3130667534370737,500,growth_rate
0.2980231172726349,0.28848744769072393,0.009535669581910988,0.009535669581910988,True,0.0215588880979663,0.2764642291746686,0.3195820053706012,500,growth_rate
0.2558906879191281,0.2890816793688551,-0.03319099144972698,0.03319099144972698,False,0.030883564666805953,0.22500712325232217,0.2867742525859341,500,growth_rate
0.3044876867489511,0.2916559576208787,0.0128317291280724,0.0128317291280724,True,0.022089206526092895,0.2823984802228582,0.326576893275044,500,growth_rate
0.2863843866801709,0.2931264522339107,-0.0067420655537397955,0.0067420655537397955,True,0.029208980065694664,0.25717540661447624,0.3155933667458656,500,growth_rate
0.30390095059192285,0.2954314087081754,0.008469541883747433,0.008469541883747433,True,0.018791952217804022,0.28510899837411885,0.32269290280972684,500,growth_rate
0.2959593971417265,0.2973413710188856,-0.001381973877159104,0.001381973877159104,True,0.025921353514698122,0.2700380436270284,0.3218807506564246,500,growth_rate
0.3124511554916189,0.2983318873009314,0.014119268190687484,0.014119268190687484,True,0.01813255799208059,0.2943185974995383,0.33058371348369947,500,growth_rate
0.2862939627740194,0.29850162110016504,-0.01220765832614562,0.01220765832614562,True,0.02014725234020955,0.2661467104338099,0.30644121511422895,500,growth_rate
0.33694704116879637,0.3016501316266408,0.035296909542155586,0.035296909542155586,False,0.02391246716838465,0.31303457400041174,0.360859508337181,500,growth_rate
0.32209537419325,0.30260530980860284,0.019490064384647177,0.019490064384647177,False,0.0183391641288034,0.30375621006444664,0.3404345383220534,500,growth_rate
0.31811185511054657,0.30451372188028225,0.01359813323026432,0.01359813323026432,True,0.01713989818356308,0.3009719569269835,0.33525175329410967,500,growth_rate
0.2942616738616233,0.3057969177732985,-0.011535243911675208,0.011535243911675208,True,0.021078255064882232,0.273183418796741,0.31533992892650553,500,growth_rate
0.3215514948188201,0.30936829149028994,0.012183203328530179,0.012183203328530179,True,0.01770062075303861,0.3038508740657815,0.33925211557185875,500,growth_rate
0.3186204199160221,0.3096636365397414,0.008956783376280697,0.008956783376280697,True,0.022261356891650708,0.29635906302437137,0.3408817768076728,500,growth_rate
0.3422083667449215,0.30979017326740343,0.032418193477518065,0.032418193477518065,False,0.017141876421621887,0.3250664903232996,0.3593502431665434,500,growth_rate
0.3125553689530671,0.3101242533304147,0.0024311156226524133,0.0024311156226524133,True,0.02032580314675368,0.29222956580631343,0.3328811720998208,500,growth_rate
0.33072116175454463,0.31025634070245367,0.020464821052090965,0.020464821052090965,False,0.018953749773394136,0.3117674119811505,0.3496749115279388,500,growth_rate
0.3315899034877841,0.3111563179254251,0.020433585562359025,0.020433585562359025,True,0.021128863999575576,0.3104610394882085,0.3527187674873597,500,growth_rate
0.34497166772575616,0.3118189087292106,0.03315275899654557,0.03315275899654557,False,0.018952282544462958,0.3260193851812932,0.3639239502702191,500,growth_rate
0.31690660680990235,0.31191254288616305,0.0049940639237393,0.0049940639237393,True,0.01883401514916062,0.29807259166074174,0.33574062195906296,500,growth_rate
0.3299285933221666,0.3141572094105449,0.015771383911621695,0.015771383911621695,True,0.021907000552307043,0.3080215927698596,0.35183559387447366,500,growth_rate
0.31384621252299083,0.3156060562167902,-0.00175984369379939,0.00175984369379939,True,0.018238466784752654,0.29560774573823817,0.3320846793077435,500,growth_rate
0.3287012392879291,0.31632788709306947,0.012373352194859633,0.012373352194859633,True,0.019506996947223687,0.3091942423407054,0.3482082362351528,500,growth_rate
0.32981977859371553,0.3168327818937874,0.012986996699928144,0.012986996699928144,True,0.023585227911071625,0.3062345506826439,0.3534050065047872,500,growth_rate
0.32887292259422096,0.32008830844952946,0.008784614144691505,0.008784614144691505,True,0.0197777308426882,0.30909519175153277,0.34865065343690915,500,growth_rate
0.3458454464294332,0.32457202380738037,0.02127342262205284,0.02127342262205284,False,0.019593157666609608,0.3262522887628236,0.36543860409604284,500,growth_rate
0.3323150468566277,0.32465595903007544,0.00765908782655228,0.00765908782655228,True,0.024067550210929673,0.30824749664569806,0.35638259706755737,500,growth_rate
0.32365575153459764,0.3252384291068698,-0.0015826775722721509,0.0015826775722721509,True,0.023731048814891364,0.2999247027197063,0.347386800349489,500,growth_rate
0.3528998366728833,0.3253210883958515,0.027578748277031828,0.027578748277031828,False,0.022458819102577098,0.33044101757030625,0.3753586557754604,500,growth_rate
0.3378343406168077,0.3255613852207997,0.012272955396008034,0.012272955396008034,True,0.018002220084824126,0.3198321205319836,0.35583656070163183,500,growth_rate
0.32429960528595997,0.32611156253309237,-0.0018119572471324008,0.0018119572471324008,True,0.019183291838417268,0.3051163134475427,0.34348289712437724,500,growth_rate
0.35495580078357136,0.3267054512617681,0.028250349521803275,0.028250349521803275,False,0.018208413871509697,0.3367473869120617,0.37316421465508104,500,growth_rate
0.3468238789676652,0.33016295319980626,0.016660925767858936,0.016660925767858936,True,0.019626382185323962,0.3271974967823412,0.3664502611529892,500,growth_rate
0.33176827511605816,0.3301735260975992,0.001594749018458963,0.001594749018458963,True,0.02108200469910149,0.3106862704169567,0.35285027981515965,500,growth_rate
0.35260940865661705,0.3332403654107422,0.01936904324587485,0.01936904324587485,False,0.018801415200991337,0.33380799345562573,0.3714108238576084,500,growth_rate
0.3448319685478422,0.33406740236763377,0.010764566180208435,0.010764566180208435,True,0.022008436483857724,0.3228235320639845,0.3668404050316999,500,growth_rate
0.3511563684490788,0.3343937889925536,0.016762579456525206,0.016762579456525206,True,0.01797558068111412,0.3331807877679647,0.3691319491301929,500,growth_rate
0.33735905685589745,0.3357851238171385,0.0015739330387589678,0.0015739330387589678,True,0.023590206853425156,0.3137688500024723,0.3609492637093226,500,growth_rate
0.35991899544391764,0.33619183795640684,0.023727157487510808,0.023727157487510808,False,0.018074694923715995,0.34184430052020165,0.37799369036763364,500,growth_rate
0.3622363714525471,0.336679820302058,0.025556551150489104,0.025556551150489104,False,0.02005939115965826,0.34217698029288884,0.3822957626122054,500,growth_rate
0.36787352997676737,0.3374049673696363,0.030468562607131044,0.030468562607131044,False,0.018827864200987844,0.3490456657757795,0.38670139417775523,500,growth_rate
0.35600255447716406,0.3379982937341239,0.01800426074304018,0.01800426074304018,True,0.02074574817234134,0.33525680630482274,0.3767483026495054,500,growth_rate
0.3658414206147818,0.33812745099006564,0.027713969624716173,0.027713969624716173,False,0.018313029123386546,0.34752839149139525,0.38415444973816837,500,growth_rate
0.3250834140565943,0.3397509018866426,-0.014667487830048287,0.014667487830048287,True,0.022204003857103534,0.3028794101994908,0.3472874179136978,500,growth_rate
0.368632363236091,0.3408058894037133,0.027826473832377685,0.027826473832377685,False,0.01701961649454911,0.35161274674154186,0.38565197973064014,500,growth_rate
0.33566232995787443,0.3421508341156074,-0.006488504157732999,0.006488504157732999,True,0.019218739682984074,0.31644359027489033,0.3548810696408585,500,growth_rate
0.36600953635821737,0.34459020687745706,0.021419329480760307,0.021419329480760307,False,0.02044587863784321,0.3455636577203742,0.38645541499606056,500,growth_rate
0.337716568056983,0.34548185188263253,-0.007765283825649505,0.007765283825649505,True,0.021827411035943652,0.31588915702103937,0.3595439790929267,500,growth_rate
0.3676066781231313,0.34554646092788216,0.022060217195249143,0.022060217195249143,False,0.017411346855625443,0.35019533126750585,0.38501802497875676,500,growth_rate
0.3551355323929023,0.3457387554736651,0.009396776919237182,0.009396776919237182,True,0.019132619305669864,0.33600291308723246,0.37426815169857214,500,growth_rate
0.3759544644504429,0.34598875593642137,0.029965708514021527,0.029965708514021527,False,0.01991870940364339,0.3560357550467995,0.39587317385408627,500,growth_rate
0.3521856433603842,0.34656895915649816,0.005616684203886058,0.005616684203886058,True,0.018776544985949276,0.33340909837443494,0.3709621883463335,500,growth_rate
0.3626946101118929,0.34738248858660287,0.015312121525290046,0.015312121525290046,True,0.018994485897240527,0.3437001242146524,0.3816890960091334,500,growth_rate
0.36211526829196244,0.34748171757043794,0.014633550721524502,0.014633550721524502,True,0.02327119699481753,0.3388440712971449,0.38538646528678,500,growth_rate
0.3647286537545876,0.3477531459704076,0.01697550778418,0.01697550778418,True,0.020361031155024308,0.3443676225995633,0.3850896849096119,500,growth_rate
0.3740510890141015,0.3488642207183345,0.025186868295766995,0.025186868295766995,False,0.020491150511607045,0.35355993850249445,0.39454223952570855,500,growth_rate
0.3711697019233156,0.3489523732161718,0.022217328707143824,0.022217328707143824,False,0.018149664172949942,0.35302003775036567,0.38931936609626555,500,growth_rate
0.3611305229011691,0.34940499919021173,0.011725523710957364,0.011725523710957364,True,0.01860484584540594,0.34252567705576314,0.37973536874657504,500,growth_rate
0.36071167417194255,0.3502558894831364,0.010455784688806147,0.010455784688806147,True,0.019614581614985204,0.34109709255695736,0.38032625578692775,500,growth_rate
0.3679993857982522,0.35101006466572615,0.016989321132526047,0.016989321132526047,True,0.01808505034126433,0.34991433545698786,0.38608443613951654,500,growth_rate
0.37973147314978317,0.3530280917920032,0.02670338135778,0.02670338135778,False,0.02010484794567931,0.3596266252041039,0.39983632109546247,500,growth_rate
0.3804771348750221,0.35359030040394884,0.026886834471073262,0.026886834471073262,False,0.018912229493044302,0.36156490538197783,0.3993893643680664,500,growth_rate
0.3592187288171327,0.35384331090783555,0.005375417909297131,0.005375417909297131,True,0.019237432873052032,0.33998129594408066,0.3784561616901847,500,growth_rate
0.37167167699126114,0.3540739113090524,0.01759776568220872,0.01759776568220872,True,0.017956081901664755,0.3537155950895964,0.3896277588929259,500,growth_rate
0.3812159110667737,0.3574433360560164,0.023772575010757302,0.023772575010757302,False,0.019695399773267726,0.361520511293506,0.40091131084004145,500,growth_rate
0.3722669816704258,0.35794098937093316,0.014325992299492663,0.014325992299492663,True,0.021294293895043233,0.3509726877753826,0.39356127556546905,500,growth_rate
0.34240145032133057,0.3597452496051688,-0.017343799283838224,0.017343799283838224,True,0.018107297518424874,0.3242941528029057,0.36050874783975545,500,growth_rate
0.3723576937494347,0.36196956971874106,0.010388124030693668,0.010388124030693668,True,0.016983538415642586,0.35537415533379213,0.3893412321650773,500,growth_rate
0.3551592715517425,0.36283481196641043,-0.007675540414667947,0.007675540414667947,True,0.018464030115569827,0.33669524143617263,0.37362330166731234,500,growth_rate
0.3538682126418492,0.3630839971552762,-0.009215784513426972,0.009215784513426972,True,0.021358649395245996,0.3325095632466032,0.3752268620370952,500,growth_rate
0.3954813013088447,0.3631597492140186,0.03232155209482607,0.03232155209482607,False,0.0171879227306508,0.3782933785781939,0.41266922403949546,500,growth_rate
0.3787708096876049,0.36334487574509894,0.015425933942505965,0.015425933942505965,True,0.020087463623577387,0.3586833460640275,0.3988582733111823,500,growth_rate
0.37870576128348193,0.36357603937335464,0.015129721910127292,0.015129721910127292,True,0.01934240282967386,0.35936335845380807,0.3980481641131558,500,growth_rate
0.37993287593278274,0.3649868710127862,0.014946004919996536,0.014946004919996536,True,0.019587830151945956,0.3603450457808368,0.39952070608472867,500,growth_rate
0.36773140871748566,0.36535406206451915,0.0023773466529665166,0.0023773466529665166,True,0.01779663833611098,0.34993477038137466,0.38552804705359667,500,growth_rate
0.38766517381630283,0.3658528377810333,0.021812336035269553,0.021812336035269553,False,0.017657345920066896,0.37000782789623593,0.40532251973636974,500,growth_rate
0.38701182579838495,0.3669644910208223,0.020047334777562653,0.020047334777562653,False,0.018629098122731773,0.36838272767565317,0.4056409239211167,500,growth_rate
0.3840613686173031,0.367662093747572,0.016399274869731084,0.016399274869731084,True,0.019262581477785375,0.36479878713951774,0.4033239500950885,500,growth_rate
0.3756778834143006,0.36784669326412295,0.007831190150177636,0.007831190150177636,True,0.020087294030895445,0.35559058938340515,0.395765177445196,500,growth_rate
0.3873877296748977,0.3690164154788177,0.018371314196080013,0.018371314196080013,False,0.016658754761825652,0.37072897491307205,0.40404648443672336,500,growth_rate
0.38033052455506144,0.37040668567608315,0.009923838878978297,0.009923838878978297,True,0.01979216251969069,0.36053836203537076,0.4001226870747521,500,growth_rate
0.3920699341756868,0.3705412031997813,0.02152873097590552,0.02152873097590552,False,0.018305250075294925,0.3737646841003919,0.41037518425098174,500,growth_rate
0.38658093607279187,0.3706785846081388,0.015902351464653075,0.015902351464653075,True,0.019824033141894667,0.3667569029308972,0.40640496921468655,500,growth_rate
0.3857323164163848,0.3713686367748144,0.01436367964157037,0.01436367964157037,True,0.0183885554413404,0.3673437609750444,0.40412087185772516,500,growth_rate
0.37844645425194556,0.3723023818275239,0.006144072424421665,0.006144072424421665,True,0.016628079548698663,0.3618183747032469,0.3950745338006442,500,growth_rate
0.3981767879435568,0.37230572354222125,0.025871064401335575,0.025871064401335575,False,0.018632697919419718,0.3795440900241371,0.41680948586297656,500,growth_rate
0.3950352410114133,0.37237616171217963,0.022659079299233664,0.022659079299233664,False,0.016482080113886133,0.37855316089752716,0.41151732112529943,500,growth_rate
0.38245542935788646,0.3726829225409974,0.00977250681688907,0.00977250681688907,True,0.018937382227694633,0.3635180471301918,0.4013928115855811,500,growth_rate
0.3936687435696708,0.37333554549612913,0.02033319807354167,0.02033319807354167,False,0.018451782502844873,0.37521696106682595,0.41212052607251565,500,growth_rate
0.4073671620234632,0.3733731115510023,0.0339940504724609,0.0339940504724609,False,0.01606799801916964,0.39129916400429354,0.4234351600426328,500,growth_rate
0.3949068021886542,0.37551365365918965,0.019393148529464554,0.019393148529464554,False,0.01745225443228111,0.3774545477563731,0.4123590566209353,500,growth_rate
0.3861545604680922,0.37776473845141806,0.008389822016674153,0.008389822016674153,True,0.017273002679732734,0.36888155778835946,0.40342756314782496,500,growth_rate
0.4053331387664124,0.3810579202788843,0.024275218487528116,0.024275218487528116,False,0.01887506077212216,0.38645807799429027,0.42420819953853456,500,growth_rate
0.4025868271460023,0.38482735767894893,0.017759469467053368,0.017759469467053368,True,0.017813904313420306,0.384772922832582,0.4204007314594226,500,growth_rate
0.4043833952653106,0.3874839075204618,0.016899487744848785,0.016899487744848785,False,0.016749161984213078,0.38763423328109753,0.42113255724952364,500,growth_rate
0.4063613107854644,0.3900016111892926,0.016359699596171784,0.016359699596171784,True,0.017796965530314884,0.3885643452551495,0.4241582763157793,500,growth_rate
0.40801375759369135,0.3901573822556835,0.017856375338007824,0.017856375338007824,False,0.017325391292938374,0.390688366300753,0.4253391488866297,500,growth_rate
0.40851692909030746,0.3921252327588473,0.016391696331460148,0.016391696331460148,True,0.017483880166813504,0.39103304892349394,0.42600080925712097,500,growth_rate
0.4098469673427936,0.39234792363795,0.017499043704843564,0.017499043704843564,False,0.015542593985099096,0.39430437335769447,0.4253895613278927,500,growth_rate
0.41359965101962626,0.39246835171556554,0.021131299304060713,0.021131299304060713,False,0.01717589986043628,0.39642375115919,0.43077555088006253,500,growth_rate
0.40596965702989946,0.3935794867049968,0.012390170324902638,0.012390170324902638,True,0.01723345478469097,0.3887362022452085,0.4232031118145904,500,growth_rate
0.3913631643650479,0.39380909975173817,-0.0024459353866902456,0.0024459353866902456,True,0.019208733952437985,0.3721544304126099,0.4105718983174859,500,growth_rate
0.4160035763005391,0.3944161716714836,0.021587404629055507,0.021587404629055507,False,0.01660459547823317,0.3993989808223059,0.43260817177877225,500,growth_rate
0.4194538692621577,0.39542709152714217,0.024026777735015548,0.024026777735015548,False,0.016632788757725232,0.4028210805044325,0.43608665801988294,500,growth_rate
0.41616120410773094,0.3976022935883192,0.01855891051941172,0.01855891051941172,False,0.017123728718156605,0.39903747538957435,0.43328493282588754,500,growth_rate
0.4089491721732924,0.39935913529815525,0.009590036875137153,0.009590036875137153,True,0.017801843696139685,0.3911473284771527,0.4267510158694321,500,growth_rate
0.4080838507885547,0.39948215961040195,0.008601691178152737,0.008601691178152737,True,0.01592074013483108,0.3921631106537236,0.42400459092338577,500,growth_rate
0.4103015558628595,0.4020580501583536,0.008243505704505882,0.008243505704505882,True,0.016336132895447605,0.3939654229674119,0.4266376887583071,500,growth_rate
0.42043231299938844,0.4027731658840685,0.017659147115319962,0.017659147115319962,False,0.015990377146210735,0.4044419358531777,0.43642269014559915,500,growth_rate
0.4153749090623615,0.4073912082636399,0.007983700798721627,0.007983700798721627,True,0.015885902619311696,0.3994890064430498,0.43126081168167324,500,growth_rate
0.43109331502968506,0.41014560270597367,0.020947712323711398,0.020947712323711398,False,0.0162865311391275,0.4148067838905576,0.44737984616881254,500,growth_rate
0.42344811882118594,0.4115226070643409,0.01192551175684503,0.01192551175684503,True,0.01590653868724576,0.40754158013394015,0.4393546575084317,500,growth_rate
0.4322880674152994,0.4119805902516236,0.020307477163675813,0.020307477163675813,False,0.015713944816051106,0.4165741225992483,0.4480020122313505,500,growth_rate
0.42775084791144063,0.41393140071071044,0.013819447200730195,0.013819447200730195,True,0.015194891029252328,0.4125559568821883,0.44294573894069295,500,growth_rate
0.4348177910317623,0.4142159611220553,0.020601829909707048,0.020601829909707048,False,0.015179456735296092,0.41963833429646624,0.4499972477670584,500,growth_rate
0.42410088567297893,0.4145005392373627,0.009600346435616247,0.009600346435616247,True,0.016166039528414118,0.4079348461445648,0.44026692520139304,500,growth_rate
0.42626487987062467,0.41588054522893325,0.010384334641691417,0.010384334641691417,True,0.015119914293838622,0.41114496557678604,0.4413847941644633,500,growth_rate
0.42991718227403874,0.41684394217157983,0.013073240102458916,0.013073240102458916,True,0.015818054154815932,0.41409912811922284,0.44573523642885465,500,growth_rate
0.4273184460226744,0.4172685918073403,0.010049854215334053,0.010049854215334053,True,0.015222194791870482,0.4120962512308039,0.44254064081454486,500,growth_rate
0.4335053836490343,0.41845606935680757,0.015049314292226723,0.015049314292226723,True,0.016412238304120048,0.41709314534491426,0.4499176219531543,500,growth_rate
0.4381299212339891,0.4187312163348612,0.019398704899127872,0.019398704899127872,False,0.01502108573315026,0.42310883550083883,0.45315100696713934,500,growth_rate
0.4302228467420879,0.41959652889998533,0.01062631784210255,0.01062631784210255,True,0.015621998002916299,0.4146008487391716,0.4458448447450042,500,growth_rate
0.43320524283369094,0.41967864320004067,0.013526599633650271,0.013526599633650271,True,0.015082654660391414,0.4181225881732995,0.4482878974940824,500,growth_rate
0.43426839372363635,0.4202805427431185,0.013987850980517857,0.013987850980517857,True,0.014745695381269257,0.4195226983423671,0.4490140891049056,500,growth_rate
0.4381217304860287,0.4207098095155741,0.01741192097045463,0.01741192097045463,False,0.014422702818091009,0.4236990276679377,0.4525444333041197,500,growth_rate
0.4347836613178816,0.4210515929383234,0.013732068379558204,0.013732068379558204,True,0.014909002186694786,0.4198746591311868,0.4496926635045764,500,growth_rate
0.43265681050756033,0.4211281920569357,0.01152861845062464,0.01152861845062464,True,0.014744340108993144,0.41791247039856716,0.4474011506165535,500,growth_rate
0.43843738358915385,0.4219737460533004,0.016463637535853448,0.016463637535853448,False,0.015164056490249786,0.4232733270989041,0.4536014400794036,500,growth_rate
0.43340794147728795,0.42287543564658964,0.010532505830698313,0.010532505830698313,True,0.014358065530898505,0.4190498759463894,0.4477660070081865,500,growth_rate
0.438949336857076,0.424151948539748,0.014797388317327964,0.014797388317327964,True,0.014910296712219611,0.4240390401448564,0.4538596335692956,500,growth_rate
0.4404570410622548,0.42548570852075085,0.014971332541503957,0.014971332541503957,False,0.01482480594671684,0.42563223511553794,0.4552818470089717,500,growth_rate
0.44304961810273896,0.4267056112094498,0.016344006893289187,0.016344006893289187,False,0.014015370444762403,0.42903424765797654,0.4570649885475014,500,growth_rate
0.4385197991446327,0.4285332163206598,0.009986582823972856,0.009986582823972856,True,0.014419066811593925,0.42410073233303874,0.4529388659562266,500,growth_rate
0.44702709507161975,0.4297163078947397,0.01731078717688006,0.01731078717688006,False,0.014339022006101607,0.43268807306551815,0.46136611707772135,500,growth_rate
0.4372606516331918,0.43026695647346325,0.00699369515972853,0.00699369515972853,True,0.014464641453634682,0.4227960101795571,0.45172529308682646,500,growth_rate
0.44717285748508717,0.43130254362927906,0.015870313855808116,0.015870313855808116,False,0.014370120932345657,0.43280273655274154,0.4615429784174328,500,growth_rate
0.4434767569333158,0.4320598347053219,0.011416922227993898,0.011416922227993898,True,0.014351239225563087,0.4291255177077527,0.45782799615887887,500,growth_rate
0.4441868384546676,0.4330079093645541,0.011178929090113532,0.011178929090113532,True,0.014213095335336169,0.42997374311933145,0.45839993379000377,500,growth_rate
0.44854850367044735,0.43347684590639923,0.015071657764048119,0.015071657764048119,False,0.014540882038163642,0.43400762163228374,0.46308938570861097,500,growth_rate
0.45107445651690026,0.4340836155003934,0.01699084101650683,0.01699084101650683,False,0.014043099714638026,0.43703135680226224,0.4651175562315383,500,growth_rate
0.448598515780808,0.4342773168202443,0.014321198960563719,0.014321198960563719,True,0.014548605213774235,0.4340499105670338,0.4631471209945822,500,growth_rate
0.4516573104271749,0.43574476997193645,0.015912540455238433,0.015912540455238433,False,0.014316394699496103,0.4373409157276788,0.46597370512667097,500,growth_rate
0.44808776709697157,0.43608975419971296,0.011998012897258603,0.011998012897258603,True,0.014314974861094648,0.43377279223587695,0.4624027419580662,500,growth_rate
0.45449330503623153,0.4367535507348961,0.017739754301335453,0.017739754301335453,False,0.014218922902676265,0.44027438213355524,0.4687122279389078,500,growth_rate
0.454923716930877,0.43860601947215855,0.016317697458718472,0.016317697458718472,False,0.014321828120176837,0.44060188881070017,0.46924554505105387,500,growth_rate
0.45595457144505513,0.4400623951246578,0.015892176320397355,0.015892176320397355,False,0.014325134230528403,0.44162943721452674,0.4702797056755835,500,growth_rate
0.45683718366140397,0.4421207155438686,0.014716468117535353,0.014716468117535353,False,0.013996296814155543,0.4428408868472484,0.4708334804755595,500,growth_rate
0.46020632319999283,0.44324220382789115,0.016964119372101683,0.016964119372101683,False,0.01396297347684502,0.44624334972314783,0.4741692966768378,500,growth_rate
0.46004626108204094,0.44572729946089584,0.014318961621145099,0.014318961621145099,False,0.013867101103815019,0.44617915997822594,0.47391336218585595,500,growth_rate
0.45779098144706126,0.44619659379354626,0.011594387653515004,0.011594387653515004,True,0.013879049582561313,0.44391193186449995,0.47167003102962257,500,growth_rate
0.46066378626355187,0.44647347717382735,0.014190309089724518,0.014190309089724518,False,0.013906016710298138,0.44675776955325375,0.47456980297385,500,growth_rate
0.46147668533387143,0.44742469332651336,0.014051992007358072,0.014051992007358072,False,0.013829761489539082,0.44764692384433236,0.4753064468234105,500,growth_rate
0.4608107144702831,0.4477851640709918,0.013025550399291319,0.013025550399291319,True,0.013789328542866113,0.44702138592741697,0.47460004301314923,500,growth_rate
0.46273221420515104,0.44786976554655866,0.014862448658592375,0.014862448658592375,False,0.01377632609312064,0.4489558881120304,0.47650854029827167,500,growth_rate
0.46560391787004696,0.44814654446671903,0.017457373403327925,0.017457373403327925,False,0.01385674536477432,0.45174717250527263,0.4794606632348213,500,growth_rate
0.4643939892184702,0.4503554336936755,0.014038555524794716,0.014038555524794716,False,0.01389332903639452,0.4505006601820757,0.4782873182548647,500,growth_rate
0.464912599152364,0.4513746287018505,0.01353797045051347,0.01353797045051347,True,0.01384450320123671,0.4510680959511273,0.4787571023536007,500,growth_rate
0.46542019430379017,0.45141705426919904,0.014003140034591133,0.014003140034591133,False,0.013833132328940253,0.45158706197484993,0.4792533266327304,500,growth_rate
0.4673017016659295,0.45200623580449434,0.015295465861435154,0.015295465861435154,False,0.013835959446737984,0.4534657422191915,0.4811376611126675,500,growth_rate
0.467761466372034,0.45263245064010715,0.01512901573192682,0.01512901573192682,False,0.013792324097324383,0.4539691422747096,0.48155379046935837,500,growth_rate
0.4718583892750564,0.45676790608465456,0.015090483190401849,0.015090483190401849,False,0.013732825333695835,0.45812556394136056,0.48559121460875226,500,growth_rate
0.47086110372490786,0.4569876335029689,0.013873470221938966,0.013873470221938966,False,0.013657977232081432,0.4572031264928264,0.4845190809569893,500,growth_rate
0.4759667321742854,0.4599103069862112,0.016056425188074208,0.016056425188074208,False,0.013740928537367317,0.4622258036369181,0.4897076607116527,500,growth_rate
0.47693828277962774,0.46023471225467694,0.016703570524950806,0.016703570524950806,False,0.013721026766478456,0.4632172560131493,0.4906593095461062,500,growth_rate
0.47713391999425714,0.462404191768481,0.014729728225776118,0.014729728225776118,False,0.013716835990629216,0.4634170840036279,0.49085075598488637,500,growth_rate
0.477385797723589,0.4633628421268639,0.014022955596725117,0.014022955596725117,False,0.013734361900847907,0.4636514358227411,0.49112015962443695,500,growth_rate
0.4779618629602404,0.46376463790601125,0.014197225054229157,0.014197225054229157,False,0.013936264752592645,0.46402559820764777,0.49189812771283303,500,growth_rate
0.4781060780751461,0.4639681737810628,0.014137904294083292,0.014137904294083292,False,0.013694889448538543,0.4644111886266076,0.49180096752368463,500,growth_rate
0.47916317264925556,0.4659306700005701,0.013232502648685474,0.013232502648685474,True,0.013726347832096015,0.46543682481715953,0.4928895204813516,500,growth_rate
0.48278112561881814,0.4679860882478908,0.014795037370927355,0.014795037370927355,False,0.013646931699561446,0.4691341939192567,0.4964280573183796,500,growth_rate
0.4821129929841173,0.4681918249302152,0.013921168053902089,0.013921168053902089,False,0.013668505104295766,0.4684444878798215,0.4957814980884131,500,growth_rate
0.4827616962260668,0.4687975039698945,0.013964192256172292,0.013964192256172292,False,0.013698053429137364,0.4690636427969294,0.4964597496552042,500,growth_rate
0.48274593665480814,0.4697017391505794,0.01304419750422875,0.01304419750422875,True,0.013713911722414934,0.4690320249323932,0.49645984837722307,500,growth_rate
0.48684499359781713,0.4728036594185223,0.014041334179294818,0.014041334179294818,False,0.013685905340577151,0.47315908825723996,0.5005308989383943,500,growth_rate
0.4890627879231213,0.47426382347997736,0.014798964443143936,0.014798964443143936,False,0.01368478422223812,0.4753780037008832,0.5027475721453594,500,growth_rate
0.4910234925280282,0.4760506215156041,0.01497287101242406,0.01497287101242406,False,0.013651477954267176,0.477372014573761,0.5046749704822954,500,growth_rate
0.4934600840800084,0.4782247556586902,0.015235328421318195,0.015235328421318195,False,0.013671957460058242,0.4797881266199502,0.5071320415400666,500,growth_rate
0.4943978366511325,0.4796170707691646,0.014780765881967917,0.014780765881967917,False,0.013667934294899835,0.4807299023562327,0.5080657709460323,500,growth_rate
0.4939714392632822,0.47985359362661056,0.014117845636671622,0.014117845636671622,False,0.013678844505417054,0.4802925947578651,0.5076502837686993,500,growth_rate
0.4961501592398277,0.48146160676913446,0.014688552470693228,0.014688552470693228,False,0.013646736783299026,0.48250342245652866,0.5097968960231267,500,growth_rate
0.4977008227920139,0.4826140742969577,0.015086748495056201,0.015086748495056201,False,0.013676952716108158,0.48402387007590575,0.511377775508122,500,growth_rate
0.496647846707816,0.48264667555318286,0.014001171154633119,0.014001171154633119,False,0.013670787737138352,0.4829770589706776,0.5103186344449543,500,growth_rate
0.4976064280849029,0.4828781286672967,0.014728299417606228,0.014728299417606228,False,0.01367009141326352,0.4839363366716394,0.5112765194981664,500,growth_rate
0.5002235467366631,0.48561111511348776,0.014612431623175381,0.014612431623175381,False,0.013672897617375765,0.48655064911928736,0.5138964443540389,500,growth_rate
0.5007609450436213,0.4858013030867838,0.014959641956837522,0.014959641956837522,False,0.013657168748988167,0.4871037762946332,0.5144181137926095,500,growth_rate
0.5000796098484863,0.48581214853899035,0.014267461309495966,0.014267461309495966,False,0.013693803318068602,0.48638580653041774,0.5137734131665549,500,growth_rate
0.5006474565877403,0.4860491818418829,0.014598274745857454,0.014598274745857454,False,0.01367565437210706,0.4869718022156333,0.5143231109598474,500,growth_rate
0.5028322402606221,0.4879977112364669,0.014834529024155219,0.014834529024155219,False,0.013635537923720114,0.489196702336902,0.5164677781843422,500,growth_rate
0.5032870392486601,0.48869711347431266,0.014589925774347479,0.014589925774347479,False,0.013642349649323874,0.48964468959933627,0.516929388897984,500,growth_rate
0.5030628167546151,0.48897620482849236,0.014086611926122705,0.014086611926122705,False,0.013676218789269294,0.4893865979653458,0.5167390355438843,500,growth_rate
0.5042840696738852,0.48920257619802787,0.0150814934758573,0.0150814934758573,False,0.013636969154033096,0.49064710051985205,0.5179210388279183,500,growth_rate
0.5062461973382266,0.4913437463227831,0.014902451015443519,0.014902451015443519,False,0.013644337920708328,0.4926018594175183,0.5198905352589349,500,growth_rate
0.5056731250691363,0.49158089389510073,0.014092231174035574,0.014092231174035574,False,0.013641135567188505,0.4920319895019478,0.5193142606363248,500,growth_rate
0.5084097452481425,0.49405637640608907,0.01435336884205346,0.01435336884205346,False,0.013634750731749617,0.4947749945163929,0.5220444959798921,500,growth_rate
0.5110772424707218,0.49703361584500516,0.014043626625716676,0.014043626625716676,False,0.013632224532835996,0.49744501793788587,0.5247094670035578,500,growth_rate
0.5122928182214566,0.4978931527777927,0.014399665443663834,0.014399665443663834,False,0.013640760888476407,0.4986520573329801,0.525933579109933,500,growth_rate
0.5139373108127959,0.4994692206298468,0.014468090182949145,0.014468090182949145,False,0.013632516925097064,0.5003047938876989,0.527569827737893,500,growth_rate
0.0,0.0,0.0,0.0,True,0.0,0.0,0.0,500,log_initial_freq
-1.9486669786546595,-2.0063693524418387,0.05770237378717913,0.05770237378717913,True,0.25571709343512544,-2.204384072089785,-1.6929498852195342,500,log_initial_freq
-2.1058748754569643,-2.0252821666664875,-0.08059270879047675,0.08059270879047675,True,0.28828379000483817,-2.3941586654618026,-1.817591085452126,500,log_initial_freq
-2.1339772674774036,-2.035596609859938,-0.0983806576174655,0.0983806576174655,True,0.29689163359414883,-2.4308689010715523,-1.8370856338832549,500,log_initial_freq
-2.2049355050572106,-2.071323483126931,-0.13361202193027966,0.13361202193027966,True,0.31050513043708766,-2.5154406354942984,-1.894430374620123,500,log_initial_freq
-2.301346633203943,-2.101029273258791,-0.20031735994515198,0.20031735994515198,True,0.3019805011499038,-2.603327134353847,-1.9993661320540395,500,log_initial_freq
-1.9373023477130442,-2.1038750441266028,0.16657269641355854,0.16657269641355854,True,0.27242971977517655,-2.2097320674882206,-1.6648726279378676,500,log_initial_freq
-2.146125474221668,-2.1295690856236655,-0.01655638859800268,0.01655638859800268,True,0.2997918161524839,-2.445917290374152,-1.8463336580691843,500,log_initial_freq
-2.4315112743960103,-2.1322855420580917,-0.2992257323379186,0.2992257323379186,True,0.3211414175862527,-2.752652691982263,-2.1103698568097577,500,log_initial_freq
-2.040595918274317,-2.135634638308248,0.09503872003393088,0.09503872003393088,True,0.30734521654464053,-2.347941134818958,-1.7332507017296765,500,log_initial_freq
-2.2631755938143416,-2.144027465162397,-0.11914812865194468,0.11914812865194468,True,0.3238878833069388,-2.5870634771212804,-1.939287710507403,500,log_initial_freq
-2.0648029366310707,-2.167409817897405,0.10260688126633433,0.10260688126633433,True,0.30543845790821494,-2.3702413945392857,-1.7593644787228557,500,log_initial_freq
-2.003436220405768,-2.170254217532116,0.1668179971263477,0.1668179971263477,True,0.27091119213372916,-2.2743474125394973,-1.7325250282720388,500,log_initial_freq
-2.4512290884343573,-2.170384362958594,-0.2808447254757631,0.2808447254757631,True,0.2879759981432194,-2.7392050865775768,-2.1632530902911378,500,log_initial_freq
-2.313012997200463,-2.172666618638147,-0.14034637856231624,0.14034637856231624,True,0.2831017134387592,-2.596114710639222,-2.029911283761704,500,log_initial_freq
-2.22714268705096,-2.20546245599244,-0.021680231058519794,0.021680231058519794,True,0.2883415524010358,-2.515484239451996,-1.938801134649924,500,log_initial_freq
-2.523468744465168,-2.2082398933618057,-0.3152288511033623,0.3152288511033623,True,0.33206046878516754,-2.8555292132503354,-2.1914082756800006,500,log_initial_freq
-2.1700993297988,-2.208631108436508,0.03853177863770796,0.03853177863770796,True,0.3095979745544007,-2.4796973043532007,-1.8605013552443992,500,log_initial_freq
-2.453534724173071,-2.222460718770386,-0.23107400540268497,0.23107400540268497,True,0.27988500540896377,-2.733419729582035,-2.1736497187641075,500,log_initial_freq
-2.447871221829479,-2.2417568764806735,-0.20611434534880546,0.20611434534880546,True,0.3493746495473577,-2.7972458713768367,-2.098496572282121,500,log_initial_freq
-2.5850385422446527,-2.244595150770025,-0.3404433914746279,0.3404433914746279,False,0.33746695387017467,-2.9225054961148276,-2.247571588374478,500,log_initial_freq
-2.425707898169303,-2.2613029320957176,-0.16440496607358535,0.16440496607358535,True,0.2997558755631576,-2.7254637737324607,-2.1259520226061452,500,log_initial_freq
-2.305228481315079,-2.2873925418127508,-0.017835939502328202,0.017835939502328202,True,0.29549788253626674,-2.600726363851346,-2.009730598778812,500,log_initial_freq
-2.2624719387645715,-2.308834118240272,0.046362179475700316,0.046362179475700316,True,0.3329763026460304,-2.595448241410602,-1.9294956361185411,500,log_initial_freq
-2.5783851357429666,-2.326356086977732,-0.25202904876523435,0.25202904876523435,True,0.3106253005800713,-2.889010436323038,-2.267759835162895,500,log_initial_freq
-2.3072323248967495,-2.363579130193047,0.05634680529629765,0.05634680529629765,True,0.2938748109145714,-2.6011071358113207,-2.013357513982178,500,log_initial_freq
-2.282658772612734,-2.374429952361266,0.0917711797485321,0.0917711797485321,True,0.2860593473977225,-2.5687181200104563,-1.9965994252150114,500,log_initial_freq
-2.5179671062198774,-2.3816981008374176,-0.13626900538245978,0.13626900538245978,True,0.31853809351346757,-2.836505199733345,-2.19942901270641,500,log_initial_freq
-2.3676925996549034,-2.3841669410253106,0.016474341370407153,0.016474341370407153,True,0.28595714611839984,-2.6536497457733033,-2.0817354535365036,500,log_initial_freq
-2.4810534939061886,-2.408831959993159,-0.07222153391302966,0.07222153391302966,True,0.29329696945970796,-2.7743504633658964,-2.1877565244464807,500,log_initial_freq
-2.455995543923136,-2.4323819146272463,-0.023613629295889726,0.023613629295889726,True,0.3221266427442395,-2.7781221866673755,-2.1338689011788965,500,log_initial_freq
-2.31434640034405,-2.434824345127865,0.1204779447838149,0.1204779447838149,True,0.30791483530827785,-2.622261235652328,-2.006431565035772,500,log_initial_freq
-2.328134326563669,-2.439645894477633,0.111511567913964,0.111511567913964,True,0.3226097871160066,-2.6507441136796754,-2.0055245394476624,500,log_initial_freq
-2.2892096438910214,-2.4511496987782277,0.1619400548872063,0.1619400548872063,True,0.3024749812687072,-2.5916846251597287,-1.9867346626223141,500,log_initial_freq
-2.4681615477163765,-2.4771834529438768,0.009021905227500238,0.009021905227500238,True,0.2918658587432162,-2.7600274064595927,-2.1762956889731604,500,log_initial_freq
-2.7511061220597415,-2.481076316165465,-0.2700298058942763,0.2700298058942763,True,0.35679823022556767,-3.107904352285309,-2.394307891834174,500,log_initial_freq
-2.377535455127862,-2.5161483979643733,0.13861294283651127,0.13861294283651127,True,0.3470806184499742,-2.7246160735778364,-2.0304548366778876,500,log_initial_freq
-2.405798910224099,-2.5187851269841453,0.11298621676004617,0.11298621676004617,True,0.33470655709762964,-2.7405054673217286,-2.0710923531264696,500,log_initial_freq
-2.483211753537956,-2.568410592318714,0.08519883878075829,0.08519883878075829,True,0.3214627612461673,-2.804674514784123,-2.1617489922917885,500,log_initial_freq
-2.5779307547025683,-2.5759251703460677,-0.002005584356500556,0.002005584356500556,True,0.3043528866353206,-2.8822836413378887,-2.273577868067248,500,log_initial_freq
-2.5217050907731964,-2.582995348769612,0.06129025799641541,0.06129025799641541,True,0.32181396342031726,-2.843519054193514,-2.199891127352879,500,log_initial_freq
-2.7596981970606125,-2.5835044555777937,-0.17619374148281874,0.17619374148281874,True,0.36546958605452984,-3.1251677831151423,-2.3942286110060826,500,log_initial_freq
-2.394051339985933,-2.5957347956758943,0.20168345568996138,0.20168345568996138,True,0.2968624961906079,-2.6909138361765406,-2.097188843795325,500,log_initial_freq
-2.452658265988548,-2.6222414663993714,0.1695832004108233,0.1695832004108233,True,0.2997974064422727,-2.7524556724308207,-2.1528608595462755,500,log_initial_freq
-2.70065637971789,-2.625562813441296,-0.07509356627659391,0.07509356627659391,True,0.3438223479284425,-3.0444787276463323,-2.3568340317894476,500,log_initial_freq
-2.4249042108002934,-2.6265780311480986,0.20167382034780523,0.20167382034780523,True,0.3202740976366467,-2.74517830843694,-2.1046301131636467,500,log_initial_freq
-2.5994262516023974,-2.6309036800818397,0.03147742847944235,0.03147742847944235,True,0.32409119917055484,-2.923517450772952,-2.2753350524318425,500,log_initial_freq
-2.514923536266887,-2.642318273914072,0.1273947376471849,0.1273947376471849,True,0.32516549911965864,-2.8400890353865456,-2.1897580371472283,500,log_initial_freq
-2.3712072067178087,-2.645640874477445,0.2744336677596362,0.2744336677596362,True,0.2891103932361182,-2.660317599953927,-2.0820968134816904,500,log_initial_freq
-2.7713770161558196,-2.65127240646925,-0.12010460968656966,0.12010460968656966,True,0.3673017829830333,-3.138678799138853,-2.404075233172786,500,log_initial_freq
-2.6033896992567964,-2.6810935540653063,0.07770385480850983,0.07770385480850983,True,0.32429466945061686,-2.927684368707413,-2.2790950298061796,500,log_initial_freq
-3.0023266343766215,-2.694551413473577,-0.30777522090304466,0.30777522090304466,True,0.3742119827732674,-3.376538617149889,-2.628114651603354,500,log_initial_freq
-2.5581905482804936,-2.719251258504107,0.16106071022361323,0.16106071022361323,True,0.3257149773269829,-2.8839055256074766,-2.2324755709535107,500,log_initial_freq
-2.6852885430257487,-2.7367277663340976,0.051439223308348936,0.051439223308348936,True,0.3390530199182633,-3.024341562944012,-2.3462355231074854,500,log_initial_freq
-2.6299069254940033,-2.758957391181247,0.12905046568724376,0.12905046568724376,True,0.3263118010923912,-2.9562187265863944,-2.303595124401612,500,log_initial_freq
-3.092660344080888,-2.7669229496034444,-0.32573739447744376,0.32573739447744376,True,0.40065891591578967,-3.493319259996678,-2.6920014281650984,500,log_initial_freq
-3.1583939583575646,-2.7710627603367626,-0.38733119802080207,0.38733119802080207,False,0.3784225331717991,-3.536816491529364,-2.7799714251857655,500,log_initial_freq
-2.761558267934908,-2.7886721981570686,0.027113930222160576,0.027113930222160576,True,0.3326227179033103,-3.0941809858382183,-2.4289355500315977,500,log_initial_freq
-2.6583873196145666,-2.790996613995279,0.13260929438071223,0.13260929438071223,True,0.3214183052446276,-2.9798056248591944,-2.336969014369939,500,log_initial_freq
-2.5067820244978707,-2.798277849123209,0.2914958246253385,0.2914958246253385,True,0.3101276744110078,-2.8169096989088787,-2.1966543500868627,500,log_initial_freq
-2.7247814529255794,-2.803905087625351,0.07912363469977146,0.07912363469977146,True,0.3238308277133972,-3.0486122806389764,-2.4009506252121824,500,log_initial_freq
-2.6319803797711874,-2.8152819835361376,0.1833016037649502,0.1833016037649502,True,0.3420699945297286,-2.974050374300916,-2.2899103852414586,500,log_initial_freq
-2.5225651936566,-2.824369476448651,0.3018042827920513,0.3018042827920513,True,0.3217945155138713,-2.844359709170471,-2.2007706781427285,500,log_initial_freq
-3.2322976128104273,-2.836796522318441,-0.39550109049198623,0.39550109049198623,False,0.37924033705007665,-3.611537949860504,-2.8530572757603507,500,log_initial_freq
-3.158093541915882,-2.8434043052631237,-0.3146892366527583,0.3146892366527583,True,0.3675740151484427,-3.5256675570643248,-2.790519526767439,500,log_initial_freq
-2.995419755949713,-2.8576014041520823,-0.1378183517976308,0.1378183517976308,True,0.3417018132547233,-3.3371215692044363,-2.65371794269499,500,log_initial_freq
-3.4807011107209513,-2.879532665486603,-0.6011684452343484,0.6011684452343484,False,0.3532826408327571,-3.8339837515537085,-3.127418469888194,500,log_initial_freq
-2.9678256082982672,-2.89417149775099,-0.07365411054727744,0.07365411054727744,True,0.35439931304109323,-3.3222249213393606,-2.613426295257174,500,log_initial_freq
-2.6135487591835043,-2.9101766175230237,0.29662785833951943,0.29662785833951943,True,0.3276384943134151,-2.9411872534969192,-2.2859102648700893,500,log_initial_freq
-3.0392032627126566,-2.925494772240924,-0.11370849047173248,0.11370849047173248,True,0.38958133333492084,-3.4287845960475773,-2.649621929377736,500,log_initial_freq
-2.73265513207928,-2.936315047360395,0.20365991528111538,0.20365991528111538,True,0.3295939778888198,-3.0622491099680995,-2.40306115419046,500,log_initial_freq
-3.2432711129954637,-2.9464616953167715,-0.2968094176786922,0.2968094176786922,True,0.3584519031479869,-3.601723016143451,-2.8848192098474765,500,log_initial_freq
-3.1469967146293727,-2.9473808847401193,-0.19961582988925342,0.19961582988925342,True,0.34393956430612826,-3.490936278935501,-2.8030571503232444,500,log_initial_freq
-2.8916859382976674,-2.9514822858131113,0.05979634751544394,0.05979634751544394,True,0.35214999887992987,-3.243835937177597,-2.5395359394177377,500,log_initial_freq
-3.26233069577547,-2.956633487082578,-0.3056972086928922,0.3056972086928922,True,0.391679899946048,-3.654010595721518,-2.8706507958294223,500,log_initial_freq
-2.7703292578092595,-2.963856281599512,0.19352702379025244,0.19352702379025244,True,0.34672250298185336,-3.117051760791113,-2.4236067548274063,500,log_initial_freq
-2.921355571717868,-2.964841653200176,0.04348608148230815,0.04348608148230815,True,0.38162568891112597,-3.302981260628994,-2.539729882806742,500,log_initial_freq
-2.869743754950464,-2.9752254039816655,0.10548164903120139,0.10548164903120139,True,0.33380613848501867,-3.2035498934354827,-2.5359376164654455,500,log_initial_freq
-3.2238041508965374,-2.978527167718309,-0.24527698317822821,0.24527698317822821,True,0.36154056163449333,-3.5853447125310307,-2.862263589262044,500,log_initial_freq
-3.2432701380627367,-2.992776898311916,-0.2504932397508206,0.2504932397508206,True,0.36130140001037,-3.6045715380731065,-2.881968738052367,500,log_initial_freq
-3.532764068367693,-2.997872693941042,-0.534891374426651,0.534891374426651,False,0.36584754399145647,-3.8986116123591494,-3.1669165243762367,500,log_initial_freq
-2.9696376156858006,-3.009433457252801,0.039795841567000334,0.039795841567000334,True,0.37082369745722643,-3.340461313143027,-2.5988139182285743,500,log_initial_freq
-3.1595586123866983,-3.0259935291516475,-0.13356508323505079,0.13356508323505079,True,0.41558823960769237,-3.5751468519943908,-2.743970372779006,500,log_initial_freq
-2.8954089220516135,-3.0294084665353367,0.1339995444837232,0.1339995444837232,True,0.3530297368800994,-3.248438658931713,-2.542379185171514,500,log_initial_freq
-3.095875018747517,-3.0328231914714747,-0.06305182727604208,0.06305182727604208,True,0.3694909750914998,-3.4653659938390167,-2.726384043656017,500,log_initial_freq
-2.816999432918814,-3.056232916980517,0.23923348406170275,0.23923348406170275,True,0.3621764195783991,-3.179175852497213,-2.454823013340415,500,log_initial_freq
-3.02745001008651,-3.0617287152279093,0.034278705141399524,0.034278705141399524,True,0.378849839160918,-3.4062998492474277,-2.648600170925592,500,log_initial_freq
-2.879764396991809,-3.078252767528316,0.19848837053650703,0.19848837053650703,True,0.3534964380933365,-3.2332608350851455,-2.5262679588984724,500,log_initial_freq
-3.0900413531839734,-3.1113055008363215,0.021264147652348075,0.021264147652348075,True,0.36834037344698123,-3.4583817266309547,-2.721700979736992,500,log_initial_freq
-3.5971732530886653,-3.1667220093911785,-0.4304512436974868,0.4304512436974868,False,0.41457997825754983,-4.011753231346215,-3.1825932748311154,500,log_initial_freq
-3.3354316674796634,-3.1753033980997567,-0.16012826937990665,0.16012826937990665,True,0.3832823937396994,-3.7187140612193628,-2.952149273739964,500,log_initial_freq
-3.5094453993943233,-3.2062140846751763,-0.303231314719147,0.303231314719147,True,0.4137273785402269,-3.92317277793455,-3.0957180208540964,500,log_initial_freq
-3.6198430113509006,-3.207690376422137,-0.41215263492876364,0.41215263492876364,True,0.4282179700463348,-4.048060981397235,-3.1916250413045657,500,log_initial_freq
-3.173194783915081,-3.2287724769401693,0.055577693025088415,0.055577693025088415,True,0.40007652618786554,-3.5732713101029465,-2.7731182577272153,500,log_initial_freq
-3.6946180318375106,-3.254874901674294,-0.43974313016321664,0.43974313016321664,False,0.3878030859087072,-4.082421117746218,-3.3068149459288034,500,log_initial_freq
-3.583395473620974,-3.267005939942197,-0.31638953367877676,0.31638953367877676,True,0.3717484775771542,-3.955143951198128,-3.21164699604382,500,log_initial_freq
-3.481934780911379,-3.274290802979142,-0.207643977932237,0.207643977932237,True,0.37889225971463397,-3.860827040626013,-3.103042521196745,500,log_initial_freq
-3.2781851211813953,-3.2770461595400384,-0.0011389616413568504,0.0011389616413568504,True,0.4080228070529554,-3.6862079282343507,-2.87016231412844,500,log_initial_freq
-3.161361683662187,-3.2903797794132137,0.12901809575102652,0.12901809575102652,True,0.41476087216361585,-3.576122555825803,-2.7466008114985714,500,log_initial_freq
-3.8837134788796948,-3.2918249163446,-0.5918885625350949,0.5918885625350949,False,0.5128965594269234,-4.396610038306618,-3.3708169194527713,500,log_initial_freq
-2.9485356829459106,-3.2944972068938325,0.3459615239479219,0.3459615239479219,False,0.34544530138289153,-3.293980984328802,-2.6030903815630193,500,log_initial_freq
-3.3904748312224,-3.3181114129317977,-0.07236341829060233,0.07236341829060233,True,0.3709400270958193,-3.7614148583182194,-3.0195348041265806,500,log_initial_freq
-3.5053969897959836,-3.3199806657284885,-0.1854163240674951,0.1854163240674951,True,0.45851052972744344,-3.963907519523427,-3.0468864600685404,500,log_initial_freq
-3.3172022864379698,-3.3501931097544584,0.032990823316488616,0.032990823316488616,True,0.3636458717414897,-3.6808481581794594,-2.95355641469648,500,log_initial_freq
-3.2701921749175447,-3.382071707852613,0.11187953293506814,0.11187953293506814,True,0.4023581758866393,-3.672550350804184,-2.867833999030905,500,log_initial_freq
-3.3440392508830703,-3.4273049566533884,0.08326570577031811,0.08326570577031811,True,0.3895502114964739,-3.7335894623795443,-2.9544890393865963,500,log_initial_freq
-3.1752025227146206,-3.466823138582983,0.2916206158683625,0.2916206158683625,True,0.3797327301904775,-3.554935252905098,-2.795469792524143,500,log_initial_freq
-4.131825203131917,-3.493836156089724,-0.6379890470421925,0.6379890470421925,False,0.3947279000347773,-4.526553103166694,-3.7370973030971393,500,log_initial_freq
-3.836685231313579,-3.5195226613879727,-0.31716256992560643,0.31716256992560643,True,0.4748763399027968,-4.311561571216376,-3.3618088914107824,500,log_initial_freq
-3.7977087104129312,-3.5199734540464505,-0.2777352563664808,0.2777352563664808,True,0.41701694651035903,-4.2147256569232905,-3.380691763902572,500,log_initial_freq
-4.56978069777491,-3.527804929508031,-1.0419757682668784,1.0419757682668784,False,0.4959216241290969,-5.0657023219040065,-4.073859073645813,500,log_initial_freq
-3.6065286011103943,-3.5314860594538446,-0.07504254165654967,0.07504254165654967,True,0.3792925846016114,-3.985821185712006,-3.227236016508783,500,log_initial_freq
-3.5974073667338047,-3.532331317493345,-0.06507604924045962,0.06507604924045962,True,0.37280644269483926,-3.970213809428644,-3.2246009240389655,500,log_initial_freq
-3.817217747311474,-3.5323714180697134,-0.28484632924176045,0.28484632924176045,True,0.39167683167408307,-4.208894578985557,-3.4255409156373906,500,log_initial_freq
-3.358601820165278,-3.543576358702227,0.18497453853694878,0.18497453853694878,True,0.45391839568843306,-3.812520215853711,-2.904683424476845,500,log_initial_freq
-3.68155854607062,-3.5518569847023347,-0.12970156136828548,0.12970156136828548,True,0.39544701266392784,-4.077005558734548,-3.286111533406692,500,log_initial_freq
-3.9500056708990328,-3.5535055616026243,-0.39650010929640844,0.39650010929640844,True,0.4157910156416247,-4.365796686540658,-3.534214655257408,500,log_initial_freq
-3.644339646013588,-3.5551197718870022,-0.08921987412658572,0.08921987412658572,True,0.3769751538576082,-4.021314799871196,-3.2673644921559797,500,log_initial_freq
-3.7013951057344707,-3.5718030142541877,-0.12959209148028306,0.12959209148028306,True,0.40598740286543683,-4.107382508599907,-3.295407702869034,500,log_initial_freq
-3.2979630591984446,-3.5858396808305244,0.28787662163207983,0.28787662163207983,True,0.3890754499809666,-3.6870385091794113,-2.908887609217478,500,log_initial_freq
-3.699992550735423,-3.588054875029136,-0.1119376757062871,0.1119376757062871,True,0.36925756559205475,-4.069250116327478,-3.3307349851433683,500,log_initial_freq
-3.38482294662876,-3.5964261077501325,0.21160316112137245,0.21160316112137245,True,0.3620925163540828,-3.7469154629828427,-3.0227304302746774,500,log_initial_freq
-3.863516447795202,-3.6097659466276006,-0.25375050116760134,0.25375050116760134,True,0.41220563680219086,-4.275722084597393,-3.4513108109930113,500,log_initial_freq
-3.9891630230580937,-3.6157512552257702,-0.37341176783232344,0.37341176783232344,True,0.44403653220270095,-4.433199555260795,-3.5451264908553926,500,log_initial_freq
-3.8431343074194646,-3.6201575478465653,-0.2229767595728993,0.2229767595728993,True,0.4230744188205439,-4.266208726240008,-3.420059888598921,500,log_initial_freq
-3.484724495777353,-3.6370875275197445,0.15236303174239163,0.15236303174239163,True,0.37857488330362876,-3.8632993790809818,-3.106149612473724,500,log_initial_freq
-3.858493402649057,-3.639861491058813,-0.21863191159024398,0.21863191159024398,True,0.43914065566624,-4.297634058315297,-3.419352746982817,500,log_initial_freq
-3.498794492453059,-3.6420830094317767,0.1432885169787177,0.1432885169787177,True,0.3793158361134257,-3.8781103285664846,-3.1194786563396333,500,log_initial_freq
-3.976497470368126,-3.642992034136686,-0.33350543623144,0.33350543623144,True,0.4417450169040373,-4.418242487272163,-3.5347524534640886,500,log_initial_freq
-3.8884477554392753,-3.645982256403075,-0.24246549903620052,0.24246549903620052,True,0.37186289120142335,-4.260310646640699,-3.516584864237852,500,log_initial_freq
-3.666549864259443,-3.6563651633751073,-0.010184700884335651,0.010184700884335651,True,0.4445395767991694,-4.1110894410586125,-3.2220102874602734,500,log_initial_freq
-4.046865952477483,-3.6830570047379743,-0.3638089477395088,0.3638089477395088,True,0.41297736139684404,-4.459843313874327,-3.633888591080639,500,log_initial_freq
-3.9577698828765335,-3.704708127548802,-0.2530617553277317,0.2530617553277317,True,0.4256704846469013,-4.383440367523435,-3.532099398229632,500,log_initial_freq
-4.075521572632605,-3.710679967327803,-0.3648416053048016,0.3648416053048016,True,0.3833437123525517,-4.458865284985157,-3.692177860280053,500,log_initial_freq
-3.657503221194382,-3.751113064291371,0.09360984309698894,0.09360984309698894,True,0.43609908882510995,-4.093602310019492,-3.221404132369272,500,log_initial_freq
-3.8401930244975517,-3.7538802691059736,-0.08631275539157812,0.08631275539157812,True,0.41274538410720396,-4.252938408604756,-3.4274476403903478,500,log_initial_freq
-4.446384410640604,-3.756916395152614,-0.6894680154879902,0.6894680154879902,False,0.4660310301028857,-4.91241544074349,-3.9803533805377187,500,log_initial_freq
-3.5398758742385237,-3.763662898495962,0.22378702425743846,0.22378702425743846,True,0.36166597066761896,-3.9015418449061428,-3.1782099035709046,500,log_initial_freq
-4.214606590000277,-3.787879224011286,-0.42672736598899075,0.42672736598899075,True,0.4506615907629488,-4.665268180763226,-3.763944999237328,500,log_initial_freq
-3.7202603174353177,-3.7969293262023633,0.07666900876704563,0.07666900876704563,True,0.41137753868806387,-4.1316378561233815,-3.308882778747254,500,log_initial_freq
-3.1350634757882956,-3.8071400097174593,0.6720765339291637,0.6720765339291637,False,0.3706972442699635,-3.5057607200582592,-2.764366231518332,500,log_initial_freq
-3.968263017776611,-3.8125715214059386,-0.1556914963706726,0.1556914963706726,True,0.38889901682449357,-4.357162034601105,-3.5793640009521175,500,log_initial_freq
-4.134945678401252,-3.813629351379986,-0.32131632702126556,0.32131632702126556,True,0.44901220508969064,-4.5839578834909425,-3.685933473311561,500,log_initial_freq
-4.045468068295802,-3.826962248355109,-0.2185058199406935,0.2185058199406935,True,0.4872614909191953,-4.532729559214998,-3.558206577376607,500,log_initial_freq
-4.119379076047785,-3.8302193891547445,-0.28915968689304083,0.28915968689304083,True,0.43785646474445844,-4.557235540792243,-3.681522611303327,500,log_initial_freq
-3.562754297555879,-3.8314101369607654,0.26865583940488635,0.26865583940488635,True,0.37985325166125855,-3.9426075492171377,-3.1829010458946203,500,log_initial_freq
-4.060784555185702,-3.8411724901220223,-0.21961206506367947,0.21961206506367947,True,0.40237633855930055,-4.463160893745003,-3.6584082166264014,500,log_initial_freq
-3.634603913891106,-3.848134928762944,0.21353101487183768,0.21353101487183768,True,0.3901901777263972,-4.024794091617503,-3.244413736164709,500,log_initial_freq
-4.3443662785547374,-3.8511349343160184,-0.49323134423871906,0.49323134423871906,False,0.4742802250225055,-4.818646503577243,-3.870086053532232,500,log_initial_freq
-4.124159655486994,-3.8534424688654143,-0.27071718662157984,0.27071718662157984,True,0.4964458237591171,-4.6206054792461115,-3.627713831727877,500,log_initial_freq
-4.027317297946744,-3.85421777740841,-0.17309952053833388,0.17309952053833388,True,0.41014393065375143,-4.437461228600495,-3.617173367292992,500,log_initial_freq
-3.816522932268041,-3.8649175174705155,0.04839458520247453,0.04839458520247453,True,0.38113317204221575,-4.197656104310257,-3.435389760225825,500,log_initial_freq
-3.5913174949606494,-3.894189990612711,0.3028724956520614,0.3028724956520614,True,0.3768232493672682,-3.9681407443279175,-3.2144942455933814,500,log_initial_freq
-4.093373912868582,-3.9103293271554405,-0.18304458571314175,0.18304458571314175,True,0.3951456298474524,-4.488519542716035,-3.69822828302113,500,log_initial_freq
-3.799434073437665,-3.922989177360289,0.12355510392262392,0.12355510392262392,True,0.42085570681588547,-4.220289780253551,-3.3785783666217797,500,log_initial_freq
-3.80851796976799,-3.942470588119212,0.13395261835122207,0.13395261835122207,True,0.4126119778889392,-4.221129947656929,-3.395905991879051,500,log_initial_freq
-4.128394991993775,-3.9440204751905137,-0.18437451680326156,0.18437451680326156,True,0.4794542294878038,-4.607849221481579,-3.6489407625059713,500,log_initial_freq
-4.344979153739615,-3.951140391564364,-0.39383876217525104,0.39383876217525104,True,0.4780870170948295,-4.823066170834444,-3.8668921366447857,500,log_initial_freq
-3.596356308690032,-3.959842156375304,0.36348584768527203,0.36348584768527203,True,0.40825361290307055,-4.004609921593103,-3.188102695786961,500,log_initial_freq
-4.060126680351574,-3.965697944523118,-0.09442873582845568,0.09442873582845568,True,0.4265947965016743,-4.486721476853248,-3.6335318838498996,500,log_initial_freq
-3.8176789791919714,-3.9705785141943384,0.15289953500236697,0.15289953500236697,True,0.36719280523043346,-4.184871784422405,-3.450486173961538,500,log_initial_freq
-3.564150021849381,-3.987274532089357,0.42312451023997566,0.42312451023997566,False,0.38937021466930133,-3.9535202365186826,-3.1747798071800797,500,log_initial_freq
-4.20869920431124,-3.9911911715883948,-0.21750803272284536,0.21750803272284536,True,0.47257980262528565,-4.681279006936526,-3.7361194016859542,500,log_initial_freq
-4.2249093818729495,-4.001115615071093,-0.22379376680185636,0.22379376680185636,True,0.44073558602229995,-4.66564496789525,-3.7841737958506494,500,log_initial_freq
-4.458672037167224,-4.037917686828809,-0.4207543503384148,0.4207543503384148,True,0.49035700587204445,-4.9490290430392685,-3.9683150312951794,500,log_initial_freq
-3.8332783660948104,-4.038044561602325,0.2047661955075144,0.2047661955075144,True,0.4046138960507167,-4.237892262145527,-3.428664470044094,500,log_initial_freq
-4.774687921012092,-4.0795345848587825,-0.6951533361533091,0.6951533361533091,False,0.4875444992923052,-5.262232420304397,-4.287143421719787,500,log_initial_freq
-4.341670035657629,-4.086661249602892,-0.25500878605473787,0.25500878605473787,True,0.4239345938255979,-4.765604629483227,-3.9177354418320314,500,log_initial_freq
-3.964230994463881,-4.093263377350404,0.12903238288652252,0.12903238288652252,True,0.39901680112947996,-4.363247795593361,-3.565214193334401,500,log_initial_freq
-3.640334462143103,-4.096146939249782,0.45581247710667894,0.45581247710667894,False,0.4231842689909419,-4.063518731134045,-3.217150193152161,500,log_initial_freq
-4.173889843873498,-4.097138850717562,-0.07675099315593581,0.07675099315593581,True,0.45435809352621076,-4.628247937399709,-3.7195317503472873,500,log_initial_freq
-4.585988594959324,-4.104128491639095,-0.481860103320229,0.481860103320229,True,0.5282806670871608,-5.114269262046485,-4.057707927872163,500,log_initial_freq
-4.211907923159751,-4.1051357143114355,-0.10677220884831584,0.10677220884831584,True,0.4233179816905532,-4.635225904850304,-3.788589941469198,500,log_initial_freq
-4.516865800646533,-4.158940298605646,-0.3579255020408869,0.3579255020408869,True,0.47549809240486474,-4.992363893051398,-4.041367708241668,500,log_initial_freq
-4.05620758672306,-4.198006617274551,0.1417990305514909,0.1417990305514909,True,0.428203600022952,-4.484411186746012,-3.628003986700108,500,log_initial_freq
-3.818300381452422,-4.204065354883166,0.38576497343074445,0.38576497343074445,True,0.3858211173648667,-4.204121498817289,-3.432479264087555,500,log_initial_freq
-3.9773029377939824,-4.212727325398517,0.23542438760453477,0.23542438760453477,True,0.4021575923088464,-4.379460530102829,-3.575145345485136,500,log_initial_freq
-4.297088297019752,-4.230113487073461,-0.06697480994629146,0.06697480994629146,True,0.3888285571202354,-4.685916854139988,-3.908259739899517,500,log_initial_freq
-3.9279694099542724,-4.257049485366044,0.3290800754117713,0.3290800754117713,True,0.45228056989723836,-4.380249979851511,-3.475688840057034,500,log_initial_freq
-4.457174760554446,-4.258173095249473,-0.19900166530497287,0.19900166530497287,True,0.4855096848767995,-4.9426844454312455,-3.9716650756776466,500,log_initial_freq
-4.510747619526013,-4.266124184894899,-0.24462343463111402,0.24462343463111402,True,0.41576540199046025,-4.926513021516473,-4.094982217535553,500,log_initial_freq
-4.980092519523439,-4.276923911570556,-0.7031686079528834,0.7031686079528834,False,0.4868830250477918,-5.466975544571231,-4.493209494475647,500,log_initial_freq
-4.923423988363692,-4.2785089600350235,-0.6449150283286684,0.6449150283286684,False,0.5042683585679032,-5.427692346931595,-4.419155629795789,500,log_initial_freq
-4.621057234460001,-4.282517920791159,-0.33853931366884193,0.33853931366884193,True,0.44639248584999247,-5.067449720309994,-4.174664748610009,500,log_initial_freq
-4.5872787518930735,-4.284036361523103,-0.30324239036997014,0.30324239036997014,True,0.5069353972646196,-5.094214149157693,-4.080343354628454,500,log_initial_freq
-5.183370978143664,-4.287580502116521,-0.8957904760271429,0.8957904760271429,False,0.5316395282659048,-5.715010506409569,-4.651731449877759,500,log_initial_freq
-4.031569366417265,-4.330436986720418,0.2988676203031533,0.2988676203031533,True,0.4466494666550099,-4.478218833072274,-3.5849198997622547,500,log_initial_freq
-4.156059303704809,-4.345835337436613,0.18977603373180418,0.18977603373180418,True,0.4665362161558333,-4.622595519860642,-3.6895230875489755,500,log_initial_freq
-4.329992013324277,-4.368736282296766,0.03874426897248906,0.03874426897248906,True,0.46054730538153316,-4.79053931870581,-3.8694447079427436,500,log_initial_freq
-4.44428551145189,-4.38019842048031,-0.06408709097158027,0.06408709097158027,True,0.37192577177492875,-4.816211283226819,-4.072359739676962,500,log_initial_freq
-4.613642829769789,-4.417980546798019,-0.19566228297177002,0.19566228297177002,True,0.4849978788603726,-5.098640708630162,-4.1286449509094165,500,log_initial_freq
-4.794588688532448,-4.4200173523888235,-0.3745713361436245,0.3745713361436245,True,0.5309383298003091,-5.325527018332757,-4.263650358732139,500,log_initial_freq
-5.374104306701722,-4.4319035477733735,-0.9422007589283483,0.9422007589283483,False,0.4633710531912417,-5.837475359892964,-4.91073325351048,500,log_initial_freq
-4.569138156101673,-4.4548230955018955,-0.11431506059977714,0.11431506059977714,True,0.45240160864101786,-5.02153976474269,-4.116736547460655,500,log_initial_freq
-4.539223718088029,-4.482482573193072,-0.056741144894957074,0.056741144894957074,True,0.49995598197569696,-5.039179700063726,-4.039267736112332,500,log_initial_freq
-4.189863790618039,-4.500128508549455,0.31026471793141575,0.31026471793141575,True,0.4634172846153237,-4.653281075233363,-3.7264465060027154,500,log_initial_freq
-5.2482656530602165,-4.531019847573739,-0.7172458054864776,0.7172458054864776,False,0.4540858186827117,-5.7023514717429284,-4.794179834377505,500,log_initial_freq
-4.5668701289019085,-4.538150627711313,-0.02871950119059541,0.02871950119059541,True,0.4763790418022985,-5.043249170704207,-4.09049108709961,500,log_initial_freq
-4.398828713055416,-4.553183240382632,0.15435452732721622,0.15435452732721622,True,0.47167610901882084,-4.870504822074237,-3.9271526040365945,500,log_initial_freq
-4.476879269400185,-4.559472320097434,0.0825930506972492,0.0825930506972492,True,0.5081840474140594,-4.985063316814244,-3.968695221986126,500,log_initial_freq
-4.756236215258353,-4.562835734361768,-0.19340048089658524,0.19340048089658524,True,0.43715928578089636,-5.193395501039249,-4.319076929477457,500,log_initial_freq
-4.464626720278098,-4.56323678078675,0.09861006050865218,0.09861006050865218,True,0.4392748887233686,-4.903901609001466,-4.025351831554729,500,log_initial_freq
-4.637524167899645,-4.578750569058541,-0.058773598841104224,0.058773598841104224,True,0.5011759598064978,-5.138700127706143,-4.136348208093148,500,log_initial_freq
-4.457174483155134,-4.5925869551358165,0.13541247198068262,0.13541247198068262,True,0.5077029242869161,-4.96487740744205,-3.949471558868218,500,log_initial_freq
-4.3277904943931915,-4.597600697352352,0.26981020295916025,0.26981020295916025,True,0.39945172363725073,-4.727242218030442,-3.928338770755941,500,log_initial_freq
-4.709695406565976,-4.604993992654441,-0.10470141391153565,0.10470141391153565,True,0.47078503793234716,-5.180480444498324,-4.238910368633629,500,log_initial_freq
-4.456744931162305,-4.646875472054708,0.19013054089240278,0.19013054089240278,True,0.40718928949391253,-4.863934220656217,-4.049555641668393,500,log_initial_freq
-5.046795306678955,-4.651975499793103,-0.3948198068858515,0.3948198068858515,True,0.4843399748986827,-5.531135281577638,-4.562455331780272,500,log_initial_freq
-5.069745287884262,-4.652955425669294,-0.4167898622149684,0.4167898622149684,True,0.5305671772794975,-5.60031246516376,-4.539178110604765,500,log_initial_freq
-4.210804601420356,-4.6557956748187905,0.4449910733984348,0.4449910733984348,True,0.4742915974223182,-4.685096198842674,-3.7365130039980374,500,log_initial_freq
-4.633854543250882,-4.679402995073859,0.0455484518229774,0.0455484518229774,True,0.435799002800955,-5.069653546051837,-4.198055540449927,500,log_initial_freq
-4.650539049365959,-4.680333609154079,0.029794559788120623,0.029794559788120623,True,0.4999913347160447,-5.150530384082003,-4.150547714649914,500,log_initial_freq
-4.664837378410358,-4.682932561097327,0.018095182686969302,0.018095182686969302,True,0.6949738737598471,-5.359811252170204,-3.9698635046505104,500,log_initial_freq
-4.644975450874532,-4.683456425495706,0.038480974621173836,0.038480974621173836,True,0.5655538881758898,-5.210529339050422,-4.079421562698642,500,log_initial_freq
-4.873816837941578,-4.6950044247402,-0.17881241320137775,0.17881241320137775,True,0.47630650521454776,-5.350123343156126,-4.39751033272703,500,log_initial_freq
-4.610397578658621,-4.6952125845525465,0.08481500589392521,0.08481500589392521,True,0.47864927428504556,-5.0890468529436665,-4.131748304373576,500,log_initial_freq
-4.8432972701337045,-4.704578793245432,-0.13871847688827277,0.13871847688827277,True,0.4713829890949909,-5.3146802592286955,-4.3719142810387135,500,log_initial_freq
-4.7030838802115085,-4.707996950557762,0.004913070346253434,0.004913070346253434,True,0.4504709721270287,-5.153554852338537,-4.25261290808448,500,log_initial_freq
-4.708182182624179,-4.732105891808931,0.023923709184752617,0.023923709184752617,True,0.4968793774088583,-5.205061560033037,-4.21130280521532,500,log_initial_freq
-4.9769696289393295,-4.736132278767658,-0.24083735017167118,0.24083735017167118,True,0.5664295051837502,-5.54339913412308,-4.410540123755579,500,log_initial_freq
-5.485467931694791,-4.738434040425064,-0.7470338912697274,0.7470338912697274,False,0.4781796622841733,-5.963647593978965,-5.007288269410618,500,log_initial_freq
-4.458022979277392,-4.740923271113722,0.2829002918363299,0.2829002918363299,True,0.4725154909578597,-4.930538470235252,-3.9855074883195325,500,log_initial_freq
-4.956317404580945,-4.753881959841372,-0.20243544473957265,0.20243544473957265,True,0.4450935100154705,-5.401410914596416,-4.511223894565474,500,log_initial_freq
-4.733363340753935,-4.755434982881037,0.02207164212710211,0.02207164212710211,True,0.4750665633188494,-5.208429904072784,-4.258296777435086,500,log_initial_freq
-4.713438501595089,-4.7633209984119995,0.04988249681691048,0.04988249681691048,True,0.38536102541863027,-5.098799527013719,-4.328077476176459,500,log_initial_freq
-5.271472483278029,-4.76724405198098,-0.5042284312970491,0.5042284312970491,False,0.4927331980719032,-5.7642056813499325,-4.778739285206126,500,log_initial_freq
-4.831036802812513,-4.775393780332559,-0.055643022479953785,0.055643022479953785,True,0.49215884097670753,-5.32319564378922,-4.338877961835805,500,log_initial_freq
-5.529602729282031,-4.790146528217832,-0.7394562010641987,0.7394562010641987,False,0.5170722365403578,-6.046674965822389,-5.012530492741673,500,log_initial_freq
-4.4851661335254525,-4.7904479927883115,0.305281859262859,0.305281859262859,True,0.4395148075673227,-4.924680941092775,-4.04565132595813,500,log_initial_freq
-4.502560816650011,-4.7915907778920745,0.2890299612420639,0.2890299612420639,True,0.4243123300256657,-4.9268731466756766,-4.078248486624345,500,log_initial_freq
-4.662200436953544,-4.79215694348211,0.12995650652856572,0.12995650652856572,True,0.46436963512119206,-5.126570072074736,-4.197830801832352,500,log_initial_freq
-4.763440458734599,-4.796983753964543,0.03354329522994437,0.03354329522994437,True,0.4169460444154954,-5.180386503150094,-4.346494414319103,500,log_initial_freq
-5.277346883625621,-4.829031336852976,-0.44831554677264496,0.44831554677264496,False,0.44404973123469027,-5.7213966148603115,-4.833297152390931,500,log_initial_freq
-4.6340329157646485,-4.831968829057345,0.19793591329269677,0.19793591329269677,True,0.4438691036067238,-5.077902019371372,-4.190163812157925,500,log_initial_freq
-5.319967729747175,-4.838226470502237,-0.48174125924493794,0.48174125924493794,True,0.552478484499841,-5.872446214247016,-4.767489245247334,500,log_initial_freq
-5.397357370929412,-4.899293804940529,-0.49806356598888346,0.49806356598888346,True,0.5659363154293251,-5.963293686358737,-4.831421055500087,500,log_initial_freq
-4.63356071966243,-4.902533112593343,0.26897239293091246,0.26897239293091246,True,0.4503940781600486,-5.083954797822479,-4.183166641502382,500,log_initial_freq
-4.589016121205344,-4.9157896410953485,0.32677351989000414,0.32677351989000414,True,0.3908625968128037,-4.979878718018148,-4.1981535243925405,500,log_initial_freq
-5.040448265262364,-4.935034368814022,-0.10541389644834176,0.10541389644834176,True,0.42720643957748844,-5.467654704839852,-4.6132418256848755,500,log_initial_freq
-4.64535731842592,-4.937162962492927,0.29180564406700693,0.29180564406700693,True,0.5449068127131432,-5.190264131139063,-4.100450505712777,500,log_initial_freq
-5.073349455884109,-4.9510554269083675,-0.12229402897574104,0.12229402897574104,True,0.3998660250292358,-5.473215480913344,-4.673483430854873,500,log_initial_freq
-5.387479936171991,-4.963488427250081,-0.42399150892190995,0.42399150892190995,True,0.44533495145228885,-5.832814887624281,-4.942144984719702,500,log_initial_freq
-4.8778863715211855,-4.964202340194072,0.08631596867288671,0.08631596867288671,True,0.5410045468572607,-5.418890918378446,-4.336881824663925,500,log_initial_freq
-5.655289182542618,-4.966418223802396,-0.688870958740222,0.688870958740222,False,0.42906162671232356,-6.084350809254942,-5.226227555830294,500,log_initial_freq
-4.491974762435575,-4.983493713953483,0.49151895151790814,0.49151895151790814,False,0.4853268533636078,-4.977301615799183,-4.006647909071967,500,log_initial_freq
-5.582691017669707,-4.996606673381408,-0.5860843442882988,0.5860843442882988,True,0.593181953466808,-6.175872971136515,-4.989509064202899,500,log_initial_freq
-5.830086266385661,-5.007168689720006,-0.8229175766656551,0.8229175766656551,False,0.4725473587279731,-6.302633625113634,-5.357538907657688,500,log_initial_freq
-4.9245254824359215,-5.013303013889256,0.08877753145333411,0.08877753145333411,True,0.5516611965616605,-5.476186678997582,-4.372864285874261,500,log_initial_freq
-5.353005672845473,-5.034022546749252,-0.3189831260962208,0.3189831260962208,True,0.4361245784292674,-5.789130251274741,-4.916881094416206,500,log_initial_freq
-5.632054020008066,-5.05278122230592,-0.5792727977021466,0.5792727977021466,False,0.5206031249310543,-6.152657144939121,-5.111450895077012,500,log_initial_freq
-5.453072276094865,-5.05635978591644,-0.3967124901784249,0.3967124901784249,True,0.42214347549726655,-5.8752157515921315,-5.030928800597598,500,log_initial_freq
-4.863605149445367,-5.059634712759772,0.19602956331440513,0.19602956331440513,True,0.4214103233031908,-5.285015472748558,-4.442194826142176,500,log_initial_freq
-4.871507933929289,-5.066760532303324,0.19525259837403475,0.19525259837403475,True,0.42224878953198247,-5.2937567234612715,-4.449259144397306,500,log_initial_freq
-5.5122395233655315,-5.075806028627747,-0.43643349473778414,0.43643349473778414,True,0.6487030580043339,-6.1609425813698655,-4.863536465361197,500,log_initial_freq
-4.64535721530022,-5.0797328670610575,0.4343756517608375,0.4343756517608375,True,0.5480378639502689,-5.193395079250489,-4.0973193513499515,500,log_initial_freq
-5.89056601568019,-5.089434643675471,-0.8011313720047193,0.8011313720047193,False,0.49805527927126575,-6.388621294951456,-5.392510736408925,500,log_initial_freq
-5.45894776867479,-5.098486805890481,-0.36046096278430895,0.36046096278430895,True,0.483710140551515,-5.9426579092263045,-4.975237628123275,500,log_initial_freq
-5.312792167393821,-5.105017749357021,-0.2077744180368004,0.2077744180368004,True,0.5090557857098049,-5.821847953103626,-4.803736381684017,500,log_initial_freq
-4.567426045361428,-5.10892166792177,0.5414956225603422,0.5414956225603422,False,0.4856666860428404,-5.053092731404268,-4.081759359318587,500,log_initial_freq
-4.986633934662445,-5.115849269387673,0.12921533472522828,0.12921533472522828,True,0.40239266070696195,-5.3890265953694065,-4.584241273955483,500,log_initial_freq
-5.0900074206963835,-5.11856026348754,0.02855284279115633,0.02855284279115633,True,0.4527658213423569,-5.5427732420387406,-4.637241599354026,500,log_initial_freq
-5.464640389973753,-5.122956171061599,-0.34168421891215406,0.34168421891215406,True,0.5324060021350903,-5.997046392108843,-4.932234387838663,500,log_initial_freq
-5.855796041996242,-5.126130215738134,-0.7296658262581079,0.7296658262581079,False,0.5051166920631475,-6.360912734059389,-5.3506793499330945,500,log_initial_freq
-5.1878622089419,-5.126507286692971,-0.061354922248929356,0.061354922248929356,True,0.44680338384016,-5.63466559278206,-4.7410588251017405,500,log_initial_freq
-4.777439916489566,-5.137450199339784,0.36001028285021786,0.36001028285021786,True,0.4388600097872184,-5.216299926276784,-4.338579906702348,500,log_initial_freq
-5.50633149865959,-5.149468336193412,-0.356863162466178,0.356863162466178,True,0.5165578440855964,-6.022889342745187,-4.989773654573994,500,log_initial_freq
-5.390296818698943,-5.186358507804986,-0.20393831089395675,0.20393831089395675,True,0.4663140566702692,-5.856610875369212,-4.923982762028674,500,log_initial_freq
-5.258394280096662,-5.205841571337579,-0.05255270875908291,0.05255270875908291,True,0.4219819334898546,-5.680376213586517,-4.836412346606807,500,log_initial_freq
-5.587616793427158,-5.212778123224778,-0.37483867020238026,0.37483867020238026,True,0.5263667328111424,-6.113983526238301,-5.061250060616016,500,log_initial_freq
-4.382464146823221,-5.230711090113167,0.8482469432899462,0.8482469432899462,False,0.4284691813679148,-4.810933328191136,-3.953994965455306,500,log_initial_freq
-5.29201381581976,-5.2377889766645485,-0.05422483915521159,0.05422483915521159,True,0.47279039327657646,-5.7648042090963365,-4.819223422543184,500,log_initial_freq
-5.07779718346598,-5.253881604062133,0.17608442059615292,0.17608442059615292,True,0.37410666393834424,-5.451903847404324,-4.703690519527635,500,log_initial_freq
-5.397357369344672,-5.259000653631734,-0.13835671571293773,0.13835671571293773,True,0.5858896124584808,-5.983246981803153,-4.8114677568861905,500,log_initial_freq
-5.668622549507587,-5.26428601335863,-0.40433653614895704,0.40433653614895704,True,0.5735811922414459,-6.242203741749033,-5.095041357266141,500,log_initial_freq
-5.261494120300906,-5.267440571963631,0.005946451662724783,0.005946451662724783,True,0.4610817739914509,-5.722575894292357,-4.8004123463094555,500,log_initial_freq
-4.9457676885876705,-5.268323831114682,0.32255614252701115,0.32255614252701115,True,0.45243237262418406,-5.398200061211854,-4.493335315963487,500,log_initial_freq
-5.437932190830444,-5.272267546868319,-0.165664643962125,0.165664643962125,True,0.4280141738984984,-5.865946364728942,-5.0099180169319455,500,log_initial_freq
-5.425397188217037,-5.287930301770548,-0.13746688644648852,0.13746688644648852,True,0.5095100342509316,-5.934907222467968,-4.915887153966105,500,log_initial_freq
-4.696669958304567,-5.31393552672046,0.6172655684158928,0.6172655684158928,False,0.4570431342220775,-5.153713092526645,-4.23962682408249,500,log_initial_freq
-6.090151190744761,-5.324515340534789,-0.7656358502099723,0.7656358502099723,False,0.4847449316933051,-6.574896122438066,-5.605406259051456,500,log_initial_freq
-5.236394989891602,-5.325138927722247,0.08874393783064516,0.08874393783064516,True,0.47444752074175367,-5.710842510633356,-4.761947469149849,500,log_initial_freq
-5.4519671158293015,-5.329129704418808,-0.12283741141049376,0.12283741141049376,True,0.549794694096281,-6.001761809925583,-4.90217242173302,500,log_initial_freq
-6.33705127737406,-5.355140938096181,-0.9819103392778796,0.9819103392778796,False,0.5930768445179883,-6.930128121892048,-5.7439744328560725,500,log_initial_freq
-5.685733076309721,-5.357277693975563,-0.32845538233415805,0.32845538233415805,True,0.4932877150052441,-6.179020791314965,-5.192445361304477,500,log_initial_freq
-4.698682053361325,-5.3634708042221035,0.6647887508607786,0.6647887508607786,False,0.4609199035921341,-5.159601956953459,-4.237762149769191,500,log_initial_freq
-5.472940042616477,-5.379945551359027,-0.09299449125744985,0.09299449125744985,True,0.4418585974002826,-5.91479864001676,-5.031081445216194,500,log_initial_freq
-5.961590171765129,-5.381857495000916,-0.5797326767642135,0.5797326767642135,False,0.4500069911457994,-6.411597162910929,-5.51158318061933,500,log_initial_freq
-6.127137258803744,-5.386876662948843,-0.7402605958549007,0.7402605958549007,False,0.5568802206848542,-6.684017479488598,-5.57025703811889,500,log_initial_freq
-5.784720245500611,-5.387680532145883,-0.39703971335472765,0.39703971335472765,True,0.5501142128971254,-6.3348344583977365,-5.234606032603486,500,log_initial_freq
-5.778975053695178,-5.408448086676142,-0.3705269670190363,0.3705269670190363,True,0.54247180454363,-6.321446858238808,-5.236503249151548,500,log_initial_freq
-5.532022726908657,-5.41510986788924,-0.1169128590194175,0.1169128590194175,True,0.521357588350572,-6.053380315259229,-5.010665138558085,500,log_initial_freq
-5.618421716874255,-5.426281236249744,-0.19214048062451106,0.19214048062451106,True,0.4378872977389633,-6.056309014613218,-5.180534419135292,500,log_initial_freq
-5.441123255789704,-5.446371620878209,0.005248365088505125,0.005248365088505125,True,0.5262972908526632,-5.9674205466423675,-4.914825964937041,500,log_initial_freq
-4.952115650212226,-5.45511651557322,0.5030008653609936,0.5030008653609936,True,0.5322038891053696,-5.484319539317596,-4.419911761106857,500,log_initial_freq
-5.66857041519113,-5.455304598268707,-0.21326581692242286,0.21326581692242286,True,0.4673833012587963,-6.135953716449927,-5.201187113932334,500,log_initial_freq
-5.884206288610419,-5.471741848029311,-0.41246444058110754,0.41246444058110754,True,0.465524125356448,-6.349730413966867,-5.418682163253971,500,log_initial_freq
-5.8182535864408695,-5.482503459902333,-0.335750126538537,0.335750126538537,True,0.5114462745866335,-6.329699861027503,-5.306807311854236,500,log_initial_freq
-5.922025245585399,-5.483642338112377,-0.4383829074730219,0.4383829074730219,True,0.45256577999591263,-6.374591025581312,-5.469459465589486,500,log_initial_freq
-5.249512798291149,-5.494628537548463,0.24511573925731422,0.24511573925731422,True,0.5215397677051904,-5.77105256599634,-4.727973030585958,500,log_initial_freq
-5.573425070696441,-5.496398631456639,-0.0770264392398019,0.0770264392398019,True,0.4085410690796529,-5.981966139776094,-5.164884001616788,500,log_initial_freq
-5.778970138731313,-5.509392817939582,-0.2695773207917309,0.2695773207917309,True,0.4563389925448295,-6.235309131276142,-5.322631146186484,500,log_initial_freq
-5.4469630994070855,-5.513486845079853,0.0665237456727672,0.0665237456727672,True,0.5233245280793211,-5.970287627486407,-4.923638571327764,500,log_initial_freq
-5.40529806412565,-5.515238481702756,0.10994041757710615,0.10994041757710615,True,0.43644454133180416,-5.841742605457454,-4.968853522793846,500,log_initial_freq
-5.483136924623739,-5.525703398406673,0.042566473782933656,0.042566473782933656,True,0.4701716312315012,-5.953308555855241,-5.012965293392238,500,log_initial_freq
-4.966221328081407,-5.5380787705570205,0.5718574424756131,0.5718574424756131,False,0.5043080354544541,-5.470529363535862,-4.461913292626953,500,log_initial_freq
-5.364165852072995,-5.560880501742508,0.1967146496695129,0.1967146496695129,True,0.45553455282840777,-5.819700404901403,-4.908631299244587,500,log_initial_freq
-5.719741478539286,-5.629635261349005,-0.09010621719028133,0.09010621719028133,True,0.6254168660868192,-6.345158344626106,-5.094324612452467,500,log_initial_freq
-5.865413394417438,-5.631488777588235,-0.23392461682920285,0.23392461682920285,True,0.45854086175323433,-6.323954256170672,-5.406872532664203,500,log_initial_freq
-5.571127536264179,-5.6451685187332,0.0740409824690218,0.0740409824690218,True,0.5398198077478105,-6.110947344011989,-5.031307728516368,500,log_initial_freq
-6.038266603659847,-5.649755136079499,-0.38851146758034805,0.38851146758034805,True,0.4688790567028318,-6.507145660362679,-5.569387546957015,500,log_initial_freq
-5.372099673150963,-5.650989448461736,0.2788897753107733,0.2788897753107733,True,0.4340123991812712,-5.806112072332234,-4.938087273969692,500,log_initial_freq
-6.09300859696034,-5.654251905596728,-0.4387566913636123,0.4387566913636123,True,0.5365511185177385,-6.629559715478079,-5.556457478442601,500,log_initial_freq
-5.7006866895964645,-5.670654828389394,-0.030031861207070243,0.030031861207070243,True,0.41725344035062517,-6.1179401299470895,-5.28343324924584,500,log_initial_freq
-5.79445611573878,-5.672172454666107,-0.12228366107267252,0.12228366107267252,True,0.43626403155995397,-6.230720147298734,-5.3581920841788255,500,log_initial_freq
-5.276233954989211,-5.709049759327645,0.4328158043384338,0.4328158043384338,True,0.43829280171268953,-5.7145267567019005,-4.837941153276521,500,log_initial_freq
-5.710121298073145,-5.714953349682894,0.004832051609748866,0.004832051609748866,True,0.4109595118424037,-6.121080809915549,-5.299161786230741,500,log_initial_freq
-5.602633401937537,-5.721672499845997,0.11903909790846079,0.11903909790846079,True,0.4639253362960325,-6.066558738233569,-5.138708065641504,500,log_initial_freq
-6.152470729608502,-5.732035752026665,-0.420434977581837,0.420434977581837,True,0.43135134538991743,-6.5838220749984195,-5.721119384218584,500,log_initial_freq
-5.498434912700414,-5.75839925510643,0.2599643424060156,0.2599643424060156,True,0.4420370024268353,-5.94047191512725,-5.056397910273579,500,log_initial_freq
-6.330229552580968,-5.763131002143989,-0.5670985504369783,0.5670985504369783,False,0.4834271136137195,-6.813656666194687,-5.846802438967249,500,log_initial_freq
-6.205189605983106,-5.768118126743362,-0.4370714792397443,0.4370714792397443,True,0.527485066840016,-6.732674672823122,-5.6777045391430905,500,log_initial_freq
-6.12816554063519,-5.793782100179238,-0.3343834404559525,0.3343834404559525,True,0.4603359516262578,-6.5885014922614475,-5.6678295890089325,500,log_initial_freq
-5.751590334479454,-5.804356490884343,0.05276615640488913,0.05276615640488913,True,0.45513270877100187,-6.206723043250456,-5.296457625708452,500,log_initial_freq
-6.005499509834117,-5.81819679302774,-0.18730271680637678,0.18730271680637678,True,0.5156620940555894,-6.521161603889706,-5.489837415778528,500,log_initial_freq
-5.721043477576588,-5.823272464576159,0.10222898699957117,0.10222898699957117,True,0.44668632444998857,-6.167729802026576,-5.2743571531266,500,log_initial_freq
-6.0055083929523425,-5.826942725673,-0.17856566727934275,0.17856566727934275,True,0.48214929178052335,-6.4876576847328655,-5.5233591011718195,500,log_initial_freq
-5.858921270029483,-5.830611421624531,-0.028309848404951765,0.028309848404951765,True,0.5125300761035918,-6.371451346133075,-5.346391193925891,500,log_initial_freq
-5.573324831446229,-5.842309405368563,0.2689845739223342,0.2689845739223342,True,0.43335594726551957,-6.006680778711749,-5.139968884180709,500,log_initial_freq
-6.09038802259862,-5.845354850819051,-0.24503317177956863,0.24503317177956863,True,0.46339731391118566,-6.553785336509805,-5.626990708687434,500,log_initial_freq
-5.848880956741591,-5.875013061393801,0.026132104652210053,0.026132104652210053,True,0.5122365029765452,-6.361117459718137,-5.336644453765046,500,log_initial_freq
-5.870052543181259,-5.914590854518047,0.04453831133678765,0.04453831133678765,True,0.5293425350933066,-6.399395078274566,-5.340710008087953,500,log_initial_freq
-6.2690811803486985,-5.921589782598377,-0.34749139775032134,0.34749139775032134,True,0.49017388448905663,-6.759255064837755,-5.778907295859642,500,log_initial_freq
-6.0480090921617595,-5.926895967709229,-0.12111312445253031,0.12111312445253031,True,0.44875877105784723,-6.496767863219607,-5.599250321103912,500,log_initial_freq
-5.649745427284276,-5.930279222392426,0.28053379510815013,0.28053379510815013,True,0.416050252316824,-6.065795679601099,-5.233695174967452,500,log_initial_freq
-6.257460023293994,-5.941436813648231,-0.31602320964576336,0.31602320964576336,True,0.44137698639541384,-6.6988370096894085,-5.81608303689858,500,log_initial_freq
-6.024307063788203,-5.950529874347878,-0.07377718944032452,0.07377718944032452,True,0.42724842589679457,-6.451555489684997,-5.597058637891408,500,log_initial_freq
-5.687194091988819,-5.951140215059933,0.263946123071114,0.263946123071114,True,0.44821227153734766,-6.135406363526167,-5.238981820451471,500,log_initial_freq
-5.934617014996373,-5.955869093239043,0.021252078242669725,0.021252078242669725,True,0.4101384403203972,-6.34475545531677,-5.524478574675976,500,log_initial_freq
-6.106717253878422,-5.960908016259093,-0.1458092376193294,0.1458092376193294,True,0.4985642817701462,-6.605281535648568,-5.608152972108276,500,log_initial_freq
-6.144880484516178,-6.03160553718733,-0.11327494732884791,0.11327494732884791,True,0.41377739661895063,-6.558657881135129,-5.731103087897227,500,log_initial_freq
-5.840109712894255,-6.045157051610753,0.20504733871649794,0.20504733871649794,True,0.5022065845937573,-6.342316297488012,-5.337903128300497,500,log_initial_freq
-6.245971748849901,-6.061469320292905,-0.18450242855699628,0.18450242855699628,True,0.41622363077029245,-6.662195379620194,-5.829748118079609,500,log_initial_freq
-6.376973371928945,-6.06896569866791,-0.3080076732610353,0.3080076732610353,True,0.4825897402244902,-6.8595631121534355,-5.8943836317044545,500,log_initial_freq
-6.517456486672994,-6.112082007416016,-0.40537447925697734,0.40537447925697734,True,0.4508145975322881,-6.9682710842052815,-6.066641889140706,500,log_initial_freq
-6.227950184563082,-6.117085308600668,-0.11086487596241401,0.11086487596241401,True,0.483494789925678,-6.71144497448876,-5.744455394637404,500,log_initial_freq
-6.620963816023585,-6.1618188057429215,-0.4591450102806638,0.4591450102806638,True,0.486883813782661,-7.107847629806246,-6.134080002240925,500,log_initial_freq
-5.735243836921106,-6.169331678752184,0.4340878418310776,0.4340878418310776,True,0.48311380675178933,-6.218357643672896,-5.252130030169317,500,log_initial_freq
-6.50045456865462,-6.171881402309648,-0.328573166344972,0.328573166344972,True,0.42178691498663745,-6.922241483641257,-6.078667653667982,500,log_initial_freq
-5.858406053972679,-6.183080972494319,0.32467491852164,0.32467491852164,True,0.4408056580781334,-6.299211712050813,-5.417600395894546,500,log_initial_freq
-6.425809816438641,-6.227442374125205,-0.19836744231343584,0.19836744231343584,True,0.48991620899700317,-6.915726025435644,-5.935893607441638,500,log_initial_freq
-5.846914248156474,-6.231839008380321,0.38492476022384725,0.38492476022384725,True,0.4766570472844937,-6.323571295440968,-5.37025720087198,500,log_initial_freq
-6.281513937511451,-6.246459344287484,-0.03505459322396742,0.03505459322396742,True,0.4049695958806309,-6.686483533392082,-5.8765443416308205,500,log_initial_freq
-6.333951351848205,-6.247808080613924,-0.08614327123428112,0.08614327123428112,True,0.4789534390754007,-6.812904790923605,-5.854997912772804,500,log_initial_freq
-6.667230181791268,-6.248412883721984,-0.4188172980692846,0.4188172980692846,True,0.49914815460715956,-7.166378336398428,-6.168082027184108,500,log_initial_freq
-5.861397816564554,-6.249243354647405,0.3878455380828507,0.3878455380828507,True,0.4044600083749495,-6.265857824939504,-5.456937808189604,500,log_initial_freq
-6.2597094452614925,-6.252306770006437,-0.007402675255055335,0.007402675255055335,True,0.43755521248272916,-6.697264657744221,-5.822154232778764,500,log_initial_freq
-6.444567507640862,-6.254571566522334,-0.1899959411185277,0.1899959411185277,True,0.5336443373901505,-6.978211845031012,-5.910923170250712,500,log_initial_freq
-6.318946649346513,-6.254765325023143,-0.06418132432336954,0.06418132432336954,True,0.4772340820986305,-6.796180731445143,-5.841712567247883,500,log_initial_freq
-6.590425768097978,-6.257090623789091,-0.33333514430888656,0.33333514430888656,True,0.48852346770366056,-7.078949235801638,-6.101902300394317,500,log_initial_freq
-6.608770530931319,-6.277701411913203,-0.33106911901811653,0.33106911901811653,True,0.44690584362814073,-7.05567637455946,-6.161864687303178,500,log_initial_freq
-6.336394789631705,-6.2968148992916975,-0.03957989034000775,0.03957989034000775,True,0.4380612947103516,-6.774456084342057,-5.898333494921354,500,log_initial_freq
-6.378720289681366,-6.298849509372087,-0.07987078030927908,0.07987078030927908,True,0.47673844264125403,-6.855458732322621,-5.901981847040112,500,log_initial_freq
-6.318017784695483,-6.299072825406741,-0.01894495928874207,0.01894495928874207,True,0.42151445423241074,-6.739532238927894,-5.896503330463072,500,log_initial_freq
-6.772813962762847,-6.324232418918863,-0.44858154384398485,0.44858154384398485,True,0.5067783138604003,-7.279592276623248,-6.266035648902447,500,log_initial_freq
-6.773764413005538,-6.3290763041121485,-0.4446881088933896,0.4446881088933896,True,0.47213008372084525,-7.245894496726383,-6.301634329284693,500,log_initial_freq
-6.2310857172567085,-6.332134960258392,0.10104924300168339,0.10104924300168339,True,0.46686374329925834,-6.697949460555967,-5.76422197395745,500,log_initial_freq
-6.585660891137841,-6.346685221874873,-0.23897566926296765,0.23897566926296765,True,0.42970421727966873,-7.01536510841751,-6.155956673858172,500,log_initial_freq
-6.666271645057908,-6.346949147397838,-0.31932249766006926,0.31932249766006926,True,0.4783854519134194,-7.1446570969713274,-6.187886193144488,500,log_initial_freq
-6.56585714456733,-6.351316967026165,-0.21454017754116528,0.21454017754116528,True,0.511483991473802,-7.077341136041132,-6.054373153093528,500,log_initial_freq
-5.641332769074662,-6.377648018700125,0.7363152496254628,0.7363152496254628,False,0.38181361630553434,-6.023146385380196,-5.259519152769128,500,log_initial_freq
-6.322088251621907,-6.384586530493633,0.06249827887172543,0.06249827887172543,True,0.3929258934742503,-6.715014145096157,-5.929162358147657,500,log_initial_freq
-6.1000437542725905,-6.414046840158721,0.3140030858861307,0.3140030858861307,True,0.4275296428045178,-6.527573397077108,-5.672514111468073,500,log_initial_freq
-6.001335914583625,-6.41667997428492,0.41534405970129473,0.41534405970129473,True,0.459059422582645,-6.46039533716627,-5.54227649200098,500,log_initial_freq
-6.899204340672654,-6.4379295636265095,-0.4612747770461443,0.4612747770461443,False,0.43396120997716364,-7.3331655506498175,-6.46524313069549,500,log_initial_freq
-6.537127714955588,-6.444485318555207,-0.09264239640038063,0.09264239640038063,True,0.47563103408527735,-7.012758749040866,-6.06149668087031,500,log_initial_freq
-6.636395524287287,-6.488418184672287,-0.14797733961500015,0.14797733961500015,True,0.47658663256700007,-7.112982156854287,-6.159808891720287,500,log_initial_freq
-6.400792596383356,-6.498866345663839,0.09807374928048329,0.09807374928048329,True,0.43887594488291987,-6.839668541266276,-5.961916651500436,500,log_initial_freq
-6.108834234215893,-6.520787186834663,0.41195295261876996,0.41195295261876996,False,0.39727730014367857,-6.5061115343595715,-5.711556934072214,500,log_initial_freq
-6.916255774524849,-6.54213092183627,-0.3741248526885794,0.3741248526885794,True,0.4354328935898792,-7.351688668114728,-6.48082288093497,500,log_initial_freq
-6.916267939096741,-6.543947466893972,-0.37232047220276954,0.37232047220276954,True,0.4737547934560693,-7.3900227325528105,-6.442513145640672,500,log_initial_freq
-6.585117569340048,-6.556578077992405,-0.028539491347642887,0.028539491347642887,True,0.44745928575558214,-7.0325768550956305,-6.137658283584466,500,log_initial_freq
-6.437661331216188,-6.581314590711907,0.14365325949571872,0.14365325949571872,True,0.4482776334792754,-6.885938964695463,-5.989383697736913,500,log_initial_freq
-6.86209506243186,-6.614982406542039,-0.24711265588982112,0.24711265588982112,True,0.41282612992775725,-7.274921192359617,-6.449268932504102,500,log_initial_freq
-6.507902544495884,-6.616494773869556,0.10859222937367274,0.10859222937367274,True,0.46167199404933823,-6.9695745385452215,-6.046230550446546,500,log_initial_freq
-6.906174330953581,-6.633722619668984,-0.2724517112845968,0.2724517112845968,True,0.4429876019405426,-7.349161932894123,-6.463186729013039,500,log_initial_freq
-6.973410009787815,-6.649672970961008,-0.32373703882680704,0.32373703882680704,True,0.5131873843115324,-7.4865973940993475,-6.460222625476283,500,log_initial_freq
-6.790815964654586,-6.66006216268558,-0.1307538019690062,0.1307538019690062,True,0.44078562693750667,-7.231601591592092,-6.3500303377170795,500,log_initial_freq
-6.571434548830177,-6.6682526964069115,0.09681814757673468,0.09681814757673468,True,0.4011832064888067,-6.972617755318984,-6.17025134234137,500,log_initial_freq
-7.2198646590997875,-6.677982010710124,-0.541882648389663,0.541882648389663,False,0.48221916811166343,-7.702083827211451,-6.737645490988124,500,log_initial_freq
-7.041693150897994,-6.6920853895438785,-0.34960776135411553,0.34960776135411553,True,0.4132118288895528,-7.454904979787547,-6.628481322008441,500,log_initial_freq
-6.696092712480658,-6.700176425370595,0.004083712889936919,0.004083712889936919,True,0.4456284157910509,-7.141721128271708,-6.250464296689607,500,log_initial_freq
-7.021443644187451,-6.70430317388134,-0.3171404703061107,0.3171404703061107,True,0.4608616885590807,-7.482305332746531,-6.56058195562837,500,log_initial_freq
-7.596675783118613,-6.718878410069337,-0.8777973730492761,0.8777973730492761,False,0.4483258884712355,-8.045001671589848,-7.148349894647377,500,log_initial_freq
-6.809155605625777,-6.741761383030273,-0.06739422259550398,0.06739422259550398,True,0.42318603012099204,-7.232341635746769,-6.3859695755047845,500,log_initial_freq
-6.74324046574787,-6.742093590910052,-0.001146874837817613,0.001146874837817613,True,0.4177224949342774,-7.160962960682147,-6.325517970813593,500,log_initial_freq
-7.090785927336436,-6.743759902865818,-0.34702602447061803,0.34702602447061803,True,0.46308578236274095,-7.553871709699178,-6.627700144973695,500,log_initial_freq
-7.185001723153717,-6.75654273117088,-0.4284589919828372,0.4284589919828372,True,0.43583617845742306,-7.62083790161114,-6.749165544696294,500,log_initial_freq
-6.773603539541571,-6.767537932370075,-0.006065607171495735,0.006065607171495735,True,0.37889718778460946,-7.1525007273261805,-6.394706351756962,500,log_initial_freq
-6.847159985567684,-6.770361386553326,-0.07679859901435826,0.07679859901435826,True,0.4053961530358655,-7.252556138603549,-6.4417638325318185,500,log_initial_freq
-6.940980425864038,-6.781354059552949,-0.15962636631108928,0.15962636631108928,True,0.4042887374635377,-7.3452691633275755,-6.5366916884005,500,log_initial_freq
-6.908404477610944,-6.791727733741562,-0.1166767438693821,0.1166767438693821,True,0.4038779276376612,-7.312282405248605,-6.504526549973282,500,log_initial_freq
-7.003291702425882,-6.80614384221753,-0.19714786020835184,0.19714786020835184,True,0.36976240814586303,-7.373054110571745,-6.633529294280018,500,log_initial_freq
-7.237189918470353,-6.821222235828326,-0.41596768264202666,0.41596768264202666,True,0.42012063907526176,-7.657310557545615,-6.817069279395091,500,log_initial_freq
-6.873521185933659,-6.821716539799179,-0.05180464613447988,0.05180464613447988,True,0.401864636831204,-7.2753858227648625,-6.471656549102455,500,log_initial_freq
-6.511633659707536,-6.843518193681079,0.33188453397354234,0.33188453397354234,True,0.4229941463661546,-6.934627806073691,-6.0886395133413815,500,log_initial_freq
-7.225077646184538,-6.847566221638381,-0.3775114245461566,0.3775114245461566,True,0.4041801265149325,-7.62925777269947,-6.820897519669606,500,log_initial_freq
-7.155470630760393,-6.87311105045673,-0.2823595803036625,0.2823595803036625,True,0.39271709184949766,-7.548187722609891,-6.762753538910895,500,log_initial_freq
-7.133627633535485,-6.897366091925344,-0.23626154161014146,0.23626154161014146,True,0.39623222504439387,-7.529859858579879,-6.737395408491091,500,log_initial_freq
-6.8936494073603605,-6.933410319571312,0.03976091221095146,0.03976091221095146,True,0.403486811355302,-7.2971362187156625,-6.490162596005058,500,log_initial_freq
-6.74318438106988,-6.936719715189058,0.19353533411917834,0.19353533411917834,True,0.3586311455084511,-7.101815526578331,-6.3845532355614285,500,log_initial_freq
-7.006795189608008,-6.946996325734393,-0.059798863873615105,0.059798863873615105,True,0.3816113559001138,-7.388406545508122,-6.625183833707894,500,log_initial_freq
-7.194567131628844,-6.957209334751248,-0.23735779687759617,0.23735779687759617,True,0.3758222471262294,-7.570389378755073,-6.818744884502615,500,log_initial_freq
-6.926002581529173,-6.960649956894058,0.03464737536488549,0.03464737536488549,True,0.3599976074634112,-7.286000188992584,-6.566004974065762,500,log_initial_freq
-7.323410041704245,-6.963549203021881,-0.35986083868236474,0.35986083868236474,True,0.36855083542462097,-7.691960877128866,-6.954859206279624,500,log_initial_freq
-7.055370021796985,-6.964890487002926,-0.09047953479405901,0.09047953479405901,True,0.3508308543882668,-7.406200876185252,-6.704539167408718,500,log_initial_freq
-7.344445906015965,-6.979798734577192,-0.3646471714387731,0.3646471714387731,False,0.35406642591562426,-7.698512331931589,-6.990379480100341,500,log_initial_freq
-7.288376539504474,-6.980059892013054,-0.30831664749142007,0.30831664749142007,True,0.3423538524967002,-7.630730392001174,-6.946022687007774,500,log_initial_freq
-7.307663419589742,-7.013150468893315,-0.29451295069642747,0.29451295069642747,True,0.33063042537301096,-7.638293844962753,-6.9770329942167315,500,log_initial_freq
-6.961660422380987,-7.024875890800884,0.06321546841989711,0.06321546841989711,True,0.34565063427660053,-7.307311056657587,-6.616009788104387,500,log_initial_freq
-6.956948233944289,-7.051798071791036,0.09484983784674661,0.09484983784674661,True,0.31514678793649137,-7.272095021880781,-6.641801446007798,500,log_initial_freq
-7.166865440642274,-7.056532049689182,-0.11033339095309191,0.11033339095309191,True,0.34492786306506146,-7.511793303707336,-6.821937577577213,500,log_initial_freq
-6.991847736441766,-7.056591901606319,0.06474416516455328,0.06474416516455328,True,0.31646263641592826,-7.308310372857695,-6.675385100025838,500,log_initial_freq
-7.341175403891259,-7.05879356915022,-0.28238183474103895,0.28238183474103895,True,0.3599643584614125,-7.701139762352671,-6.981211045429847,500,log_initial_freq
-7.45175353380867,-7.062425457972359,-0.38932807583631135,0.38932807583631135,False,0.33164526239343095,-7.783398796202102,-7.120108271415239,500,log_initial_freq
-7.165171766961368,-7.077558748573142,-0.08761301838822622,0.08761301838822622,True,0.340305982340178,-7.505477749301546,-6.82486578462119,500,log_initial_freq
-7.042934323096339,-7.081464195640903,0.03852987254456419,0.03852987254456419,True,0.30102912628527256,-7.3439634493816115,-6.741905196811066,500,log_initial_freq
-7.061425393684645,-7.085220434251548,0.023795040566903403,0.023795040566903403,True,0.27855289730681515,-7.33997829099146,-6.78287249637783,500,log_initial_freq
-7.381247215299787,-7.088834017948754,-0.2924131973510331,0.2924131973510331,True,0.308597940517566,-7.689845155817353,-7.072649274782221,500,log_initial_freq
-7.288850050997304,-7.12642982558056,-0.16242022541674395,0.16242022541674395,True,0.3168729642455562,-7.6057230152428605,-6.971977086751748,500,log_initial_freq
-7.119509241112242,-7.128260246878616,0.00875100576637422,0.00875100576637422,True,0.29179474312827075,-7.411303984240512,-6.827714497983972,500,log_initial_freq
-7.285851946978087,-7.130619470088634,-0.15523247688945307,0.15523247688945307,True,0.31172419377636335,-7.597576140754451,-6.974127753201723,500,log_initial_freq
-7.130104700522296,-7.140006095172072,0.009901394649775241,0.009901394649775241,True,0.2853892798043963,-7.415493980326692,-6.8447154207179,500,log_initial_freq
-7.265035264255444,-7.1486874350440335,-0.11634782921141085,0.11634782921141085,True,0.3031263062580368,-7.568161570513481,-6.961908957997408,500,log_initial_freq
-7.346241585995876,-7.1631972549052385,-0.18304433109063734,0.18304433109063734,True,0.3042680709882323,-7.6505096569841085,-7.041973515007643,500,log_initial_freq
-7.222414848579008,-7.170323510851398,-0.05209133772760932,0.05209133772760932,True,0.2563411997989423,-7.47875604837795,-6.966073648780065,500,log_initial_freq
-7.138383914281001,-7.1731406425338005,0.034756728252799185,0.034756728252799185,True,0.26540789020750766,-7.403791804488509,-6.872976024073494,500,log_initial_freq
-7.364547240768824,-7.194690981805802,-0.1698562589630228,0.1698562589630228,True,0.2690681166531252,-7.63361535742195,-7.095479124115699,500,log_initial_freq
-7.06195077302551,-7.224236812346875,0.16228603932136565,0.16228603932136565,True,0.2675589559621814,-7.329509728987691,-6.794391817063328,500,log_initial_freq
-7.324313133426919,-7.229545540187812,-0.09476759323910766,0.09476759323910766,True,0.2662675111425277,-7.590580644569447,-7.058045622284392,500,log_initial_freq
-7.203680077586957,-7.241376168627685,0.03769609104072824,0.03769609104072824,True,0.2616939844836016,-7.465374062070558,-6.941986093103355,500,log_initial_freq
-7.186213680964945,-7.246488137216982,0.06027445625203676,0.06027445625203676,True,0.245715016008953,-7.431928696973898,-6.940498664955992,500,log_initial_freq
-7.446804987960988,-7.275949597586557,-0.17085539037443098,0.17085539037443098,True,0.27174878048564033,-7.718553768446628,-7.175056207475348,500,log_initial_freq
-7.641022925828293,-7.310406571779328,-0.3306163540489644,0.3306163540489644,False,0.2582920747014639,-7.899315000529756,-7.382730851126829,500,log_initial_freq
-7.4815305340289,-7.319335496815296,-0.1621950372136034,0.1621950372136034,True,0.26923476258892104,-7.75076529661782,-7.212295771439979,500,log_initial_freq
-7.496903069320619,-7.352893417100821,-0.14400965221979778,0.14400965221979778,True,0.25952195613399687,-7.756425025454616,-7.237381113186622,500,log_initial_freq
-7.419796711927773,-7.359410385919036,-0.060386326008736724,0.060386326008736724,True,0.2681433902062402,-7.687940102134013,-7.151653321721533,500,log_initial_freq
-7.556469470223641,-7.38719467577307,-0.1692747944505708,0.1692747944505708,True,0.24860578213263723,-7.8050752523562785,-7.307863688091004,500,log_initial_freq
-7.632865664655004,-7.399373932511332,-0.2334917321436718,0.2334917321436718,True,0.2676241877435375,-7.900489852398541,-7.365241476911466,500,log_initial_freq
-7.664792417788897,-7.426599109960319,-0.2381933078285785,0.2381933078285785,True,0.2632033858032124,-7.927995803592109,-7.401589031985685,500,log_initial_freq
-7.511414537964725,-7.446697946769655,-0.06471659119506956,0.06471659119506956,True,0.2311358995924944,-7.742550437557219,-7.28027863837223,500,log_initial_freq
-7.673065990601926,-7.447210449196451,-0.22585554140547526,0.22585554140547526,True,0.23280628527161135,-7.905872275873538,-7.440259705330314,500,log_initial_freq
-7.518071356178154,-7.461254782861611,-0.05681657331654222,0.05681657331654222,True,0.21719874764285746,-7.735270103821011,-7.300872608535296,500,log_initial_freq
-7.400995761803207,-7.463030051629347,0.06203428982613968,0.06203428982613968,True,0.21762086282033818,-7.618616624623545,-7.183374898982869,500,log_initial_freq
-7.59554758548265,-7.476623787315172,-0.11892379816747756,0.11892379816747756,True,0.22282557389527044,-7.81837315937792,-7.3727220115873795,500,log_initial_freq
-7.534782133248282,-7.480891126174997,-0.053891007073284314,0.053891007073284314,True,0.19067649731123407,-7.725458630559515,-7.344105635937048,500,log_initial_freq
-7.537134758678781,-7.494670106095279,-0.04246465258350174,0.04246465258350174,True,0.21306110416516374,-7.7501958628439445,-7.324073654513618,500,log_initial_freq
-7.584876712962324,-7.495515913539912,-0.08936079942241193,0.08936079942241193,True,0.20456662457386815,-7.789443337536192,-7.380310088388456,500,log_initial_freq
-7.804693498648924,-7.502773887214655,-0.30191961143426926,0.30191961143426926,False,0.21583621247793552,-8.02052971112686,-7.588857286170989,500,log_initial_freq
-7.583347895197966,-7.509255541908917,-0.07409235328904895,0.07409235328904895,True,0.2124081160148419,-7.795756011212808,-7.370939779183124,500,log_initial_freq
-7.62803188187954,-7.522323615833274,-0.10570826604626582,0.10570826604626582,True,0.20195136128450988,-7.82998324316405,-7.42608052059503,500,log_initial_freq
-7.578215348176279,-7.541022306104257,-0.037193042072021676,0.037193042072021676,True,0.20752540630851743,-7.785740754484796,-7.370689941867762,500,log_initial_freq
-7.716388977176195,-7.546601572968616,-0.16978740420757976,0.16978740420757976,True,0.21132482739985248,-7.927713804576047,-7.505064149776343,500,log_initial_freq
-7.661679730034613,-7.555773222320021,-0.10590650771459131,0.10590650771459131,True,0.19238256955694027,-7.854062299591553,-7.469297160477672,500,log_initial_freq
-7.721779721121458,-7.558257984683855,-0.1635217364376036,0.1635217364376036,True,0.1942353692182607,-7.916015090339719,-7.527544351903198,500,log_initial_freq
-7.629282632110539,-7.562497438507057,-0.06678519360348201,0.06678519360348201,True,0.18194421959985216,-7.811226851710391,-7.447338412510687,500,log_initial_freq
-7.824435489143232,-7.564627173066599,-0.2598083160766329,0.2598083160766329,False,0.18695362458385037,-8.011389113727082,-7.637481864559382,500,log_initial_freq
-7.831511519757861,-7.579204969473979,-0.2523065502838815,0.2523065502838815,False,0.18475160523154452,-8.016263124989406,-7.646759914526316,500,log_initial_freq
-7.694435645109685,-7.579285921238812,-0.11514972387087319,0.11514972387087319,True,0.17697924702862528,-7.8714148921383105,-7.51745639808106,500,log_initial_freq
-7.659236805790466,-7.588700490428979,-0.07053631536148686,0.07053631536148686,True,0.17197076149338297,-7.831207567283849,-7.487266044297083,500,log_initial_freq
-7.68628647434783,-7.598183456403042,-0.08810301794478814,0.08810301794478814,True,0.17039309799516195,-7.856679572342992,-7.515893376352668,500,log_initial_freq
-7.739407726575684,-7.6119608120583,-0.12744691451738355,0.12744691451738355,True,0.174177630430853,-7.913585357006537,-7.565230096144831,500,log_initial_freq
-7.642489970021142,-7.626323117565344,-0.01616685245579763,0.01616685245579763,True,0.1692588869298764,-7.811748856951018,-7.473231083091266,500,log_initial_freq
-7.785118185003065,-7.630755704475801,-0.1543624805272641,0.1543624805272641,True,0.1576940157606163,-7.942812200763681,-7.627424169242449,500,log_initial_freq
-7.71473033468061,-7.630826415020365,-0.08390391966024513,0.08390391966024513,True,0.15727541461430847,-7.872005749294918,-7.557454920066301,500,log_initial_freq
-7.711223554264617,-7.633711548928751,-0.07751200533586555,0.07751200533586555,True,0.1605739632411956,-7.871797517505812,-7.550649591023421,500,log_initial_freq
-7.612596330680856,-7.653611073062194,0.04101474238133829,0.04101474238133829,True,0.15624556904367534,-7.768841899724531,-7.4563507616371805,500,log_initial_freq
-7.75519500212902,-7.658764555707706,-0.09643044642131393,0.09643044642131393,True,0.1562861299745535,-7.911481132103574,-7.598908872154467,500,log_initial_freq
-7.791949055698597,-7.666150753689871,-0.12579830200872522,0.12579830200872522,True,0.14908130289104704,-7.941030358589644,-7.6428677528075495,500,log_initial_freq
-7.861618496567834,-7.691196780195021,-0.17042171637281278,0.17042171637281278,False,0.14959395500406064,-8.011212451571895,-7.712024541563773,500,log_initial_freq
-7.844179480877695,-7.695320125986342,-0.1488593548913526,0.1488593548913526,True,0.14936339892716136,-7.993542879804856,-7.694816081950533,500,log_initial_freq
-7.847985963182633,-7.7053464536127585,-0.14263950956987426,0.14263950956987426,True,0.14312962151832326,-7.991115584700956,-7.70485634166431,500,log_initial_freq
-7.771858918848095,-7.70566200496921,-0.06619691387888516,0.06619691387888516,True,0.14437137406524683,-7.916230292913342,-7.6274875447828485,500,log_initial_freq
-7.87126108277561,-7.72222278204231,-0.1490383007332996,0.1490383007332996,False,0.1457977861958294,-8.01705886897144,-7.725463296579781,500,log_initial_freq
-7.933818964241777,-7.727016164864787,-0.2068027993769901,0.2068027993769901,False,0.14142440788374422,-8.07524337212552,-7.792394556358032,500,log_initial_freq
-7.811126480528728,-7.747582859250092,-0.06354362127863578,0.06354362127863578,True,0.1393771681267972,-7.950503648655525,-7.67174931240193,500,log_initial_freq
-7.878131178467712,-7.747814894038559,-0.13031628442915366,0.13031628442915366,True,0.14182855334104277,-8.019959731808756,-7.73630262512667,500,log_initial_freq
-7.912965353388641,-7.750306150814227,-0.1626592025744138,0.1626592025744138,False,0.13298353783070554,-8.045948891219346,-7.779981815557935,500,log_initial_freq
-7.93749099633699,-7.763831314084311,-0.17365968225267903,0.17365968225267903,False,0.13763576162754362,-8.075126757964533,-7.7998552347094465,500,log_initial_freq
-7.917486616463987,-7.8181318368652,-0.09935477959878636,0.09935477959878636,True,0.1315803401694649,-8.049066956633451,-7.785906276294522,500,log_initial_freq
-7.923965492718601,-7.820742734728598,-0.10322275799000291,0.10322275799000291,True,0.13081577414401807,-8.05478126686262,-7.793149718574583,500,log_initial_freq
-7.978420044575163,-7.830235568890237,-0.14818447568492576,0.14818447568492576,False,0.139380814292961,-8.117800858868124,-7.839039230282202,500,log_initial_freq
-7.983325437460427,-7.856108705737007,-0.1272167317234194,0.1272167317234194,True,0.13075733128612782,-8.114082768746554,-7.852568106174299,500,log_initial_freq
-7.956325148354019,-7.866608680656871,-0.0897164676971487,0.0897164676971487,True,0.13443126017764864,-8.090756408531668,-7.821893888176371,500,log_initial_freq
-8.091777746130003,-7.909395360576056,-0.1823823855539466,0.1823823855539466,False,0.12989683548066333,-8.221674581610666,-7.96188091064934,500,log_initial_freq
-8.085583298221973,-7.911711297508395,-0.1738720007135779,0.1738720007135779,False,0.13036932571925836,-8.21595262394123,-7.9552139725027144,500,log_initial_freq
-8.001716030749993,-7.9215031402869105,-0.08021289046308233,0.08021289046308233,True,0.12987983774194745,-8.13159586849194,-7.871836193008045,500,log_initial_freq
-8.058394740353679,-7.9598346897109025,-0.09856005064277618,0.09856005064277618,True,0.13134135621034268,-8.18973609656402,-7.927053384143336,500,log_initial_freq
-8.04659601432135,-7.974401394997043,-0.07219461932430704,0.07219461932430704,True,0.12877459157261906,-8.175370605893969,-7.917821422748731,500,log_initial_freq
-8.092390540485372,-7.987246649204546,-0.10514389128082602,0.10514389128082602,True,0.12992040629257676,-8.222310946777949,-7.962470134192795,500,log_initial_freq
-8.114799405257223,-7.995526867748612,-0.11927253750861055,0.11927253750861055,True,0.1281688150457302,-8.242968220302954,-7.986630590211493,500,log_initial_freq
0.0,0.0,0.0,0.0,True,0.0,0.0,0.0,1000,growth_rate
0.004994852558876422,0.000372761020948964,0.004622091537927458,0.004622091537927458,True,0.04703822606757929,-0.042043373508702866,0.05203307862645572,1000,growth_rate
0.0009263130455003624,0.0006612671278329874,0.000265045917667375,0.000265045917667375,True,0.04406316865295744,-0.04313685560745707,0.0449894816984578,1000,growth_rate
0.007529593947386915,0.0010627792329545027,0.006466814714432412,0.006466814714432412,True,0.04373313702113573,-0.03620354307374882,0.05126273096852264,1000,growth_rate
-0.006686088058459858,0.0021332170835797193,-0.008819305142039578,0.008819305142039578,True,0.04076194003443938,-0.04744802809289923,0.034075851975979524,1000,growth_rate
0.0334375194903783,0.0022591840913328,0.0311783353990455,0.0311783353990455,True,0.0340583035089733,-0.0006207840185949998,0.0674958229993516,1000,growth_rate
-0.09185265477529382,0.0033471091907581463,-0.09519976396605197,0.09519976396605197,False,0.07843371725070751,-0.17028637202600133,-0.01341893752458631,1000,growth_rate
-0.09380531029540748,0.0036460613161790056,-0.09745137161158648,0.09745137161158648,False,0.0449974015712155,-0.13880271186662296,-0.04880790872419198,1000,growth_rate
-0.017771203618271673,0.004887431581821866,-0.02265863520009354,0.02265863520009354,True,0.04553086821084838,-0.06330207182912005,0.02775966459257671,1000,growth_rate
0.009654205769470712,0.006541404976090792,0.0031128007933799197,0.0031128007933799197,True,0.04088213705245389,-0.031227931282983176,0.050536342821924596,1000,growth_rate
0.011080015919897962,0.006918041192740865,0.004161974727157097,0.004161974727157097,True,0.037445153567033825,-0.026365137647135863,0.048525169486931786,1000,growth_rate
0.02874143829923429,0.007357391874300401,0.02138404642493389,0.02138404642493389,True,0.043014352765992046,-0.014272914466757755,0.07175579106522634,1000,growth_rate
0.04017087788869052,0.0075503866186620305,0.03262049127002849,0.03262049127002849,True,0.03281267855811348,0.007358199330577041,0.07298355644680399,1000,growth_rate
0.02532336156304088,0.008826307336549877,0.016497054226491004,0.016497054226491004,True,0.052391358663876925,-0.027067997100836044,0.0777147202269178,1000,growth_rate
-0.004543363806621214,0.008988725681875809,-0.013532089488497023,0.013532089488497023,True,0.045442962641324615,-0.04998632644794583,0.0408995988347034,1000,growth_rate
0.023618869749070886,0.009178054232930222,0.014440815516140664,0.014440815516140664,True,0.04006078723291247,-0.01644191748384158,0.06367965698198336,1000,growth_rate
0.047044188033062276,0.009269591884139394,0.03777459614892288,0.03777459614892288,True,0.044312850019711754,0.002731338013350522,0.09135703805277404,1000,growth_rate
0.03284662335422924,0.009462170614227994,0.023384452740001248,0.023384452740001248,True,0.043864795404219434,-0.011018172049990192,0.07671141875844867,1000,growth_rate
0.029978606644757717,0.01067554864864867,0.019303057996109048,0.019303057996109048,True,0.03713424786122247,-0.007155641216464753,0.06711285450598019,1000,growth_rate
0.07701428621696965,0.01072987646329765,0.066284409753672,0.066284409753672,False,0.043817812586355476,0.033196473630614176,0.12083209880332513,1000,growth_rate
-0.0015563803517124196,0.01111594327859411,-0.012672323630306528,0.012672323630306528,True,0.03910691843586221,-0.04066329878757463,0.03755053808414979,1000,growth_rate
0.032163275164149116,0.011349191275271453,0.020814083888877663,0.020814083888877663,True,0.04727764922332335,-0.015114374059174235,0.07944092438747247,1000,growth_rate
-0.006565040080805006,0.011990941188582682,-0.01855598126938769,0.01855598126938769,True,0.04133958405986507,-0.04790462414067008,0.03477454397906006,1000,growth_rate
0.024775607078692113,0.014147035925813567,0.010628571152878546,0.010628571152878546,True,0.04509265983965703,-0.020317052760964918,0.06986826691834915,1000,growth_rate
-0.007717463390400187,0.014938105439283478,-0.022655568829683663,0.022655568829683663,True,0.04743054185117734,-0.05514800524157752,0.03971307846077715,1000,growth_rate
0.0006428243067705414,0.015155680261233262,-0.01451285595446272,0.01451285595446272,True,0.04106261688904256,-0.04041979258227202,0.0417054411958131,1000,growth_rate
-0.045884658060644685,0.015401141663593854,-0.06128579972423854,0.06128579972423854,False,0.039216729121505964,-0.08510138718215066,-0.006667928939138722,1000,growth_rate
0.034832054000035716,0.017582695367435786,0.01724935863259993,0.01724935863259993,True,0.0529112115094246,-0.018079157509388884,0.08774326550946032,1000,growth_rate
0.06211567106276601,0.01846265123165769,0.04365301983110832,0.04365301983110832,False,0.030663534229454836,0.031452136833311176,0.09277920529222085,1000,growth_rate
-0.027151768288439244,0.01909394132610087,-0.046245709614540116,0.046245709614540116,True,0.04644459245711562,-0.07359636074555487,0.01929282416867638,1000,growth_rate
0.01641284773530232,0.019680723826307422,-0.003267876091005102,0.003267876091005102,True,0.042410163060241785,-0.025997315324939464,0.058823010795544105,1000,growth_rate
0.04655422258974917,0.0208078207654811,0.025746401824268073,0.025746401824268073,True,0.03432839841782569,0.012225824171923486,0.08088262100757486,1000,growth_rate
0.02444216939614655,0.02101542549678681,0.003426743899359739,0.003426743899359739,True,0.0401272585182853,-0.015685089122138753,0.06456942791443185,1000,growth_rate
0.024679601740655657,0.021034761729159024,0.0036448400114966334,0.0036448400114966334,True,0.04177865396894153,-0.017099052228285873,0.06645825570959718,1000,growth_rate
-0.04054652799151311,0.02223875032739092,-0.06278527831890403,0.06278527831890403,False,0.03916299900493533,-0.07970952699644843,-0.0013835289865777797,1000,growth_rate
0.024171614823622917,0.022335268678856435,0.0018363461447664826,0.0018363461447664826,True,0.03711208754297698,-0.01294047271935406,0.0612837023665999,1000,growth_rate
0.035007775785340506,0.022748652927934432,0.012259122857406074,0.012259122857406074,True,0.049103424502363144,-0.014095648717022638,0.08411120028770365,1000,growth_rate
0.05107053179878128,0.02314810149647417,0.027922430302307108,0.027922430302307108,True,0.03637958832598236,0.014690943472798923,0.08745012012476364,1000,growth_rate
0.05514386700977673,0.02452816625256582,0.030615700757210908,0.030615700757210908,True,0.0399737928106424,0.015170074199134326,0.09511765982041913,1000,growth_rate
-0.04169344506247129,0.02455446219893681,-0.0662479072614081,0.0662479072614081,False,0.043076952730357033,-0.08477039779282833,0.0013835076678857458,1000,growth_rate
-0.03714259537454238,0.024682366709328663,-0.06182496208387104,0.06182496208387104,False,0.04263644482783908,-0.07977904020238145,0.005493849453296701,1000,growth_rate
-0.0169382562933262,0.024862081466826558,-0.04180033776015275,0.04180033776015275,False,0.037620209127528496,-0.0545584654208547,0.020681952834202297,1000,growth_rate
-0.01615230239787936,0.025389989501138133,-0.041542291899017494,0.041542291899017494,False,0.038043605650384796,-0.05419590804826416,0.021891303252505434,1000,growth_rate
0.007567770821579837,0.02573360165041494,-0.018165830828835102,0.018165830828835102,True,0.038942613776651314,-0.03137484295507148,0.04651038459823115,1000,growth_rate
0.0197195651303663,0.025881259088866737,-0.006161693958500438,0.006161693958500438,True,0.03750962121792619,-0.017790056087559892,0.05722918634829249,1000,growth_rate
0.07391983442710875,0.02639526395807429,0.047524570469034466,0.047524570469034466,False,0.035667115388731824,0.03825271903837693,0.10958694981584058,1000,growth_rate
0.07453703510473293,0.027283403693466046,0.047253631411266886,0.047253631411266886,True,0.06239905662323294,0.012137978481499993,0.13693609172796586,1000,growth_rate
-0.009031263470707268,0.027820770525844085,-0.036852033996551355,0.036852033996551355,True,0.04188478275746796,-0.05091604622817523,0.03285351928676069,1000,growth_rate
0.022448501251834188,0.02794307136258317,-0.005494570110748984,0.005494570110748984,True,0.040539544898598935,-0.018091043646764747,0.06298804615043313,1000,growth_rate
0.06120989550001379,0.028436287024357798,0.03277360847565599,0.03277360847565599,True,0.04119943683698533,0.02001045866302846,0.10240933233699911,1000,growth_rate
0.028364402596623182,0.028865743911483777,-0.0005013413148605948,0.0005013413148605948,True,0.04638135879626829,-0.01801695619964511,0.07474576139289148,1000,growth_rate
0.005611237754061095,0.029815406829952373,-0.024204169075891277,0.024204169075891277,True,0.04783592895064944,-0.042224691196588345,0.05344716670471054,1000,growth_rate
0.017527230549641386,0.03052403758927069,-0.012996807039629306,0.012996807039629306,True,0.04022692843581004,-0.022699697886168657,0.05775415898545143,1000,growth_rate
0.03118134041617303,0.030764465414969633,0.0004168750012033956,0.0004168750012033956,True,0.03761350376500699,-0.006432163348833959,0.06879484418118001,1000,growth_rate
0.042225009037402055,0.03077035796034988,0.011454651077052173,0.011454651077052173,True,0.03805759693017576,0.004167412107226293,0.08028260596757782,1000,growth_rate
0.027875249292263017,0.031139740202887956,-0.0032644909106249384,0.0032644909106249384,True,0.040446782081026575,-0.012571532788763558,0.0683220313732896,1000,growth_rate
-0.00033460990969354503,0.03233659899514163,-0.03267120890483517,0.03267120890483517,True,0.04997519589226245,-0.050309805801955994,0.04964058598256891,1000,growth_rate
0.027948599989714353,0.03289805326559858,-0.004949453275884228,0.004949453275884228,True,0.04241639749025092,-0.014467797500536565,0.07036499747996527,1000,growth_rate
0.05703070269485415,0.03328499447562666,0.023745708219227488,0.023745708219227488,True,0.0487846994570711,0.008246003237783052,0.10581540215192525,1000,growth_rate
0.03421553203506254,0.03348471196641317,0.000730820068649371,0.000730820068649371,True,0.04349836229757933,-0.009282830262516785,0.07771389433264186,1000,growth_rate
0.06367741766402833,0.03354802567346743,0.030129391990560903,0.030129391990560903,True,0.049531246198643374,0.014146171465384959,0.1132086638626717,1000,growth_rate
0.012872052844594244,0.03427495913091838,-0.021402906286324137,0.021402906286324137,True,0.04740846113573404,-0.0345364082911398,0.060280513980328285,1000,growth_rate
0.0674930369297093,0.03505950656343232,0.03243353036627698,0.03243353036627698,True,0.05031364839084172,0.01717938853886758,0.11780668532055102,1000,growth_rate
0.04818326302862114,0.03506625254383511,0.01311701048478603,0.01311701048478603,True,0.05257999985238404,-0.004396736823762903,0.10076326288100518,1000,growth_rate
0.04096306511839254,0.03628106891111671,0.004681996207275829,0.004681996207275829,True,0.05342414451057191,-0.012461079392179372,0.09438720962896445,1000,growth_rate
0.011079885912315986,0.03645854679107863,-0.025378660878762643,0.025378660878762643,True,0.04767489723302355,-0.03659501132070757,0.05875478314533954,1000,growth_rate
0.05069335242875597,0.036811834609678795,0.013881517819077177,0.013881517819077177,True,0.03910677129813602,0.011586581130619951,0.089800123726892,1000,growth_rate
-0.005762142904970106,0.0370188981399982,-0.042781041044968306,0.042781041044968306,True,0.04511864690762303,-0.050880789812593134,0.03935650400265293,1000,growth_rate
-0.004356888319574255,0.03778320225261539,-0.04214009057218964,0.04214009057218964,True,0.04674659819822457,-0.05110348651779882,0.04238970987865032,1000,growth_rate
0.030018946349435645,0.03824814115797853,-0.008229194808542888,0.008229194808542888,True,0.04242719126567968,-0.012408244916244038,0.07244613761511533,1000,growth_rate
0.04602308212721002,0.038812707450386785,0.007210374676823235,0.007210374676823235,True,0.04371367852142724,0.0023094036057827796,0.08973676064863725,1000,growth_rate
-0.007140438107385989,0.0390696444329533,-0.04621008254033929,0.04621008254033929,False,0.03777928216894889,-0.044919720276334875,0.0306388440615629,1000,growth_rate
-0.0240366161014476,0.03909115054826817,-0.06312776664971577,0.06312776664971577,False,0.04000990864294505,-0.06404652474439265,0.015973292541497448,1000,growth_rate
0.058053563449305665,0.039725148646724495,0.01832841480258117,0.01832841480258117,True,0.04770586849665513,0.010347694952650532,0.1057594319459608,1000,growth_rate
-0.02166569820226249,0.039806365347227146,-0.061472063549489635,0.061472063549489635,False,0.040508336705956466,-0.062174034908218954,0.018842638503693977,1000,growth_rate
0.04208299139328847,0.03996620246387189,0.00211678892941658,0.00211678892941658,True,0.050743750666662125,-0.008660759273373654,0.09282674205995059,1000,growth_rate
0.04971327600717824,0.040895371507590206,0.008817904499588032,0.008817904499588032,True,0.04557484339614499,0.004138432611033249,0.09528811940332323,1000,growth_rate
0.07915982950813491,0.041435509398778714,0.037724320109356196,0.037724320109356196,True,0.04159552568047746,0.03756430382765745,0.12075535518861237,1000,growth_rate
0.07140803329344388,0.04204034053834066,0.029367692755103217,0.029367692755103217,True,0.04206811649178035,0.029339916801663528,0.11347614978522422,1000,growth_rate
0.06353156057207401,0.04211082449206005,0.021420736080013963,0.021420736080013963,True,0.05133800051984088,0.012193560052233134,0.1148695610919149,1000,growth_rate
0.06493810928024348,0.04247587161753791,0.022462237662705567,0.022462237662705567,True,0.04385546945625395,0.021082639823989523,0.10879357873649742,1000,growth_rate
0.04768854842574346,0.04275620064024693,0.004932347785496526,0.004932347785496526,True,0.05799931538204577,-0.010310766956302314,0.10568786380778923,1000,growth_rate
-0.0028618250224785257,0.04325907281875019,-0.04612089784122871,0.04612089784122871,False,0.039777478375254895,-0.04263930339773342,0.03691565335277637,1000,growth_rate
0.05510434752971592,0.043614684390402336,0.011489663139313586,0.011489663139313586,True,0.03581544687888196,0.01928890065083396,0.09091979440859788,1000,growth_rate
0.08999564929372404,0.04474749569755443,0.04524815359616961,0.04524815359616961,False,0.04484531971358821,0.04515032958013583,0.13484096900731224,1000,growth_rate
-0.03172088914678961,0.044895434761532405,-0.07661632390832201,0.07661632390832201,False,0.0370136593177541,-0.06873454846454372,0.005292770170964488,1000,growth_rate
0.02986912161160624,0.0460657959002958,-0.016196674288689563,0.016196674288689563,True,0.03626142504740719,-0.006392303435800949,0.06613054665901343,1000,growth_rate
0.09178039199777828,0.04610850443586212,0.04567188756191616,0.04567188756191616,True,0.046985496394747486,0.04479489560303079,0.13876588839252577,1000,growth_rate
0.07779696299146942,0.0466038986382854,0.031193064353184016,0.031193064353184016,True,0.052121900079935876,0.02567506291153354,0.1299188630714053,1000,growth_rate
0.056844003514739415,0.046623789538971394,0.01022021397576802,0.01022021397576802,True,0.05594866834885472,0.000895335165884692,0.11279267186359414,1000,growth_rate
0.05811694594881994,0.04678945524366107,0.011327490705158871,0.011327490705158871,True,0.04850801231118222,0.00960893363763772,0.10662495826000216,1000,growth_rate
0.1031064458669065,0.04692344082317407,0.05618300504373243,0.05618300504373243,False,0.03707893095860125,0.06602751490830525,0.14018537682550775,1000,growth_rate
0.02417161503827309,0.047783407503306785,-0.023611792465033695,0.023611792465033695,True,0.036971393315334895,-0.012799778277061805,0.06114300835360799,1000,growth_rate
0.0748719935408009,0.04904976480024942,0.025822228740551484,0.025822228740551484,True,0.05382306801820998,0.021048925522590925,0.1286950615590109,1000,growth_rate
0.07377723421739772,0.049549078577272365,0.024228155640125357,0.024228155640125357,True,0.06790528717342925,0.00587194704396847,0.141682521390827,1000,growth_rate
0.02640149140512327,0.05005217229072234,-0.02365068088559907,0.02365068088559907,True,0.040122854782952834,-0.013721363377829563,0.06652434618807611,1000,growth_rate
0.11096183381109632,0.050133504822785946,0.06082832898831038,0.06082832898831038,False,0.0356695763674858,0.07529225744361052,0.1466314101785821,1000,growth_rate
0.13598562261769034,0.05106711035224415,0.0849185122654462,0.0849185122654462,False,0.03849043383965319,0.09749518877803715,0.17447605645734354,1000,growth_rate
0.021220664101626905,0.051552856765557264,-0.03033219266393036,0.03033219266393036,True,0.03598278567054852,-0.014762121568921618,0.057203449772175424,1000,growth_rate
0.059256336940090464,0.05287152095522224,0.006384815984868224,0.006384815984868224,True,0.0462515884059444,0.013004748534146064,0.10550792534603487,1000,growth_rate
0.09280087127215624,0.05338246784008038,0.03941840343207585,0.03941840343207585,True,0.07101952907975438,0.021781342192401854,0.16382040035191062,1000,growth_rate
0.10855875680603894,0.05392554857493154,0.0546332082311074,0.0546332082311074,False,0.04806196873168228,0.060496788074356656,0.15662072553772122,1000,growth_rate
0.03431985278735688,0.053956339083348404,-0.019636486295991525,0.019636486295991525,True,0.04413505187159432,-0.00981519908423744,0.07845490465895119,1000,growth_rate
0.04197746894457093,0.05408715155343108,-0.012109682608860146,0.012109682608860146,True,0.039606103267921355,0.002371365676649577,0.0815835722124923,1000,growth_rate
0.055820227734866994,0.054149392081768,0.001670835653098994,0.001670835653098994,True,0.04865230025848781,0.007167927476379184,0.1044725279933548,1000,growth_rate
0.07487239949068353,0.05672204193205865,0.018150357558624874,0.018150357558624874,True,0.08946905711301484,-0.01459665762233131,0.16434145660369837,1000,growth_rate
-0.013693213154787559,0.05746611901838927,-0.07115933217317683,0.07115933217317683,False,0.0396721181543432,-0.05336533130913076,0.025978904999555637,1000,growth_rate
0.08831294775570514,0.05811823860882015,0.03019470914688499,0.03019470914688499,True,0.04554862667567927,0.04276432108002587,0.1338615744313844,1000,growth_rate
0.08114336137031328,0.05873233988677029,0.022411021483542987,0.022411021483542987,True,0.039162233678059225,0.04198112769225405,0.1203055950483725,1000,growth_rate
0.07487202930449455,0.059081034723920844,0.015790994580573703,0.015790994580573703,True,0.0913288758332842,-0.016456846528789648,0.16620090513777874,1000,growth_rate
0.07612422394156236,0.06033753353445359,0.01578669040710877,0.01578669040710877,True,0.051731152630319924,0.024393071311242437,0.12785537657188228,1000,growth_rate
0.07433680946629813,0.06118830306525369,0.013148506401044438,0.013148506401044438,True,0.03290090149884806,0.041435907967450065,0.1072377109651462,1000,growth_rate
0.0820092270765951,0.06249758826916574,0.019511638807429357,0.019511638807429357,True,0.04173701741093378,0.040272209665661314,0.12374624448752888,1000,growth_rate
0.10623838655011496,0.0627708920357472,0.04346749451436775,0.04346749451436775,True,0.07040017652720217,0.03583821002291279,0.17663856307731712,1000,growth_rate
0.07898230835430355,0.06279265523191813,0.01618965312238542,0.01618965312238542,True,0.05877753250905281,0.02020477584525074,0.13775984086335635,1000,growth_rate
0.08755598253765144,0.0632186526143596,0.024337329923291837,0.024337329923291837,True,0.0448449444829952,0.042711038054656245,0.13240092702064665,1000,growth_rate
-0.015409064918095438,0.06371187421537,-0.07912093913346543,0.07912093913346543,False,0.039231750425263265,-0.054640815343358705,0.023822685507167825,1000,growth_rate
0.09409291015801176,0.06420453831768236,0.0298883718403294,0.0298883718403294,True,0.04250675776664777,0.051586152391363986,0.13659966792465952,1000,growth_rate
0.08422835036237117,0.06464693230442708,0.019581418057944083,0.019581418057944083,True,0.05057569589172,0.03365265447065117,0.13480404625409118,1000,growth_rate
0.0425931616490236,0.06685204211456452,-0.024258880465540922,0.024258880465540922,True,0.03988664407052381,0.0027065175784997952,0.08247980571954741,1000,growth_rate
0.09764207647910912,0.06710908484951655,0.030532991629592568,0.030532991629592568,True,0.03818890176028894,0.05945317471882018,0.13583097823939805,1000,growth_rate
-0.025356128862211037,0.06759607657325872,-0.09295220543546975,0.09295220543546975,False,0.039371546701867724,-0.06472767556407877,0.014015417839656687,1000,growth_rate
0.06611060410596042,0.06890494645551665,-0.0027943423495562225,0.0027943423495562225,True,0.04790837344529557,0.018202230660664856,0.11401897755125599,1000,growth_rate
0.11654690809069236,0.06913970742905018,0.04740720066164218,0.04740720066164218,True,0.07085597095318631,0.04569093713750605,0.18740287904387867,1000,growth_rate
0.11034666116601982,0.06973356209123016,0.04061309907478966,0.04061309907478966,True,0.04141325555580847,0.06893340561021136,0.1517599167218283,1000,growth_rate
0.06458728369112855,0.07007445236519588,-0.00548716867406733,0.00548716867406733,True,0.038872166279557925,0.025715117411570627,0.10345944997068648,1000,growth_rate
0.07860706912705127,0.07094271374633054,0.00766435538072073,0.00766435538072073,True,0.05584431677922061,0.022762752347830664,0.13445138590627187,1000,growth_rate
0.0814687270480598,0.07154626017227345,0.009922466875786351,0.009922466875786351,True,0.07477354904452328,0.006695178003536514,0.15624227609258307,1000,growth_rate
0.02708303331661209,0.07156606429757995,-0.044483030980967855,0.044483030980967855,True,0.05122638614132444,-0.024143352824712347,0.07830941945793653,1000,growth_rate
0.09719907646319327,0.07166615873566068,0.025532917727532592,0.025532917727532592,True,0.0646980144618962,0.03250106200129707,0.16189709092508947,1000,growth_rate
0.03562171146970863,0.07244837749261379,-0.03682666602290516,0.03682666602290516,True,0.05006397298041897,-0.01444226151071034,0.08568568445012761,1000,growth_rate
0.10008307022697982,0.07264497942678194,0.02743809080019788,0.02743809080019788,True,0.07429067369845879,0.025792396528521028,0.1743737439254386,1000,growth_rate
0.07587430274408982,0.07279751453495331,0.0030767882091365106,0.0030767882091365106,True,0.07368259308158633,0.0021917096625034965,0.14955689582567616,1000,growth_rate
0.036511991116393305,0.07301062030014,-0.03649862918374669,0.03649862918374669,True,0.05278629644350596,-0.016274305327112652,0.08929828755989927,1000,growth_rate
0.020193753664241133,0.07355647222327694,-0.05336271855903581,0.05336271855903581,False,0.04277896317566974,-0.022585209511428606,0.06297271683991087,1000,growth_rate
-0.028317891429535197,0.07447815594004797,-0.10279604736958317,0.10279604736958317,False,0.040607309245810165,-0.06892520067534535,0.012289417816274968,1000,growth_rate
0.11034659566234255,0.07593049850427053,0.03441609715807202,0.03441609715807202,True,0.04158826557580463,0.06875833008653792,0.15193486123814717,1000,growth_rate
0.07511073572627816,0.0762316304790377,-0.0011208947527595325,0.0011208947527595325,True,0.05816872739907126,0.016942008327206902,0.1332794631253494,1000,growth_rate
0.13732866564394586,0.07654465036325808,0.060784015280687775,0.060784015280687775,False,0.05524075437030716,0.0820879112736387,0.19256942001425303,1000,growth_rate
0.08283893264486314,0.0768701042855715,0.005968828359291634,0.005968828359291634,True,0.04584338541146557,0.03699554723339757,0.1286823180563287,1000,growth_rate
0.07183738500272066,0.07796721278862234,-0.006129827785901681,0.006129827785901681,True,0.040850697813677325,0.030986687189043335,0.11268808281639799,1000,growth_rate
0.07890070800190839,0.07802768169606428,0.0008730263058441129,0.0008730263058441129,True,0.053614764262265004,0.025285943739643386,0.1325154722641734,1000,growth_rate
0.07183722543110195,0.07813121183563676,-0.00629398640453481,0.00629398640453481,True,0.05006446641080378,0.02177275902029817,0.12190169184190573,1000,growth_rate
0.11818393629814483,0.07843386923748163,0.0397500670606632,0.0397500670606632,True,0.05727550207357461,0.06090843422457022,0.17545943837171946,1000,growth_rate
0.12281086398384869,0.07861734153280675,0.04419352245104194,0.04419352245104194,True,0.06349368260034104,0.05931718138350765,0.1863045465841897,1000,growth_rate
0.05503635896559833,0.07862232919256812,-0.023585970226969788,0.023585970226969788,True,0.03168040854734389,0.02335595041825444,0.08671676751294222,1000,growth_rate
0.09323922040654725,0.07872278191583593,0.014516438490711325,0.014516438490711325,True,0.06744246949531557,0.02579675091123168,0.16068168990186282,1000,growth_rate
0.12468836470162131,0.079016827350747,0.045671537350874314,0.045671537350874314,True,0.05813441461991923,0.06655395008170209,0.18282277932154054,1000,growth_rate
0.05925606886605262,0.07950125425321919,-0.02024518538716657,0.02024518538716657,True,0.03744744868342076,0.021808620182631862,0.09670351754947337,1000,growth_rate
0.08553845183900093,0.08056301245504904,0.004975439383951882,0.004975439383951882,True,0.04800052038410919,0.03753793145489174,0.13353897222311012,1000,growth_rate
-0.001068805145221998,0.08095260946253607,-0.08202141460775807,0.08202141460775807,False,0.04082526249521137,-0.04189406764043337,0.03975645734998937,1000,growth_rate
0.07125395342478531,0.08126034243325964,-0.010006389008474323,0.010006389008474323,True,0.04297629681027549,0.028277656614509823,0.11423025023506081,1000,growth_rate
0.14788949421763245,0.08223746092555706,0.06565203329207539,0.06565203329207539,False,0.051097770825905046,0.0967917233917274,0.1989872650435375,1000,growth_rate
0.16303076260054392,0.08234382774657617,0.08068693485396775,0.08068693485396775,False,0.04061288712534118,0.12241787547520273,0.2036436497258851,1000,growth_rate
0.0110802059850358,0.08308651632174258,-0.07200631033670678,0.07200631033670678,False,0.046544493386954065,-0.03546428740191827,0.057624699371989864,1000,growth_rate
0.11084152638121733,0.08323871134951072,0.027602815031706612,0.027602815031706612,True,0.07695403047111983,0.0338874959100975,0.18779555685233718,1000,growth_rate
0.12189297020065838,0.08440577356120937,0.03748719663944901,0.03748719663944901,True,0.06166384576431344,0.06022912443634494,0.1835568159649718,1000,growth_rate
0.0946032724932738,0.0849950089989121,0.009608263494361696,0.009608263494361696,True,0.050701346477536165,0.043901926015737634,0.14530461897080996,1000,growth_rate
0.07039442429793842,0.08501677211856734,-0.01462234782062892,0.01462234782062892,True,0.046910763302131606,0.023483660995806815,0.11730518760007003,1000,growth_rate
0.10457383937174922,0.08622691067844696,0.01834692869330226,0.01834692869330226,True,0.06536862014755172,0.03920521922419749,0.16994245951930093,1000,growth_rate
0.13715460814617472,0.0862591260830895,0.05089548206308522,0.05089548206308522,False,0.035763369194566505,0.10139123895160822,0.1729179773407412,1000,growth_rate
0.06772390727724388,0.08637089974817658,-0.018646992470932697,0.018646992470932697,True,0.07435452174278187,-0.00663061446553799,0.14207842902002576,1000,growth_rate
0.15353559460842847,0.08648360330326688,0.0670519913051616,0.0670519913051616,False,0.043232022879552585,0.1103035717288759,0.19676761748798105,1000,growth_rate
0.11848400375753096,0.08661250359216183,0.03187150016536913,0.03187150016536913,True,0.03825493595693664,0.08022906780059433,0.1567389397144676,1000,growth_rate
0.09131519378322857,0.0866905516907851,0.004624642092443468,0.004624642092443468,True,0.03951584976265129,0.05179934402057728,0.13083104354587985,1000,growth_rate
0.08069018059942433,0.08689922210406265,-0.006209041504638316,0.006209041504638316,True,0.07008386971892996,0.010606310880494366,0.15077405031835428,1000,growth_rate
0.09343503125969116,0.08725482610371016,0.006180205155981,0.006180205155981,True,0.04101655976855961,0.052418471491131546,0.13445159102825077,1000,growth_rate
0.12477051918631044,0.08775030618880064,0.037020212997509794,0.037020212997509794,False,0.035403209926865034,0.0893673092594454,0.16017372911317546,1000,growth_rate
0.12843707382390884,0.08775581487360351,0.04068125895030533,0.04068125895030533,True,0.08122219717935737,0.04721487664455147,0.2096592710032662,1000,growth_rate
0.05614928698305666,0.08860669040091179,-0.032457403417855135,0.032457403417855135,True,0.0665218390822913,-0.010372552099234641,0.12267112606534795,1000,growth_rate
-0.005761504810874401,0.08888247336905736,-0.09464397817993175,0.09464397817993175,False,0.04949528679077652,-0.05525679160165092,0.04373378197990212,1000,growth_rate
0.16514373151313433,0.0896442884867189,0.07549944302641542,0.07549944302641542,False,0.06180589587898549,0.10333783563414883,0.22694962739211982,1000,growth_rate
0.09864571588070645,0.09188615900622138,0.006759556874485068,0.006759556874485068,True,0.06789629159252168,0.030749424288184765,0.16654200747322812,1000,growth_rate
0.060486330422998356,0.09208286908411989,-0.03159653866112153,0.03159653866112153,True,0.035576238569951325,0.02491009185304703,0.09606256899294968,1000,growth_rate
0.024171914730212758,0.09252368951685636,-0.0683517747866436,0.0683517747866436,False,0.05001826013921357,-0.025846345409000816,0.07419017486942633,1000,growth_rate
0.061302577442254695,0.09271746992244734,-0.03141489248019264,0.03141489248019264,True,0.03406245785380808,0.027240119588446618,0.09536503529606277,1000,growth_rate
0.07371002283893852,0.09274268133314739,-0.019032658494208876,0.019032658494208876,True,0.06505180059975475,0.008658222239183763,0.13876182343869325,1000,growth_rate
0.08755587938829601,0.09314659558569677,-0.005590716197400758,0.005590716197400758,True,0.04947399442299686,0.03808188496529915,0.13702987381129286,1000,growth_rate
0.1153546110557851,0.09390741246193912,0.021447198593845973,0.021447198593845973,True,0.09218068387834394,0.023173927177441156,0.20753529493412903,1000,growth_rate
0.11535478958607638,0.09601773298495297,0.019337056601123406,0.019337056601123406,True,0.09098421848051208,0.0243705711055643,0.20633900806658845,1000,growth_rate
0.08972816115287344,0.09603614819680156,-0.006307987043928126,0.006307987043928126,True,0.051192576277724146,0.03853558487514929,0.14092073743059758,1000,growth_rate
0.15674832463990523,0.09637348385991013,0.06037484077999511,0.06037484077999511,False,0.05245628721138627,0.10429203742851897,0.2092046118512915,1000,growth_rate
0.07679566140540811,0.09701225119296308,-0.020216589787554973,0.020216589787554973,True,0.05285319150772189,0.023942469897686218,0.12964885291313,1000,growth_rate
0.09548851413287597,0.09752687612983552,-0.002038361996959545,0.002038361996959545,True,0.05642504947263896,0.03906346466023701,0.15191356360551495,1000,growth_rate
0.10616350106345075,0.09819028835006843,0.007973212713382319,0.007973212713382319,True,0.03188884993640681,0.07427465112704394,0.13805235099985758,1000,growth_rate
0.09864579669037446,0.09823148034763951,0.00041431634273494944,0.00041431634273494944,True,0.061742008578576424,0.036903788111798036,0.16038780526895088,1000,growth_rate
0.10310648848875549,0.09912420504436503,0.003982283444390458,0.003982283444390458,True,0.07663487474108184,0.02647161374767365,0.17974136322983733,1000,growth_rate
0.05140514858261301,0.09948801314853917,-0.048082864565926156,0.048082864565926156,True,0.053093913182266354,-0.0016887645996533432,0.10449906176487936,1000,growth_rate
-0.009690873246775951,0.10041836672716187,-0.11010923997393782,0.11010923997393782,False,0.03864563821639414,-0.04833651146317009,0.028954764969618192,1000,growth_rate
0.15276547354914483,0.10068935552153657,0.052076118027608254,0.052076118027608254,True,0.054959882150922096,0.09780559139822273,0.20772535570006692,1000,growth_rate
0.12380409377167148,0.10155382837058763,0.022250265401083852,0.022250265401083852,True,0.06863198973131371,0.05517210404035777,0.1924360835029852,1000,growth_rate
0.11978590424779491,0.10160693713893432,0.01817896710886059,0.01817896710886059,True,0.0721652453443503,0.04762065890344461,0.1919511495921452,1000,growth_rate
0.052763166166984905,0.10246988445388955,-0.04970671828690464,0.04970671828690464,True,0.051715731515863915,0.0010474346511209903,0.10447889768284882,1000,growth_rate
0.1000832957595735,0.10270517230249376,-0.0026218765429202595,0.0026218765429202595,True,0.07171110075400776,0.028372195005565745,0.17179439651358125,1000,growth_rate
0.05440511227412425,0.10333427237965243,-0.048929160105528176,0.048929160105528176,False,0.03299799906154792,0.02140711321257633,0.08740311133567216,1000,growth_rate
0.1332340209550615,0.10362143906909338,0.02961258188596813,0.02961258188596813,True,0.05968888044989718,0.07354514050516434,0.19292290140495869,1000,growth_rate
0.12575409896964723,0.10402007245389866,0.021734026515748572,0.021734026515748572,True,0.05581700116641044,0.06993709780323679,0.18157110013605768,1000,growth_rate
0.045699058783877304,0.10468667476118182,-0.058987615977304515,0.058987615977304515,False,0.046400738548948765,-0.0007016797650714612,0.09209979733282607,1000,growth_rate
0.18584177793249723,0.10482553409082895,0.08101624384166828,0.08101624384166828,False,0.03888057950667316,0.14696119842582406,0.2247223574391704,1000,growth_rate
0.1135788430060845,0.1048532180808106,0.0087256249252739,0.0087256249252739,True,0.08234489724971875,0.03123394575636576,0.19592374025580325,1000,growth_rate
0.0820093529047437,0.10522182863365243,-0.02321247572890872,0.02321247572890872,True,0.05313272293373864,0.028876629971005062,0.13514207583848234,1000,growth_rate
0.13522997092063083,0.1067601324942219,0.028469838426408933,0.028469838426408933,True,0.048463701192938656,0.08676626972769216,0.1836936721135695,1000,growth_rate
0.10310646882548447,0.1070714611899638,-0.003964992364479336,0.003964992364479336,True,0.0740108624155352,0.029095606409949265,0.17711733124101967,1000,growth_rate
0.12342224324570215,0.10770376632324524,0.01571847692245691,0.01571847692245691,True,0.057654466468354405,0.06576777677734774,0.18107670971405657,1000,growth_rate
0.1610927646229006,0.10797473550988834,0.05311802911301225,0.05311802911301225,False,0.04204165247793921,0.11905111214496139,0.2031344171008398,1000,growth_rate
0.1399440054109798,0.10831863121911711,0.031625374191862676,0.031625374191862676,True,0.04781870914755673,0.09212529626342306,0.18776271455853652,1000,growth_rate
0.1337607958413367,0.10899288420467679,0.024767911636659923,0.024767911636659923,True,0.04323678928707305,0.09052400655426365,0.17699758512840977,1000,growth_rate
0.11834098845323068,0.10900569542939031,0.009335293023840369,0.009335293023840369,True,0.07221719430297792,0.046123794150252764,0.19055818275620862,1000,growth_rate
0.12892152181205083,0.1100616209315714,0.018859900880479424,0.018859900880479424,True,0.06165477379067217,0.06726674802137866,0.190576295602723,1000,growth_rate
0.08944276420294404,0.11016816577415633,-0.02072540157121229,0.02072540157121229,True,0.04365854167057861,0.045784222532365436,0.13310130587352265,1000,growth_rate
0.1263335788077693,0.11041019472501673,0.015923384082752567,0.015923384082752567,True,0.0369790656822969,0.0893545131254724,0.1633126444900662,1000,growth_rate
0.16748935355686775,0.1109789419660907,0.05651041159077705,0.05651041159077705,True,0.058906143554585996,0.10858321000228176,0.22639549711145374,1000,growth_rate
0.15608267815909269,0.11135853018626757,0.04472414797282512,0.04472414797282512,False,0.041414348808862154,0.11466832935023052,0.19749702696795485,1000,growth_rate
0.1270268550925879,0.11166148644286839,0.015365368649719519,0.015365368649719519,True,0.06728303949709667,0.05974381559549123,0.19430989458968456,1000,growth_rate
0.16840454196894622,0.11237704178511215,0.05602750018383407,0.05602750018383407,False,0.033477984025142654,0.13492655794380357,0.20188252599408887,1000,growth_rate
0.08628818668076124,0.11252725241991596,-0.026239065739154716,0.026239065739154716,True,0.05715412121469235,0.029134065466068892,0.1434423078954536,1000,growth_rate
0.10292998932320037,0.11385644836091796,-0.010926459037717592,0.010926459037717592,True,0.06418544596250535,0.03874454336069502,0.16711543528570572,1000,growth_rate
0.10891752278566366,0.11529210217753699,-0.006374579391873331,0.006374579391873331,True,0.06285299144514914,0.046064531340514525,0.1717705142308128,1000,growth_rate
0.009070640745332245,0.11541813278816343,-0.10634749204283118,0.10634749204283118,False,0.04035154754319703,-0.031280906797864785,0.049422188288529276,1000,growth_rate
0.14163043733867678,0.1163840301776512,0.02524640716102558,0.02524640716102558,True,0.05111279538935524,0.09051764194932155,0.192743232728032,1000,growth_rate
0.12813388514476864,0.11755576990708344,0.010578115237685204,0.010578115237685204,True,0.05243447962774063,0.07569940551702802,0.18056836477250926,1000,growth_rate
0.15665421943039654,0.11822378410734108,0.038430435323055456,0.038430435323055456,False,0.03362435015127623,0.1230298692791203,0.19027856958167277,1000,growth_rate
0.12787063149400257,0.11891281100360984,0.008957820490392732,0.008957820490392732,True,0.03511396642387042,0.09275666507013215,0.162984597917873,1000,growth_rate
0.14128936293221586,0.11903450562697848,0.02225485730523738,0.02225485730523738,True,0.058183615407885414,0.08310574752433045,0.19947297834010128,1000,growth_rate
0.1560867984299712,0.11924013951906348,0.036846658910907715,0.036846658910907715,True,0.09319060421988942,0.06289619421008177,0.24927740264986062,1000,growth_rate
0.1247680740871889,0.1202601327614059,0.004507941325782999,0.004507941325782999,True,0.042165586820553894,0.08260248726663501,0.1669336609077428,1000,growth_rate
0.11396356096186817,0.12028516016729951,-0.006321599205431336,0.006321599205431336,True,0.06493955825954809,0.04902400270232009,0.17890311922141627,1000,growth_rate
0.11834113307496108,0.12133771109216906,-0.0029965780172079848,0.0029965780172079848,True,0.07888718250349469,0.03945395057146639,0.19722831557845577,1000,growth_rate
0.14049790049894556,0.12148908984697754,0.019008810651968022,0.019008810651968022,True,0.031045945704291797,0.10945195479465376,0.17154384620323737,1000,growth_rate
0.16477821372524196,0.12248826379128097,0.042289949933960985,0.042289949933960985,False,0.041696931729642006,0.12308128199559995,0.20647514545488396,1000,growth_rate
0.1364320245212139,0.12259879227576248,0.01383323224545141,0.01383323224545141,True,0.04854341857621569,0.0878886059449982,0.18497544309742958,1000,growth_rate
0.13669453849116875,0.12276557921203729,0.013928959279131459,0.013928959279131459,True,0.029621945881592206,0.10707259260957655,0.16631648437276095,1000,growth_rate
0.06899808231151601,0.12326773443044475,-0.05426965211892874,0.05426965211892874,False,0.04086180853519464,0.02813627377632137,0.10985989084671065,1000,growth_rate
0.10240824573964989,0.12357220206284208,-0.021163956323192193,0.021163956323192193,True,0.0346795475856693,0.06772869815398058,0.1370877933253192,1000,growth_rate
0.14073478359029185,0.12440295851551936,0.016331825074772488,0.016331825074772488,True,0.03901716924515822,0.10171761434513363,0.17975195283545006,1000,growth_rate
0.22689990819376937,0.12447088635490511,0.10242902183886426,0.10242902183886426,False,0.04307734176726224,0.18382256642650713,0.2699772499610316,1000,growth_rate
0.0388972725547845,0.12500092204353253,-0.08610364948874802,0.08610364948874802,False,0.054223008340554706,-0.015325735785770206,0.0931202808953392,1000,growth_rate
0.15779866287286018,0.12509447119468003,0.032704191678180144,0.032704191678180144,True,0.038822254664173515,0.11897640820868666,0.1966209175370337,1000,growth_rate
0.2088403966463614,0.12554626858294438,0.08329412806341702,0.08329412806341702,False,0.05105882247245871,0.15778157417390268,0.2598992191188201,1000,growth_rate
0.13883230273520078,0.12596515127730945,0.01286715145789133,0.01286715145789133,True,0.06609164223861962,0.07274066049658116,0.20492394497382038,1000,growth_rate
0.1570189215340318,0.1283043789179673,0.028714542616064487,0.028714542616064487,True,0.056891955447955576,0.10012696608607621,0.21391087698198738,1000,growth_rate
0.0710208625746172,0.1296262234537327,-0.0586053608791155,0.0586053608791155,False,0.050279462120124595,0.02074140045449261,0.1213003246947418,1000,growth_rate
0.1743217532301803,0.12965254745307941,0.04466920577710087,0.04466920577710087,False,0.038968991386388936,0.13535276184379136,0.21329074461656922,1000,growth_rate
0.18173001921774143,0.13017253636445758,0.05155748285328385,0.05155748285328385,False,0.0413258537872696,0.14040416543047182,0.22305587300501103,1000,growth_rate
0.11357860849196753,0.13081173226384618,-0.017233123771878647,0.017233123771878647,True,0.05444271819433123,0.0591358902976363,0.16802132668629877,1000,growth_rate
0.13859355473476537,0.1311261535051349,0.007467401229630466,0.007467401229630466,True,0.05643735693299926,0.08215619780176611,0.19503091166776462,1000,growth_rate
0.1417008630404412,0.1312626821118753,0.010438180928565882,0.010438180928565882,True,0.049308307502875896,0.09239255553756529,0.1910091705433171,1000,growth_rate
0.12342500262757257,0.13159496322475833,-0.008169960597185763,0.008169960597185763,True,0.05886638914751484,0.06455861348005773,0.1822913917750874,1000,growth_rate
0.15979148935388066,0.1319433354762567,0.02784815387762396,0.02784815387762396,True,0.062160874975580746,0.09763061437829991,0.22195236432946142,1000,growth_rate
0.19365514865807598,0.13216276332010657,0.06149238533796941,0.06149238533796941,False,0.059195803821810764,0.1344593448362652,0.25285095247988676,1000,growth_rate
0.09735470884512613,0.1323030604627063,-0.034948351617580156,0.034948351617580156,True,0.07927068867077611,0.018084020174350027,0.17662539751590223,1000,growth_rate
0.07319121202341902,0.13309574839807237,-0.059904536374653344,0.059904536374653344,True,0.06439385484319522,0.0087973571802238,0.13758506686661426,1000,growth_rate
0.1409118752418055,0.13326555037846277,0.0076463248633427405,0.0076463248633427405,True,0.07618324603521026,0.06472862920659525,0.21709512127701577,1000,growth_rate
0.041257376534396324,0.13388359125504518,-0.09262621472064886,0.09262621472064886,True,0.11097169474169356,-0.06971431820729723,0.1522290712760899,1000,growth_rate
0.12796238172362573,0.13461778912553063,-0.0066554074019049,0.0066554074019049,True,0.05863256804646665,0.06932981367715907,0.1865949497700924,1000,growth_rate
0.17288956326877764,0.1351959984416563,0.03769356482712133,0.03769356482712133,False,0.03693792652262852,0.13595163674614913,0.20982748979140614,1000,growth_rate
0.025578272919485345,0.13724121875238238,-0.11166294583289703,0.11166294583289703,False,0.061437820402973756,-0.03585954748348841,0.0870160933224591,1000,growth_rate
0.13328177977116376,0.13732750058371418,-0.0040457208125504185,0.0040457208125504185,True,0.06655590819235464,0.06672587157880912,0.19983768796351842,1000,growth_rate
0.09638090492663247,0.13739025274781963,-0.04100934782118716,0.04100934782118716,True,0.04731254417245615,0.04906836075417632,0.14369344909908863,1000,growth_rate
0.12709334509863682,0.1377542377168468,-0.010660892618209988,0.010660892618209988,True,0.04499648146080509,0.08209686363783172,0.1720898265594419,1000,growth_rate
0.15316923342799482,0.13777623151042728,0.01539300191756754,0.01539300191756754,True,0.06412126586760895,0.08904796756038587,0.2172904992956038,1000,growth_rate
0.14056416668268312,0.13870812786523018,0.001856038817452943,0.001856038817452943,True,0.053928156745001066,0.08663600993768206,0.1944923234276842,1000,growth_rate
0.18213777842549303,0.13898875331180066,0.04314902511369237,0.04314902511369237,True,0.05613598391355091,0.12600179451194213,0.23827376233904393,1000,growth_rate
0.16558926185905246,0.13924364132398764,0.026345620535064812,0.026345620535064812,True,0.05588522136980374,0.10970404048924871,0.2214744832288562,1000,growth_rate
0.15095925057859913,0.13930278687654102,0.011656463702058112,0.011656463702058112,True,0.054480077430108166,0.09647917314849097,0.2054393280087073,1000,growth_rate
0.1320442970463334,0.13964729842342816,-0.00760300137709477,0.00760300137709477,True,0.062000799800197445,0.07004349724613594,0.19404509684653082,1000,growth_rate
0.14779995927968417,0.13967202979799692,0.008127929481687252,0.008127929481687252,True,0.050900657594471654,0.09689930168521252,0.19870061687415583,1000,growth_rate
0.09501092683459916,0.14054853509024012,-0.04553760825564096,0.04553760825564096,True,0.061798254599914455,0.03321267223468471,0.1568091814345136,1000,growth_rate
0.18486324399540816,0.14065154334784352,0.044211700647564633,0.044211700647564633,True,0.04855459274293793,0.13630865125247021,0.2334178367383461,1000,growth_rate
0.10826495453333941,0.1417439312161049,-0.03347897668276549,0.03347897668276549,True,0.06857773148615055,0.03968722304718886,0.17684268601948996,1000,growth_rate
0.1320446090938643,0.14176254088565937,-0.00971793179179506,0.00971793179179506,True,0.058491453865943094,0.07355315522792122,0.1905360629598074,1000,growth_rate
0.17814322245871603,0.14193209172569188,0.03621113073302415,0.03621113073302415,True,0.055376815975534774,0.12276640648318125,0.2335200384342508,1000,growth_rate
0.11684822796414089,0.14212009070357035,-0.025271862739429454,0.025271862739429454,True,0.05664398238280889,0.060204245581332,0.17349221034694978,1000,growth_rate
0.1358880500530691,0.14317259523418724,-0.007284545181118152,0.007284545181118152,True,0.04628484091013998,0.0896032091429291,0.18217289096320907,1000,growth_rate
0.17079031975965425,0.14352488234056643,0.027265437419087823,0.027265437419087823,True,0.05750400763144458,0.11328631212820967,0.22829432739109884,1000,growth_rate
0.1670683520764269,0.1435584582965697,0.023509893779857183,0.023509893779857183,True,0.0546171014367159,0.112451250639711,0.22168545351314278,1000,growth_rate
0.19127250847527785,0.1436256548877094,0.047646853587568455,0.047646853587568455,False,0.03641590939149877,0.15485659908377908,0.22768841786677663,1000,growth_rate
0.14338241774009777,0.1439026838983063,-0.0005202661582085211,0.0005202661582085211,True,0.051309239182230904,0.09207317855786687,0.19469165692232868,1000,growth_rate
0.18911885048109778,0.14413986079302116,0.04497898968807662,0.04497898968807662,True,0.04874149071383367,0.14037735976726412,0.23786034119493144,1000,growth_rate
0.17432157261530898,0.14474054671757453,0.029581025897734453,0.029581025897734453,True,0.0478785315787237,0.12644304103658527,0.2222001041940327,1000,growth_rate
0.06864467584134658,0.14510015796232345,-0.07645548212097687,0.07645548212097687,False,0.060273410383833874,0.008371265457512704,0.12891808622518044,1000,growth_rate
0.15584142517680452,0.1451260140165942,0.010715411160210325,0.010715411160210325,True,0.0675178196030893,0.08832360557371523,0.22335924477989383,1000,growth_rate
0.11813602693017754,0.14524244801757574,-0.027106421087398205,0.027106421087398205,True,0.05881928867703795,0.059316738253139586,0.1769553156072155,1000,growth_rate
0.05614942158847529,0.14532121620870336,-0.08917179462022808,0.08917179462022808,False,0.07017122398548273,-0.01402180239700744,0.126320645573958,1000,growth_rate
0.1943631141912728,0.145436222914738,0.048926891276534795,0.048926891276534795,True,0.05118849987456487,0.14317461431670794,0.24555161406583767,1000,growth_rate
0.1757447003673066,0.14545236945647216,0.030292330910834442,0.030292330910834442,True,0.05729275325503347,0.11845194711227314,0.23303745362234007,1000,growth_rate
0.1352855798981132,0.14564110249946355,-0.010355522601350337,0.010355522601350337,True,0.04494469554039567,0.09034088435771753,0.1802302754385089,1000,growth_rate
0.16558945049706944,0.1458618971807587,0.019727553316310736,0.019727553316310736,True,0.05833455356286076,0.10725489693420867,0.2239240040599302,1000,growth_rate
0.09663364248574695,0.1458963871127163,-0.04926274462696935,0.04926274462696935,False,0.04680929729203855,0.049824345193708396,0.1434429397777855,1000,growth_rate
0.16345000025958134,0.14596559302316803,0.017484407236413313,0.017484407236413313,True,0.05918784888114237,0.10426215137843897,0.2226378491407237,1000,growth_rate
0.11990560441515025,0.14601599328217307,-0.026110388867022827,0.026110388867022827,True,0.046675400064327924,0.07323020435082232,0.16658100447947816,1000,growth_rate
0.15063438224554151,0.146128387976043,0.00450599426949852,0.00450599426949852,True,0.04708307925911985,0.10355130298642166,0.19771746150466135,1000,growth_rate
0.09409239256793243,0.1467789723430294,-0.052686579775096956,0.052686579775096956,False,0.05218063201743884,0.041911760550493594,0.14627302458537128,1000,growth_rate
0.13883232359301237,0.14710545176376533,-0.008273128170752958,0.008273128170752958,True,0.06472304887682079,0.07410927471619158,0.20355537246983316,1000,growth_rate
0.12756872398235578,0.14734674930163993,-0.01977802531928416,0.01977802531928416,True,0.044793225413368026,0.08277549856898775,0.1723619493957238,1000,growth_rate
0.08944330751469462,0.14746926136819288,-0.05802595385349826,0.05802595385349826,False,0.04828851482149205,0.04115479269320257,0.13773182233618667,1000,growth_rate
0.09674039020304824,0.14758357755017587,-0.05084318734712763,0.05084318734712763,True,0.056924124245038156,0.039816265958010084,0.1536645144480864,1000,growth_rate
0.21636260675498634,0.14771313548956622,0.06864947126542012,0.06864947126542012,False,0.03703732932263932,0.17932527743234702,0.2533999360776257,1000,growth_rate
0.18935999693158273,0.1477625470191402,0.04159744991244252,0.04159744991244252,True,0.0449851883275239,0.14437480860405882,0.23434518525910664,1000,growth_rate
0.0880968373874255,0.14779298835052407,-0.05969615096309856,0.05969615096309856,True,0.06514612076296067,0.022950716624464837,0.1532429581503862,1000,growth_rate
0.1768767763195673,0.14812136148825256,0.028755414831314746,0.028755414831314746,True,0.05322433720714938,0.12365243911241793,0.2301011135267167,1000,growth_rate
0.0938927588144801,0.14897156187030353,-0.055078803055823425,0.055078803055823425,False,0.053028595463155095,0.040864163351325006,0.1469213542776352,1000,growth_rate
0.16495253840251153,0.15140991895880673,0.0135426194437048,0.0135426194437048,True,0.0390124497156711,0.12594008868684042,0.20396498811818264,1000,growth_rate
0.1731508394791506,0.1514729735883199,0.021677865890830705,0.021677865890830705,True,0.034035838114255985,0.13911500136489463,0.2071866775934066,1000,growth_rate
0.18580096589850278,0.1519158488085839,0.0338851170899189,0.0338851170899189,True,0.05148797963229069,0.1343129862662121,0.23728894553079347,1000,growth_rate
0.124154020517897,0.15234321647419602,-0.028189195956299012,0.028189195956299012,True,0.041071246569253206,0.0830827739486438,0.1652252670871502,1000,growth_rate
0.13816297480666806,0.152555693437318,-0.014392718630649948,0.014392718630649948,True,0.04981563041507001,0.08834734439159805,0.18797860522173807,1000,growth_rate
0.14386282065133071,0.15318176618808987,-0.00931894553675916,0.00931894553675916,True,0.05034028618972851,0.0935225344616022,0.19420310684105924,1000,growth_rate
0.091669906583139,0.1532765522909446,-0.06160664570780561,0.06160664570780561,False,0.051431952929712886,0.04023795365342612,0.1431018595128519,1000,growth_rate
0.17247917418972328,0.15431884512174837,0.018160329067974906,0.018160329067974906,True,0.05042172383530294,0.12205745035442034,0.22290089802502622,1000,growth_rate
0.14521758168311685,0.15522050084739458,-0.01000291916427773,0.01000291916427773,True,0.0446997747222249,0.10051780696089195,0.18991735640534174,1000,growth_rate
0.17908860955805883,0.15690955761661102,0.022179051941447814,0.022179051941447814,True,0.04616762796160962,0.13292098159644922,0.22525623751966845,1000,growth_rate
0.16427563024812464,0.15732649938199866,0.006949130866125974,0.006949130866125974,True,0.037621929333720765,0.12665370091440387,0.2018975595818454,1000,growth_rate
0.19162528579989951,0.15843164014314248,0.03319364565675703,0.03319364565675703,True,0.05241391591956229,0.13921136988033722,0.2440392017194618,1000,growth_rate
0.1750760826112475,0.1591742958750093,0.015901786736238183,0.015901786736238183,True,0.041165007763328494,0.133911074847919,0.21624109037457598,1000,growth_rate
0.15182111448757668,0.15957026377030248,-0.007749149282725798,0.007749149282725798,True,0.043818735015227074,0.10800237947234961,0.19563984950280375,1000,growth_rate
0.17856419072419985,0.16091952511100754,0.017644665613192306,0.017644665613192306,True,0.05382361764288813,0.12474057308131173,0.23238780836708797,1000,growth_rate
0.13484635893061397,0.1615442233089246,-0.02669786437831062,0.02669786437831062,True,0.054307460495160026,0.08053889843545395,0.189153819425774,1000,growth_rate
0.10843874217808608,0.16178314474813527,-0.05334440257004919,0.05334440257004919,False,0.0445874557003338,0.06385128647775228,0.15302619787841987,1000,growth_rate
0.17356467265226513,0.16219649890420573,0.011368173748059401,0.011368173748059401,True,0.04590848576152199,0.12765618689074315,0.21947315841378712,1000,growth_rate
0.182727941987499,0.16290357903243724,0.019824362955061764,0.019824362955061764,True,0.050301292799018904,0.1324266491884801,0.2330292347865179,1000,growth_rate
0.1664780277996679,0.16297078258267284,0.003507245216995053,0.003507245216995053,True,0.061809612458885936,0.10466841534078195,0.22828764025855383,1000,growth_rate
0.19633310456222516,0.16365135177206036,0.0326817527901648,0.0326817527901648,True,0.05051107509159139,0.14582202947063377,0.24684417965381655,1000,growth_rate
0.14153199499999475,0.16403287190105587,-0.022500876901061118,0.022500876901061118,True,0.04784822466673758,0.09368377033325717,0.18938021966673232,1000,growth_rate
0.10843918739006743,0.16440760460376674,-0.055968417213699315,0.055968417213699315,False,0.04730091557249604,0.06113827181757139,0.15574010296256346,1000,growth_rate
0.2152966185992581,0.16456482924051702,0.05073178935874109,0.05073178935874109,False,0.0390994462830276,0.1761971723162305,0.2543960648822857,1000,growth_rate
0.23162290651794037,0.16511475947579607,0.0665081470421443,0.0665081470421443,False,0.04741749423304659,0.1842054122848938,0.27904040075098696,1000,growth_rate
0.1958891392784798,0.1677168591673528,0.028172280111127018,0.028172280111127018,True,0.0531119362695381,0.1427772030089417,0.24900107554801792,1000,growth_rate
0.15333041825378543,0.16900705739853578,-0.015676639144750343,0.015676639144750343,True,0.04518120823027757,0.10814921002350786,0.198511626484063,1000,growth_rate
0.14098499319765104,0.16908870055165592,-0.028103707354004887,0.028103707354004887,True,0.050450695751761594,0.09053429744588945,0.19143568894941262,1000,growth_rate
0.10974608730574571,0.16978356144302037,-0.06003747413727466,0.06003747413727466,True,0.061871930839591145,0.04787415646615457,0.17161801814533686,1000,growth_rate
0.2244515489012815,0.16992433197840895,0.054527216922872546,0.054527216922872546,False,0.042104577166928475,0.18234697173435302,0.26655612606821,1000,growth_rate
0.1389840537072526,0.17034424223007977,-0.031360188522827154,0.031360188522827154,True,0.039558166572796157,0.09942588713445646,0.17854222028004876,1000,growth_rate
0.18791819881303484,0.17073831541167228,0.01717988340136256,0.01717988340136256,True,0.0547602640803144,0.13315793473272045,0.24267846289334924,1000,growth_rate
0.15630290649074685,0.17078917713767683,-0.014486270646929977,0.014486270646929977,True,0.0667753736856838,0.08952753280506305,0.22307828017643067,1000,growth_rate
0.21557731721123286,0.1708485353673918,0.04472878184384105,0.04472878184384105,True,0.04564395793996704,0.16993335927126582,0.2612212751511999,1000,growth_rate
0.19865061755464505,0.1711039218175348,0.027546695737110244,0.027546695737110244,True,0.04112612184072014,0.1575244957139249,0.2397767393953652,1000,growth_rate
0.2382043577647448,0.17154693219598072,0.06665742556876408,0.06665742556876408,False,0.04586736554911587,0.19233699221562894,0.28407172331386066,1000,growth_rate
0.19797119615274492,0.17247673146729786,0.025494464685447055,0.025494464685447055,True,0.047890772890404,0.15008042326234092,0.24586196904314891,1000,growth_rate
0.18891966555661996,0.17275866935756423,0.016160996199055727,0.016160996199055727,True,0.04392539800656379,0.14499426755005618,0.23284506356318374,1000,growth_rate
0.1361417996292108,0.1729536489477287,-0.036811849318517886,0.036811849318517886,True,0.04621098363803241,0.08993081599117839,0.18235278326724322,1000,growth_rate
0.1508227368377226,0.17320085145013525,-0.022378114612412653,0.022378114612412653,True,0.05814890768160736,0.09267382915611524,0.20897164451932995,1000,growth_rate
0.15650429094115093,0.17333086918039614,-0.016826578239245216,0.016826578239245216,True,0.04388103333860852,0.11262325760254241,0.20038532427975944,1000,growth_rate
0.15674831119862076,0.1736613359274588,-0.016913024728838044,0.016913024728838044,True,0.05891394338985148,0.09783436780876928,0.21566225458847224,1000,growth_rate
0.14558293277445,0.17378409545682943,-0.028201162682379433,0.028201162682379433,True,0.05931553217727265,0.08626740059717736,0.20489846495172265,1000,growth_rate
0.22206006761967764,0.17593255411115,0.046127513508527646,0.046127513508527646,False,0.04534962369353148,0.17671044392614615,0.26740969131320913,1000,growth_rate
0.212608050893296,0.17685232121607497,0.03575572967722104,0.03575572967722104,True,0.04309521573855407,0.16951283515474194,0.25570326663185006,1000,growth_rate
0.20729355821204454,0.17708224488384994,0.0302113133281946,0.0302113133281946,True,0.045210615463973425,0.1620829427480711,0.25250417367601796,1000,growth_rate
0.18559729310886078,0.1777916735024957,0.007805619606365083,0.007805619606365083,True,0.050237985309725834,0.13535930779913494,0.23583527841858662,1000,growth_rate
0.24182928373678814,0.17782583517175388,0.06400344856503426,0.06400344856503426,False,0.03504679805422338,0.20678248568256474,0.27687608179101153,1000,growth_rate
0.18681583483349956,0.17941927420535853,0.007396560628141036,0.007396560628141036,True,0.037066542327735624,0.14974929250576394,0.22388237716123519,1000,growth_rate
0.20713060374633568,0.1795537624317457,0.027576841314589984,0.027576841314589984,True,0.04001140866949423,0.16711919507684145,0.24714201241582992,1000,growth_rate
0.18437233893411054,0.17980754955261974,0.004564789381490797,0.004564789381490797,True,0.05651053246523256,0.12786180646887796,0.2408828713993431,1000,growth_rate
0.18294512782036101,0.18078238153128906,0.002162746289071954,0.002162746289071954,True,0.04989966356449702,0.133045464255864,0.23284479138485803,1000,growth_rate
0.16815217158385556,0.1810881061939167,-0.012935934610061123,0.012935934610061123,True,0.05113386591469054,0.11701830566916502,0.2192860374985461,1000,growth_rate
0.24317243071214603,0.1813939612853201,0.06177846942682594,0.06177846942682594,False,0.033965286917369844,0.20920714379477617,0.2771377176295159,1000,growth_rate
0.10310598728007118,0.181816933914355,-0.07871094663428381,0.07871094663428381,False,0.04635277175004645,0.056753215530024735,0.14945875903011763,1000,growth_rate
0.20094382803603114,0.18274910100178365,0.018194727034247488,0.018194727034247488,True,0.04063109895175538,0.16031272908427577,0.24157492698778651,1000,growth_rate
0.24193278925241626,0.1829702924263047,0.05896249682611157,0.05896249682611157,False,0.03212150342100794,0.20981128583140832,0.2740542926734242,1000,growth_rate
0.23672837926923518,0.1838514916517302,0.052876887617504975,0.052876887617504975,False,0.048528935555827,0.1881994437134082,0.28525731482506217,1000,growth_rate
0.2345151609848754,0.18447673749120036,0.050038423493675044,0.050038423493675044,False,0.044415402213236845,0.19009975877163857,0.27893056319811227,1000,growth_rate
0.14627355823619323,0.18534908471407685,-0.03907552647788362,0.03907552647788362,True,0.04961867463204818,0.09665488360414505,0.19589223286824142,1000,growth_rate
0.23455087972424718,0.18599015610471986,0.04856072361952732,0.04856072361952732,False,0.03083701193185745,0.20371386779238973,0.26538789165610466,1000,growth_rate
0.1706204805451563,0.1862972291154072,-0.015676748570250892,0.015676748570250892,True,0.03179117509467553,0.13882930545048078,0.20241165563983182,1000,growth_rate
0.23513466762868537,0.18640574982133423,0.04872891780735114,0.04872891780735114,False,0.04319376538391957,0.1919409022447658,0.27832843301260496,1000,growth_rate
0.13930962817523643,0.18680006207446415,-0.04749043389922772,0.04749043389922772,True,0.05962403836718084,0.0796855898080556,0.19893366654241726,1000,growth_rate
0.27934155829532803,0.1880580669046062,0.09128349139072184,0.09128349139072184,False,0.03902732554735207,0.24031423274797598,0.3183688838426801,1000,growth_rate
0.19320555925803884,0.18892035194420126,0.00428520731383758,0.00428520731383758,True,0.040197460595035116,0.15300809866300372,0.23340301985307396,1000,growth_rate
0.2189644757911864,0.18899702066444457,0.029967455126741843,0.029967455126741843,True,0.04942911645335863,0.1695353593378278,0.26839359224454507,1000,growth_rate
0.22288069658219292,0.1894370968493861,0.033443599732806834,0.033443599732806834,True,0.04545631012836431,0.1774243864538286,0.2683370067105572,1000,growth_rate
0.17964624784903013,0.18986062501283352,-0.010214377163803384,0.010214377163803384,True,0.0329127062424226,0.14673354160660754,0.21255895409145273,1000,growth_rate
0.2231672321968718,0.19042055419309217,0.03274667800377962,0.03274667800377962,True,0.04580563354465823,0.17736159865221357,0.26897286574153,1000,growth_rate
0.23387742280218451,0.19077085340928807,0.04310656939289645,0.04310656939289645,True,0.04632207358433871,0.1875553492178458,0.2801994963865232,1000,growth_rate
0.2170703489935419,0.19091252005602966,0.026157828937512256,0.026157828937512256,True,0.04449246566473184,0.17257788332881008,0.26156281465827375,1000,growth_rate
0.16824483842671828,0.1923676163691022,-0.024122777942383933,0.024122777942383933,True,0.06196688502295582,0.10627795340376246,0.2302117234496741,1000,growth_rate
0.17079032768860927,0.19308836056293083,-0.022298032874321555,0.022298032874321555,True,0.057394693270591546,0.11339563441801773,0.22818502095920082,1000,growth_rate
0.27759591564873437,0.19398562877782438,0.08361028687090999,0.08361028687090999,False,0.04001042774289532,0.23758548790583905,0.3176063433916297,1000,growth_rate
0.1592687347239426,0.19411209763421716,-0.03484336291027457,0.03484336291027457,True,0.03583440657880231,0.12343432814514028,0.19510314130274492,1000,growth_rate
0.2237268379180563,0.19475968404172722,0.028967153876329088,0.028967153876329088,True,0.04150146364946583,0.18222537426859048,0.26522830156752214,1000,growth_rate
0.1135789774537843,0.1950521827452697,-0.0814732052914854,0.0814732052914854,False,0.08012312474101704,0.033455852712767256,0.19370210219480133,1000,growth_rate
0.24517051684554253,0.19547900786693934,0.049691508978603194,0.049691508978603194,False,0.04592232688492178,0.19924818996062074,0.2910928437304643,1000,growth_rate
0.26078459578806296,0.1957508792948553,0.06503371649320766,0.06503371649320766,False,0.038256747917173865,0.22252784787088908,0.29904134370523683,1000,growth_rate
0.13367077571805733,0.19585373866004174,-0.062182962941984415,0.062182962941984415,False,0.04886522883980975,0.08480554687824757,0.1825360045578671,1000,growth_rate
0.15386945096402666,0.19614260144314238,-0.04227315047911573,0.04227315047911573,True,0.06267701815470612,0.09119243280932053,0.21654646911873277,1000,growth_rate
0.1967211090424638,0.19616105043269505,0.0005600586097687377,0.0005600586097687377,True,0.03091868566512286,0.1658024233773409,0.22763979470758666,1000,growth_rate
0.25360817130911123,0.19623595677223332,0.05737221453687791,0.05737221453687791,False,0.0346553338574616,0.21895283745164962,0.28826350516657284,1000,growth_rate
0.22639102815450884,0.19677072243734406,0.029620305717164785,0.029620305717164785,True,0.045472760819829976,0.18091826733467886,0.2718637889743388,1000,growth_rate
0.2290958515348822,0.1973759352009804,0.03171991633390181,0.03171991633390181,False,0.03159386455360203,0.1975019869812802,0.26068971608848424,1000,growth_rate
0.1734635549793607,0.1975303948875829,-0.0240668399082222,0.0240668399082222,True,0.04131561788979767,0.13214793708956302,0.21477917286915837,1000,growth_rate
0.18681622960721728,0.20044236894645961,-0.013626139339242338,0.013626139339242338,True,0.05104642999241035,0.13576979961480692,0.23786265959962763,1000,growth_rate
0.2274189438646574,0.20098537566035268,0.02643356820430473,0.02643356820430473,True,0.03446809982656323,0.19295084403809418,0.2618870436912206,1000,growth_rate
0.14892203553447175,0.20305124119855705,-0.0541292056640853,0.0541292056640853,False,0.040945503718367304,0.10797653181610445,0.18986753925283906,1000,growth_rate
0.1150938542260963,0.2032599581881243,-0.08816610396202801,0.08816610396202801,False,0.03851759735105651,0.0765762568750398,0.1536114515771528,1000,growth_rate
0.21815488790102106,0.20407103417552502,0.014083853725496032,0.014083853725496032,True,0.04160656065023543,0.17654832725078562,0.2597614485512565,1000,growth_rate
0.1995349512188895,0.20442158825935058,-0.004886637040461078,0.004886637040461078,True,0.03918027826168657,0.16035467295720293,0.23871522948057608,1000,growth_rate
0.21707042678526484,0.20516010245358163,0.011910324331683209,0.011910324331683209,True,0.04085925188431405,0.17621117490095078,0.2579296786695789,1000,growth_rate
0.23076003589580413,0.20619138346611054,0.024568652429693583,0.024568652429693583,True,0.04884809770695787,0.18191193818884627,0.279608133602762,1000,growth_rate
0.17356477723123923,0.20695208766412043,-0.033387310432881206,0.033387310432881206,True,0.04888622995437939,0.12467854727685984,0.2224510071856186,1000,growth_rate
0.1918754838958953,0.20706345985810365,-0.015187975962208361,0.015187975962208361,True,0.04703330939732282,0.14484217449857245,0.23890879329321812,1000,growth_rate
0.24450658271198472,0.20720942957667893,0.037297153135305794,0.037297153135305794,False,0.036650448518769356,0.20785613419321536,0.2811570312307541,1000,growth_rate
0.2497578504195204,0.20750826181162307,0.04224958860789732,0.04224958860789732,True,0.04805743623401197,0.20170041418550844,0.29781528665353235,1000,growth_rate
0.2592056893888298,0.20755059850503482,0.051655090883794996,0.051655090883794996,False,0.040116344960653263,0.21908934442817657,0.29932203434948307,1000,growth_rate
0.2380901220059104,0.20824494783608555,0.02984517416982485,0.02984517416982485,True,0.03615474539661341,0.201935376609297,0.2742448674025238,1000,growth_rate
0.20859368057680916,0.2086334473786134,-3.9766801804230756e-05,3.9766801804230756e-05,True,0.05982181871715054,0.14877186185965863,0.2684154992939597,1000,growth_rate
0.22265146884824616,0.20878095520429474,0.013870513643951421,0.013870513643951421,True,0.05147353718078744,0.1711779316674587,0.2741250060290336,1000,growth_rate
0.2643261522358013,0.20969647182396856,0.05462968041183275,0.05462968041183275,False,0.03635668675269027,0.22796946548311103,0.3006828389884916,1000,growth_rate
0.24325087688294264,0.20979137834147227,0.03345949854147037,0.03345949854147037,True,0.03528036233986967,0.20797051454307297,0.2785312392228123,1000,growth_rate
0.24047722335648197,0.20988966434040995,0.03058755901607202,0.03058755901607202,True,0.046285262338039736,0.19419196101844224,0.28676248569452173,1000,growth_rate
0.22789922321096528,0.21068817933089073,0.01721104388007455,0.01721104388007455,True,0.049464101578263635,0.17843512163270164,0.2773633247892289,1000,growth_rate
0.251478246358749,0.21160603178389759,0.039872214574851406,0.039872214574851406,True,0.043427323113874254,0.20805092324487473,0.29490556947262325,1000,growth_rate
0.2176344967566361,0.21191951776281526,0.005714978993820841,0.005714978993820841,True,0.04124865529840203,0.17638584145823408,0.25888315205503815,1000,growth_rate
0.2643258691508198,0.21205795014427437,0.05226791900654543,0.05226791900654543,False,0.036823597599649,0.2275022715511708,0.3011494667504688,1000,growth_rate
0.1824849763931409,0.2120736237022317,-0.029588647309090804,0.029588647309090804,True,0.047596854570512166,0.13488812182262874,0.23008183096365306,1000,growth_rate
0.19385298051150301,0.21280236492681587,-0.018949384415312853,0.018949384415312853,True,0.04300205333443729,0.15085092717706572,0.2368550338459403,1000,growth_rate
0.2747617131311186,0.2144765636458547,0.06028514948526387,0.06028514948526387,False,0.03679198248987299,0.2379697306412456,0.31155369562099156,1000,growth_rate
0.23424129153031217,0.21540751100923,0.018833780521082172,0.018833780521082172,True,0.04337485694868539,0.19086643458162678,0.27761614847899757,1000,growth_rate
0.2179516859871121,0.2159626594436549,0.0019890265434572008,0.0019890265434572008,True,0.04827954799150153,0.16967213799561057,0.26623123397861365,1000,growth_rate
0.273127813900265,0.21646084750591116,0.05666696639435387,0.05666696639435387,False,0.0356431125413941,0.23748470135887093,0.30877092644165915,1000,growth_rate
0.21445102522196258,0.21754102082675408,-0.0030899956047915067,0.0030899956047915067,True,0.04835139947171974,0.16609962575024284,0.2628024246936823,1000,growth_rate
0.2748512425337476,0.21769328898784307,0.05715795354590453,0.05715795354590453,False,0.03483349134243849,0.2400177511913091,0.3096847338761861,1000,growth_rate
0.19428552101021915,0.2177602780875964,-0.023474757077377256,0.023474757077377256,True,0.041527083577531786,0.15275843743268736,0.23581260458775094,1000,growth_rate
0.23728806229878752,0.218178542083257,0.01910952021553053,0.01910952021553053,True,0.04109605033866846,0.19619201196011904,0.278384112637456,1000,growth_rate
0.2707639058987314,0.2183378707200811,0.0524260351786503,0.0524260351786503,False,0.037221803522477497,0.2335421023762539,0.3079857094212089,1000,growth_rate
0.2505121401386027,0.2192620447423984,0.03125009539620427,0.03125009539620427,True,0.047185364334978185,0.2033267758036245,0.29769750447358084,1000,growth_rate
0.2532166397338945,0.21971076631482467,0.033505873419069854,0.033505873419069854,True,0.04605295076822023,0.20716368896567428,0.29926959050211477,1000,growth_rate
0.25804912705525346,0.22022685883536974,0.037822268219883715,0.037822268219883715,False,0.036462326953899685,0.2215868001013538,0.29451145400915313,1000,growth_rate
0.2124996351756888,0.22035495467279376,-0.007855319497104968,0.007855319497104968,True,0.03859293150281509,0.1739067036728737,0.2510925666785039,1000,growth_rate
0.2545382344722211,0.22040492182531823,0.03413331264690289,0.03413331264690289,True,0.034456639123327706,0.22008159534889343,0.2889948735955488,1000,growth_rate
0.2896260893899264,0.22170264871556283,0.06792344067436357,0.06792344067436357,False,0.029362199157634713,0.2602638902322917,0.3189882885475611,1000,growth_rate
0.24609579716932675,0.22185403227815165,0.024241764891175105,0.024241764891175105,True,0.036418568398671955,0.2096772287706548,0.2825143655679987,1000,growth_rate
0.2557155510877464,0.2222337822331979,0.03348176885454851,0.03348176885454851,True,0.03761519547119685,0.21810035561654956,0.29333074655894326,1000,growth_rate
0.2375674739871897,0.22250039621752538,0.015067077769664317,0.015067077769664317,True,0.04472773390550672,0.19283974008168298,0.2822952078926964,1000,growth_rate
0.24975778313373206,0.22257252463176602,0.027185258501966042,0.027185258501966042,True,0.046091205158782844,0.20366657797494922,0.29584898829251494,1000,growth_rate
0.19399406520468773,0.2229050893564794,-0.02891102415179167,0.02891102415179167,True,0.05221567634228301,0.14177838886240474,0.24620974154697073,1000,growth_rate
0.23256043119050807,0.22295705495543428,0.00960337623507379,0.00960337623507379,True,0.04042422120467069,0.19213620998583736,0.2729846523951788,1000,growth_rate
0.21278812508436312,0.2232803995986654,-0.010492274514302291,0.010492274514302291,True,0.038380669440376776,0.17440745564398635,0.2511687945247399,1000,growth_rate
0.19804293821272792,0.22383870610662837,-0.02579576789390045,0.02579576789390045,True,0.05121002973917307,0.14683290847355485,0.249252967951901,1000,growth_rate
0.19428563028376244,0.22571369245989525,-0.03142806217613281,0.03142806217613281,True,0.049050193254088485,0.14523543702967395,0.24333582353785094,1000,growth_rate
0.23728790756672036,0.22600580818578764,0.01128209938093272,0.01128209938093272,True,0.04455602760058949,0.19273187996613086,0.2818439351673099,1000,growth_rate
0.248301074150675,0.22649233861299622,0.021808735537678786,0.021808735537678786,True,0.04728927351826127,0.20101180063241375,0.29559034766893627,1000,growth_rate
0.22173113810448908,0.2273110377609734,-0.005579899656484311,0.005579899656484311,True,0.041829774642943435,0.17990136346154564,0.26356091274743254,1000,growth_rate
0.2131482745982659,0.22763968074044316,-0.014491406142177254,0.014491406142177254,True,0.04950174248041815,0.16364653211784774,0.2626500170786841,1000,growth_rate
0.20094357681061709,0.2277132856696974,-0.02676970885908031,0.02676970885908031,True,0.04447945819068039,0.1564641186199367,0.24542303500129747,1000,growth_rate
0.2876852818441471,0.22797616555344746,0.05970911629069964,0.05970911629069964,False,0.03529843851440645,0.25238684332974065,0.32298372035855355,1000,growth_rate
0.15716565787418044,0.22832333558990225,-0.07115767771572182,0.07115767771572182,False,0.050832909073802474,0.10633274880037796,0.2079985669479829,1000,growth_rate
0.3185534937649838,0.22841661219735554,0.09013688156762828,0.09013688156762828,False,0.0377737161333381,0.28077977763164574,0.3563272098983219,1000,growth_rate
0.2935258555146482,0.22849154134291094,0.06503431417173727,0.06503431417173727,False,0.03458245484976186,0.25894340066488636,0.32810831036441007,1000,growth_rate
0.22057515776058223,0.22884319966148897,-0.008268041900906742,0.008268041900906742,True,0.04287887985917321,0.17769627790140902,0.26345403761975544,1000,growth_rate
0.2222157297133842,0.22982142767835523,-0.007605697964971014,0.007605697964971014,True,0.048884789816624266,0.17333093989675996,0.27110051953000847,1000,growth_rate
0.24097626269165254,0.23018425194462094,0.010792010747031594,0.010792010747031594,True,0.045626846359118664,0.1953494163325339,0.2866031090507712,1000,growth_rate
0.2780657694840984,0.23077407582390275,0.047291693660195644,0.047291693660195644,False,0.04068068472438042,0.23738508475971798,0.3187464542084788,1000,growth_rate
0.2063994062758578,0.23095912503344462,-0.024559718757586835,0.024559718757586835,True,0.05328771400718532,0.15311169226867247,0.2596871202830431,1000,growth_rate
0.25188093414752044,0.23147712782169555,0.02040380632582489,0.02040380632582489,True,0.038935701670539447,0.212945232476981,0.2908166358180599,1000,growth_rate
0.21781289737222265,0.2320968388195711,-0.014283941447348458,0.014283941447348458,True,0.04547829869025714,0.1723345986819655,0.2632911960624798,1000,growth_rate
0.24305020017373757,0.23226848973126846,0.010781710442469117,0.010781710442469117,True,0.04342302557436376,0.19962717459937382,0.28647322574810136,1000,growth_rate
0.1994172062980415,0.23284653572186836,-0.03342932942382687,0.03342932942382687,True,0.04149071301641024,0.15792649328163125,0.24090791931445174,1000,growth_rate
0.30437399078976973,0.23447012434958453,0.0699038664401852,0.0699038664401852,False,0.04084742945704418,0.26352656133272556,0.3452214202468139,1000,growth_rate
0.22368193242128215,0.23536430780095702,-0.01168237537967487,0.01168237537967487,True,0.05238476116968448,0.17129717125159766,0.27606669359096664,1000,growth_rate
0.19818948678090942,0.23614356163841355,-0.03795407485750413,0.03795407485750413,False,0.0377543920296959,0.1604350947512135,0.23594387881060533,1000,growth_rate
0.26269382253671036,0.23754430531721565,0.02514951721949471,0.02514951721949471,True,0.03449719746323693,0.22819662507347344,0.2971910199999473,1000,growth_rate
0.25966654396436534,0.23854581672168468,0.02112072724268066,0.02112072724268066,True,0.0473693821798364,0.21229716178452895,0.3070359261442017,1000,growth_rate
0.26460619188801926,0.23926689682546187,0.025339295062557388,0.025339295062557388,True,0.047768451223542806,0.21683774066447645,0.31237464311156204,1000,growth_rate
0.2118691614594283,0.23945772610891908,-0.027588564649490777,0.027588564649490777,True,0.0524186593200765,0.1594505021393518,0.2642878207795048,1000,growth_rate
0.2142248729968165,0.23948914868848886,-0.02526427569167236,0.02526427569167236,True,0.043133773225555457,0.17109109977126105,0.257358646222372,1000,growth_rate
0.28426091917676904,0.23975365241153346,0.04450726676523559,0.04450726676523559,False,0.035889533097137334,0.24837138607963172,0.32015045227390637,1000,growth_rate
0.26472644147501234,0.2399070325703731,0.02481940890463924,0.02481940890463924,True,0.03718613058291952,0.2275403108920928,0.30191257205793187,1000,growth_rate
0.2614980729607523,0.23991010494311749,0.021587968017634795,0.021587968017634795,True,0.04083723564505689,0.22066083731569539,0.30233530860580915,1000,growth_rate
0.2649349845376942,0.24011997804270502,0.02481500649498919,0.02481500649498919,True,0.0440016847725369,0.2209332997651573,0.3089366693102311,1000,growth_rate
0.28095984486466713,0.24034589421769392,0.04061395064697321,0.04061395064697321,False,0.034919736123268874,0.24604010874139826,0.315879580987936,1000,growth_rate
0.24889199766191228,0.24089882620751957,0.007993171454392711,0.007993171454392711,True,0.04313713553525292,0.20575486212665936,0.29202913319716517,1000,growth_rate
0.2821023149344465,0.2409231943398525,0.041179120594594,0.041179120594594,False,0.03439445946233142,0.24770785547211507,0.3164967743967779,1000,growth_rate
0.2870056837582768,0.24124852088691495,0.045757162871361834,0.045757162871361834,False,0.030989959271379458,0.25601572448689736,0.3179956430296562,1000,growth_rate
0.193205645211542,0.24179276617579326,-0.048587120964251274,0.048587120964251274,False,0.04018166818486423,0.15302397702667775,0.23338731339640623,1000,growth_rate
0.2709028171316317,0.24222757477341095,0.028675242358220776,0.028675242358220776,True,0.03521032549775349,0.23569249163387823,0.3061131426293852,1000,growth_rate
0.28007898458466196,0.24230727615845649,0.037771708426205475,0.037771708426205475,True,0.0406703723707313,0.23940861221393067,0.32074935695539325,1000,growth_rate
0.2572539372067352,0.24254711302704407,0.014706824179691103,0.014706824179691103,True,0.037500021418071766,0.2197539157886634,0.2947539586248069,1000,growth_rate
0.26854957767236065,0.24335559441157856,0.025193983260782093,0.025193983260782093,True,0.04577794211540999,0.22277163555695068,0.3143275197877706,1000,growth_rate
0.19960874458283392,0.24368283094768772,-0.0440740863648538,0.0440740863648538,True,0.05451542106869116,0.14509332351414278,0.25412416565152507,1000,growth_rate
0.21206634033462224,0.24394405142843184,-0.0318777110938096,0.0318777110938096,True,0.05395777392999699,0.15810856640462526,0.26602411426461925,1000,growth_rate
0.24182860427503838,0.2444366223080564,-0.0026080180330180225,0.0026080180330180225,True,0.03309448735612643,0.20873411691891194,0.2749230916311648,1000,growth_rate
0.2800507534176857,0.24503044060335233,0.035020312814333376,0.035020312814333376,True,0.035497989644675695,0.24455276377301,0.3155487430623614,1000,growth_rate
0.24975786643161782,0.24530335117363,0.004454515257987818,0.004454515257987818,True,0.04849052147326564,0.2012673449583522,0.29824838790488345,1000,growth_rate
0.25260217199263746,0.24560156480784,0.007000607184797447,0.007000607184797447,True,0.053376022197702364,0.19922614979493508,0.30597819419033984,1000,growth_rate
0.28236420372602444,0.24583194861829522,0.03653225510772923,0.03653225510772923,True,0.042257962713201425,0.24010624101282302,0.32462216643922587,1000,growth_rate
0.2963402950510554,0.24716478777089562,0.04917550728015979,0.04917550728015979,False,0.034734337583305665,0.26160595746774973,0.3310746326343611,1000,growth_rate
0.2497573027370057,0.24766636507342626,0.0020909376635794286,0.0020909376635794286,True,0.03794731431154995,0.21180998842545573,0.28770461704855566,1000,growth_rate
0.2004629604368531,0.24889141550922872,-0.048428455072375615,0.048428455072375615,True,0.053804947362425415,0.1466580130744277,0.25426790779927855,1000,growth_rate
0.22865605409229126,0.2494026091899995,-0.020746555097708258,0.020746555097708258,True,0.04217527642623765,0.18648077766605362,0.2708313305185289,1000,growth_rate
0.23544331408649818,0.25028277721821596,-0.014839463131717773,0.014839463131717773,True,0.035030426869692995,0.2004128872168052,0.2704737409561912,1000,growth_rate
0.25318394419285334,0.25137552383720974,0.001808420355643603,0.001808420355643603,True,0.03989509979454457,0.21328884439830875,0.2930790439873979,1000,growth_rate
0.28091370870884236,0.2514617126567906,0.029451996052051732,0.029451996052051732,True,0.03607355474768775,0.2448401539611546,0.3169872634565301,1000,growth_rate
0.2808134019736087,0.25149118081645594,0.029322221157152772,0.029322221157152772,True,0.029771945110989004,0.2510414568626197,0.31058534708459773,1000,growth_rate
0.2640707780402219,0.251885282930137,0.012185495110084876,0.012185495110084876,True,0.04075928101043565,0.22331149702978625,0.3048300590506575,1000,growth_rate
0.26552487042803763,0.25232150856082497,0.01320336186721266,0.01320336186721266,True,0.040567754392661755,0.22495711603537588,0.3060926248206994,1000,growth_rate
0.23308731362684698,0.2527984813498003,-0.019711167722953338,0.019711167722953338,True,0.04145206581571862,0.19163524781112837,0.2745393794425656,1000,growth_rate
0.2533534704122859,0.2529831383171606,0.00037033209512526977,0.00037033209512526977,True,0.035839139813927376,0.2175143305983585,0.2891926102262133,1000,growth_rate
0.2544762121576532,0.2530426310624932,0.001433581095160008,0.001433581095160008,True,0.041697660386910244,0.21277855177074295,0.29617387254456345,1000,growth_rate
0.19915067465342326,0.2537160244431332,-0.05456534978970992,0.05456534978970992,True,0.05998228216282185,0.13916839249060142,0.2591329568162451,1000,growth_rate
0.29507855114512377,0.25375531616122937,0.0413232349838944,0.0413232349838944,True,0.058272962014926995,0.23680558913019678,0.35335151316005076,1000,growth_rate
0.27915664187184297,0.2540787144243027,0.025077927447540282,0.025077927447540282,True,0.046288464141828446,0.23286817773001453,0.32544510601367144,1000,growth_rate
0.2697488150362021,0.25433063589014177,0.015418179146060362,0.015418179146060362,True,0.04522911153889121,0.22451970349731093,0.3149779265750933,1000,growth_rate
0.2635218757604195,0.25469203428674425,0.00882984147367527,0.00882984147367527,True,0.03039356732560535,0.23312830843481416,0.29391544308602485,1000,growth_rate
0.2497578165174977,0.2552364197922561,-0.005478603274758381,0.005478603274758381,True,0.04675102331307863,0.20300679320441908,0.29650883983057635,1000,growth_rate
0.25335397579279423,0.2554138025988315,-0.0020598268060372793,0.0020598268060372793,True,0.03625182638025782,0.21710214941253642,0.28960580217305204,1000,growth_rate
0.2858704839263513,0.25644280648001727,0.02942767744633401,0.02942767744633401,True,0.04115948245860267,0.2447110014677486,0.32702996638495396,1000,growth_rate
0.23621406403166015,0.2566822102427175,-0.02046814621105733,0.02046814621105733,True,0.035602506222034855,0.2006115578096253,0.271816570253695,1000,growth_rate
0.26175703325819594,0.25701752990872095,0.004739503349474983,0.004739503349474983,True,0.04472195019836681,0.21703508305982913,0.30647898345656277,1000,growth_rate
0.27305105511357386,0.25792873586164883,0.015122319251925032,0.015122319251925032,True,0.04571117977810482,0.22733987533546904,0.31876223489167865,1000,growth_rate
0.3058488632310625,0.25812224061722144,0.04772662261384103,0.04772662261384103,False,0.03599635342752104,0.2698525098035414,0.34184521665858353,1000,growth_rate
0.2810883073545184,0.25819263153822536,0.022895675816293037,0.022895675816293037,True,0.04691403828120938,0.23417426907330902,0.3280023456357278,1000,growth_rate
0.1567484490817705,0.2581995697773235,-0.10145112069555301,0.10145112069555301,False,0.0623650892497234,0.0943833598320471,0.21911353833149388,1000,growth_rate
0.282389556901614,0.25839218292162264,0.023997373979991354,0.023997373979991354,True,0.0444422261658393,0.23794733073577468,0.3268317830674533,1000,growth_rate
0.2603551655897748,0.25944055259803755,0.0009146129917372292,0.0009146129917372292,True,0.03635964344321056,0.2239955221465642,0.29671480903298536,1000,growth_rate
0.29224527403235145,0.2600125968328742,0.032232677199477255,0.032232677199477255,True,0.03518781775794892,0.2570574562744025,0.3274330917903004,1000,growth_rate
0.3018965015586999,0.26291561722655793,0.038980884332141974,0.038980884332141974,False,0.03371623581600875,0.26818026574269116,0.33561273737470865,1000,growth_rate
0.2752296034261677,0.26328923209534033,0.01194037133082737,0.01194037133082737,True,0.03860415962435479,0.2366254438018129,0.31383376305052246,1000,growth_rate
0.25058078129048517,0.26348112745814695,-0.01290034616766178,0.01290034616766178,True,0.03953843678750089,0.21104234450298429,0.2901192180779861,1000,growth_rate
0.2710221597877114,0.26400259757855454,0.007019562209156838,0.007019562209156838,True,0.04017412472135484,0.23084803506635654,0.3111962845090662,1000,growth_rate
0.32805570280874435,0.26408256490003523,0.06397313790870912,0.06397313790870912,False,0.03221779980057388,0.2958379030081705,0.36027350260931823,1000,growth_rate
0.2550621039188031,0.26424738859558533,-0.009185284676782257,0.009185284676782257,True,0.031094947560228854,0.22396715635857423,0.2861570514790319,1000,growth_rate
0.2936664243901371,0.2643637227302628,0.02930270165987431,0.02930270165987431,True,0.03884618138722411,0.254820243002913,0.33251260577736125,1000,growth_rate
0.24236726729339844,0.2661607732690467,-0.02379350597564825,0.02379350597564825,True,0.04630899751789305,0.1960582697755054,0.2886762648112915,1000,growth_rate
0.24884873348527498,0.266677496854015,-0.017828763368740008,0.017828763368740008,True,0.046547270882337656,0.20230146260293733,0.29539600436761265,1000,growth_rate
0.27804689625675055,0.26691802050295477,0.011128875753795786,0.011128875753795786,True,0.03961727728707681,0.23842961896967374,0.31766417354382737,1000,growth_rate
0.3238616394800972,0.2673202547098242,0.05654138477027304,0.05654138477027304,False,0.03137264530934252,0.2924889941707547,0.35523428478943975,1000,growth_rate
0.32792147399877136,0.2673674351756605,0.06055403882311089,0.06055403882311089,False,0.03187123171739295,0.29605024228137844,0.3597927057161643,1000,growth_rate
0.24330585963536822,0.26746266726764073,-0.024156807632272514,0.024156807632272514,True,0.039933546138060556,0.20337231349730767,0.28323940577342877,1000,growth_rate
0.2837969589237204,0.2674877893151807,0.01630916960853973,0.01630916960853973,True,0.04837240960374305,0.23542454931997736,0.3321693685274635,1000,growth_rate
0.2904361526033524,0.26871718497228675,0.021718967631065678,0.021718967631065678,True,0.04450297030144887,0.24593318230190356,0.3349391229048013,1000,growth_rate
0.2967807462179073,0.26886175650759125,0.027918989710316033,0.027918989710316033,True,0.038241803625923915,0.2585389425919834,0.3350225498438312,1000,growth_rate
0.18965731561356614,0.269396329001585,-0.07973901338801886,0.07973901338801886,False,0.050673144930889626,0.13898417068267652,0.24033046054445575,1000,growth_rate
0.31090078212071753,0.2697232501323334,0.04117753198838414,0.04117753198838414,False,0.041144610641452826,0.26975617147926473,0.35204539276217034,1000,growth_rate
0.2923401518366358,0.2703804180932469,0.021959733743388887,0.021959733743388887,True,0.032798810638017296,0.2595413411986185,0.3251389624746531,1000,growth_rate
0.3065811123654902,0.2705098366798856,0.03607127568560459,0.03607127568560459,True,0.043784967751958385,0.2627961446135318,0.3503660801174486,1000,growth_rate
0.2155774931090732,0.27158972740718984,-0.05601223429811664,0.05601223429811664,False,0.045312655318844805,0.17026483779022838,0.260890148427918,1000,growth_rate
0.30914878347797375,0.27179716329791137,0.037351620180062384,0.037351620180062384,True,0.0412456657974964,0.26790311768047737,0.35039444927547014,1000,growth_rate
0.2761799727591011,0.2719889767693618,0.004190995989739321,0.004190995989739321,True,0.04407833505535789,0.23210163770374323,0.320258307814459,1000,growth_rate
0.2718906840079686,0.27232450901592237,-0.00043382500795374757,0.00043382500795374757,True,0.03902528478692815,0.23286539922104046,0.31091596879489675,1000,growth_rate
0.3109007570410188,0.2743335874535198,0.036567169587499004,0.036567169587499004,True,0.04119756235073458,0.26970319469028425,0.3520983193917534,1000,growth_rate
0.3171496404575719,0.2743534064863385,0.04279623397123339,0.04279623397123339,False,0.03785655484833078,0.2792930856092411,0.35500619530590266,1000,growth_rate
0.27654818870633086,0.274618433896214,0.0019297548101168682,0.0019297548101168682,True,0.04538967526452583,0.23115851344180502,0.32193786397085666,1000,growth_rate
0.23192681650445576,0.274680557140636,-0.04275374063618023,0.04275374063618023,False,0.038596518880408756,0.19333029762404702,0.2705233353848645,1000,growth_rate
0.2872036796405352,0.27539895128728775,0.011804728353247473,0.011804728353247473,True,0.04546760710810304,0.24173607253243218,0.3326712867486383,1000,growth_rate
0.2908185420899128,0.2754162979383166,0.01540224415159619,0.01540224415159619,True,0.04340226011874389,0.24741628197116894,0.3342208022086567,1000,growth_rate
0.3378638440318303,0.27637863120869116,0.061485212823139124,0.061485212823139124,False,0.03901230752281174,0.2988515365090185,0.37687615155464205,1000,growth_rate
0.27636011361581636,0.2764222865752228,-6.217295940641465e-05,6.217295940641465e-05,True,0.04068751733082456,0.2356725962849918,0.3170476309466409,1000,growth_rate
0.2908637242370478,0.27663886590382675,0.014224858333221069,0.014224858333221069,True,0.03509924697681881,0.255764477260229,0.32596297121386664,1000,growth_rate
0.2579042961309947,0.2767164170771784,-0.01881212094618373,0.01881212094618373,True,0.028489488740762934,0.22941480739023176,0.28639378487175765,1000,growth_rate
0.2829987218752714,0.27715679689027833,0.0058419249849930854,0.0058419249849930854,True,0.045570871068459085,0.23742785080681234,0.3285695929437305,1000,growth_rate
0.2816102280208191,0.2778497961485808,0.00376043187223829,0.00376043187223829,True,0.04020340073402897,0.2414068272867901,0.32181362875484804,1000,growth_rate
0.28505934943841976,0.27818063426491313,0.006878715173506633,0.006878715173506633,True,0.04172277031244434,0.24333657912597542,0.32678211975086413,1000,growth_rate
0.23911660783171268,0.2786836937651008,-0.039567085933388146,0.039567085933388146,False,0.03220789025384241,0.20690871757787027,0.2713244980855551,1000,growth_rate
0.2575411128762098,0.27892038119422546,-0.021379268318015676,0.021379268318015676,True,0.03972667704724,0.21781443582896978,0.29726778992344977,1000,growth_rate
0.33786398248471133,0.2790020416839081,0.05886194080080326,0.05886194080080326,False,0.03180075551761599,0.3060632269670953,0.36966473800232735,1000,growth_rate
0.25120351992702517,0.279427043995441,-0.02822352406841583,0.02822352406841583,True,0.031116498590151552,0.2200870213368736,0.2823200185171767,1000,growth_rate
0.2590841846971023,0.27983145964624234,-0.020747274949140027,0.020747274949140027,True,0.04702110957590558,0.21206307512119674,0.3061052942730079,1000,growth_rate
0.2488919215090155,0.2804447712404157,-0.03155284973140021,0.03155284973140021,True,0.046552453272408464,0.20233946823660703,0.295444374781424,1000,growth_rate
0.2940353394391356,0.2806445695692678,0.013390769869867813,0.013390769869867813,True,0.03639517178736747,0.25764016765176817,0.3304305112265031,1000,growth_rate
0.3085166034457353,0.2810476469165297,0.027468956529205557,0.027468956529205557,True,0.04320169445783773,0.26531490898789756,0.351718297903573,1000,growth_rate
0.2510497943877859,0.28133802862560237,-0.030288234237816458,0.030288234237816458,True,0.03463676090665882,0.2164130334811271,0.28568655529444476,1000,growth_rate
0.24481330165684556,0.281797191269244,-0.03698388961239846,0.03698388961239846,False,0.034683002760203786,0.21013029889664178,0.27949630441704937,1000,growth_rate
0.27647886874536826,0.2824824028533035,-0.006003534107935249,0.006003534107935249,True,0.04227665246860195,0.2342022162767663,0.3187555212139702,1000,growth_rate
0.3207704169867491,0.28291716727879657,0.03785324970795251,0.03785324970795251,True,0.043384680894812885,0.2773857360919362,0.364155097881562,1000,growth_rate
0.2656637475069141,0.2835332752206373,-0.017869527713723188,0.017869527713723188,True,0.03846586311966102,0.2271978843872531,0.3041296106265752,1000,growth_rate
0.2947454837248778,0.2836061988774304,0.011139284847447417,0.011139284847447417,True,0.047404128953788,0.24734135477108982,0.3421496126786658,1000,growth_rate
0.23774712998758404,0.28395108707201533,-0.046203957084431285,0.046203957084431285,False,0.03385482358339889,0.20389230640418515,0.27160195357098293,1000,growth_rate
0.2633025959296131,0.28441053714198744,-0.02110794121237436,0.02110794121237436,True,0.044347983404269896,0.21895461252534318,0.30765057933388296,1000,growth_rate
0.3177596336444707,0.2851041192451216,0.032655514399349106,0.032655514399349106,True,0.038325411544486744,0.2794342220999839,0.35608504518895745,1000,growth_rate
0.2858976929825114,0.2863969349344375,-0.0004992419519261326,0.0004992419519261326,True,0.04570540999577101,0.2401922829867404,0.3316031029782824,1000,growth_rate
0.23358261156281857,0.28643035546985274,-0.05284774390703417,0.05284774390703417,False,0.04841297896922816,0.1851696325935904,0.2819955905320467,1000,growth_rate
0.3122395515508773,0.2867106399918805,0.02552891155899678,0.02552891155899678,True,0.035324957697192745,0.27691459385368455,0.34756450924807003,1000,growth_rate
0.2932115011277579,0.28722156345106004,0.005989937676697865,0.005989937676697865,True,0.033909467689414226,0.2593020334383437,0.3271209688171721,1000,growth_rate
0.275229523239216,0.287234729968114,-0.012005206728897988,0.012005206728897988,True,0.04122462838780155,0.23400489485141446,0.31645415162701757,1000,growth_rate
0.32773327597906404,0.2874963881560183,0.04023688782304574,0.04023688782304574,False,0.033841978405324234,0.29389129757373983,0.36157525438438826,1000,growth_rate
0.32374687839680577,0.28847048464767505,0.03527639374913072,0.03527639374913072,True,0.03801651239291694,0.28573036600388885,0.3617633907897227,1000,growth_rate
0.22429782082511632,0.28848744769072393,-0.06418962686560761,0.06418962686560761,False,0.04690544987409348,0.17739237095102284,0.2712032706992098,1000,growth_rate
0.32697775007049873,0.28902378421284763,0.037953965857651095,0.037953965857651095,False,0.03171752473415122,0.2952602253363475,0.35869527480464997,1000,growth_rate
0.3127140566349702,0.2890816793688551,0.023632377266115112,0.023632377266115112,True,0.0348582084574019,0.2778558481775683,0.3475722650923721,1000,growth_rate
0.27345618088257945,0.289828338983602,-0.01637215810102255,0.01637215810102255,True,0.04079642647471926,0.2326597544078602,0.3142526073572987,1000,growth_rate
0.34966455131246504,0.2900409409875818,0.059623610324883225,0.059623610324883225,False,0.034351441678949844,0.3153131096335152,0.38401599299141487,1000,growth_rate
0.32765254223689855,0.2916559576208787,0.035996584616019844,0.035996584616019844,True,0.037922756307007525,0.289729785929891,0.3655752985439061,1000,growth_rate
0.3113405000456926,0.29185483778473376,0.019485662260958825,0.019485662260958825,True,0.04529695789902127,0.2660435421466713,0.35663745794471385,1000,growth_rate
0.31034459127416353,0.2925402555763112,0.017804335697852336,0.017804335697852336,True,0.0418972630864923,0.26844732818767125,0.3522418543606558,1000,growth_rate
0.2453911969395141,0.29282548114300133,-0.04743428420348722,0.04743428420348722,False,0.04411190276254281,0.2012792941769713,0.2895030997020569,1000,growth_rate
0.2649351280408167,0.29303577159286,-0.02810064355204328,0.02810064355204328,True,0.04418140094141647,0.22075372709940022,0.3091165289822332,1000,growth_rate
0.2707640050107456,0.2931264522339107,-0.022362447223165105,0.022362447223165105,True,0.040118622180325476,0.23064538283042013,0.31088262719107107,1000,growth_rate
0.31938438454692036,0.2934888236467876,0.025895560900132786,0.025895560900132786,True,0.033579513280236936,0.2858048712666834,0.3529638978271573,1000,growth_rate
0.28481348523456385,0.2954314087081754,-0.010617923473611568,0.010617923473611568,True,0.04454714023506982,0.24026634499949404,0.3293606254696337,1000,growth_rate
0.33385204908329974,0.2973413710188856,0.03651067806441416,0.03651067806441416,True,0.038291920129588486,0.29556012895371125,0.3721439692128882,1000,growth_rate
0.3194496570818735,0.2983318873009314,0.021117769780942097,0.021117769780942097,True,0.033642714491989016,0.2858069425898845,0.35309237157386253,1000,growth_rate
0.33728380536846825,0.29850162110016504,0.03878218426830321,0.03878218426830321,False,0.03741976412181995,0.2998640412466483,0.3747035694902882,1000,growth_rate
0.2836056418916676,0.29984711957743176,-0.016241477685764172,0.016241477685764172,True,0.03805651163219332,0.24554913025947428,0.3216621535238609,1000,growth_rate
0.2427254945873544,0.3000061088290067,-0.05728061424165229,0.05728061424165229,False,0.03673072634171919,0.2059947682456352,0.2794562209290736,1000,growth_rate
0.3299743386320656,0.3001260280915209,0.02984831054054471,0.02984831054054471,True,0.04189782058708735,0.28807651804497825,0.37187215921915295,1000,growth_rate
0.30381699266052814,0.3007207034067634,0.0030962892537647613,0.0030962892537647613,True,0.04189584087520986,0.2619211517853183,0.345712833535738,1000,growth_rate
0.3247187271843787,0.3016501316266408,0.023068595557737936,0.023068595557737936,True,0.03832178506812432,0.2863969421162544,0.36304051225250306,1000,growth_rate
0.26917501274987393,0.30260530980860284,-0.03343029705872891,0.03343029705872891,True,0.05024475199292264,0.2189302607569513,0.31941976474279654,1000,growth_rate
0.28299863156538396,0.30451372188028225,-0.02151509031489829,0.02151509031489829,True,0.040940187942387296,0.24205844362299667,0.32393881950777126,1000,growth_rate
0.3162203774492048,0.30495150836587087,0.01126886908333391,0.01126886908333391,True,0.03946165088552674,0.27675872656367806,0.3556820283347315,1000,growth_rate
0.33699229279588994,0.3057969177732985,0.031195375022591454,0.031195375022591454,False,0.03052840884668113,0.3064638839492088,0.36752070164257106,1000,growth_rate
0.3160336102184774,0.3072429349593366,0.008790675259140845,0.008790675259140845,True,0.03739692076161629,0.27863668945686115,0.3534305309800937,1000,growth_rate
0.2897731567016998,0.3081176830059287,-0.018344526304228892,0.018344526304228892,True,0.04607148535143328,0.2437016713502665,0.3358446420531331,1000,growth_rate
0.3276525636203766,0.30839797085841913,0.019254592761957456,0.019254592761957456,True,0.03770215477655661,0.28995040884381995,0.36535471839693323,1000,growth_rate
0.3418469613210388,0.30936829149028994,0.032478669830748874,0.032478669830748874,True,0.03736704322769494,0.30447991809334385,0.3792140045487338,1000,growth_rate
0.29648082855598695,0.30963605989869897,-0.013155231342712015,0.013155231342712015,True,0.03138218859439074,0.2650986399615962,0.3278630171503777,1000,growth_rate
0.3316294753074937,0.3096636365397414,0.02196583876775232,0.02196583876775232,True,0.035546853623246846,0.29608262168424687,0.36717632893074054,1000,growth_rate
0.2865392648147244,0.30979017326740343,-0.02325090845267902,0.02325090845267902,True,0.028433221377219854,0.25810604343750454,0.3149724861919443,1000,growth_rate
0.3113405002108697,0.3101242533304147,0.001216246880454963,0.001216246880454963,True,0.0443017272952112,0.2670387729156585,0.3556422275060809,1000,growth_rate
0.3216608432998111,0.31025634070245367,0.011404502597357424,0.011404502597357424,True,0.037317935559492595,0.2843429077403185,0.3589787788593037,1000,growth_rate
0.36264099605739997,0.3104010979159633,0.05223989814143665,0.05223989814143665,False,0.03203508076470901,0.33060591529269096,0.394676076822109,1000,growth_rate
0.32222851697027755,0.3110702219421917,0.011158295028085852,0.011158295028085852,True,0.03608472278133474,0.2861437941889428,0.3583132397516123,1000,growth_rate
0.3049791408561596,0.3111563179254251,-0.00617717706926546,0.00617717706926546,True,0.03192509130234536,0.2730540495538143,0.33690423215850496,1000,growth_rate
0.30939044403106897,0.3113785252748248,-0.0019880812437558237,0.0019880812437558237,True,0.034921399067242155,0.2744690449638268,0.34431184309831114,1000,growth_rate
0.3078647951254481,0.31174234885782093,-0.003877553732372807,0.003877553732372807,True,0.045784289322529315,0.2620805058029188,0.35364908444797744,1000,growth_rate
0.32313203476501384,0.3118189087292106,0.011313126035803256,0.011313126035803256,True,0.033739913729801486,0.28939212103521234,0.35687194849481535,1000,growth_rate
0.3121725579411451,0.31191254288616305,0.0002600150549820768,0.0002600150549820768,True,0.03917848118540228,0.27299407675574283,0.3513510391265474,1000,growth_rate
0.30642995114654853,0.3120556748938449,-0.005625723747296363,0.005625723747296363,True,0.048984856077768237,0.25744509506878027,0.3554148072243168,1000,growth_rate
0.31090083911432825,0.3138371448049839,-0.0029363056906556717,0.0029363056906556717,True,0.04283232743407054,0.2680685116802577,0.3537331665483988,1000,growth_rate
0.34817243660060554,0.3141572094105449,0.034015227190060615,0.034015227190060615,True,0.03410074405582726,0.3140716925447783,0.3822731806564328,1000,growth_rate
0.3046208072304308,0.3156060562167902,-0.010985248986359442,0.010985248986359442,True,0.03219323116123577,0.272427576069195,0.33681403839166657,1000,growth_rate
0.3034180297594476,0.3158147188169793,-0.012396689057531718,0.012396689057531718,True,0.03996510114098839,0.2634529286184592,0.343383130900436,1000,growth_rate
0.3329922994128905,0.31632788709306947,0.01666441231982102,0.01666441231982102,True,0.03190764565337639,0.3010846537595141,0.3648999450662669,1000,growth_rate
0.3452224496620613,0.3163683568751644,0.02885409278689688,0.02885409278689688,True,0.045121921488137665,0.30010052817392363,0.39034437115019893,1000,growth_rate
0.2971795196607383,0.3166092900990701,-0.019429770438331773,0.019429770438331773,True,0.03716218837359584,0.26001733128714244,0.33434170803433416,1000,growth_rate
0.3438514078121923,0.3168327818937874,0.027018625918404926,0.027018625918404926,True,0.040436168035004064,0.30341523977718826,0.38428757584719636,1000,growth_rate
0.3011285983667117,0.31922921386892966,-0.018100615502217976,0.018100615502217976,True,0.038688484977834545,0.2624401133888771,0.33981708334454624,1000,growth_rate
0.31522636102241935,0.32008830844952946,-0.004861947427110103,0.004861947427110103,True,0.03116610920656625,0.2840602518158531,0.3463924702289856,1000,growth_rate
0.302826830842847,0.32068449757708206,-0.017857666734235056,0.017857666734235056,True,0.04018024945967716,0.2626465813831699,0.34300708030252414,1000,growth_rate
0.3519984918844416,0.3208390691866338,0.031159422697807804,0.031159422697807804,True,0.0365256928174758,0.3154727990669658,0.3885241847019174,1000,growth_rate
0.33434055462890766,0.3211400084164445,0.013200546212463138,0.013200546212463138,True,0.035312481145940586,0.29902807348296706,0.36965303577484826,1000,growth_rate
0.27595000011916243,0.32257622180186124,-0.04662622168269881,0.04662622168269881,True,0.04686617086477213,0.2290838292543903,0.32281617098393456,1000,growth_rate
0.3468548368629476,0.3241052008791426,0.022749635983805028,0.022749635983805028,True,0.0391541410354153,0.3077006958275323,0.3860089778983629,1000,growth_rate
0.3219564330398829,0.32428789804000147,-0.002331465000118549,0.002331465000118549,True,0.04162326243378008,0.28033317060610285,0.363579695473663,1000,growth_rate
0.31349761650164876,0.32457202380738037,-0.011074407305731615,0.011074407305731615,True,0.036506536005682814,0.27699108049596594,0.3500041525073316,1000,growth_rate
0.31655685512129145,0.32463279630117625,-0.008075941179884805,0.008075941179884805,True,0.047332951689770086,0.26922390343152136,0.36388980681106153,1000,growth_rate
0.3552124325149022,0.32465595903007544,0.030556473484826763,0.030556473484826763,True,0.04026206003106265,0.31495037248383956,0.39547449254596484,1000,growth_rate
0.34734753013763964,0.3252384291068698,0.02210910103076985,0.02210910103076985,True,0.029863382091910463,0.31748414804572916,0.3772109122295501,1000,growth_rate
0.3263225416366817,0.3253210883958515,0.0010014532408301746,0.0010014532408301746,True,0.04322655739084545,0.2830959842458362,0.36954909902752714,1000,growth_rate
0.37025421020700916,0.3255613852207997,0.04469282498620947,0.04469282498620947,False,0.037374194642329404,0.3328800155646798,0.40762840484933854,1000,growth_rate
0.3118800490155392,0.32611156253309237,-0.014231513517553196,0.014231513517553196,True,0.03159737166063958,0.2802826773548996,0.34347742067617876,1000,growth_rate
0.29805347185040837,0.32622933981640523,-0.02817586796599686,0.02817586796599686,True,0.0432457885906207,0.25480768325978764,0.3412992604410291,1000,growth_rate
0.33523105181764035,0.3267016240079628,0.008529427809677526,0.008529427809677526,True,0.036686862423769145,0.2985441893938712,0.3719179142414095,1000,growth_rate
0.35780628757451416,0.3267054512617681,0.031100836312746072,0.031100836312746072,True,0.03326033954276285,0.3245459480317513,0.391066627117277,1000,growth_rate
0.35632710321651223,0.3267728734724413,0.029554229744070903,0.029554229744070903,True,0.03689112206255368,0.31943598115395855,0.3932182252790659,1000,growth_rate
0.3308801793072477,0.3270750962386971,0.0038050830685505965,0.0038050830685505965,True,0.03136158024299096,0.29951859906425676,0.3622417595502387,1000,growth_rate
0.3119327374282527,0.32714151338624314,-0.015208775957990417,0.015208775957990417,True,0.0461692037859761,0.2657635336422766,0.35810194121422884,1000,growth_rate
0.3491694407565118,0.3273535276115174,0.02181591314499437,0.02181591314499437,True,0.029388185478353153,0.31978125527815865,0.37855762623486494,1000,growth_rate
0.35401880875472463,0.3282181475834065,0.02580066117131813,0.02580066117131813,True,0.03823435119475257,0.3157844575599721,0.3922531599494772,1000,growth_rate
0.32659802785512393,0.3284709416782612,-0.0018729138231372566,0.0018729138231372566,True,0.042391067846529476,0.28420696000859447,0.3689890957016534,1000,growth_rate
0.31443377500441955,0.3287030225291411,-0.014269247524721529,0.014269247524721529,True,0.03984123196250729,0.2745925430419123,0.3542750069669268,1000,growth_rate
0.3775490767111474,0.32930923083541935,0.04823984587572805,0.04823984587572805,False,0.035161289630754454,0.34238778708039297,0.41271036634190184,1000,growth_rate
0.35714820406897807,0.3298319717265951,0.02731623234238295,0.02731623234238295,True,0.03896627180061051,0.31818193226836755,0.3961144758695886,1000,growth_rate
0.32131898769619044,0.32984630664378795,-0.008527318947597506,0.008527318947597506,True,0.04156722564648598,0.2797517620497045,0.3628862133426764,1000,growth_rate
0.35684404009607334,0.33016295319980626,0.02668108689626708,0.02668108689626708,True,0.034174887056673875,0.32266915303939947,0.3910189271527472,1000,growth_rate
0.34231917388731975,0.3301735260975992,0.012145647789720548,0.012145647789720548,True,0.039740104708845286,0.30257906917847444,0.38205927859616506,1000,growth_rate
0.2975565062345268,0.33114593689075233,-0.03358943065622555,0.03358943065622555,True,0.044342363855491486,0.2532141423790353,0.3418988700900183,1000,growth_rate
0.30213415371084157,0.331491295401613,-0.029357141690771416,0.029357141690771416,True,0.03479407639841808,0.2673400773124235,0.33692823010925965,1000,growth_rate
0.3251817473129201,0.331513374499315,-0.006331627186394906,0.006331627186394906,True,0.03529967711959048,0.2898820701933296,0.3604814244325106,1000,growth_rate
0.31634994769251207,0.3322850955975455,-0.01593514790503342,0.01593514790503342,True,0.03976123445309154,0.2765887132394205,0.3561111821456036,1000,growth_rate
0.3813928746879864,0.3332403654107422,0.04815250927724418,0.04815250927724418,False,0.03112842710186174,0.3502644475861246,0.41252130178984814,1000,growth_rate
0.35401882437436294,0.33382281345026227,0.02019601092410067,0.02019601092410067,True,0.037072185042236146,0.3169466393321268,0.3910910094165991,1000,growth_rate
0.32116684458106476,0.33400773225687963,-0.012840887675814872,0.012840887675814872,True,0.042107397544231415,0.27905944703683333,0.3632742421252962,1000,growth_rate
0.3715834516288015,0.33406740236763377,0.03751604926116775,0.03751604926116775,False,0.03639036254061832,0.3351930890881832,0.40797381416941986,1000,growth_rate
0.33030295025079986,0.3343937889925536,-0.004090838741753755,0.004090838741753755,True,0.03693126263410286,0.293371687616697,0.3672342128849027,1000,growth_rate
0.3146367252943827,0.3346894176131755,-0.02005269231879281,0.02005269231879281,True,0.03205545817328548,0.2825812671210972,0.34669218346766817,1000,growth_rate
0.35213923540682485,0.3357851238171385,0.01635411158968636,0.01635411158968636,True,0.03935565961117912,0.31278357579564575,0.39149489501800394,1000,growth_rate
0.3265980759588649,0.33619183795640684,-0.009593761997541916,0.009593761997541916,True,0.04610049346513088,0.280497582493734,0.3726985694239958,1000,growth_rate
0.37480493861317743,0.33631143981593586,0.038493498797241565,0.038493498797241565,False,0.032391791834259456,0.342413146778918,0.40719673044743687,1000,growth_rate
0.3515897504989572,0.336679820302058,0.01490993019689918,0.01490993019689918,True,0.03806887442012338,0.31352087607883383,0.38965862491908054,1000,growth_rate
0.3435126638524978,0.3374049673696363,0.006107696482861469,0.006107696482861469,True,0.04170533423882742,0.30180732961367035,0.38521799809132523,1000,growth_rate
0.3086626908238885,0.3379805249825032,-0.02931783415861472,0.02931783415861472,True,0.03547030749904772,0.27319238332484075,0.3441329983229362,1000,growth_rate
0.3350089355404258,0.3379982937341239,-0.002989358193698055,0.002989358193698055,True,0.03295282136441292,0.3020561141760129,0.36796175690483873,1000,growth_rate
0.3528872703904575,0.33812745099006564,0.014759819400391838,0.014759819400391838,True,0.04098640889016949,0.311900861500288,0.39387367928062694,1000,growth_rate
0.32471868017414407,0.33906252493673045,-0.014343844762586377,0.014343844762586377,True,0.04003242750417241,0.28468625266997166,0.3647511076783165,1000,growth_rate
0.3515661009349629,0.33911961852957623,0.01244648240538665,0.01244648240538665,True,0.03528899206059085,0.31627710887437205,0.3868550929955537,1000,growth_rate
0.36346261983573447,0.3394414528816146,0.024021166954119877,0.024021166954119877,True,0.03391464515433454,0.32954797468139996,0.397377264990069,1000,growth_rate
0.3672042621135853,0.3397509018866426,0.027453360226942725,0.027453360226942725,True,0.03932373784472021,0.3278805242688651,0.4065279999583055,1000,growth_rate
0.34296021898843404,0.34039318420809495,0.0025670347803390947,0.0025670347803390947,True,0.03901960422699953,0.3039406147614345,0.38197982321543356,1000,growth_rate
0.34128626520535005,0.3408058894037133,0.0004803758016367343,0.0004803758016367343,True,0.03819063724673912,0.30309562795861095,0.37947690245208915,1000,growth_rate
0.35233799452320835,0.3412592389330047,0.01107875559020366,0.01107875559020366,True,0.03812583329381026,0.3142121612293981,0.3904638278170186,1000,growth_rate
0.32868893982793723,0.34205801000126584,-0.013369070173328612,0.013369070173328612,True,0.030415611307539676,0.29827332852039756,0.3591045511354769,1000,growth_rate
0.36966811614515716,0.3421508341156074,0.027517282029549728,0.027517282029549728,True,0.035380632977655035,0.3342874831675021,0.4050487491228122,1000,growth_rate
0.343588802790066,0.3423929815146309,0.001195821275435105,0.001195821275435105,True,0.043120020490637706,0.3004687822994283,0.38670882328070366,1000,growth_rate
0.35069236559944594,0.34309630053494206,0.007596065064503887,0.007596065064503887,True,0.035234666110823515,0.31545769948862246,0.38592703171026943,1000,growth_rate
0.36046373158175005,0.3431846596299572,0.017279071951792846,0.017279071951792846,True,0.03419479321635898,0.32626893836539106,0.39465852479810903,1000,growth_rate
0.3374290993078558,0.34339997397953037,-0.005970874671674564,0.005970874671674564,True,0.04306067245788831,0.2943684268499675,0.3804897717657441,1000,growth_rate
0.36445736529822753,0.34427072709928175,0.020186638198945783,0.020186638198945783,True,0.03481211943777157,0.32964524586045596,0.3992694847359991,1000,growth_rate
0.3359546917594508,0.34459020687745706,-0.008635515118006254,0.008635515118006254,True,0.04075890324118206,0.2951957885182688,0.37671359500063284,1000,growth_rate
0.35659260500796836,0.3451341049536493,0.011458500054319032,0.011458500054319032,True,0.03203014823675171,0.32456245677121665,0.38862275324472006,1000,growth_rate
0.3785128007674794,0.34548185188263253,0.03303094888484687,0.03303094888484687,True,0.03795053130466458,0.3405622694628148,0.416463332072144,1000,growth_rate
0.3311718761682426,0.34554646092788216,-0.014374584759639542,0.014374584759639542,True,0.037614236120968064,0.2935576400472746,0.36878611228921065,1000,growth_rate
0.34358871422293275,0.3457387554736651,-0.0021500412507323707,0.0021500412507323707,True,0.042798060877143385,0.30079065334578936,0.38638677510007613,1000,growth_rate
0.341421055811255,0.34598875593642137,-0.004567700125166385,0.004567700125166385,True,0.03452499278719813,0.30689606302405686,0.3759460485984531,1000,growth_rate
0.34823498380099904,0.34656895915649816,0.0016660246445008853,0.0016660246445008853,True,0.033827114875539646,0.3144078689254594,0.3820620986765387,1000,growth_rate
0.34536320955364314,0.34667137626933525,-0.0013081667156921162,0.0013081667156921162,True,0.03747663789086849,0.30788657166277467,0.3828398474445116,1000,growth_rate
0.3692311130593496,0.34684223554900123,0.02238887751034835,0.02238887751034835,True,0.038854350082997376,0.3303767629763522,0.40808546314234695,1000,growth_rate
0.3507156712055289,0.3472626010724347,0.003453070133094205,0.003453070133094205,True,0.03955622150294528,0.3111594497025836,0.3902718927084742,1000,growth_rate
0.3553948949757817,0.34738248858660287,0.008012406389178828,0.008012406389178828,True,0.03817839413010619,0.3172165008456755,0.3935732891058879,1000,growth_rate
0.323688233998566,0.34739654224323624,-0.02370830824467024,0.02370830824467024,True,0.03929553728565493,0.28439269671291106,0.36298377128422094,1000,growth_rate
0.37951549841271726,0.34748171757043794,0.032033780842279314,0.032033780842279314,True,0.03252261281650082,0.34699288559621644,0.4120381112292181,1000,growth_rate
0.37779763582090486,0.3477531459704076,0.03004448985049729,0.03004448985049729,True,0.030977142540508575,0.34682049328039627,0.40877477836141346,1000,growth_rate
0.36110044397221847,0.3488642207183345,0.01223622325388396,0.01223622325388396,True,0.03491320582990632,0.32618723814231215,0.3960136498021248,1000,growth_rate
0.33138018878569064,0.3489434628348206,-0.01756327404912994,0.01756327404912994,True,0.036126823193434486,0.2952533655922562,0.3675070119791251,1000,growth_rate
0.3626409930746931,0.3489523732161718,0.013688619858521323,0.013688619858521323,True,0.037148283067021434,0.32549271000767166,0.39978927614171456,1000,growth_rate
0.3450272795422872,0.34940499919021173,-0.0043777196479245495,0.0043777196479245495,True,0.04345485168049186,0.30157242786179533,0.388482131222779,1000,growth_rate
0.36384688331006226,0.34968975115648976,0.014157132153572505,0.014157132153572505,True,0.030593344808337884,0.3332535385017244,0.3944402281184001,1000,growth_rate
0.3733043860530595,0.3502558894831364,0.023048496569923083,0.023048496569923083,True,0.03720360066072408,0.3361007853923354,0.4105079867137836,1000,growth_rate
0.3385564898839336,0.3505307669639542,-0.011974277080020579,0.011974277080020579,True,0.03578358964065768,0.3027729002432759,0.3743400795245913,1000,growth_rate
0.37695125892287734,0.35101006466572615,0.02594119425715119,0.02594119425715119,True,0.039855216521916446,0.3370960424009609,0.41680647544479377,1000,growth_rate
0.35529708581815167,0.3525272948737995,0.0027697909443521462,0.0027697909443521462,True,0.03592077347097629,0.3193763123471754,0.39121785928912794,1000,growth_rate
0.370825582443354,0.3527234768111222,0.018102105632231802,0.018102105632231802,True,0.03670743573137076,0.33411814671198325,0.40753301817472476,1000,growth_rate
0.3687818078134469,0.3530280917920032,0.01575371602144371,0.01575371602144371,True,0.0368787869357214,0.3319030208777255,0.40566059474916827,1000,growth_rate
0.3838994820277589,0.35331793137491757,0.03058155065284135,0.03058155065284135,True,0.03239026418237375,0.3515092178453852,0.41628974621013265,1000,growth_rate
0.3655661895499339,0.35359030040394884,0.011975889145985075,0.011975889145985075,True,0.035703473354254465,0.3298627161956795,0.40126966290418836,1000,growth_rate
0.34783813320842083,0.35384331090783555,-0.006005177699414721,0.006005177699414721,True,0.037915093108567034,0.3099230400998538,0.3857532263169879,1000,growth_rate
0.3682456960801821,0.3540739113090524,0.01417178477112968,0.01417178477112968,True,0.03800579886791406,0.33023989721226804,0.40625149494809615,1000,growth_rate
0.3734770351478965,0.3546700092359604,0.01880702591193606,0.01880702591193606,True,0.03427013777964985,0.3392068973682466,0.40774717292754636,1000,growth_rate
0.3648454599326017,0.3553421712991586,0.009503288633443074,0.009503288633443074,True,0.03467826339619012,0.3301671965364116,0.3995237233287918,1000,growth_rate
0.355239434696851,0.3554343428630116,-0.00019490816616063444,0.00019490816616063444,True,0.0318696103442729,0.3233698243525781,0.38710904504112387,1000,growth_rate
0.35028468281615316,0.35675144750629234,-0.006466764690139182,0.006466764690139182,True,0.04038106788248925,0.3099036149336639,0.3906657506986424,1000,growth_rate
0.36134289492417787,0.35716357309607255,0.00417932182810532,0.00417932182810532,True,0.03838547116562286,0.322957423758555,0.3997283660898007,1000,growth_rate
0.3441049004696407,0.3574433360560164,-0.013338435586375708,0.013338435586375708,True,0.028127545715102637,0.3159773547545381,0.3722324461847433,1000,growth_rate
0.351622024358175,0.3575486608538117,-0.0059266364956366835,0.0059266364956366835,True,0.031088661738436215,0.3205333626197388,0.38271068609661124,1000,growth_rate
0.3875807530256608,0.35794098937093316,0.029639763654727647,0.029639763654727647,True,0.03636281193323612,0.35121794109242466,0.42394356495889696,1000,growth_rate
0.3782920973990642,0.35805142877715307,0.02024066862191115,0.02024066862191115,True,0.03785977220812763,0.3404323251909366,0.41615186960719186,1000,growth_rate
0.3693915483540621,0.3586976505034271,0.010693897850635015,0.010693897850635015,True,0.02996648039528741,0.3394250679587747,0.39935802874934956,1000,growth_rate
0.38647099785477074,0.35893007568019203,0.027540922174578708,0.027540922174578708,True,0.033646624174414795,0.35282437368035596,0.4201176220291855,1000,growth_rate
0.3715490312190302,0.3590342567057035,0.01251477451332672,0.01251477451332672,True,0.039033535814934954,0.33251549540409525,0.4105825670339652,1000,growth_rate
0.36108109694872276,0.3597452496051688,0.0013358473435539642,0.0013358473435539642,True,0.03896766853723845,0.3221134284114843,0.4000487654859612,1000,growth_rate
0.37435292983552243,0.361574580035542,0.012778349799980437,0.012778349799980437,True,0.03676704864347622,0.3375858811920462,0.41111997847899867,1000,growth_rate
0.34854286179852306,0.36196956971874106,-0.013426707920217995,0.013426707920217995,True,0.03565946740178337,0.3128833943967397,0.38420232920030645,1000,growth_rate
0.37127506260564963,0.36283481196641043,0.0084402506392392,0.0084402506392392,True,0.03344344225068579,0.33783162035496384,0.4047185048563354,1000,growth_rate
0.3830563645799417,0.3630839971552762,0.019972367424665516,0.019972367424665516,True,0.033033548500609036,0.35002281607933267,0.4160899130805507,1000,growth_rate
0.3475727447254747,0.3631597492140186,-0.015587004488543887,0.015587004488543887,True,0.032881528084827374,0.31469121664064736,0.3804542728103021,1000,growth_rate
0.39523890967070735,0.3633154338322866,0.031923475838420756,0.031923475838420756,True,0.03422190052711315,0.3610170091435942,0.4294608101978205,1000,growth_rate
0.37596526320656853,0.36334487574509894,0.012620387461469595,0.012620387461469595,True,0.035632541277647846,0.34033272192892067,0.4115978044842164,1000,growth_rate
0.34842264511603244,0.36335026233511303,-0.014927617219080591,0.014927617219080591,True,0.03082608979240836,0.3175965553236241,0.3792487349084408,1000,growth_rate
0.35529697273531213,0.36357603937335464,-0.00827906663804251,0.00827906663804251,True,0.030296019060297403,0.32500095367501475,0.3855929917956095,1000,growth_rate
0.38891457723113243,0.36474960980969795,0.02416496742143448,0.02416496742143448,True,0.03496128320365083,0.3539532940274816,0.42387586043478326,1000,growth_rate
0.3631777689529408,0.3649868710127862,-0.0018091020598454133,0.0018091020598454133,True,0.03799821577611773,0.32517955317682307,0.4011759847290585,1000,growth_rate
0.3922952368435448,0.36535406206451915,0.026941174779025634,0.026941174779025634,True,0.033898931262644406,0.35839630558090035,0.4261941681061892,1000,growth_rate
0.40464232905893316,0.3658528377810333,0.03878949127789988,0.03878949127789988,False,0.03492956690250053,0.3697127621564326,0.4395718959614337,1000,growth_rate
0.35971835363920346,0.36611330236861417,-0.00639494872941071,0.00639494872941071,True,0.02990667114400579,0.32981168249519766,0.38962502478320926,1000,growth_rate
0.3369927500774032,0.36631210683810017,-0.02931935676069697,0.02931935676069697,True,0.03027663958582325,0.30671611049157993,0.3672693896632265,1000,growth_rate
0.3727869625654741,0.3665068460501809,0.006280116515293199,0.006280116515293199,True,0.039028325930722335,0.3337586366347518,0.4118152884961964,1000,growth_rate
0.37390350260056776,0.3669644910208223,0.006939011579745469,0.006939011579745469,True,0.03439259230700282,0.33951091029356495,0.4082960949075706,1000,growth_rate
0.38479122018984435,0.3675732687942342,0.017217951395610165,0.017217951395610165,True,0.02947504524095373,0.3553161749488906,0.4142662654307981,1000,growth_rate
0.39020949082138284,0.367662093747572,0.022547397073810815,0.022547397073810815,True,0.0343523408593965,0.35585714996198636,0.4245618316807793,1000,growth_rate
0.3722991820805382,0.36784669326412295,0.004452488816415245,0.004452488816415245,True,0.029344244580283382,0.3429549375002548,0.4016434266608216,1000,growth_rate
0.37268159676778606,0.3690164154788177,0.0036651812889683666,0.0036651812889683666,True,0.03451164186380867,0.3381699549039774,0.40719323863159473,1000,growth_rate
0.37679920717496457,0.36956877429176155,0.00723043288320302,0.00723043288320302,True,0.03846989941988417,0.3383293077550804,0.4152691065948487,1000,growth_rate
0.3928313039447546,0.37023945776584105,0.02259184617891352,0.02259184617891352,True,0.028917369404175663,0.3639139345405789,0.42174867334893024,1000,growth_rate
0.39354921307120205,0.3702965721472817,0.023252640923920376,0.023252640923920376,True,0.034304044590919895,0.35924516848028215,0.42785325766212196,1000,growth_rate
0.34512589859492815,0.37040668567608315,-0.025280787081155,0.025280787081155,True,0.03475244269889971,0.31037345589602844,0.37987834129382786,1000,growth_rate
0.38778432288852227,0.3705412031997813,0.017243119688740982,0.017243119688740982,True,0.0368236505973924,0.35096067229112987,0.42460797348591467,1000,growth_rate
0.3710173985640612,0.3706785846081388,0.00033881395592239016,0.00033881395592239016,True,0.029588884098111473,0.3414285144659497,0.4006062826621727,1000,growth_rate
0.36188786520038985,0.3711524641564877,-0.00926459895609788,0.00926459895609788,True,0.03537176207201643,0.3265161031283734,0.39725962727240627,1000,growth_rate
0.38425660417960295,0.3713686367748144,0.012887967404788536,0.012887967404788536,True,0.03874194687053025,0.3455146573090727,0.4229985510501332,1000,growth_rate
0.3777974618268439,0.37151778809372954,0.006279673733114388,0.006279673733114388,True,0.03535295820553885,0.3424445036213051,0.4131504200323828,1000,growth_rate
0.3797580016884834,0.3723023818275239,0.007455619860959495,0.007455619860959495,True,0.03574275977851875,0.34401524190996463,0.41550076146700216,1000,growth_rate
0.3853623740944765,0.37230572354222125,0.013056650552255245,0.013056650552255245,True,0.0329739566483845,0.352388417446092,0.418336330742861,1000,growth_rate
0.37388616140047887,0.37237530953479775,0.0015108518656811176,0.0015108518656811176,True,0.03955081097861171,0.33433535042186713,0.4134369723790906,1000,growth_rate
0.3763220497915424,0.37237616171217963,0.003945888079362747,0.003945888079362747,True,0.039525185318148866,0.3367968644733935,0.41584723510969124,1000,growth_rate
0.39527809862966634,0.3726829225409974,0.022595176088668956,0.022595176088668956,True,0.03861044553112243,0.3566676530985439,0.43388854416078876,1000,growth_rate
0.40852907270349026,0.37333554549612913,0.03519352720736113,0.03519352720736113,True,0.035585759848937304,0.37294331285455296,0.44411483255242756,1000,growth_rate
0.3919671675420313,0.3733731115510023,0.018594055991029035,0.018594055991029035,True,0.0287963807841529,0.3631707867578784,0.42076354832618423,1000,growth_rate
0.3611736334754617,0.3738232783243821,-0.012649644848920394,0.012649644848920394,True,0.03279718438376888,0.32837644909169283,0.3939708178592306,1000,growth_rate
0.3849719743089918,0.3741915222245848,0.010780452084407033,0.010780452084407033,True,0.03697028152838356,0.3480016927806083,0.4219422558373754,1000,growth_rate
0.38218951369342113,0.37480451461545616,0.007384999077964971,0.007384999077964971,True,0.0398594987324303,0.34233001496099086,0.4220490124258514,1000,growth_rate
0.3927691818803841,0.37528670943949,0.017482472440894126,0.017482472440894126,True,0.035046996833683335,0.3577221850467008,0.42781617871406746,1000,growth_rate
0.3791747959102946,0.37551365365918965,0.0036611422511049763,0.0036611422511049763,True,0.0365680246300915,0.3426067712802031,0.41574282054038614,1000,growth_rate
0.3650848765400208,0.3759415468050463,-0.010856670265025514,0.010856670265025514,True,0.037925327721187306,0.3271595488188335,0.4030102042612081,1000,growth_rate
0.38791996388449895,0.37776473845141806,0.010155225433080894,0.010155225433080894,True,0.038655380295606015,0.34926458358889295,0.42657534418010495,1000,growth_rate
0.3855321098699882,0.37847042627848837,0.007061683591499834,0.007061683591499834,True,0.02865243994531767,0.3568796699246705,0.4141845498153059,1000,growth_rate
0.39221366687992637,0.380562175304837,0.011651491575089379,0.011651491575089379,True,0.03355925805108847,0.3586544088288379,0.4257729249310148,1000,growth_rate
0.38274427174579817,0.3810579202788843,0.0016863514669138713,0.0016863514669138713,True,0.029625850156112625,0.35311842158968554,0.4123701219019108,1000,growth_rate
0.38967842633049954,0.38111919971462727,0.008559226615872273,0.008559226615872273,True,0.028409169026914254,0.3612692573035853,0.4180875953574138,1000,growth_rate
0.3998902326631669,0.3811410837272706,0.018749148935896298,0.018749148935896298,True,0.03729627971395046,0.3625939529492165,0.43718651237711736,1000,growth_rate
0.390577345515804,0.38130121083589336,0.00927613467991062,0.00927613467991062,True,0.03816212185235284,0.3524152236634511,0.4287394673681568,1000,growth_rate
0.39246290057184235,0.3833082573111233,0.009154643260719075,0.009154643260719075,True,0.030107132347436547,0.3623557682244058,0.4225700329192789,1000,growth_rate
0.39254756116819606,0.38349082617791225,0.00905673499028381,0.00905673499028381,True,0.028356065321523478,0.3641914958466726,0.4209036264897195,1000,growth_rate
0.4063195752027247,0.38482735767894893,0.02149221752377578,0.02149221752377578,True,0.03825465051336777,0.3680649246893569,0.4445742257160925,1000,growth_rate
0.40410329476341855,0.38550097355794155,0.018602321205477,0.018602321205477,True,0.03468664540224017,0.3694166493611784,0.4387899401656587,1000,growth_rate
0.39530420927419413,0.38722359206893825,0.00808061720525588,0.00808061720525588,True,0.03014320308372838,0.36516100619046576,0.4254474123579225,1000,growth_rate
0.4008600456603675,0.3873456295916274,0.013514416068740098,0.013514416068740098,True,0.032436278189337066,0.3684237674710304,0.43329632384970457,1000,growth_rate
0.39454542186905794,0.3874839075204618,0.007061514348596143,0.007061514348596143,True,0.028063276734704743,0.3664821451343532,0.4226086986037627,1000,growth_rate
0.4124420548326878,0.3897407569535509,0.022701297879136884,0.022701297879136884,True,0.033515892414671705,0.37892616241801613,0.4459579472473595,1000,growth_rate
0.38572176250468554,0.3900016111892926,-0.004279848684607068,0.004279848684607068,True,0.040589156896306676,0.3451326056083789,0.4263109194009922,1000,growth_rate
0.39867015984073595,0.3901573822556835,0.008512777585052422,0.008512777585052422,True,0.038038593771194944,0.360631566069541,0.4367087536119309,1000,growth_rate
0.3917416163508178,0.39190917142450193,-0.00016755507368415579,0.00016755507368415579,True,0.03718435386867334,0.3545572624821444,0.42892597021949114,1000,growth_rate
0.38353919562082167,0.3921252327588473,-0.008586037138025637,0.008586037138025637,True,0.03757790586556004,0.34596128975526164,0.4211171014863817,1000,growth_rate
0.40948819996393154,0.39234792363795,0.01714027632598153,0.01714027632598153,True,0.02824048781582172,0.3812477121481098,0.43772868777975327,1000,growth_rate
0.39740193164973897,0.39246835171556554,0.0049335799341734266,0.0049335799341734266,True,0.03975434986951358,0.3576475817802254,0.43715628151925257,1000,growth_rate
0.40970371956528084,0.39274622949104276,0.01695749007423808,0.01695749007423808,True,0.02824444809313384,0.381459271472147,0.4379481676584147,1000,growth_rate
0.4059713542251116,0.3935794867049968,0.012391867520114785,0.012391867520114785,True,0.028276291329844664,0.37769506289526694,0.43424764555495626,1000,growth_rate
0.3978219717424877,0.39380909975173817,0.004012871990749511,0.004012871990749511,True,0.028115916395374488,0.3697060553471132,0.42593788813786215,1000,growth_rate
0.3971773804693003,0.3944161716714836,0.0027612087978167166,0.0027612087978167166,True,0.030104461598610778,0.3670729188706895,0.4272818420679111,1000,growth_rate
0.3928630874445123,0.39542709152714217,-0.002564004082629856,0.002564004082629856,True,0.03235714519637678,0.36050594224813554,0.4252202326408891,1000,growth_rate
0.40162567735523935,0.39558062595850013,0.0060450513967392205,0.0060450513967392205,True,0.032958342053952004,0.36866733530128737,0.43458401940919134,1000,growth_rate
0.4129007886603877,0.39647247495938265,0.01642831370100506,0.01642831370100506,True,0.03751077415397493,0.3753900145064128,0.4504115628143626,1000,growth_rate
0.40122615618267005,0.39711709875413076,0.004109057428539287,0.004109057428539287,True,0.027524542642534094,0.373701613540136,0.4287506988252041,1000,growth_rate
0.40779515656995624,0.3974948144733768,0.010300342096579429,0.010300342096579429,True,0.036793853909054056,0.3710013026609022,0.4445890104790103,1000,growth_rate
0.39763034686441107,0.3975497162025547,8.063066185637346e-05,8.063066185637346e-05,True,0.038667249082137076,0.358963097782274,0.43629759594654816,1000,growth_rate
0.4047829761732436,0.3976022935883192,0.0071806825849243805,0.0071806825849243805,True,0.028387812568536435,0.37639516360470715,0.43317078874178006,1000,growth_rate
0.41095801751320665,0.39812032392323143,0.012837693589975219,0.012837693589975219,True,0.027783660508141697,0.38317435700506497,0.43874167802134834,1000,growth_rate
0.40499165567216294,0.39935913529815525,0.005632520374007688,0.005632520374007688,True,0.02916524783191778,0.3758264078402452,0.4341569035040807,1000,growth_rate
0.4081067215231156,0.39948215961040195,0.008624561912713657,0.008624561912713657,True,0.029714618804579002,0.3783921027185366,0.4378213403276946,1000,growth_rate
0.4148773158306688,0.40049729447505455,0.014380021355614225,0.014380021355614225,True,0.031991349547155136,0.3828859662835136,0.44686866537782394,1000,growth_rate
0.3971230361630478,0.4016022585342546,-0.0044792223712067925,0.0044792223712067925,True,0.028464667276881503,0.36865836888616627,0.4255877034399293,1000,growth_rate
0.4037565849611559,0.4016185816153895,0.002138003345766415,0.002138003345766415,True,0.028028082736882665,0.37572850222427323,0.4317846676980386,1000,growth_rate
0.41457488145479804,0.4020580501583536,0.01251683129644443,0.01251683129644443,True,0.0322189919478979,0.38235588950690014,0.44679387340269594,1000,growth_rate
0.4196289559397684,0.4027731658840685,0.016855790055699926,0.016855790055699926,True,0.028354303208231343,0.39127465273153705,0.44798325914799975,1000,growth_rate
0.3947204496945546,0.40392908841947067,-0.009208638724916063,0.009208638724916063,True,0.02770389469112413,0.3670165550034305,0.4224243443856787,1000,growth_rate
0.40208852191448574,0.40546830544868917,-0.003379783534203429,0.003379783534203429,True,0.030941676944370954,0.3711468449701148,0.4330301988588567,1000,growth_rate
0.4174320410666754,0.406382887340246,0.011049153726429395,0.011049153726429395,True,0.02949318737296086,0.38793885369371456,0.4469252284396363,1000,growth_rate
0.42012246325034486,0.4070621129958947,0.013060350254450181,0.013060350254450181,True,0.028042540497690168,0.3920799227526547,0.44816500374803503,1000,growth_rate
0.42103670218093503,0.4070832544088072,0.013953447772127814,0.013953447772127814,True,0.027063731910673794,0.39397297027026124,0.4481004340916088,1000,growth_rate
0.41591501840713196,0.4072379313610487,0.008677087046083276,0.008677087046083276,True,0.02827031638373274,0.38764470202339923,0.4441853347908647,1000,growth_rate
0.42758437796566445,0.4073912082636399,0.02019316970202456,0.02019316970202456,True,0.029619331755847807,0.39796504620981665,0.45720370972151225,1000,growth_rate
0.4153452065602618,0.4100011689402104,0.005344037620051423,0.005344037620051423,True,0.02794535640368894,0.38739985015657286,0.44329056296395075,1000,growth_rate
0.42351195912762174,0.41014560270597367,0.013366356421648073,0.013366356421648073,True,0.0279034857014558,0.39560847342616595,0.45141544482907753,1000,growth_rate
0.4226669572682381,0.4102327457926926,0.01243421147554552,0.01243421147554552,True,0.028661731501281144,0.39400522576695696,0.45132868876951926,1000,growth_rate
0.41697275772025005,0.41139270617159757,0.005580051548652487,0.005580051548652487,True,0.029117545491155836,0.3878552122290942,0.4460903032114059,1000,growth_rate
0.42748126712796086,0.4115226070643409,0.015958660063619956,0.015958660063619956,True,0.027344805884514774,0.4001364612434461,0.45482607301247563,1000,growth_rate
0.4115122078344848,0.4119576313376841,-0.0004454235031993159,0.0004454235031993159,True,0.027828571578495786,0.383683636255989,0.43934077941298055,1000,growth_rate
0.41806427426003606,0.4119805902516236,0.006083684008412471,0.006083684008412471,True,0.028170847461024037,0.389893426799012,0.4462351217210601,1000,growth_rate
0.42953452547147314,0.412064802412983,0.01746972305849015,0.01746972305849015,True,0.026356954783720552,0.40317757068775256,0.4558914802551937,1000,growth_rate
0.43581013930355106,0.41244796448600074,0.02336217481755032,0.02336217481755032,True,0.028316761332578745,0.4074933779709723,0.4641269006361298,1000,growth_rate
0.42369966968657274,0.4137245682311723,0.009975101455400426,0.009975101455400426,True,0.027874551942045973,0.3958251177445268,0.4515742216286187,1000,growth_rate
0.42073636367839434,0.41393140071071044,0.006804962967683903,0.006804962967683903,True,0.02778709463383139,0.39294926904456295,0.44852345831222573,1000,growth_rate
0.4247040273090648,0.4142159611220553,0.010488066187009537,0.010488066187009537,True,0.02703402237181183,0.39767000493725296,0.45173804968087666,1000,growth_rate
0.42176977372552044,0.4144043658327994,0.007365407892721054,0.007365407892721054,True,0.027821270933985818,0.3939485027915346,0.4495910446595063,1000,growth_rate
0.4204314839549061,0.4145005392373627,0.005930944717543407,0.005930944717543407,True,0.026963565414855836,0.39346791854005025,0.44739504936976193,1000,growth_rate
0.4232921289063724,0.41588054522893325,0.00741158367743916,0.00741158367743916,True,0.026875610510589048,0.39641651839578335,0.4501677394169615,1000,growth_rate
0.42332666290346177,0.41684394217157983,0.006482720731881941,0.006482720731881941,True,0.026858430409556523,0.3964682324939052,0.4501850933130183,1000,growth_rate
0.4244865025806006,0.4172685918073403,0.007217910773260283,0.007217910773260283,True,0.027272212358759918,0.3972142902218407,0.45175871493936054,1000,growth_rate
0.4253423240078937,0.41845606935680757,0.00688625465108611,0.00688625465108611,True,0.027702519324115212,0.39763980468377846,0.4530448433320089,1000,growth_rate
0.4175508749536051,0.4187312163348612,-0.0011803413812561114,0.0011803413812561114,True,0.02720789472967667,0.39034298022392844,0.44475876968328176,1000,growth_rate
0.42976667249806244,0.41890778928627087,0.01085888321179157,0.01085888321179157,True,0.027500822663205794,0.40226584983485664,0.45726749516126824,1000,growth_rate
0.4370105463815721,0.4192527884074967,0.017757757974075417,0.017757757974075417,True,0.027182565378526893,0.40982798100304524,0.464193111760099,1000,growth_rate
0.42027917484360283,0.41959652889998533,0.0006826459436174992,0.0006826459436174992,True,0.027413592590744752,0.39286558225285806,0.4476927674343476,1000,growth_rate
0.434554851275046,0.41967864320004067,0.014876208075005337,0.014876208075005337,True,0.02653492243291312,0.4080199288421329,0.4610897737079591,1000,growth_rate
0.4154192974550893,0.4202805427431185,-0.00486124528802917,0.00486124528802917,True,0.02726616912736056,0.38815312832772875,0.4426854665824499,1000,growth_rate
0.43073705714278604,0.4207098095155741,0.010027247627211966,0.010027247627211966,True,0.02643572167520931,0.40430133546757674,0.45717277881799534,1000,growth_rate
0.4306529055009793,0.4210515929383234,0.009601312562655895,0.009601312562655895,True,0.02743984074033034,0.40321306476064894,0.45809274624130963,1000,growth_rate
0.440037309065846,0.4211281920569357,0.018909117008910292,0.018909117008910292,True,0.0267802541028069,0.4132570549630391,0.46681756316865286,1000,growth_rate
0.4278925671430511,0.42170842355484334,0.006184143588207736,0.006184143588207736,True,0.026945706591617408,0.4009468605514337,0.45483827373466845,1000,growth_rate
0.4359617052355486,0.4219737460533004,0.01398795918224821,0.01398795918224821,True,0.026771966061217314,0.4091897391743313,0.4627336712967659,1000,growth_rate
0.42928105449339865,0.4224807728952195,0.0068002815981791365,0.0068002815981791365,True,0.026652176589541908,0.40262887790385676,0.45593323108294054,1000,growth_rate
0.42311312436453075,0.4225444320375,0.0005686923270307731,0.0005686923270307731,True,0.028152046419742817,0.3949610779447879,0.4512651707842736,1000,growth_rate
0.43319093390911945,0.42287543564658964,0.01031549826252981,0.01031549826252981,True,0.02693392213092356,0.4062570117781959,0.460124856040043,1000,growth_rate
0.43040115313893446,0.42293500691754,0.007466146221394465,0.007466146221394465,True,0.02658992850686997,0.4038112246320645,0.45699108164580443,1000,growth_rate
0.4360459993606282,0.424151948539748,0.011894050820880187,0.011894050820880187,True,0.02703078248455022,0.409015216876078,0.4630767818451784,1000,growth_rate
0.4379761750191851,0.42441218326909225,0.013563991750092874,0.013563991750092874,True,0.026352477396139936,0.4116236976230452,0.46432865241532506,1000,growth_rate
0.43645178788718786,0.42548570852075085,0.01096607936643701,0.01096607936643701,True,0.02677981404592288,0.40967197384126497,0.46323160193311075,1000,growth_rate
0.4360363950700763,0.42568203943131616,0.010354355638760138,0.010354355638760138,True,0.02659462563273993,0.40944176943733634,0.46263102070281625,1000,growth_rate
0.44136348276091586,0.42629838178928336,0.015065100971632495,0.015065100971632495,True,0.026771433589696116,0.4145920491712197,0.468134916350612,1000,growth_rate
0.42967094700352504,0.4267056112094498,0.0029653357940752634,0.0029653357940752634,True,0.02678657863632521,0.4028843683671998,0.45645752563985026,1000,growth_rate
0.43557977482446714,0.42734023088961787,0.00823954393484927,0.00823954393484927,True,0.026538979801806965,0.40904079502266016,0.4621187546262741,1000,growth_rate
0.433427807028288,0.42748710347483776,0.005940703553450222,0.005940703553450222,True,0.02661057542024195,0.40681723160804606,0.4600383824485299,1000,growth_rate
0.43656275185808063,0.42792223989702166,0.008640511961058972,0.008640511961058972,True,0.02655024714163926,0.41001250471644135,0.4631129989997199,1000,growth_rate
0.4410037955671727,0.4283142598086283,0.012689535758544368,0.012689535758544368,True,0.02672978216568164,0.41427401340149106,0.4677335777328543,1000,growth_rate
0.44031482511894793,0.4285332163206598,0.011781608798288101,0.011781608798288101,True,0.02705066867961519,0.41326415643933273,0.4673654937985631,1000,growth_rate
0.43706218477703057,0.4294465186645423,0.007615666112488262,0.007615666112488262,True,0.026208005579944262,0.41085417919708633,0.4632701903569748,1000,growth_rate
0.4335515359856181,0.4297163078947397,0.0038352280908783842,0.0038352280908783842,True,0.026707719353672568,0.4068438166319455,0.46025925533929063,1000,growth_rate
0.43635084567883364,0.43026695647346325,0.006083889205370396,0.006083889205370396,True,0.026330846568517113,0.4100199991103165,0.4626816922473508,1000,growth_rate
0.44164396192370564,0.4307104023022562,0.010933559621449429,0.010933559621449429,True,0.02640528134007135,0.4152386805836343,0.468049243263777,1000,growth_rate
0.43737804015701115,0.43130254362927906,0.006075496527732094,0.006075496527732094,True,0.026395770469008508,0.41098226968800267,0.46377381062601963,1000,growth_rate
0.43861552001844134,0.4320598347053219,0.006555685313119453,0.006555685313119453,True,0.026467680909907962,0.41214783910853336,0.4650832009283493,1000,growth_rate
0.43856633884125795,0.4330079093645541,0.0055584294767038744,0.0055584294767038744,True,0.026312866060024896,0.41225347278123303,0.46487920490128287,1000,growth_rate
0.4412318743474704,0.43347684590639923,0.007755028441071177,0.007755028441071177,True,0.026234090261372734,0.41499778408609767,0.46746596460884315,1000,growth_rate
0.4463330410406228,0.4340836155003934,0.012249425540229397,0.012249425540229397,True,0.02657560201724091,0.4197574390233819,0.47290864305786373,1000,growth_rate
0.4434480034756084,0.4342773168202443,0.009170686655364135,0.009170686655364135,True,0.02611314411974296,0.41733485935586545,0.4695611475953514,1000,growth_rate
0.4452533131521364,0.4356285812742543,0.009624731877882098,0.009624731877882098,True,0.02623156883215886,0.4190217443199775,0.4714848819842953,1000,growth_rate
0.4461727552248905,0.43574476997193645,0.010427985252954075,0.010427985252954075,True,0.0263240290787131,0.4198487261461774,0.47249678430360365,1000,growth_rate
0.45096430240108487,0.43608975419971296,0.014874548201371907,0.014874548201371907,True,0.026080416043072825,0.42488388635801205,0.4770447184441577,1000,growth_rate
0.4479510945542715,0.4367535507348961,0.011197543819375433,0.011197543819375433,True,0.026080141975414948,0.42187095257885654,0.4740312365296865,1000,growth_rate
0.4440619791945948,0.43747689732364187,0.0065850818709529135,0.0065850818709529135,True,0.026060112147804643,0.41800186704679015,0.4701220913423994,1000,growth_rate
0.4498738940885303,0.43832975052511175,0.01154414356341854,0.01154414356341854,True,0.02622809754130273,0.42364579654722756,0.476101991629833,1000,growth_rate
0.45747042277275196,0.43860601947215855,0.018864403300593413,0.018864403300593413,True,0.02616142842939838,0.43130899434335357,0.48363185120215035,1000,growth_rate
0.4472925377598568,0.4394042992103792,0.007888238549477566,0.007888238549477566,True,0.026203869878630454,0.42108866788122634,0.4734964076384872,1000,growth_rate
0.4510101169616047,0.4400623951246578,0.010947721836946922,0.010947721836946922,True,0.02629134384997753,0.42471877311162715,0.47730146081158226,1000,growth_rate
0.4447062342744419,0.44016667617581656,0.004539558098625329,0.004539558098625329,True,0.026040251010355148,0.41866598326408677,0.470746485284797,1000,growth_rate
0.4491825020777663,0.44139301690250093,0.007789485175265343,0.007789485175265343,True,0.02602380938096611,0.4231586926968002,0.4752063114587324,1000,growth_rate
0.45081327334784466,0.44146634148186725,0.009346931865977404,0.009346931865977404,True,0.026116277538912488,0.42469699580893217,0.47692955088675715,1000,growth_rate
0.4501602894366147,0.44196773205924145,0.008192557377373233,0.008192557377373233,True,0.0261391609534965,0.4240211284831182,0.4762994503901112,1000,growth_rate
0.4524599116318452,0.4421207155438686,0.010339196087976565,0.010339196087976565,True,0.0260829926710559,0.4263769189607893,0.4785429043029011,1000,growth_rate
0.45695515168659023,0.44324220382789115,0.013712947858699087,0.013712947858699087,True,0.026024607320770065,0.4309305443658202,0.4829797590073603,1000,growth_rate
0.455488111099861,0.4442084623065934,0.011279648793267594,0.011279648793267594,True,0.025981678927237902,0.4295064321726231,0.4814697900270989,1000,growth_rate
0.45134443187260825,0.44447979572295726,0.006864636149650993,0.006864636149650993,True,0.026197209088590936,0.42514722278401734,0.47754164096119917,1000,growth_rate
0.45566629284653576,0.4454553658095898,0.010210927036945983,0.010210927036945983,True,0.026033479627086506,0.42963281321944924,0.4816997724736223,1000,growth_rate
0.4537805268612618,0.44572729946089584,0.008053227400365959,0.008053227400365959,True,0.02599910458223247,0.4277814222790293,0.4797796314434943,1000,growth_rate
0.45707377463367965,0.44619659379354626,0.010877180840133394,0.010877180840133394,True,0.025951990600823305,0.43112178403285634,0.48302576523450297,1000,growth_rate
0.45275469158174325,0.44647347717382735,0.006281214407915903,0.006281214407915903,True,0.025998248434473445,0.4267564431472698,0.4787529400162167,1000,growth_rate
0.4563265251908772,0.44742469332651336,0.00890183186436383,0.00890183186436383,True,0.02600589900802906,0.4303206261828481,0.48233242419890626,1000,growth_rate
0.4558568522042094,0.4477851640709918,0.008071688133217625,0.008071688133217625,True,0.026117706983348293,0.4297391452208611,0.4819745591875577,1000,growth_rate
0.4590071034072547,0.44786976554655866,0.01113733786069604,0.01113733786069604,True,0.025998690146371142,0.4330084132608836,0.48500579355362583,1000,growth_rate
0.4582756200566011,0.44814654446671903,0.010129075589882075,0.010129075589882075,True,0.026020348974882503,0.43225527108171863,0.4842959690314836,1000,growth_rate
0.4578327933074877,0.4482522038293568,0.009580589478130896,0.009580589478130896,True,0.025989118444611155,0.43184367486287656,0.4838219117520989,1000,growth_rate
0.45925007976270893,0.4500230115491025,0.009227068213606415,0.009227068213606415,True,0.026018913716094605,0.4332311660466143,0.48526899347880353,1000,growth_rate
0.4587858750073851,0.4502968029728874,0.008489072034497724,0.008489072034497724,True,0.02597261233854212,0.43281326266884296,0.48475848734592725,1000,growth_rate
0.45678359725827583,0.45030891989180805,0.006474677366467785,0.006474677366467785,True,0.025929290481925375,0.43085430677635045,0.4827128877402012,1000,growth_rate
0.4604950804717973,0.4503554336936755,0.010139646778121847,0.010139646778121847,True,0.025980071716198313,0.434515008755599,0.48647515218799564,1000,growth_rate
0.4630835304466241,0.4505072751602209,0.012576255286403215,0.012576255286403215,True,0.025964334697229273,0.43711919574939484,0.48904786514385334,1000,growth_rate
0.4534304693655086,0.4513746287018505,0.002055840663658104,0.002055840663658104,True,0.026133708743599188,0.42729676062190947,0.4795641781091078,1000,growth_rate
0.4591344887884321,0.45141705426919904,0.0077174345192330684,0.0077174345192330684,True,0.025952728495189956,0.4331817602932421,0.4850872172836221,1000,growth_rate
0.4564888765190067,0.45200623580449434,0.004482640714512376,0.004482640714512376,True,0.026091092665575882,0.43039778385343086,0.48257996918458257,1000,growth_rate
0.46020419455405287,0.4522628271322865,0.007941367421766377,0.007941367421766377,True,0.02592965887933912,0.43427453567471375,0.486133853433392,1000,growth_rate
0.4598569291548717,0.45263245064010715,0.007224478514764543,0.007224478514764543,True,0.026014748629662333,0.43384218052520934,0.48587167778453405,1000,growth_rate
0.4610796411916645,0.4538213318257962,0.0072583093658682984,0.0072583093658682984,True,0.026034162237025815,0.4350454789546387,0.4871138034286903,1000,growth_rate
0.4623595963702754,0.4542998595472718,0.008059736823003594,0.008059736823003594,True,0.02594119202633248,0.4364184043439429,0.4883007883966079,1000,growth_rate
0.46291976923611605,0.4547270664927989,0.008192702743317126,0.008192702743317126,True,0.025977112041701868,0.43694265719441416,0.48889688127781794,1000,growth_rate
0.4649495278388076,0.4559618385462017,0.008987689292605905,0.008987689292605905,True,0.025891481863532864,0.43905804597527476,0.49084100970234046,1000,growth_rate
0.46200607981195363,0.4563522412052413,0.005653838606712314,0.005653838606712314,True,0.026036329805532107,0.4359697500064215,0.48804240961748574,1000,growth_rate
0.46590304240654334,0.45676790608465456,0.009135136321888782,0.009135136321888782,True,0.02607378147353626,0.43982926093300706,0.49197682388007963,1000,growth_rate
0.46449221446599,0.4569115000666327,0.007580714399357258,0.007580714399357258,True,0.025901519525619185,0.4385906949403708,0.4903937339916092,1000,growth_rate
0.4657012338698167,0.4569876335029689,0.008713600366847818,0.008713600366847818,True,0.025951510662566155,0.43974972320725053,0.4916527445323829,1000,growth_rate
0.46728517480396153,0.45808986286513675,0.00919531193882478,0.00919531193882478,True,0.025965563095114642,0.44131961170884687,0.4932507378990762,1000,growth_rate
0.4697090951082828,0.4597297884150541,0.009979306693228718,0.009979306693228718,True,0.02589273115300737,0.4438163639552754,0.4956018262612902,1000,growth_rate
0.4697111004858602,0.4599103069862112,0.009800793499648963,0.009800793499648963,True,0.025871225723188458,0.4438398747626717,0.49558232620904863,1000,growth_rate
0.4710226624484291,0.46023471225467694,0.010787950193752172,0.010787950193752172,True,0.0260352027062073,0.4449874597422218,0.4970578651546364,1000,growth_rate
0.47065638738452487,0.46133135139536025,0.00932503598916462,0.00932503598916462,True,0.025795060799263653,0.44486132658526123,0.4964514481837885,1000,growth_rate
0.4712696378103686,0.4618581929034704,0.009411444906898214,0.009411444906898214,True,0.02577789723017413,0.4454917405801945,0.4970475350405428,1000,growth_rate
0.47249073800924907,0.46188665892073844,0.010604079088510632,0.010604079088510632,True,0.02574075681688876,0.4467499811923603,0.4982314948261378,1000,growth_rate
0.4693437243200217,0.4619018232000924,0.007441901119929317,0.007441901119929317,True,0.025852318761453347,0.44349140555856836,0.495196043081475,1000,growth_rate
0.4698074342690032,0.46204427673750526,0.007763157531497922,0.007763157531497922,True,0.025819276232431968,0.4439881580365712,0.49562671050143514,1000,growth_rate
0.47246930083408734,0.462404191768481,0.010065109065606315,0.010065109065606315,True,0.025782943766589114,0.4466863570674982,0.49825224460067646,1000,growth_rate
0.47091731495870476,0.4630047712084089,0.007912543750295875,0.007912543750295875,True,0.025837386351514176,0.4450799286071906,0.4967547013102189,1000,growth_rate
0.4726818819814643,0.46305881625884343,0.009623065722620894,0.009623065722620894,True,0.025868435027772398,0.4468134469536919,0.49855031700923674,1000,growth_rate
0.47115810815562204,0.4631716254075238,0.007986482748098211,0.007986482748098211,True,0.02577391952852834,0.4453841886270937,0.49693202768415035,1000,growth_rate
0.47209631906056604,0.4633628421268639,0.008733476933702133,0.008733476933702133,True,0.02580404829027338,0.44629227077029265,0.4979003673508394,1000,growth_rate
0.47062410095889373,0.46371990593717394,0.0069041950217197945,0.0069041950217197945,True,0.025801009066786916,0.44482309189210684,0.4964251100256806,1000,growth_rate
0.4722860279794048,0.46376463790601125,0.008521390073393531,0.008521390073393531,True,0.025766079167035227,0.44651994881236956,0.49805210714644,1000,growth_rate
0.4714507973749615,0.4639681737810628,0.007482623593898674,0.007482623593898674,True,0.02581794842127602,0.4456328489536855,0.4972687457962375,1000,growth_rate
0.47109896063475903,0.46406210058978,0.007036860044979054,0.007036860044979054,True,0.02577792804912944,0.4453210325856296,0.49687688868388846,1000,growth_rate
0.4741617466237543,0.4659306700005701,0.00823107662318423,0.00823107662318423,True,0.025752019747899476,0.44840972687585484,0.4999137663716538,1000,growth_rate
0.47464296354355323,0.4661952018111063,0.008447761732446935,0.008447761732446935,True,0.02575851707715149,0.44888444646640174,0.5004014806207048,1000,growth_rate
0.4789799805788884,0.4679860882478908,0.010993892330997623,0.010993892330997623,True,0.025754153383831937,0.4532258271950565,0.5047341339627204,1000,growth_rate
0.47723327521543196,0.4681262917335963,0.00910698348183564,0.00910698348183564,True,0.025733826884724306,0.45149944833070765,0.5029671021001563,1000,growth_rate
0.4784244498933339,0.4681918249302152,0.010232624963118664,0.010232624963118664,True,0.02575424414279834,0.4526702057505355,0.5041786940361322,1000,growth_rate
0.47691044304982905,0.4687975039698945,0.008112939079934545,0.008112939079934545,True,0.025734016695164032,0.45117642635466504,0.502644459744993,1000,growth_rate
0.47792814826110436,0.469157437697146,0.00877071056395834,0.00877071056395834,True,0.02574594543098117,0.45218220283012317,0.5036740936920855,1000,growth_rate
0.48178368629650203,0.4697017391505794,0.012081947145922645,0.012081947145922645,True,0.025729680734808053,0.45605400556169395,0.5075133670313101,1000,growth_rate
0.47903583571081443,0.47092671118071505,0.008109124530099376,0.008109124530099376,True,0.025749215061175973,0.4532866206496384,0.5047850507719904,1000,growth_rate
0.4803874450725101,0.4728036594185223,0.007583785653987762,0.007583785653987762,True,0.02576522638359132,0.4546222186889188,0.5061526714561014,1000,growth_rate
0.4853186300452025,0.4736414621509416,0.011677167894260876,0.011677167894260876,True,0.025752741530013598,0.45956588851518887,0.5110713715752161,1000,growth_rate
0.4840814777948279,0.47426382347997736,0.009817654314850544,0.009817654314850544,True,0.02572558645641035,0.4583558913384176,0.5098070642512382,1000,growth_rate
0.4826526831857343,0.4745680159909104,0.008084667194823869,0.008084667194823869,True,0.025743344781249164,0.4569093384044851,0.5083960279669835,1000,growth_rate
0.4846931193366052,0.47513085229078733,0.009562267045817863,0.009562267045817863,True,0.02570289990536257,0.45899021943124263,0.5103960192419678,1000,growth_rate
0.4835864309140771,0.4760506215156041,0.007535809398472981,0.007535809398472981,True,0.025754974844984665,0.4578314560690924,0.5093414057590617,1000,growth_rate
0.48586388001665815,0.47613837311873386,0.009725506897924285,0.009725506897924285,True,0.025768002657075274,0.46009587735958285,0.5116318826737334,1000,growth_rate
0.48690280598010643,0.4782247556586902,0.00867805032141622,0.00867805032141622,True,0.025760993619803555,0.4611418123603029,0.51266379959991,1000,growth_rate
0.48689206934541257,0.47938786642832587,0.0075042029170867,0.0075042029170867,True,0.025766404053727335,0.46112566529168525,0.51265847339914,1000,growth_rate
0.48792327650392053,0.4796170707691646,0.008306205734755934,0.008306205734755934,True,0.02577117506941252,0.462152101434508,0.513694451573333,1000,growth_rate
0.48952016860394565,0.47970682648171653,0.009813342122229118,0.009813342122229118,True,0.025782256591644463,0.4637379120123012,0.5153024251955901,1000,growth_rate
0.4881774739648165,0.47981928631042403,0.008358187654392446,0.008358187654392446,True,0.025754837610176516,0.46242263635464,0.513932311574993,1000,growth_rate
0.4887134910443484,0.47985359362661056,0.00885989741773785,0.00885989741773785,True,0.02577747263111445,0.46293601841323395,0.5144909636754629,1000,growth_rate
0.4878803798163701,0.4802127041284699,0.007667675687900222,0.007667675687900222,True,0.02574896625130811,0.462131413565062,0.5136293460676782,1000,growth_rate
0.49012833990076016,0.48146160676913446,0.008666733131625692,0.008666733131625692,True,0.02576723310208961,0.46436110679867054,0.5158955730028497,1000,growth_rate
0.49163646509077397,0.4816084430031652,0.010028022087608779,0.010028022087608779,True,0.025778392736239837,0.46585807235453414,0.5174148578270138,1000,growth_rate
0.4904270496442755,0.4826140742969577,0.007812975347317841,0.007812975347317841,True,0.025758926609628533,0.464668123034647,0.516185976253904,1000,growth_rate
0.4909724232145931,0.48264667555318286,0.008325747661410254,0.008325747661410254,True,0.025767222185715928,0.4652052010288772,0.516739645400309,1000,growth_rate
0.4921674781147902,0.4828781286672967,0.009289349447493545,0.009289349447493545,True,0.025748982262596146,0.4664184958521941,0.5179164603773864,1000,growth_rate
0.49223312248286316,0.48417831393022537,0.008054808552637793,0.008054808552637793,True,0.02572165468168285,0.4665114678011803,0.517954777164546,1000,growth_rate
0.4933007495635246,0.4848081856717053,0.008492563891819294,0.008492563891819294,True,0.02572405356763628,0.4675766959958883,0.5190248031311608,1000,growth_rate
0.4936577960111705,0.48561111511348776,0.008046680897682734,0.008046680897682734,True,0.025738460966650945,0.46791933504451955,0.5193962569778214,1000,growth_rate
0.4941463036256953,0.4858013030867838,0.008345000538911462,0.008345000538911462,True,0.02575473264954899,0.4683915709761463,0.5199010362752443,1000,growth_rate
0.4936005462162459,0.48581214853899035,0.007788397677255532,0.007788397677255532,True,0.025752251642428024,0.4678482945738179,0.5193527978586739,1000,growth_rate
0.4948531670001773,0.4858128174594697,0.009040349540707593,0.009040349540707593,True,0.0257525603992221,0.4691006066009552,0.5206057273993994,1000,growth_rate
0.4951651041526393,0.4860111594120371,0.009153944740602216,0.009153944740602216,True,0.025746427434277522,0.4694186767183618,0.5209115315869168,1000,growth_rate
0.4953735961698168,0.4860491818418829,0.009324414327933905,0.009324414327933905,True,0.025746348156883255,0.46962724801293354,0.5211199443267001,1000,growth_rate
0.49457553108723257,0.48635774332677695,0.00821778776045562,0.00821778776045562,True,0.025753252994721212,0.46882227809251137,0.5203287840819538,1000,growth_rate
0.4948974453801035,0.4871480320087161,0.007749413371387404,0.007749413371387404,True,0.02575175137039541,0.46914569400970807,0.5206491967504989,1000,growth_rate
0.49570806784383326,0.4871957009548554,0.00851236688897783,0.00851236688897783,True,0.025754674936223333,0.4699533929076099,0.5214627427800566,1000,growth_rate
0.4950820443913338,0.4873623401821041,0.007719704209229683,0.007719704209229683,True,0.02574284151919198,0.4693392028721418,0.5208248859105258,1000,growth_rate
0.4973465349169353,0.4879977112364669,0.00934882368046841,0.00934882368046841,True,0.025739417261940782,0.4716071176549945,0.5230859521788761,1000,growth_rate
0.4974172637854481,0.48869711347431266,0.008720150311135433,0.008720150311135433,True,0.025731736828259313,0.4716855269571888,0.5231490006137074,1000,growth_rate
0.4973920116303347,0.48897620482849236,0.00841580680184234,0.00841580680184234,True,0.02572575437241589,0.47166625725791883,0.5231177660027506,1000,growth_rate
0.4977509498785388,0.4891308070219266,0.008620142856612223,0.008620142856612223,True,0.02571710960777021,0.47203384027076856,0.523468059486309,1000,growth_rate
0.497962949962802,0.4891366382838458,0.0088263116789562,0.0088263116789562,True,0.0257190360395891,0.4722439139232129,0.5236819860023911,1000,growth_rate
0.4986117072120356,0.48920257619802787,0.009409131014007754,0.009409131014007754,True,0.025726372620217527,0.4728853345918181,0.5243380798322531,1000,growth_rate
0.498090486798072,0.48969217242356194,0.008398314374510052,0.008398314374510052,True,0.025738955841104135,0.47235153095696786,0.5238294426391761,1000,growth_rate
0.4986158580053031,0.49016781705882995,0.008448040946473168,0.008448040946473168,True,0.025741389589873,0.4728744684154301,0.5243572475951761,1000,growth_rate
0.49949490569814614,0.49089098843765183,0.00860391726049431,0.00860391726049431,True,0.025722996519188367,0.4737719091789578,0.5252179022173346,1000,growth_rate
0.5002031574542711,0.4913437463227831,0.008859411131488026,0.008859411131488026,True,0.025715615067538472,0.47448754238673263,0.5259187725218096,1000,growth_rate
0.5000114640477372,0.49158089389510073,0.008430570152636485,0.008430570152636485,True,0.025719460029744515,0.4742920040179927,0.5257309240774818,1000,growth_rate
0.5016782154778807,0.49284834735996486,0.008829868117915862,0.008829868117915862,True,0.025719961123707002,0.4759582543541737,0.5273981766015877,1000,growth_rate
0.5015437466929263,0.49375503661752745,0.007788710075398886,0.007788710075398886,True,0.02573211783774723,0.47581162885517914,0.5272758645306735,1000,growth_rate
0.502513423072564,0.49405637640608907,0.008457046666474899,0.008457046666474899,True,0.025710862946600327,0.47680256012596367,0.5282242860191643,1000,growth_rate
0.502905893287809,0.4945242155887207,0.008381677699088319,0.008381677699088319,True,0.025711512979847827,0.4771943803079612,0.5286174062676569,1000,growth_rate
0.504091850603024,0.49553621594970615,0.008555634653317823,0.008555634653317823,True,0.02570003971425328,0.4783918108887707,0.5297918903172772,1000,growth_rate
0.5041189436567919,0.4955884678630786,0.008530475793713299,0.008530475793713299,True,0.02570173010975341,0.4784172135470385,0.5298206737665453,1000,growth_rate
0.5041593631380096,0.49571894950444595,0.008440413633563626,0.008440413633563626,True,0.025698363375205067,0.4784609997628045,0.5298577265132146,1000,growth_rate
0.5049261234638739,0.49618232346198565,0.008743800001888236,0.008743800001888236,True,0.02570223387421696,0.47922388958965695,0.5306283573380909,1000,growth_rate
0.5053534223513072,0.4967008078772042,0.008652614474102982,0.008652614474102982,True,0.025722543008681178,0.47963087934262605,0.5310759653599884,1000,growth_rate
0.5047220555869592,0.49703361584500516,0.00768843974195399,0.00768843974195399,True,0.025712422512141172,0.479009633074818,0.5304344780991003,1000,growth_rate
0.5063485653825037,0.49743771252012026,0.008910852862383467,0.008910852862383467,True,0.025718644224875055,0.48062992115762865,0.5320672096073787,1000,growth_rate
0.5061032726864646,0.4978931527777927,0.008210119908671876,0.008210119908671876,True,0.02569703545082184,0.48040623723564274,0.5318003081372864,1000,growth_rate
0.5073869497585203,0.49927330375590506,0.008113646002615216,0.008113646002615216,True,0.02572412420509872,0.48166282555342155,0.533111073963619,1000,growth_rate
0.5080319753236411,0.4994692206298468,0.008562754693794306,0.008562754693794306,True,0.025726269340139912,0.4823057059835012,0.533758244663781,1000,growth_rate
0.0,0.0,0.0,0.0,True,0.0,0.0,0.0,1000,log_initial_freq
-1.9378461081836722,-2.0063693524418387,0.06852324425816647,0.06852324425816647,True,0.43172109964303623,-2.3695672078267083,-1.506125008540636,1000,log_initial_freq
-1.8329454218119554,-2.0087203549291393,0.17577493311718384,0.17577493311718384,True,0.42182858470395285,-2.254774006515908,-1.4111168371080025,1000,log_initial_freq
-1.9283169069076282,-2.0252821666664875,0.09696525975885928,0.09696525975885928,True,0.41345719267105424,-2.3417740995786827,-1.514859714236574,1000,log_initial_freq
-2.051021462402642,-2.030747449758557,-0.020274012644085015,0.020274012644085015,True,0.4351002477480289,-2.486121710150671,-1.615921214654613,1000,log_initial_freq
-1.883842229293587,-2.035596609859938,0.15175438056635104,0.15175438056635104,True,0.3923796287410362,-2.2762218580346234,-1.4914626005525509,1000,log_initial_freq
-1.9101257868916772,-2.039590305473549,0.1294645185818719,0.1294645185818719,True,0.5752161654732663,-2.4853419523649434,-1.334909621418411,1000,log_initial_freq
-1.6737710076319763,-2.045812118456172,0.3720411108241959,0.3720411108241959,True,0.44386165262483485,-2.117632660256811,-1.2299093550071414,1000,log_initial_freq
-1.72568969903821,-2.0513726059466486,0.3256829069084386,0.3256829069084386,True,0.41158360941603517,-2.1372733084542452,-1.3141060896221748,1000,log_initial_freq
-2.129897944199701,-2.052938385643057,-0.0769595585566436,0.0769595585566436,True,0.4456314398808439,-2.5755293840805447,-1.684266504318857,1000,log_initial_freq
-2.2192464379831756,-2.053565408603526,-0.16568102937964957,0.16568102937964957,True,0.4399601256168551,-2.659206563600031,-1.7792863123663205,1000,log_initial_freq
-2.0816813650078294,-2.0657094129353517,-0.015971952072477702,0.015971952072477702,True,0.4485422548724449,-2.5302236198802746,-1.6331391101353845,1000,log_initial_freq
-1.9770076190692272,-2.071323483126931,0.09431586405770376,0.09431586405770376,True,0.39473665201898067,-2.371744271088208,-1.5822709670502464,1000,log_initial_freq
-2.3512244380025455,-2.0749395605896703,-0.2762848774128752,0.2762848774128752,True,0.4997495334124444,-2.85097397141499,-1.8514749045901011,1000,log_initial_freq
-1.9374840618080726,-2.0858198316804217,0.1483357698723491,0.1483357698723491,True,0.4440827187198115,-2.381566780527884,-1.4934013430882611,1000,log_initial_freq
-2.0101320743941633,-2.101029273258791,0.09089719886462788,0.09089719886462788,True,0.4210331239230436,-2.431165198317207,-1.5890989504711197,1000,log_initial_freq
-2.278209790163486,-2.1038750441266028,-0.17433474603688337,0.17433474603688337,True,0.47200213036297894,-2.750211920526465,-1.8062076598005072,1000,log_initial_freq
-2.3914592457781096,-2.109308138748178,-0.28215110702993185,0.28215110702993185,True,0.48632761474844294,-2.8777868605265526,-1.9051316310296667,1000,log_initial_freq
-2.158921651411024,-2.1179861952940406,-0.04093545611698346,0.04093545611698346,True,0.4235764754030038,-2.582498126814028,-1.7353451760080203,1000,log_initial_freq
-2.2571481387740384,-2.1236939309172564,-0.13345420785678197,0.13345420785678197,True,0.43475761160355336,-2.691905750377592,-1.822390527170485,1000,log_initial_freq
-1.928673061614674,-2.1295690856236655,0.20089602400899165,0.20089602400899165,True,0.40661665868945057,-2.3352897203041243,-1.5220564029252233,1000,log_initial_freq
-2.2207030415150166,-2.1303603405938505,-0.09034270092116614,0.09034270092116614,True,0.4643921617900802,-2.6850952033050968,-1.7563108797249365,1000,log_initial_freq
-1.757349386094252,-2.130430315736881,0.3730809296426292,0.3730809296426292,True,0.40404463048168376,-2.1613940165759358,-1.3533047556125681,1000,log_initial_freq
-2.1071773716515163,-2.1322855420580917,0.025108170406575425,0.025108170406575425,True,0.43086548971530203,-2.5380428613668182,-1.6763118819362144,1000,log_initial_freq
-1.812584721818257,-2.135634638308248,0.32304991648999115,0.32304991648999115,True,0.4314759438669336,-2.2440606656851907,-1.3811087779513234,1000,log_initial_freq
-1.753109078361983,-2.144027465162397,0.390918386800414,0.390918386800414,False,0.38862526485311394,-2.141734343215097,-1.364483813508869,1000,log_initial_freq
-1.8037599525264518,-2.1516519178147506,0.3478919652882988,0.3478919652882988,True,0.40426740133808675,-2.2080273538645385,-1.3994925511883651,1000,log_initial_freq
-2.137576409562165,-2.153651588541735,0.01607517897956967,0.01607517897956967,True,0.4774833683701232,-2.6150597779322884,-1.660093041192042,1000,log_initial_freq
-2.2492558595659418,-2.1542236158954067,-0.09503224367053509,0.09503224367053509,True,0.40674896117434167,-2.6560048207402835,-1.8425068983916,1000,log_initial_freq
-1.9852843541408607,-2.1637070800786766,0.17842272593781594,0.17842272593781594,True,0.45579614951836445,-2.441080503659225,-1.5294882046224962,1000,log_initial_freq
-2.1126444630484507,-2.167409817897405,0.054765354848954395,0.054765354848954395,True,0.4686205703773058,-2.5812650334257565,-1.6440238926711448,1000,log_initial_freq
-2.6320823910974935,-2.167866087055555,-0.4642163040419387,0.4642163040419387,True,0.4985495023428847,-3.1306318934403783,-2.133532888754609,1000,log_initial_freq
-1.9929456360231332,-2.1702461904863637,0.17730055446323045,0.17730055446323045,True,0.40594653542743747,-2.3988921714505707,-1.5869991005956958,1000,log_initial_freq
-1.9323184733950833,-2.170254217532116,0.23793574413703245,0.23793574413703245,True,0.4115214561910964,-2.3438399295861796,-1.5207970172039869,1000,log_initial_freq
-1.8503999899061911,-2.170384362958594,0.319984373052403,0.319984373052403,True,0.41257493133992856,-2.2629749212461197,-1.4378250585662626,1000,log_initial_freq
-2.375936394986797,-2.172666618638147,-0.20326977634864996,0.20326977634864996,True,0.4691489446245001,-2.845085339611297,-1.9067874503622968,1000,log_initial_freq
-2.4340011227546143,-2.182301771939536,-0.2516993508150782,0.2516993508150782,True,0.5611620635865757,-2.9951631863411903,-1.8728390591680386,1000,log_initial_freq
-2.2291183124363605,-2.1898602328372956,-0.03925807959906491,0.03925807959906491,True,0.427332746096464,-2.6564510585328245,-1.8017855663398965,1000,log_initial_freq
-2.0438952024002073,-2.20546245599244,0.16156725359223278,0.16156725359223278,True,0.4315482381398612,-2.4754434405400687,-1.612346964260346,1000,log_initial_freq
-1.7278668524575747,-2.2082398933618057,0.48037304090423105,0.48037304090423105,False,0.40103408215402003,-2.1289009346115946,-1.3268327703035547,1000,log_initial_freq
-2.152293277047489,-2.208631108436508,0.0563378313890186,0.0563378313890186,True,0.4730842686866917,-2.625377545734181,-1.6792090083607976,1000,log_initial_freq
-2.0305484989867275,-2.2206986839620177,0.19015018497529024,0.19015018497529024,True,0.424706736802568,-2.4552552357892954,-1.6058417621841596,1000,log_initial_freq
-2.007432762797313,-2.222460718770386,0.21502795597307323,0.21502795597307323,True,0.42299309288272474,-2.4304258556800376,-1.5844396699145882,1000,log_initial_freq
-2.3231596711774927,-2.237447550458361,-0.08571212071913159,0.08571212071913159,True,0.4729759281373652,-2.796135599314858,-1.8501837430401276,1000,log_initial_freq
-1.926672496536236,-2.2417568764806735,0.3150843799444374,0.3150843799444374,True,0.39763194183313305,-2.324304438369369,-1.529040554703103,1000,log_initial_freq
-2.5182772301664254,-2.2421685642749116,-0.2761086658915137,0.2761086658915137,True,0.47068726760203294,-2.988964497768458,-2.0475899625643925,1000,log_initial_freq
-2.731922506056097,-2.243518082219402,-0.48840442383669513,0.48840442383669513,True,0.882952975935951,-3.614875481992048,-1.8489695301201459,1000,log_initial_freq
-1.8710067677201292,-2.244595150770025,0.3735883830498956,0.3735883830498956,True,0.40459801119699035,-2.2756047789171197,-1.4664087565231387,1000,log_initial_freq
-2.2217371014853375,-2.2473456028600896,0.025608501374752013,0.025608501374752013,True,0.456826588673588,-2.6785636901589256,-1.7649105128117495,1000,log_initial_freq
-2.26624332082595,-2.2613029320957176,-0.004940388730232392,0.004940388730232392,True,0.429488299731923,-2.695731620557873,-1.836755021094027,1000,log_initial_freq
-2.2002968847195925,-2.2863395225751937,0.08604263785560118,0.08604263785560118,True,0.4706542015115394,-2.670951086231132,-1.7296426832080531,1000,log_initial_freq
-2.058645918852315,-2.2873925418127508,0.2287466229604358,0.2287466229604358,True,0.46194448718550474,-2.5205904060378197,-1.5967014316668102,1000,log_initial_freq
-2.310711751413934,-2.298429772510552,-0.012281978903382118,0.012281978903382118,True,0.4692036046831024,-2.7799153560970367,-1.8415081467308316,1000,log_initial_freq
-2.1653900138414452,-2.305183808109075,0.13979379426762994,0.13979379426762994,True,0.4352160933009761,-2.600606107142421,-1.7301739205404691,1000,log_initial_freq
-2.572456096778698,-2.308834118240272,-0.26362197853842595,0.26362197853842595,True,0.5131934852351425,-3.0856495820138403,-2.0592626115435553,1000,log_initial_freq
-2.3348916786107345,-2.3163024541887007,-0.018589224422033812,0.018589224422033812,True,0.4687721359408953,-2.80366381455163,-1.8661195426698391,1000,log_initial_freq
-2.1923461519379353,-2.326356086977732,0.13400993503979697,0.13400993503979697,True,0.45987752117840275,-2.652223673116338,-1.7324686307595325,1000,log_initial_freq
-2.172763113253266,-2.3488794658314194,0.17611635257815328,0.17611635257815328,True,0.4536682738343325,-2.6264313870875986,-1.7190948394189336,1000,log_initial_freq
-2.361808685140267,-2.363579130193047,0.001770445052780012,0.001770445052780012,True,0.5320992005666509,-2.893907885706918,-1.8297094845736162,1000,log_initial_freq
-2.1577414371922874,-2.370110747634248,0.2123693104419604,0.2123693104419604,True,0.4671196306337006,-2.624861067825988,-1.6906218065585867,1000,log_initial_freq
-2.698125513136547,-2.374429952361266,-0.32369556077528117,0.32369556077528117,True,0.6961644159123561,-3.3942899290489033,-2.001961097224191,1000,log_initial_freq
-2.3823874179232933,-2.3816981008374176,-0.000689317085875718,0.000689317085875718,True,0.5468466693240497,-2.929234087247343,-1.8355407485992437,1000,log_initial_freq
-2.5053644453227335,-2.382484499196844,-0.12287994612588937,0.12287994612588937,True,0.5446386612906424,-3.050003106613376,-1.960725784032091,1000,log_initial_freq
-2.5078889307204877,-2.3841669410253106,-0.12372198969517711,0.12372198969517711,True,0.5602767014618525,-3.0681656321823403,-1.947612229258635,1000,log_initial_freq
-2.4669401020655544,-2.4056575782667244,-0.061282523798829924,0.061282523798829924,True,0.6226834586634291,-3.0896235607289837,-1.8442566434021253,1000,log_initial_freq
-2.3733967395830016,-2.408831959993159,0.03543522041015734,0.03543522041015734,True,0.5661577590730944,-2.939554498656096,-1.8072389805099072,1000,log_initial_freq
-2.404608436378608,-2.4312547929226405,0.026646356544032468,0.026646356544032468,True,0.48331173260795335,-2.8879201689865615,-1.9212967037706545,1000,log_initial_freq
-2.0040635888673815,-2.4323819146272463,0.42831832575986484,0.42831832575986484,True,0.46572727433514033,-2.4697908632025216,-1.538336314532241,1000,log_initial_freq
-2.3322686925787877,-2.434824345127865,0.10255565254907717,0.10255565254907717,True,0.5483443136032986,-2.8806130061820863,-1.783924378975489,1000,log_initial_freq
-2.471512574587222,-2.4353611287539128,-0.036151445833309204,0.036151445833309204,True,0.533293030217182,-3.004805604804404,-1.9382195443700398,1000,log_initial_freq
-2.3503368216045337,-2.439645894477633,0.0893090728730992,0.0893090728730992,True,0.48747546645657386,-2.8378122880611074,-1.8628613551479598,1000,log_initial_freq
-2.160120600930478,-2.441940495109714,0.28181989417923603,0.28181989417923603,True,0.44743382450486074,-2.6075544254353384,-1.712686776425617,1000,log_initial_freq
-1.920953437067293,-2.4432942048938786,0.5223407678265857,0.5223407678265857,False,0.4241045653727458,-2.3450580024400387,-1.4968488716945472,1000,log_initial_freq
-2.44794818674753,-2.4439427454990934,-0.004005441248436714,0.004005441248436714,True,0.5086585199395166,-2.9566067066870465,-1.9392896668080135,1000,log_initial_freq
-2.154573383669205,-2.4511496987782277,0.2965763151090228,0.2965763151090228,True,0.46203139885137784,-2.6166047825205827,-1.6925419848178271,1000,log_initial_freq
-2.4125933123545296,-2.455468679149937,0.04287536679540738,0.04287536679540738,True,0.5289829470762487,-2.941576259430778,-1.883610365278281,1000,log_initial_freq
-2.371529962614074,-2.4571781215988917,0.0856481589848177,0.0856481589848177,True,0.5046588304097085,-2.8761887930237826,-1.8668711322043654,1000,log_initial_freq
-2.795523509752672,-2.4573600929511388,-0.33816341680153306,0.33816341680153306,True,0.6092103937647325,-3.4047339035174042,-2.1863131159879394,1000,log_initial_freq
-2.4757336268845154,-2.457701685158355,-0.018031941726160294,0.018031941726160294,True,0.4621666047984752,-2.9379002316829905,-2.01356702208604,1000,log_initial_freq
-2.6633339866377836,-2.4640237832556773,-0.19931020338210637,0.19931020338210637,True,0.6732008232139207,-3.3365348098517043,-1.990133163423863,1000,log_initial_freq
-2.2664723530310327,-2.4771834529438768,0.2107110999128441,0.2107110999128441,True,0.46420598410782327,-2.730678337138856,-1.8022663689232095,1000,log_initial_freq
-2.835288137677297,-2.481076316165465,-0.3542118215118317,0.3542118215118317,True,1.1530384080861058,-3.9883265457634027,-1.6822497295911911,1000,log_initial_freq
-2.528593171938786,-2.483242539019351,-0.045350632919435085,0.045350632919435085,True,0.5734898531378526,-3.102083025076639,-1.9551033188009335,1000,log_initial_freq
-2.276284137939569,-2.502921645618359,0.22663750767878987,0.22663750767878987,True,0.4286433588863406,-2.70492749682591,-1.8476407790532285,1000,log_initial_freq
-2.708219649123364,-2.5161483979643733,-0.19207125115899082,0.19207125115899082,True,0.5896050204618578,-3.297824669585222,-2.1186146286615064,1000,log_initial_freq
-2.1107450226577416,-2.5170619992004073,0.40631697654266574,0.40631697654266574,True,0.4516338564303226,-2.5623788790880644,-1.659111166227419,1000,log_initial_freq
-2.375398821675227,-2.5187851269841453,0.14338630530891816,0.14338630530891816,True,0.46498704564281096,-2.840385867318038,-1.9104117760324162,1000,log_initial_freq
-2.7809602252341246,-2.523773105537104,-0.25718711969702035,0.25718711969702035,True,0.619748245996112,-3.4007084712302365,-2.1612119792380127,1000,log_initial_freq
-2.7867121495277907,-2.5284579374455793,-0.25825421208221133,0.25825421208221133,True,0.754314522162451,-3.5410266716902417,-2.0323976273653397,1000,log_initial_freq
-2.4407414230762887,-2.543275202086413,0.10253377901012417,0.10253377901012417,True,0.5487726731289815,-2.98951409620527,-1.8919687499473072,1000,log_initial_freq
-2.3942595580352255,-2.5484016854327383,0.15414212739751276,0.15414212739751276,True,0.5217529799238705,-2.916012537959096,-1.872506578111355,1000,log_initial_freq
-2.6367301571289077,-2.5541440180904456,-0.08258613903846213,0.08258613903846213,True,0.4647018974586427,-3.1014320545875504,-2.172028259670265,1000,log_initial_freq
-2.3759364987439793,-2.568410592318714,0.19247409357473488,0.19247409357473488,True,0.46462516745907584,-2.840561666203055,-1.9113113312849035,1000,log_initial_freq
-2.66951838070652,-2.572846074412562,-0.09667230629395807,0.09667230629395807,True,0.5605871341116362,-3.230105514818156,-2.108931246594884,1000,log_initial_freq
-2.9927967304928362,-2.5759251703460677,-0.4168715601467685,0.4168715601467685,True,1.4495814852765725,-4.442378215769409,-1.5432152452162637,1000,log_initial_freq
-2.3270678019683104,-2.582995348769612,0.25592754680130136,0.25592754680130136,True,0.46975359200812716,-2.7968213939764377,-1.8573142099601831,1000,log_initial_freq
-2.7715447743052137,-2.5835044555777937,-0.18804031872742,0.18804031872742,True,0.47614740756218077,-3.2476921818673947,-2.2953973667430327,1000,log_initial_freq
-2.9123980100261235,-2.5939126980773493,-0.3184853119487743,0.3184853119487743,True,0.4932266175965265,-3.40562462762265,-2.4191713924295972,1000,log_initial_freq
-2.568168387599439,-2.5957347956758943,0.02756640807645505,0.02756640807645505,True,0.5347590621567139,-3.102927449756153,-2.0334093254427255,1000,log_initial_freq
-2.6713714949065466,-2.5962929612983032,-0.07507853360824335,0.07507853360824335,True,0.5970993879472636,-3.2684708828538103,-2.074272106959283,1000,log_initial_freq
-3.0347862774742866,-2.5964383643253512,-0.4383479131489354,0.4383479131489354,True,1.4113079411926222,-4.446094218666909,-1.6234783362816645,1000,log_initial_freq
-2.89914508136078,-2.59972386141077,-0.29942121995001036,0.29942121995001036,True,0.6036692430212411,-3.5028143243820216,-2.295475838339539,1000,log_initial_freq
-2.804937458667862,-2.620973554047718,-0.183963904620144,0.183963904620144,True,0.8503781826473674,-3.6553156413152297,-1.9545592760204946,1000,log_initial_freq
-2.680264610298021,-2.6222414663993714,-0.05802314389864982,0.05802314389864982,True,0.5589367853583607,-3.239201395656382,-2.1213278249396605,1000,log_initial_freq
-2.380600383086256,-2.625562813441296,0.24496243035504017,0.24496243035504017,True,0.5048878826419677,-2.8854882657282235,-1.8757125004442883,1000,log_initial_freq
-2.9572023891723904,-2.6265780311480986,-0.3306243580242918,0.3306243580242918,True,1.7180196664906153,-4.6752220556630055,-1.239182722681775,1000,log_initial_freq
-2.2550016363524485,-2.6309036800818397,0.3759020437293912,0.3759020437293912,True,0.48888813723974317,-2.743889773592192,-1.7661134991127054,1000,log_initial_freq
-3.0043587002031202,-2.642318273914072,-0.3620404262890484,0.3620404262890484,True,0.8788272268296251,-3.8831859270327453,-2.125531473373495,1000,log_initial_freq
-2.3690657981225005,-2.645640874477445,0.2765750763549444,0.2765750763549444,True,0.452867696949075,-2.8219334950715753,-1.9161981011734255,1000,log_initial_freq
-2.9572006784578617,-2.65127240646925,-0.30592827198861183,0.30592827198861183,True,1.7090866367293178,-4.66628731518718,-1.248114041728544,1000,log_initial_freq
-2.6775208236486616,-2.6545356102849227,-0.022985213363738932,0.022985213363738932,True,0.6264486973580504,-3.303969521006712,-2.0510721262906113,1000,log_initial_freq
-2.2816984683166837,-2.666242451324513,0.3845439830078292,0.3845439830078292,True,0.4277075410356903,-2.709406009352374,-1.8539909272809934,1000,log_initial_freq
-2.597875882643433,-2.6694984523208793,0.07162256967744618,0.07162256967744618,True,0.5126764164062633,-3.1105522990496963,-2.08519946623717,1000,log_initial_freq
-3.01585985367374,-2.6810935540653063,-0.33476629960843374,0.33476629960843374,True,1.3000754686624467,-4.315935322336187,-1.7157843850112933,1000,log_initial_freq
-3.0261745963576447,-2.694551413473577,-0.3316231828840679,0.3316231828840679,True,1.3052194234808152,-4.33139401983846,-1.7209551728768295,1000,log_initial_freq
-2.8169579110337626,-2.6963872152891026,-0.12057069574465995,0.12057069574465995,True,0.6262893556853653,-3.443247266719128,-2.190668555348397,1000,log_initial_freq
-2.3902909562900763,-2.702403902217593,0.3121129459275167,0.3121129459275167,True,0.5607275546739935,-2.9510185109640696,-1.8295634016160829,1000,log_initial_freq
-2.796786173979466,-2.7032837971699886,-0.09350237680947737,0.09350237680947737,True,0.6014130830441262,-3.398199257023592,-2.1953730909353397,1000,log_initial_freq
-2.7620183623556462,-2.717999885890201,-0.04401847646544521,0.04401847646544521,True,0.7056429355081283,-3.4676612978637746,-2.056375426847518,1000,log_initial_freq
-2.3864744726730143,-2.719251258504107,0.3327767858310926,0.3327767858310926,True,0.481335083335441,-2.867809556008455,-1.9051393893375732,1000,log_initial_freq
-2.703576084641906,-2.7271484094754497,0.023572324833543767,0.023572324833543767,True,0.4717802267952144,-3.1753563114371204,-2.2317958578466914,1000,log_initial_freq
-2.2367447111933503,-2.7367277663340976,0.49998305514074737,0.49998305514074737,True,0.5048606364916887,-2.741605347685039,-1.7318840747016617,1000,log_initial_freq
-2.646355689255812,-2.7400429936986592,0.09368730444284701,0.09368730444284701,True,0.6000982501953844,-3.2464539394511966,-2.046257439060428,1000,log_initial_freq
-3.0566861827497758,-2.7502772321162974,-0.3064089506334784,0.3064089506334784,True,1.297990978039005,-4.354677160788781,-1.7586952047107707,1000,log_initial_freq
-2.8814383152572742,-2.758957391181247,-0.12248092407602718,0.12248092407602718,True,0.5741995613146603,-3.4556378765719344,-2.307238753942614,1000,log_initial_freq
-2.6052486506842274,-2.7669229496034444,0.16167429891921703,0.16167429891921703,True,0.5162432491031539,-3.1214918997873813,-2.0890054015810735,1000,log_initial_freq
-2.693504115779474,-2.7710627603367626,0.07755864455728867,0.07755864455728867,True,0.7273041026191868,-3.4208082183986606,-1.9662000131602873,1000,log_initial_freq
-2.9998009036356197,-2.7724570247089484,-0.2273438789266713,0.2273438789266713,True,1.5719999213019757,-4.571800824937595,-1.427800982333644,1000,log_initial_freq
-2.598944554302252,-2.7886721981570686,0.18972764385481655,0.18972764385481655,True,0.698431786493453,-3.2973763407957053,-1.900512767808799,1000,log_initial_freq
-3.0651330501178173,-2.790996613995279,-0.27413643612253846,0.27413643612253846,True,1.4923447134938062,-4.557477763611623,-1.5727883366240112,1000,log_initial_freq
-2.6072616526974057,-2.798277849123209,0.19101619642580348,0.19101619642580348,True,0.7020582079835657,-3.3093198606809713,-1.9052034447138402,1000,log_initial_freq
-3.085319933124248,-2.803905087625351,-0.28141484549889695,0.28141484549889695,True,1.6061090022533315,-4.691428935377579,-1.4792109308709163,1000,log_initial_freq
-2.9227802353524175,-2.8152819835361376,-0.10749825181627992,0.10749825181627992,True,1.5486876495097028,-4.47146788486212,-1.3740925858427147,1000,log_initial_freq
-2.2704007301167017,-2.824369476448651,0.5539687463319494,0.5539687463319494,False,0.5050167917286741,-2.775417521845376,-1.7653839383880277,1000,log_initial_freq
-2.453647472409796,-2.8314751723729255,0.3778276999631296,0.3778276999631296,True,0.5322223899570624,-2.985869862366858,-1.9214250824527335,1000,log_initial_freq
-2.2953020340959194,-2.836796522318441,0.5414944882225217,0.5414944882225217,False,0.5045567197542145,-2.799858753850134,-1.790745314341705,1000,log_initial_freq
-2.7944266366617723,-2.8434043052631237,0.04897766860135144,0.04897766860135144,True,0.5057989353204532,-3.3002255719822253,-2.288627701341319,1000,log_initial_freq
-3.092254724585685,-2.8466417760254923,-0.24561294856019256,0.24561294856019256,True,1.539969330991758,-4.632224055577443,-1.552285393593927,1000,log_initial_freq
-3.219609110505201,-2.8576014041520823,-0.36200770635311885,0.36200770635311885,True,1.2316459237755117,-4.451255034280713,-1.9879631867296894,1000,log_initial_freq
-2.928745886264772,-2.86022888229646,-0.06851700396831184,0.06851700396831184,True,0.7723372252702577,-3.70108311153503,-2.156408660994514,1000,log_initial_freq
-2.427142992751738,-2.8649331212357403,0.43779012848400223,0.43779012848400223,True,0.45101676491410775,-2.8781597576658458,-1.9761262278376304,1000,log_initial_freq
-3.1166172488758113,-2.870154758301947,-0.24646249057386438,0.24646249057386438,True,1.4786587049882554,-4.595275953864067,-1.637958543887556,1000,log_initial_freq
-2.7148241351326052,-2.871917229324586,0.1570930941919806,0.1570930941919806,True,0.640250165661734,-3.3550743007943393,-2.074573969470871,1000,log_initial_freq
-3.035131327497031,-2.879532665486603,-0.15559866201042816,0.15559866201042816,True,0.9798933344079084,-4.015024661904939,-2.055237993089123,1000,log_initial_freq
-3.293611661764228,-2.8844194185285996,-0.4091922432356285,0.4091922432356285,True,1.4906267371822046,-4.7842383989464325,-1.8029849245820235,1000,log_initial_freq
-2.5795653328663013,-2.891815526824206,0.31225019395790454,0.31225019395790454,True,0.44340766755280114,-3.0229730004191024,-2.1361576653135,1000,log_initial_freq
-2.9608264545670773,-2.89417149775099,-0.06665495681608746,0.06665495681608746,True,1.3215562703183674,-4.282382724885444,-1.6392701842487098,1000,log_initial_freq
-3.0849945331172033,-2.907053800770893,-0.17794073234631025,0.17794073234631025,True,1.158697575554927,-4.24369210867213,-1.9262969575622764,1000,log_initial_freq
-2.4551467096400197,-2.9101766175230237,0.455029907883004,0.455029907883004,True,0.4731385756649158,-2.9282852853049355,-1.982008133975104,1000,log_initial_freq
-3.3714782686906988,-2.92477991698952,-0.4466983517011789,0.4466983517011789,True,1.621405830458209,-4.992884099148908,-1.7500724382324897,1000,log_initial_freq
-2.2494558624470664,-2.925494772240924,0.6760389097938577,0.6760389097938577,False,0.48704313827809154,-2.736499000725158,-1.7624127241689749,1000,log_initial_freq
-3.067827324388838,-2.9294668155500005,-0.13836050883883733,0.13836050883883733,True,1.6709695023024733,-4.738796826691312,-1.3968578220863646,1000,log_initial_freq
-3.84187004742065,-2.930230725257366,-0.9116393221632841,0.9116393221632841,True,1.4381583896446455,-5.280028437065296,-2.4037116577760047,1000,log_initial_freq
-3.4760823283027715,-2.936315047360395,-0.5397672809423764,0.5397672809423764,True,0.672256862934694,-4.148339191237466,-2.8038254653680776,1000,log_initial_freq
-2.516498821677598,-2.93949891734188,0.4230000956642823,0.4230000956642823,True,0.5916587430196106,-3.1081575646972084,-1.9248400786579873,1000,log_initial_freq
-3.246084061775284,-2.9464616953167715,-0.2996223664585127,0.2996223664585127,True,1.5620972026708206,-4.808181264446105,-1.6839868591044636,1000,log_initial_freq
-3.245727708138309,-2.9473808847401193,-0.29834682339818963,0.29834682339818963,True,1.4702757313346666,-4.716003439472976,-1.7754519768036423,1000,log_initial_freq
-2.9701969414175844,-2.9514822858131113,-0.01871465560447305,0.01871465560447305,True,1.0944307662989305,-4.0646277077165145,-1.8757661751186538,1000,log_initial_freq
-2.5805966782305427,-2.956633487082578,0.37603680885203516,0.37603680885203516,True,0.5691444177837603,-3.149741096014303,-2.0114522604467826,1000,log_initial_freq
-3.1580410579767535,-2.963856281599512,-0.19418477637724152,0.19418477637724152,True,1.5301969276598335,-4.688237985636587,-1.62784413031692,1000,log_initial_freq
-3.407429540209189,-2.964841653200176,-0.44258788700901297,0.44258788700901297,True,0.9178487374019935,-4.325278277611183,-2.4895808028071955,1000,log_initial_freq
-2.8714382413900243,-2.9689665391100397,0.09752829772001537,0.09752829772001537,True,1.4679100422979516,-4.3393482836879755,-1.4035281990920727,1000,log_initial_freq
-3.6327549496843137,-2.9731065285647498,-0.6596484211195639,0.6596484211195639,True,1.482758326083157,-5.115513275767471,-2.1499966236011567,1000,log_initial_freq
-2.9420925774889293,-2.9752254039816655,0.03313282649273619,0.03313282649273619,True,0.5311392118544966,-3.473231789343426,-2.4109533656344326,1000,log_initial_freq
-2.6881816982886644,-2.978527167718309,0.2903454694296448,0.2903454694296448,True,0.5072912446537278,-3.1954729429423923,-2.1808904536349365,1000,log_initial_freq
-3.0372761593312703,-2.992776898311916,-0.0444992610193542,0.0444992610193542,True,1.591618900207288,-4.628895059538558,-1.4456572591239822,1000,log_initial_freq
-3.2134826248393917,-2.997872693941042,-0.21560993089834968,0.21560993089834968,True,1.3561537946483673,-4.569636419487759,-1.8573288301910245,1000,log_initial_freq
-2.8232688910448482,-3.009433457252801,0.18616456620795274,0.18616456620795274,True,0.5566381794271308,-3.379907070471979,-2.2666307116177173,1000,log_initial_freq
-3.257431402518033,-3.0259935291516475,-0.23143787336638555,0.23143787336638555,True,1.5893708141750986,-4.846802216693131,-1.6680605883429345,1000,log_initial_freq
-3.3810795268100273,-3.0271476100064074,-0.3539319168036199,0.3539319168036199,True,1.3268240996533376,-4.707903626463365,-2.05425542715669,1000,log_initial_freq
-2.6972139581286667,-3.0294084665353367,0.33219450840667,0.33219450840667,True,1.1725096511595476,-3.869723609288214,-1.524704306969119,1000,log_initial_freq
-3.831804744713453,-3.0328231914714747,-0.7989815532419784,0.7989815532419784,True,1.5676263819863288,-5.399431126699782,-2.264178362727124,1000,log_initial_freq
-2.961902486615283,-3.035305181225932,0.07340269461064919,0.07340269461064919,True,1.2764494901447017,-4.238351976759985,-1.6854529964705813,1000,log_initial_freq
-2.4907165747034865,-3.050624426167991,0.5599078514645046,0.5599078514645046,False,0.4831626069257331,-2.9738791816292194,-2.0075539677777536,1000,log_initial_freq
-2.845940913233735,-3.055222371044204,0.20928145781046892,0.20928145781046892,True,1.1781613668798991,-4.024102280113635,-1.6677795463538359,1000,log_initial_freq
-3.006471497141699,-3.056232916980517,0.0497614198388181,0.0497614198388181,True,0.6540998994528581,-3.6605713965945568,-2.352371597688841,1000,log_initial_freq
-2.869765861584748,-3.0565084239477907,0.18674256236304254,0.18674256236304254,True,1.4134656760158817,-4.28323153760063,-1.4563001855688664,1000,log_initial_freq
-3.2224227114606125,-3.0617287152279093,-0.1606939962327032,0.1606939962327032,True,1.621643793168372,-4.844066504628985,-1.6007789182922405,1000,log_initial_freq
-3.1192040202019173,-3.0632875259408294,-0.05591649426108791,0.05591649426108791,True,1.558069876517894,-4.677273896719811,-1.5611341436840234,1000,log_initial_freq
-3.1192062785482646,-3.077207050487689,-0.04199922806057543,0.04199922806057543,True,1.566854148353293,-4.686060426901557,-1.5523521301949716,1000,log_initial_freq
-2.7362642531958055,-3.078252767528316,0.34198851433251054,0.34198851433251054,True,0.6488796593945514,-3.385143912590357,-2.087384593801254,1000,log_initial_freq
-3.8075812349380476,-3.079985972717475,-0.7275952622205724,0.7275952622205724,True,0.9624796842894758,-4.770060919227523,-2.8451015506485717,1000,log_initial_freq
-2.8894669007929616,-3.1113055008363215,0.22183860004335987,0.22183860004335987,True,0.8903570674641103,-3.779823968257072,-1.9991098333288515,1000,log_initial_freq
-3.136649834981131,-3.1131448236674157,-0.023505011313715407,0.023505011313715407,True,1.4279541315391149,-4.564603966520246,-1.7086957034420163,1000,log_initial_freq
-2.851015887429805,-3.1150009470943134,0.26398505966450836,0.26398505966450836,True,0.4489970555730522,-3.3000129430028573,-2.402018831856753,1000,log_initial_freq
-3.116051938090736,-3.115254644049264,-0.0007972940414719965,0.0007972940414719965,True,1.4535667545633315,-4.569618692654068,-1.6624851835274044,1000,log_initial_freq
-3.1475552848819572,-3.1234053519170475,-0.02414993296490975,0.02414993296490975,True,1.5599817972126753,-4.707537082094633,-1.587573487669282,1000,log_initial_freq
-2.660060801333888,-3.13438033461573,0.4743195332818422,0.4743195332818422,True,0.5749551020489074,-3.235015903382795,-2.0851056992849806,1000,log_initial_freq
-2.2734120218488156,-3.1528509389663517,0.8794389171175361,0.8794389171175361,False,0.4740942767411958,-2.7475062985900114,-1.7993177451076199,1000,log_initial_freq
-3.7213544532029337,-3.1667220093911785,-0.5546324438117551,0.5546324438117551,True,1.5534369408096065,-5.27479139401254,-2.167917512393327,1000,log_initial_freq
-3.343842127965611,-3.1753033980997567,-0.16853872986585428,0.16853872986585428,True,1.5906650554837336,-4.934507183449345,-1.7531770724818774,1000,log_initial_freq
-3.190393196443196,-3.180577020615326,-0.00981617582787031,0.00981617582787031,True,1.582633288209912,-4.7730264846531085,-1.6077599082332843,1000,log_initial_freq
-2.7043547998881814,-3.180772897588945,0.4764180977007637,0.4764180977007637,True,0.6196158366830264,-3.323970636571208,-2.084738963205155,1000,log_initial_freq
-3.085321123441785,-3.1940324662993453,0.10871134285756012,0.10871134285756012,True,1.6171804964561463,-4.702501619897932,-1.468140626985639,1000,log_initial_freq
-2.7139933751827274,-3.2062140846751763,0.4922207094924489,0.4922207094924489,True,0.5336006530829283,-3.247594028265656,-2.180392722099799,1000,log_initial_freq
-3.2956209662961653,-3.207690376422137,-0.08793058987402835,0.08793058987402835,True,1.4641960628651765,-4.759817029161342,-1.8314249034309888,1000,log_initial_freq
-3.4987546480383434,-3.2225561129212226,-0.2761985351171208,0.2761985351171208,True,1.7335528576628239,-5.232307505701167,-1.7652017903755195,1000,log_initial_freq
-2.8239140228443578,-3.2287724769401693,0.40485845409581156,0.40485845409581156,True,0.8046747028399359,-3.6285887256842937,-2.019239320004422,1000,log_initial_freq
-3.806302901547617,-3.229403405569344,-0.5768994959782732,0.5768994959782732,True,1.2300416026340655,-5.036344504181683,-2.5762612989135514,1000,log_initial_freq
-3.3572795229537653,-3.230062226319478,-0.12721729663428727,0.12721729663428727,True,1.5451353126740424,-4.902414835627807,-1.812144210279723,1000,log_initial_freq
-3.2910233124300734,-3.234594814950431,-0.05642849747964229,0.05642849747964229,True,1.5977791453443004,-4.888802457774374,-1.693244167085773,1000,log_initial_freq
-3.202531455295662,-3.2423303004874082,0.039798845191746146,0.039798845191746146,True,0.8524881055986152,-4.055019560894277,-2.3500433496970468,1000,log_initial_freq
-3.147555769106064,-3.2530324884979986,0.10547671939193481,0.10547671939193481,True,1.6479345786194333,-4.795490347725497,-1.4996211904866306,1000,log_initial_freq
-3.3853414736454615,-3.254874901674294,-0.1304665719711675,0.1304665719711675,True,1.6787833531222984,-5.06412482676776,-1.706558120523163,1000,log_initial_freq
-3.699733444902937,-3.267005939942197,-0.43272750496073975,0.43272750496073975,True,1.4366267256053875,-5.136360170508325,-2.263106719297549,1000,log_initial_freq
-3.312555669647549,-3.274290802979142,-0.038264866668407116,0.038264866668407116,True,0.7663991341986011,-4.07895480384615,-2.546156535448948,1000,log_initial_freq
-3.667585078177899,-3.2770461595400384,-0.3905389186378607,0.3905389186378607,True,1.572188513294768,-5.239773591472667,-2.0953965648831314,1000,log_initial_freq
-3.392994080491545,-3.287045246107487,-0.105948834384058,0.105948834384058,True,1.6046155451640571,-4.997609625655602,-1.7883785353274877,1000,log_initial_freq
-3.5236186606323487,-3.2903797794132137,-0.23323888121913505,0.23323888121913505,True,1.5786661560147108,-5.102284816647059,-1.944952504617638,1000,log_initial_freq
-3.4582558887802892,-3.2918249163446,-0.16643097243568938,0.16643097243568938,True,1.6032892622725696,-5.061545151052859,-1.8549666265077196,1000,log_initial_freq
-3.002504890821067,-3.2944972068938325,0.2919923160727653,0.2919923160727653,True,0.5427998883870535,-3.545304779208121,-2.4597050024340135,1000,log_initial_freq
-3.8045807311782114,-3.297089942905977,-0.5074907882722344,0.5074907882722344,True,1.5550217487589215,-5.3596024799371325,-2.24955898241929,1000,log_initial_freq
-3.6550994575598255,-3.3181114129317977,-0.3369880446280278,0.3369880446280278,True,1.3130525013852494,-4.968151958945075,-2.342046956174576,1000,log_initial_freq
-3.285564668096945,-3.3199806657284885,0.03441599763154368,0.03441599763154368,True,1.5745049010967287,-4.860069569193674,-1.7110597670002161,1000,log_initial_freq
-3.361065962771164,-3.323110916557389,-0.03795504621377521,0.03795504621377521,True,0.5698889112971769,-3.930954874068341,-2.791177051473987,1000,log_initial_freq
-3.16516015984723,-3.3501931097544584,0.18503294990722852,0.18503294990722852,True,1.5532604297139414,-4.7184205895611715,-1.6118997301332885,1000,log_initial_freq
-3.1054777989060556,-3.351852444900471,0.2463746459944156,0.2463746459944156,True,1.3964889526987954,-4.501966751604851,-1.7089888462072602,1000,log_initial_freq
-3.189441186820531,-3.353316895172741,0.16387570835220977,0.16387570835220977,True,1.499152492805198,-4.688593679625729,-1.690288694015333,1000,log_initial_freq
-2.468748072343062,-3.3739883173047014,0.9052402449616395,0.9052402449616395,False,0.5159129089165523,-2.9846609812596143,-1.9528351634265095,1000,log_initial_freq
-3.677929919370748,-3.382071707852613,-0.2958582115181354,0.2958582115181354,True,1.544428869879451,-5.222358789250199,-2.133501049491297,1000,log_initial_freq
-3.3350845961327127,-3.398110085865053,0.06302548973234012,0.06302548973234012,True,1.4212275476122316,-4.756312143744944,-1.913857048520481,1000,log_initial_freq
-3.3172007942002772,-3.4003009122665206,0.0831001180662434,0.0831001180662434,True,0.5585883883652483,-3.8757891825655255,-2.758612405835029,1000,log_initial_freq
-3.109869526064054,-3.4243854699692795,0.31451594390522564,0.31451594390522564,True,0.5459140155689918,-3.6557835416330455,-2.563955510495062,1000,log_initial_freq
-3.4840402606567245,-3.4263069952727525,-0.05773326538397194,0.05773326538397194,True,1.5699713909335025,-5.054011651590227,-1.914068869723222,1000,log_initial_freq
-4.348283261719291,-3.426569603424473,-0.9217136582948182,0.9217136582948182,True,1.4537682273189572,-5.802051489038249,-2.894515034400334,1000,log_initial_freq
-3.921862944502239,-3.4273049566533884,-0.49455798784885063,0.49455798784885063,True,1.4653446777442096,-5.387207622246448,-2.4565182667580294,1000,log_initial_freq
-3.185785791923002,-3.433253896341956,0.24746810441895395,0.24746810441895395,True,1.5077821646831489,-4.693567956606151,-1.678003627239853,1000,log_initial_freq
-3.392994765007443,-3.4583548846581396,0.06536011965069655,0.06536011965069655,True,1.5976701527318289,-4.990664917739272,-1.7953246122756141,1000,log_initial_freq
-3.0294536239476533,-3.466823138582983,0.4373695146353298,0.4373695146353298,True,0.5362350039499675,-3.5656886278976208,-2.493218619997686,1000,log_initial_freq
-3.7331537821939853,-3.488701438339444,-0.24445234385454118,0.24445234385454118,True,1.4488841466369629,-5.182037928830948,-2.2842696355570222,1000,log_initial_freq
-3.535068274895201,-3.493836156089724,-0.04123211880547695,0.04123211880547695,True,1.5610005369295683,-5.09606881182477,-1.9740677379656328,1000,log_initial_freq
-3.0852225456702644,-3.4965594867261203,0.41133694105585583,0.41133694105585583,True,0.48531936344619586,-3.5705419091164603,-2.5999031822240686,1000,log_initial_freq
-2.840137384662572,-3.502345824614526,0.6622084399519541,0.6622084399519541,True,0.7490826556411494,-3.5892200403037213,-2.0910547290214225,1000,log_initial_freq
-3.376202761782342,-3.5097017333049827,0.1334989715226409,0.1334989715226409,True,1.2417637439271545,-4.6179665057094965,-2.134439017855187,1000,log_initial_freq
-3.975876457960898,-3.5141206601074146,-0.4617557978534834,0.4617557978534834,True,1.5714756891830979,-5.547352147143996,-2.4044007687778004,1000,log_initial_freq
-4.21277343058542,-3.5195226613879727,-0.6932507691974474,0.6932507691974474,True,1.3157418001193522,-5.528515230704772,-2.897031630466068,1000,log_initial_freq
-2.9254330770104247,-3.5199734540464505,0.5945403770360258,0.5945403770360258,True,1.4431502356354566,-4.368583312645882,-1.482282841374968,1000,log_initial_freq
-3.5424517070281127,-3.527804929508031,-0.014646777520081589,0.014646777520081589,True,1.010430171341331,-4.552881878369444,-2.5320215356867815,1000,log_initial_freq
-4.220937488565895,-3.5314860594538446,-0.6894514291120499,0.6894514291120499,True,1.5184059782682695,-5.739343466834164,-2.702531510297625,1000,log_initial_freq
-3.303393835106509,-3.531496285582427,0.2281024504759177,0.2281024504759177,True,1.1531094968514368,-4.456503331957946,-2.150284338255072,1000,log_initial_freq
-3.4585773836347293,-3.532331317493345,0.07375393385861573,0.07375393385861573,True,1.446738437782649,-4.905315821417378,-2.0118389458520802,1000,log_initial_freq
-2.892010008226954,-3.5323714180697134,0.6403614098427592,0.6403614098427592,True,1.1713322108627362,-4.063342219089691,-1.720677797364218,1000,log_initial_freq
-3.447375838375725,-3.5417865428752453,0.09441070449952038,0.09441070449952038,True,0.6338823971860256,-4.081258235561751,-2.8134934411896992,1000,log_initial_freq
-3.6172740828550207,-3.543576358702227,-0.07369772415279385,0.07369772415279385,True,0.8065731346534014,-4.423847217508422,-2.810700948201619,1000,log_initial_freq
-3.3572784911720635,-3.5461704301221473,0.18889193895008383,0.18889193895008383,True,1.535163943162971,-4.892442434335035,-1.8221145480090926,1000,log_initial_freq
-3.26506410329194,-3.5518569847023347,0.2867928814103946,0.2867928814103946,True,1.2936239862908758,-4.558688089582816,-1.9714401170010643,1000,log_initial_freq
-3.531912549977065,-3.5535055616026243,0.021593011625559377,0.021593011625559377,True,1.5132616254137228,-5.0451741753907875,-2.0186509245633424,1000,log_initial_freq
-4.078507429544986,-3.5551197718870022,-0.5233876576579841,0.5233876576579841,True,1.1743006443400905,-5.252808073885077,-2.904206785204896,1000,log_initial_freq
-3.7345729476258147,-3.55644113423262,-0.17813181339319462,0.17813181339319462,True,1.560498567117821,-5.295071514743636,-2.1740743805079936,1000,log_initial_freq
-4.059741452845596,-3.557126506809907,-0.5026149460356892,0.5026149460356892,True,1.5460404863588149,-5.6057819392044115,-2.5137009664867813,1000,log_initial_freq
-2.952887463915724,-3.565174708498861,0.6122872445831371,0.6122872445831371,True,1.4939970598091947,-4.446884523724918,-1.4588904041065294,1000,log_initial_freq
-3.0800522380703956,-3.5718030142541877,0.49175077618379204,0.49175077618379204,True,1.5779178967056096,-4.657970134776005,-1.502134341364786,1000,log_initial_freq
-3.438347650546319,-3.5858396808305244,0.14749203028420554,0.14749203028420554,True,1.639476798326165,-5.077824448872484,-1.7988708522201537,1000,log_initial_freq
-3.2262733765914593,-3.588054875029136,0.3617814984376766,0.3617814984376766,True,1.6575284081328123,-4.883801784724271,-1.568744968458647,1000,log_initial_freq
-3.3762937564013358,-3.5891207744691895,0.21282701806785376,0.21282701806785376,True,1.4402827459622216,-4.816576502363557,-1.9360110104391142,1000,log_initial_freq
-3.6037084232420176,-3.5964261077501325,-0.007282315491885072,0.007282315491885072,True,0.7587748947656776,-4.362483318007695,-2.84493352847634,1000,log_initial_freq
-2.9587046805185264,-3.601917847397829,0.6432131668793026,0.6432131668793026,True,1.4140391929551106,-4.372743873473637,-1.5446654875634158,1000,log_initial_freq
-3.3352257565017194,-3.6042547179427977,0.26902896144107835,0.26902896144107835,True,1.502779685999223,-4.838005442500942,-1.8324460705024963,1000,log_initial_freq
-3.505733774107177,-3.60664037157663,0.10090659746945319,0.10090659746945319,True,1.5067281189445838,-5.012461893051761,-1.999005655162593,1000,log_initial_freq
-3.560523153038504,-3.6097659466276006,0.04924279358909667,0.04924279358909667,True,1.5531328362698105,-5.113655989308315,-2.0073903167686935,1000,log_initial_freq
-3.6760813504074448,-3.6157512552257702,-0.06033009518167454,0.06033009518167454,True,1.5660755680537566,-5.242156918461202,-2.110005782353688,1000,log_initial_freq
-3.3946450061071847,-3.6201575478465653,0.22551254173938062,0.22551254173938062,True,1.5605493776820016,-4.955194383789186,-1.834095628425183,1000,log_initial_freq
-3.9440433149526237,-3.6230046822836246,-0.3210386326689991,0.3210386326689991,True,1.4343618122923334,-5.378405127244957,-2.5096815026602903,1000,log_initial_freq
-3.941246090943465,-3.6370875275197445,-0.3041585634237203,0.3041585634237203,True,1.0577557714175707,-4.999001862361036,-2.883490319525894,1000,log_initial_freq
-3.610387163029387,-3.6397968519786437,0.02940968894925655,0.02940968894925655,True,1.6519742323969069,-5.262361395426294,-1.9584129306324802,1000,log_initial_freq
-3.3253023756815194,-3.639861491058813,0.31455911537729353,0.31455911537729353,True,1.4590443327073488,-4.784346708388869,-1.8662580429741706,1000,log_initial_freq
-3.7298810469213874,-3.640214794012561,-0.08966625290882657,0.08966625290882657,True,1.5948773200816646,-5.324758367003052,-2.135003726839723,1000,log_initial_freq
-3.2731134045171637,-3.6420830094317767,0.36896960491461295,0.36896960491461295,True,1.5594363581973705,-4.832549762714534,-1.7136770463197932,1000,log_initial_freq
-3.796576418332573,-3.642992034136686,-0.15358438419588705,0.15358438419588705,True,1.4649825540795183,-5.261558972412091,-2.3315938642530547,1000,log_initial_freq
-3.271700804887776,-3.645982256403075,0.3742814515152988,0.3742814515152988,True,1.5968851194047229,-4.868585924292499,-1.6748156854830532,1000,log_initial_freq
-3.548447437417744,-3.6563651633751073,0.10791772595736315,0.10791772595736315,True,1.6118226256280728,-5.160270063045817,-1.9366248117896714,1000,log_initial_freq
-3.9539682790094077,-3.661105039573496,-0.29286323943591164,0.29286323943591164,True,1.4772441115056927,-5.431212390515101,-2.476724167503715,1000,log_initial_freq
-3.4818090789094707,-3.6830570047379743,0.2012479258285036,0.2012479258285036,True,1.5781215358975598,-5.059930614807031,-1.903687543011911,1000,log_initial_freq
-3.8025792330927586,-3.691588919531558,-0.1109903135612007,0.1109903135612007,True,1.5292417794045683,-5.331821012497327,-2.2733374536881903,1000,log_initial_freq
-3.78876202117571,-3.692839091837696,-0.09592292933801394,0.09592292933801394,True,1.2809554553519038,-5.069717476527614,-2.507806565823806,1000,log_initial_freq
-3.954845494528074,-3.695628193958875,-0.25921730056919934,0.25921730056919934,True,1.533629752587771,-5.488475247115845,-2.421215741940303,1000,log_initial_freq
-3.7840413834556403,-3.703382854674163,-0.08065852878147739,0.08065852878147739,True,0.8576989008380557,-4.641740284293696,-2.9263424826175846,1000,log_initial_freq
-3.8644005402626793,-3.704708127548802,-0.15969241271387746,0.15969241271387746,True,1.4458099884610223,-5.310210528723702,-2.418590551801657,1000,log_initial_freq
-4.013517716580813,-3.7094160697542593,-0.3041016468265534,0.3041016468265534,True,1.6630121201649795,-5.676529836745792,-2.3505055964158332,1000,log_initial_freq
-4.140520198833071,-3.710679967327803,-0.4298402315052683,0.4298402315052683,True,1.387879230731422,-5.528399429564494,-2.752640968101649,1000,log_initial_freq
-3.2056619729910367,-3.714037122847129,0.5083751498560924,0.5083751498560924,True,1.6111276411618367,-4.816789614152873,-1.5945343318292,1000,log_initial_freq
-3.6994921206317164,-3.7189826299244917,0.019490509292775293,0.019490509292775293,True,1.5718428028841922,-5.271334923515909,-2.127649317747524,1000,log_initial_freq
-3.3004710274784976,-3.7347878856438603,0.4343168581653627,0.4343168581653627,True,1.602589022953063,-4.903060050431561,-1.6978820045254346,1000,log_initial_freq
-3.381080241295436,-3.7358939444100967,0.35481370311466076,0.35481370311466076,True,1.139525543476659,-4.520605784772095,-2.241554697818777,1000,log_initial_freq
-4.167119481318865,-3.743959889168475,-0.4231595921503901,0.4231595921503901,True,1.5362853343917733,-5.7034048157106385,-2.630834146927092,1000,log_initial_freq
-4.036298595940058,-3.751113064291371,-0.28518553164868665,0.28518553164868665,True,1.620591310109502,-5.656889906049559,-2.415707285830556,1000,log_initial_freq
-3.625838338724963,-3.7538802691059736,0.12804193038101053,0.12804193038101053,True,1.668530353248763,-5.294368691973726,-1.9573079854762,1000,log_initial_freq
-3.9412472687122806,-3.756916395152614,-0.18433087355966649,0.18433087355966649,True,1.1373011398101542,-5.078548408522435,-2.803946128902126,1000,log_initial_freq
-3.3897068069159166,-3.760184823500989,0.3704780165850723,0.3704780165850723,True,1.6041139806527283,-4.9938207875686444,-1.7855928262631884,1000,log_initial_freq
-3.6765994625038747,-3.763662898495962,0.08706343599208743,0.08706343599208743,True,1.5989960573957551,-5.27559551989963,-2.0776034051081194,1000,log_initial_freq
-3.4048779746333615,-3.7673182782665338,0.36244030363317226,0.36244030363317226,True,1.7243110863311368,-5.129189060964499,-1.6805668883022247,1000,log_initial_freq
-3.9260381200362624,-3.7696724615144057,-0.1563656585218567,0.1563656585218567,True,1.485642126498748,-5.411680246535011,-2.440395993537514,1000,log_initial_freq
-3.4899313066862274,-3.787879224011286,0.29794791732505876,0.29794791732505876,True,1.5143066892629509,-5.004237995949178,-1.9756246174232766,1000,log_initial_freq
-3.3033949093386896,-3.7936307964325495,0.4902358870938599,0.4902358870938599,True,1.0501417318618445,-4.3535366412005345,-2.253253177476845,1000,log_initial_freq
-3.8696364664813623,-3.7969293262023633,-0.07270714027899894,0.07270714027899894,True,1.5674819853514639,-5.437118451832826,-2.3021544811298984,1000,log_initial_freq
-3.45825934610189,-3.803722986122123,0.34546364002023333,0.34546364002023333,True,1.7184758318672353,-5.176735177969125,-1.7397835142346545,1000,log_initial_freq
-3.33637899212488,-3.8071400097174593,0.4707610175925794,0.4707610175925794,True,1.5123312876517263,-4.848710279776606,-1.8240477044731536,1000,log_initial_freq
-4.3534139220108194,-3.8125715214059386,-0.5408424006048809,0.5408424006048809,True,1.6220459988612594,-5.975459920872079,-2.73136792314956,1000,log_initial_freq
-4.116035298485303,-3.812678445982153,-0.30335685250315025,0.30335685250315025,True,1.6181435280981187,-5.734178826583422,-2.4978917703871844,1000,log_initial_freq
-2.889579043654881,-3.813629351379986,0.9240503077251052,0.9240503077251052,True,1.2961821855247482,-4.185761229179629,-1.5933968581301328,1000,log_initial_freq
-3.9417802054759035,-3.826962248355109,-0.11481795712079457,0.11481795712079457,True,1.624333668484234,-5.566113873960138,-2.3174465369916692,1000,log_initial_freq
-3.125652954281618,-3.8302193891547445,0.7045664348731266,0.7045664348731266,True,1.4996825706632275,-4.625335524944846,-1.6259703836183903,1000,log_initial_freq
-4.186729008779308,-3.831241493081165,-0.3554875156981425,0.3554875156981425,True,1.4601251304687624,-5.64685413924807,-2.726603878310545,1000,log_initial_freq
-3.8109735454053615,-3.8314101369607654,0.020436591555403893,0.020436591555403893,True,1.3761084341778573,-5.187081979583219,-2.434865111227504,1000,log_initial_freq
-3.846719225670228,-3.832848787130784,-0.013870438539444141,0.013870438539444141,True,1.5243792100613935,-5.371098435731621,-2.3223400156088347,1000,log_initial_freq
-3.7094578928034356,-3.8378931734119854,0.1284352806085498,0.1284352806085498,True,1.780701090271228,-5.4901589830746635,-1.9287568025322077,1000,log_initial_freq
-3.598002942171492,-3.8399434847679768,0.24194054259648468,0.24194054259648468,True,1.5691589905332113,-5.167161932704703,-2.028843951638281,1000,log_initial_freq
-3.505523039482017,-3.8411724901220223,0.3356494506400054,0.3356494506400054,True,1.4505593721885641,-4.956082411670581,-2.054963667293453,1000,log_initial_freq
-3.201421689883153,-3.848134928762944,0.6467132388797907,0.6467132388797907,True,1.4720713817706117,-4.673493071653764,-1.7293503081125414,1000,log_initial_freq
-3.851149935197135,-3.8511349343160184,-1.5000881116833398e-05,1.5000881116833398e-05,True,1.5189509168740205,-5.370100852071156,-2.3321990183231147,1000,log_initial_freq
-3.87982788550622,-3.8534424688654143,-0.026385416640805737,0.026385416640805737,True,1.5370938271323242,-5.416921712638544,-2.342734058373896,1000,log_initial_freq
-4.186253167490472,-3.85421777740841,-0.33203539008206207,0.33203539008206207,True,1.6554462758744428,-5.841699443364915,-2.530806891616029,1000,log_initial_freq
-3.9863947108060414,-3.8583907405562083,-0.128003970249833,0.128003970249833,True,1.6664418776252805,-5.652836588431322,-2.3199528331807606,1000,log_initial_freq
-4.087741498103575,-3.8649175174705155,-0.2228239806330592,0.2228239806330592,True,1.3928421604093832,-5.480583658512958,-2.694899337694191,1000,log_initial_freq
-4.087075009139055,-3.868751274808619,-0.21832373433043628,0.21832373433043628,True,1.5765123288198217,-5.663587337958877,-2.5105626803192336,1000,log_initial_freq
-4.000836601185454,-3.8792003122456356,-0.12163628893981837,0.12163628893981837,True,1.2586606171378178,-5.259497218323272,-2.742175984047636,1000,log_initial_freq
-3.9092447727311583,-3.881784084440514,-0.02746068829064452,0.02746068829064452,True,1.44201149215472,-5.351256264885878,-2.4672332805764383,1000,log_initial_freq
-3.475678467032095,-3.8828443935806956,0.4071659265486005,0.4071659265486005,True,1.6275051943464571,-5.103183661378552,-1.848173272685638,1000,log_initial_freq
-3.4736358090004607,-3.8912842218244297,0.41764841282396903,0.41764841282396903,True,1.6244782929088624,-5.098114101909323,-1.8491575160915983,1000,log_initial_freq
-4.072717817185057,-3.894189990612711,-0.17852782657234645,0.17852782657234645,True,1.6473832688255379,-5.720101086010596,-2.4253345483595194,1000,log_initial_freq
-3.8163089350104906,-3.8953038799848096,0.07899494497431903,0.07899494497431903,True,1.5879294175948067,-5.404238352605297,-2.228379517415684,1000,log_initial_freq
-3.6209030962708484,-3.9048891328039437,0.2839860365330953,0.2839860365330953,True,1.4711947512591683,-5.092097847530017,-2.14970834501168,1000,log_initial_freq
-4.423911712560158,-3.9103293271554405,-0.5135823854047175,0.5135823854047175,True,1.2846130931348767,-5.708524805695035,-3.139298619425281,1000,log_initial_freq
-3.8489622004839563,-3.9152817895028607,0.06631958901890433,0.06631958901890433,True,1.4869310064498575,-5.335893206933814,-2.362031194034099,1000,log_initial_freq
-3.4736379969004765,-3.922989177360289,0.4493511804598125,0.4493511804598125,True,1.61948299067184,-5.093120987572316,-1.8541550062286365,1000,log_initial_freq
-4.852220148441377,-3.9267025654206247,-0.9255175830207527,0.9255175830207527,False,0.9243950917400999,-5.776615240181477,-3.9278250567012774,1000,log_initial_freq
-4.391698701240864,-3.930564577645085,-0.4611341235957793,0.4611341235957793,True,1.630478451296426,-6.0221771525372905,-2.7612202499444383,1000,log_initial_freq
-4.082827061266181,-3.931249700759235,-0.1515773605069457,0.1515773605069457,True,1.4391439015908416,-5.521970962857022,-2.643683159675339,1000,log_initial_freq
-3.5031322187378726,-3.942470588119212,0.4393383693813395,0.4393383693813395,True,1.12875086873929,-4.631883087477163,-2.3743813499985826,1000,log_initial_freq
-3.783795072582241,-3.9440204751905137,0.16022540260827256,0.16022540260827256,True,1.5511978712582646,-5.334992943840506,-2.2325972013239763,1000,log_initial_freq
-3.429108524638128,-3.9442337002099617,0.5151251755718338,0.5151251755718338,True,1.6152671961303486,-5.0443757207684765,-1.8138413285077792,1000,log_initial_freq
-4.669519547938802,-3.951140391564364,-0.7183791563744379,0.7183791563744379,True,1.2131123099726697,-5.882631857911472,-3.4564072379661326,1000,log_initial_freq
-3.5094363984393966,-3.959842156375304,0.4504057579359073,0.4504057579359073,True,1.565388973676797,-5.0748253721161936,-1.9440474247625996,1000,log_initial_freq
-3.9549063614446074,-3.96426272220877,0.009356360764162464,0.009356360764162464,True,1.6362637628789412,-5.591170124323549,-2.318642598565666,1000,log_initial_freq
-3.612590654800636,-3.965697944523118,0.35310728972248207,0.35310728972248207,True,1.63474832552561,-5.247338980326246,-1.977842329275026,1000,log_initial_freq
-4.395847837598002,-3.9705785141943384,-0.42526932340366397,0.42526932340366397,True,1.796811846794396,-6.192659684392399,-2.599035990803606,1000,log_initial_freq
-4.383589747955274,-3.983726988641894,-0.39986275931338033,0.39986275931338033,True,1.4417902337153203,-5.8253799816705945,-2.9417995142399542,1000,log_initial_freq
-4.5630397554624,-3.987274532089357,-0.5757652233730433,0.5757652233730433,True,1.527477360489889,-6.090517115952289,-3.0355623949725112,1000,log_initial_freq
-4.315843623584949,-3.9911911715883948,-0.32465245199655435,0.32465245199655435,True,1.3582294953761727,-5.674073118961122,-2.9576141282087764,1000,log_initial_freq
-3.9205347490085924,-3.9919072129174444,0.07137246390885199,0.07137246390885199,True,1.6700613935255386,-5.590596142534131,-2.250473355483054,1000,log_initial_freq
-3.8691791812960803,-3.994126238596853,0.12494705730077271,0.12494705730077271,True,1.438766929275287,-5.3079461105713674,-2.430412252020793,1000,log_initial_freq
-3.755812671099055,-4.001115615071093,0.245302943972038,0.245302943972038,True,1.4545582108299335,-5.210370881928989,-2.3012544602691216,1000,log_initial_freq
-4.264954969104425,-4.012578852829455,-0.25237611627497003,0.25237611627497003,True,1.225582922425328,-5.490537891529753,-3.0393720466790963,1000,log_initial_freq
-3.807581732290127,-4.02183950600822,0.21425777371809307,0.21425777371809307,True,1.0113402554557425,-4.8189219877458696,-2.7962414768343846,1000,log_initial_freq
-3.6597685886477542,-4.022104455180644,0.36233586653288974,0.36233586653288974,True,1.5047844296509314,-5.164553018298686,-2.1549841589968226,1000,log_initial_freq
-4.369774965227614,-4.026248757310972,-0.3435262079166419,0.3435262079166419,True,1.7499318562431287,-6.119706821470743,-2.619843108984485,1000,log_initial_freq
-4.534460826587732,-4.037917686828809,-0.4965431397589226,0.4965431397589226,True,1.2072107622828414,-5.741671588870573,-3.3272500643048906,1000,log_initial_freq
-4.415359226819657,-4.038044561602325,-0.37731466521733203,0.37731466521733203,True,1.3206839141939002,-5.736043141013557,-3.094675312625757,1000,log_initial_freq
-4.02701241518517,-4.041844320274545,0.014831905089375041,0.014831905089375041,True,1.5113373779612171,-5.538349793146387,-2.5156750372239527,1000,log_initial_freq
-5.013726141734689,-4.042016339280859,-0.9717098024538302,0.9717098024538302,True,1.2668427853567188,-6.280568927091408,-3.74688335637797,1000,log_initial_freq
-4.549993501312122,-4.0482892299749675,-0.5017042713371547,0.5017042713371547,True,0.9114477086203916,-5.461441209932514,-3.6385457926917306,1000,log_initial_freq
-4.068746855925574,-4.0555637296503075,-0.01318312627526641,0.01318312627526641,True,1.3011319471419078,-5.369878803067482,-2.767614908783666,1000,log_initial_freq
-4.014854271426911,-4.058348699860866,0.0434944284339549,0.0434944284339549,True,1.4543291010566666,-5.469183372483577,-2.5605251703702443,1000,log_initial_freq
-4.052059380256125,-4.061382228999122,0.009322848742996825,0.009322848742996825,True,1.6429366278985873,-5.694996008154712,-2.409122752357538,1000,log_initial_freq
-3.910794976318939,-4.071757668661791,0.16096269234285154,0.16096269234285154,True,1.5216628368039324,-5.432457813122872,-2.3891321395150067,1000,log_initial_freq
-5.030661372842844,-4.0743018393650825,-0.9563595334777615,0.9563595334777615,True,1.084891508572547,-6.115552881415391,-3.945769864270297,1000,log_initial_freq
-3.5530170937095913,-4.075098845135635,0.5220817514260436,0.5220817514260436,True,1.5138282361226383,-5.06684532983223,-2.039188857586953,1000,log_initial_freq
-4.472323673598716,-4.078725518330704,-0.3935981552680117,0.3935981552680117,True,0.9830466226228816,-5.455370296221597,-3.489277050975834,1000,log_initial_freq
-4.395989996928481,-4.0795345848587825,-0.31645541206969874,0.31645541206969874,True,0.8678310533987849,-5.263821050327266,-3.5281589435296965,1000,log_initial_freq
-4.453850845257089,-4.079580511904446,-0.37427033335264337,0.37427033335264337,True,1.577602216824718,-6.031453062081807,-2.8762486284323714,1000,log_initial_freq
-4.517715783547424,-4.085247922203138,-0.4324678613442865,0.4324678613442865,True,1.6446636422827912,-6.162379425830215,-2.8730521412646333,1000,log_initial_freq
-3.716907492866049,-4.086661249602892,0.36975375673684274,0.36975375673684274,True,1.5680529975217339,-5.284960490387783,-2.148854495344315,1000,log_initial_freq
-4.304576665780184,-4.093263377350404,-0.21131328842978014,0.21131328842978014,True,0.8069051906439325,-5.111481856424116,-3.497671475136251,1000,log_initial_freq
-3.5460101032037095,-4.096146939249782,0.5501368360460726,0.5501368360460726,True,0.6113302200072349,-4.157340323210945,-2.9346798831964747,1000,log_initial_freq
-4.679428921924282,-4.097138850717562,-0.58229007120672,0.58229007120672,True,1.2627023634092878,-5.94213128533357,-3.416726558514995,1000,log_initial_freq
-3.558636881549926,-4.104128491639095,0.5454916100891691,0.5454916100891691,True,1.7020684937488546,-5.26070537529878,-1.8565683878010713,1000,log_initial_freq
-5.119596651676914,-4.104406444385885,-1.0151902072910284,1.0151902072910284,True,1.6949125840225872,-6.814509235699501,-3.4246840676543266,1000,log_initial_freq
-4.391595501983011,-4.1051357143114355,-0.28645978767157576,0.28645978767157576,True,1.3562485927208243,-5.747844094703836,-3.035346909262187,1000,log_initial_freq
-4.120610103584883,-4.108545223519982,-0.012064880064900585,0.012064880064900585,True,1.5148996968349866,-5.63550980041987,-2.605710406749896,1000,log_initial_freq
-4.533437558996611,-4.110737589450289,-0.42269996954632205,0.42269996954632205,True,1.164979475473342,-5.698417034469953,-3.3684580835232687,1000,log_initial_freq
-3.5302626090879934,-4.129085338377665,0.598822729289672,0.598822729289672,False,0.5814571935134577,-4.111719802601451,-2.948805415574536,1000,log_initial_freq
-4.2490844650050255,-4.146319899002666,-0.10276456600235928,0.10276456600235928,True,1.535641300083626,-5.784725765088652,-2.7134431649213995,1000,log_initial_freq
-4.61003528678278,-4.149931169760395,-0.46010411702238496,0.46010411702238496,True,1.4499640106213039,-6.059999297404083,-3.1600712761614758,1000,log_initial_freq
-4.64910480456422,-4.151786029075016,-0.49731877548920433,0.49731877548920433,True,0.8382225471758861,-5.487327351740106,-3.810882257388334,1000,log_initial_freq
-4.148042297928454,-4.158940298605646,0.010898000677192599,0.010898000677192599,True,1.331636207997509,-5.479678505925962,-2.8164060899309447,1000,log_initial_freq
-3.7887621861984084,-4.169249433572844,0.3804872473744356,0.3804872473744356,True,1.2826861880317038,-5.071448374230112,-2.506075998166705,1000,log_initial_freq
-5.1427172196697155,-4.198006617274551,-0.9447106023951646,0.9447106023951646,True,1.54143597279536,-6.684153192465075,-3.601281246874356,1000,log_initial_freq
-4.066371046985388,-4.200688518811159,0.1343174718257707,0.1343174718257707,True,1.3981159394461464,-5.464486986431535,-2.6682551075392418,1000,log_initial_freq
-4.298156994996421,-4.203579717498027,-0.09457727749839417,0.09457727749839417,True,1.4418062291064357,-5.739963224102857,-2.856350765889985,1000,log_initial_freq
-3.3572811468880213,-4.204065354883166,0.8467842079951451,0.8467842079951451,True,1.5383042977546817,-4.895585444642703,-1.8189768491333396,1000,log_initial_freq
-4.69935485610329,-4.210223374196248,-0.4891314819070418,0.4891314819070418,True,1.584205846080738,-6.283560702184028,-3.1151490100225523,1000,log_initial_freq
-5.128320487295591,-4.212727325398517,-0.9155931618970738,0.9155931618970738,True,1.1432964909443366,-6.271616978239928,-3.9850239963512544,1000,log_initial_freq
-3.6127923779177324,-4.230113487073461,0.6173211091557285,0.6173211091557285,True,1.692041132539065,-5.304833510456797,-1.9207512453786675,1000,log_initial_freq
-3.591218406345452,-4.233954262340193,0.6427358559947409,0.6427358559947409,True,1.6017630526541609,-5.192981458999613,-1.9894553536912911,1000,log_initial_freq
-4.651098656415471,-4.255331901273861,-0.39576675514160975,0.39576675514160975,True,1.3738714064383875,-6.024970062853858,-3.2772272499770834,1000,log_initial_freq
-5.165554960990312,-4.257049485366044,-0.9085054756242688,0.9085054756242688,False,0.8435899364265257,-6.009144897416838,-4.321965024563787,1000,log_initial_freq
-4.329374819404854,-4.258173095249473,-0.0712017241553804,0.0712017241553804,True,1.5655138619775495,-5.894888681382403,-2.7638609574273043,1000,log_initial_freq
-5.012013546398211,-4.259091813706149,-0.7529217326920614,0.7529217326920614,True,0.8340689141653221,-5.846082460563533,-4.177944632232888,1000,log_initial_freq
-4.196922941436328,-4.263457696702103,0.06653475526577513,0.06653475526577513,True,1.510155253618469,-5.707078195054796,-2.686767687817859,1000,log_initial_freq
-4.144531869555657,-4.266124184894899,0.12159231533924153,0.12159231533924153,True,1.43153706084883,-5.576068930404487,-2.7129948087068274,1000,log_initial_freq
-4.992100615958579,-4.2671573366937,-0.7249432792648793,0.7249432792648793,True,0.9069463958212818,-5.899047011779861,-4.085154220137297,1000,log_initial_freq
-3.548413864219611,-4.27518682500844,0.7267729607888289,0.7267729607888289,True,1.2827741730504911,-4.831188037270103,-2.26563969116912,1000,log_initial_freq
-3.468651943790256,-4.276923911570556,0.8082719677802999,0.8082719677802999,True,1.3767262913016447,-4.845378235091901,-2.0919256524886114,1000,log_initial_freq
-4.111376489221651,-4.2785089600350235,0.1671324708133728,0.1671324708133728,True,1.233984379378591,-5.345360868600242,-2.8773921098430595,1000,log_initial_freq
-3.907385533989338,-4.282517920791159,0.37513238680182104,0.37513238680182104,True,1.0508793466996857,-4.958264880689024,-2.8565061872896527,1000,log_initial_freq
-4.466783417871397,-4.284036361523103,-0.18274705634829402,0.18274705634829402,True,1.748638492686294,-6.2154219105576916,-2.7181449251851033,1000,log_initial_freq
-4.184614505478428,-4.284367281215612,0.09975277573718433,0.09975277573718433,True,1.4278169755552623,-5.61243148103369,-2.7567975299231655,1000,log_initial_freq
-4.072718302471948,-4.287580502116521,0.21486219964457298,0.21486219964457298,True,1.6913357789996208,-5.764054081471569,-2.381382523472327,1000,log_initial_freq
-4.141587430989484,-4.299224349698971,0.15763691870948726,0.15763691870948726,True,1.4927400119875165,-5.634327442977,-2.6488474190019673,1000,log_initial_freq
-5.047576346518193,-4.302587803928856,-0.7449885425893372,0.7449885425893372,True,0.828434707098811,-5.876011053617004,-4.219141639419382,1000,log_initial_freq
-4.809707902824682,-4.313084780487961,-0.4966231223367208,0.4966231223367208,True,1.029713061429854,-5.839420964254536,-3.779994841394828,1000,log_initial_freq
-5.171417943789783,-4.330436986720418,-0.8409809570693652,0.8409809570693652,True,0.8857830111273017,-6.057200954917085,-4.285634932662481,1000,log_initial_freq
-4.833559336411198,-4.34058189960955,-0.49297743680164796,0.49297743680164796,True,1.33454133175815,-6.168100668169348,-3.4990180046530477,1000,log_initial_freq
-4.429546436285743,-4.345835337436613,-0.08371109884912986,0.08371109884912986,True,1.4664080189537678,-5.895954455239511,-2.963138417331975,1000,log_initial_freq
-4.425417387597349,-4.368736282296766,-0.05668110530058357,0.05668110530058357,True,1.559863313693306,-5.985280701290655,-2.8655540739040433,1000,log_initial_freq
-5.059157455488222,-4.38019842048031,-0.678959035007912,0.678959035007912,True,1.6724652145302186,-6.7316226700184405,-3.386692240958004,1000,log_initial_freq
-4.837496600258634,-4.3913515591188395,-0.44614504113979425,0.44614504113979425,True,1.2829677512433304,-6.120464351501964,-3.5545288490153033,1000,log_initial_freq
-4.640105076794919,-4.398487662901749,-0.24161741389317015,0.24161741389317015,True,1.4508365225506352,-6.0909415993455545,-3.1892685542442836,1000,log_initial_freq
-4.43817363019439,-4.39992669405192,-0.03824693614247021,0.03824693614247021,True,1.5223391230154477,-5.960512753209837,-2.915834507178942,1000,log_initial_freq
-4.732072074259146,-4.401834565070819,-0.3302375091883274,0.3302375091883274,True,1.4991398924867372,-6.231211966745883,-3.2329321817724086,1000,log_initial_freq
-4.144681698139265,-4.417980546798019,0.2732988486587544,0.2732988486587544,True,1.2623848442361227,-5.407066542375388,-2.882296853903142,1000,log_initial_freq
-5.059153509355277,-4.4200173523888235,-0.6391361569664538,0.6391361569664538,True,1.8340758573360836,-6.893229366691361,-3.225077652019194,1000,log_initial_freq
-4.158761838600741,-4.4319035477733735,0.2731417091726325,0.2731417091726325,True,1.2251442464645432,-5.383906085065284,-2.9336175921361978,1000,log_initial_freq
-4.2730864893873095,-4.4548230955018955,0.18173660611458597,0.18173660611458597,True,1.5850656782861934,-5.858152167673503,-2.688020811101116,1000,log_initial_freq
-5.263968940729907,-4.478134116238549,-0.7858348244913573,0.7858348244913573,True,1.5026163719021226,-6.76658531263203,-3.761352568827784,1000,log_initial_freq
-4.7256885099342565,-4.482482573193072,-0.24320593674118474,0.24320593674118474,True,1.3158896075005297,-6.041578117434787,-3.4097989024337267,1000,log_initial_freq
-4.189108577844654,-4.48357074088568,0.29446216304102624,0.29446216304102624,True,1.4747318239759326,-5.663840401820586,-2.7143767538687213,1000,log_initial_freq
-5.129183585814526,-4.486094226283984,-0.643089359530542,0.643089359530542,True,1.5963873790388774,-6.725570964853404,-3.5327962067756484,1000,log_initial_freq
-4.383192684056603,-4.489516933084266,0.10632424902766324,0.10632424902766324,True,1.321274872582954,-5.704467556639557,-3.0619178114736485,1000,log_initial_freq
-5.053956301074274,-4.497741946583195,-0.5562143544910789,0.5562143544910789,True,1.5573222839351215,-6.611278585009396,-3.4966340171391526,1000,log_initial_freq
-4.338169211769549,-4.500128508549455,0.16195929677990595,0.16195929677990595,True,1.1216762215542668,-5.4598454333238156,-3.2164929902152823,1000,log_initial_freq
-5.111332206263291,-4.519508708149019,-0.5918234981142723,0.5918234981142723,True,0.9025930566462084,-6.013925262909499,-4.208739149617083,1000,log_initial_freq
-5.149459599105002,-4.522059932196776,-0.627399666908226,0.627399666908226,True,1.1781878690180299,-6.327647468123033,-3.9712717300869724,1000,log_initial_freq
-4.585914055850097,-4.531019847573739,-0.054894208276357936,0.054894208276357936,True,1.5862893309485757,-6.172203386798673,-2.999624724901521,1000,log_initial_freq
-4.541345890198519,-4.531714589445828,-0.009631300752690919,0.009631300752690919,True,1.4474009471706306,-5.98874683736915,-3.0939449430278883,1000,log_initial_freq
-5.155803354501626,-4.538150627711313,-0.6176527267903129,0.6176527267903129,True,1.085843240365573,-6.241646594867198,-4.0699601141360535,1000,log_initial_freq
-4.086967869905471,-4.5383541842279,0.4513863143224288,0.4513863143224288,True,1.2746932324695117,-5.361661102374983,-2.812274637435959,1000,log_initial_freq
-5.108877735388028,-4.550043342127781,-0.5588343932602475,0.5588343932602475,True,0.9238957532331036,-6.032773488621132,-4.184981982154925,1000,log_initial_freq
-6.122189550745354,-4.553183240382632,-1.569006310362722,1.569006310362722,False,0.8295050473497775,-6.9516945980951315,-5.292684503395576,1000,log_initial_freq
-5.404323195972542,-4.553341238587279,-0.8509819573852626,0.8509819573852626,True,0.8930236053940803,-6.297346801366622,-4.511299590578462,1000,log_initial_freq
-5.124535495023586,-4.559472320097434,-0.5650631749261521,0.5650631749261521,True,0.8602109153576839,-5.984746410381271,-4.264324579665902,1000,log_initial_freq
-4.4641927092343785,-4.562835734361768,0.0986430251273891,0.0986430251273891,True,1.5951795354236369,-6.059372244658015,-2.8690131738107416,1000,log_initial_freq
-4.92093376269519,-4.56323678078675,-0.35769698190844057,0.35769698190844057,True,1.1182065800761858,-6.039140342771376,-3.8027271826190043,1000,log_initial_freq
-4.8051667753675895,-4.578750569058541,-0.22641620630904846,0.22641620630904846,True,0.8999009574061457,-5.705067732773736,-3.905265817961444,1000,log_initial_freq
-4.44746441801071,-4.5870735542961505,0.1396091362854408,0.1396091362854408,True,1.4760057534675735,-5.923470171478283,-2.9714586645431362,1000,log_initial_freq
-4.601003353952539,-4.5925869551358165,-0.008416398816722293,0.008416398816722293,True,0.9003569313157356,-5.501360285268275,-3.700646422636803,1000,log_initial_freq
-4.205369355617633,-4.596725613470835,0.39135625785320194,0.39135625785320194,True,1.533846148276326,-5.739215503893959,-2.6715232073413073,1000,log_initial_freq
-4.338170124255046,-4.597600697352352,0.25943057309730566,0.25943057309730566,True,1.2397356004290117,-5.577905724684058,-3.0984345238260342,1000,log_initial_freq
-5.1113307131223005,-4.604993992654441,-0.5063367204678597,0.5063367204678597,True,0.9482186659382623,-6.059549379060563,-4.163112047184038,1000,log_initial_freq
-4.516391369434258,-4.610211165760358,0.09381979632610005,0.09381979632610005,True,1.4637712414311383,-5.9801626108653965,-3.0526201280031193,1000,log_initial_freq
-4.520121975958492,-4.618433704769072,0.0983117288105797,0.0983117288105797,True,1.4164022661236033,-5.936524242082095,-3.103719709834889,1000,log_initial_freq
-4.3173335918059275,-4.623943656492772,0.3066100646868444,0.3066100646868444,True,1.4702999616891625,-5.78763355349509,-2.8470336301167647,1000,log_initial_freq
-4.472321559270658,-4.627428237001643,0.15510667773098508,0.15510667773098508,True,1.0156680118139942,-5.487989571084652,-3.456653547456664,1000,log_initial_freq
-5.516981385783045,-4.6322651651687865,-0.8847162206142585,0.8847162206142585,True,1.088966840181489,-6.605948225964534,-4.428014545601556,1000,log_initial_freq
-4.1166555526842155,-4.634662745115011,0.5180071924307956,0.5180071924307956,True,1.231414399551031,-5.348069952235246,-2.8852411531331845,1000,log_initial_freq
-6.231644631966608,-4.642022484245092,-1.5896221477215162,1.5896221477215162,False,0.9259296899672589,-7.157574321933867,-5.30571494199935,1000,log_initial_freq
-5.335644227487522,-4.646875472054708,-0.6887687554328146,0.6887687554328146,True,1.4233727598306511,-6.759016987318174,-3.912271467656871,1000,log_initial_freq
-4.401435625440637,-4.651975499793103,0.25053987435246583,0.25053987435246583,True,1.5761396568018395,-5.977575282242476,-2.8252959686387977,1000,log_initial_freq
-4.471661001410329,-4.652955425669294,0.18129442425896514,0.18129442425896514,True,1.1255214031953935,-5.597182404605722,-3.3461395982149353,1000,log_initial_freq
-4.697642881497979,-4.6557956748187905,-0.041847206679188176,0.041847206679188176,True,1.5738899615921604,-6.271532843090139,-3.1237529199058183,1000,log_initial_freq
-4.926463186326024,-4.6618323888210424,-0.26463079750498153,0.26463079750498153,True,1.5074799350237402,-6.433943121349764,-3.4189832513022838,1000,log_initial_freq
-4.294420217158979,-4.665802446217031,0.3713822290580513,0.3713822290580513,True,1.0963633827381918,-5.390783599897171,-3.198056834420788,1000,log_initial_freq
-4.948659046439431,-4.67411843731666,-0.2745406091227709,0.2745406091227709,True,1.2361240627659884,-6.184783109205419,-3.712534983673443,1000,log_initial_freq
-4.421143046030132,-4.679402995073859,0.25825994904372696,0.25825994904372696,True,1.446147245325883,-5.867290291356015,-2.9749958007042494,1000,log_initial_freq
-4.577131855366834,-4.680333609154079,0.10320175378724539,0.10320175378724539,True,1.6396330874182838,-6.216764942785118,-2.93749876794855,1000,log_initial_freq
-4.456190956446277,-4.682932561097327,0.22674160465104976,0.22674160465104976,True,1.2167048446209303,-5.672895801067208,-3.2394861118253466,1000,log_initial_freq
-5.782264155398706,-4.683456425495706,-1.0988077299030001,1.0988077299030001,True,1.4994724859679396,-7.281736641366646,-4.282791669430766,1000,log_initial_freq
-4.437397364884446,-4.6950044247402,0.2576070598557543,0.2576070598557543,True,1.5212117532259548,-5.958609118110401,-2.9161856116584914,1000,log_initial_freq
-3.932466694692781,-4.6952125845525465,0.7627458898597657,0.7627458898597657,True,0.8850417839070652,-4.817508478599846,-3.0474249107857156,1000,log_initial_freq
-4.982589259411245,-4.703833314312368,-0.2787559450988777,0.2787559450988777,True,1.5822004474466758,-6.564789706857921,-3.4003888119645698,1000,log_initial_freq
-4.666835551402191,-4.704578793245432,0.037743241843240405,0.037743241843240405,True,1.5343926279637774,-6.201228179365969,-3.132442923438414,1000,log_initial_freq
-4.957674056113608,-4.707759122163938,-0.24991493394967002,0.24991493394967002,True,1.5824704957544409,-6.540144551868049,-3.375203560359167,1000,log_initial_freq
-4.207799795846173,-4.707996950557762,0.5001971547115893,0.5001971547115893,True,1.4717178520099934,-5.679517647856166,-2.7360819438361794,1000,log_initial_freq
-4.617046074747102,-4.732105891808931,0.11505981706182933,0.11505981706182933,True,0.9521404464834542,-5.569186521230556,-3.664905628263648,1000,log_initial_freq
-5.059472540685418,-4.736132278767658,-0.32334026191775944,0.32334026191775944,True,1.4525262621957822,-6.5119988028812,-3.6069462784896356,1000,log_initial_freq
-5.3160144042479445,-4.738434040425064,-0.5775803638228805,0.5775803638228805,True,0.8497533500360179,-6.165767754283962,-4.466261054211927,1000,log_initial_freq
-5.0202725807972195,-4.740923271113722,-0.27934930968349736,0.27934930968349736,True,1.481966427423821,-6.50223900822104,-3.538306153373399,1000,log_initial_freq
-4.822469452488754,-4.753881959841372,-0.06858749264738151,0.06858749264738151,True,1.219648660413288,-6.042118112902042,-3.602820792075466,1000,log_initial_freq
-5.48004311390419,-4.755434982881037,-0.7246081310231531,0.7246081310231531,True,1.677210173554314,-7.157253287458504,-3.8028329403498766,1000,log_initial_freq
-4.6983888111348175,-4.7633209984119995,0.06493218727718197,0.06493218727718197,True,1.523541829028174,-6.2219306401629915,-3.1748469821066436,1000,log_initial_freq
-5.371908239501203,-4.76724405198098,-0.604664187520223,0.604664187520223,True,1.4131026153833701,-6.785010854884574,-3.958805624117833,1000,log_initial_freq
-5.571128047764518,-4.773658921908905,-0.7974691258556135,0.7974691258556135,True,0.8041409804057721,-6.37526902817029,-4.766987067358746,1000,log_initial_freq
-4.391595226288467,-4.775393780332559,0.383798554044092,0.383798554044092,True,1.5031209561387215,-5.894716182427189,-2.8884742701497452,1000,log_initial_freq
-5.476857160664904,-4.790146528217832,-0.6867106324470722,0.6867106324470722,True,0.8382093083209784,-6.315066468985883,-4.638647852343926,1000,log_initial_freq
-5.130500114604737,-4.7904479927883115,-0.3400521218164254,0.3400521218164254,True,1.5944344741556116,-6.724934588760348,-3.5360656404491255,1000,log_initial_freq
-4.908725085992018,-4.7915907778920745,-0.11713430809994385,0.11713430809994385,True,1.6526902159406776,-6.561415301932696,-3.256034870051341,1000,log_initial_freq
-4.872994274659489,-4.79215694348211,-0.08083733117737957,0.08083733117737957,True,1.5616206651213445,-6.434614939780833,-3.311373609538145,1000,log_initial_freq
-3.9882069415416987,-4.796983753964543,0.8087768124228445,0.8087768124228445,True,1.610627746771408,-5.598834688313107,-2.3775791947702904,1000,log_initial_freq
-4.305296983266741,-4.79987003775182,0.4945730544850786,0.4945730544850786,True,1.5698493307389174,-5.875146314005659,-2.7354476525278235,1000,log_initial_freq
-4.320573295146362,-4.80607072077144,0.4854974256250779,0.4854974256250779,True,0.5683369679035726,-4.888910263049935,-3.752236327242789,1000,log_initial_freq
-4.916508926409815,-4.827635327236846,-0.08887359917296855,0.08887359917296855,True,1.2987930018292613,-6.215301928239076,-3.617715924580554,1000,log_initial_freq
-4.809708068038667,-4.829031336852976,0.019323268814309458,0.019323268814309458,True,1.047225748836396,-5.856933816875063,-3.7624823192022707,1000,log_initial_freq
-4.8469069738644945,-4.831009221199578,-0.015897752664916887,0.015897752664916887,True,1.4957172275158677,-6.342624201380362,-3.351189746348627,1000,log_initial_freq
-5.030982067110678,-4.831968829057345,-0.1990132380533325,0.1990132380533325,True,1.5617664281614847,-6.592748495272162,-3.4692156389491933,1000,log_initial_freq
-5.289180088334143,-4.838226470502237,-0.4509536178319058,0.4509536178319058,True,1.3886721954451058,-6.677852283779249,-3.9005078928890367,1000,log_initial_freq
-4.758407539512697,-4.840529214855916,0.08212167534321946,0.08212167534321946,True,1.5090714884110057,-6.267479027923702,-3.2493360511016913,1000,log_initial_freq
-4.230841291301794,-4.845012593281305,0.6141713019795105,0.6141713019795105,True,1.275526868196207,-5.506368159498001,-2.955314423105587,1000,log_initial_freq
-4.547244352404477,-4.879848838005509,0.3326044856010322,0.3326044856010322,True,1.5685668948559373,-6.115811247260415,-2.9786774575485397,1000,log_initial_freq
-4.5290533148199295,-4.88671336882355,0.35766005400362033,0.35766005400362033,True,1.4936962997191603,-6.02274961453909,-3.035357015100769,1000,log_initial_freq
-4.754488567272566,-4.899293804940529,0.1448052376679625,0.1448052376679625,True,1.567944713145612,-6.322433280418178,-3.1865438541269544,1000,log_initial_freq
-5.096364292162433,-4.9016051626721175,-0.1947591294903157,0.1947591294903157,True,1.4575249029070254,-6.553889195069459,-3.638839389255408,1000,log_initial_freq
-5.546857989909649,-4.901688421541296,-0.6451695683683525,0.6451695683683525,True,0.8856916192722695,-6.432549609181918,-4.661166370637379,1000,log_initial_freq
-4.854957104669169,-4.902533112593343,0.0475760079241736,0.0475760079241736,True,1.6048294678729025,-6.459786572542072,-3.2501276367962664,1000,log_initial_freq
-4.921632833755222,-4.904855169660214,-0.016777664095007694,0.016777664095007694,True,1.6105764953547699,-6.532209329109992,-3.3110563384004523,1000,log_initial_freq
-4.711669810298008,-4.9157896410953485,0.20411983079734064,0.20411983079734064,True,1.869167363382319,-6.580837173680327,-2.842502446915689,1000,log_initial_freq
-4.805515979946765,-4.9198134770873905,0.1142974971406252,0.1142974971406252,True,1.5949003460426325,-6.400416325989398,-3.2106156339041325,1000,log_initial_freq
-4.871665857554667,-4.922686322239793,0.05102046468512533,0.05102046468512533,True,1.178438352739126,-6.050104210293793,-3.6932275048155416,1000,log_initial_freq
-4.0259420109666895,-4.935034368814022,0.9090923578473324,0.9090923578473324,True,1.546271702843434,-5.5722137138101235,-2.4796703081232554,1000,log_initial_freq
-5.571438759759138,-4.937162962492927,-0.634275797266211,0.634275797266211,True,1.3595890204078818,-6.931027780167019,-4.211849739351257,1000,log_initial_freq
-4.983337804451664,-4.943695588559069,-0.03964221589259509,0.03964221589259509,True,1.4438097179512737,-6.4271475224029375,-3.5395280865003906,1000,log_initial_freq
-4.806549372897269,-4.948032369318299,0.14148299642103002,0.14148299642103002,True,1.5743291423140726,-6.380878515211341,-3.2322202305831964,1000,log_initial_freq
-5.299366806001626,-4.9510554269083675,-0.3483113790932588,0.3483113790932588,True,0.9749976825525258,-6.274364488554152,-4.324369123449101,1000,log_initial_freq
-4.663104107654292,-4.9549362060652475,0.29183209841095525,0.29183209841095525,True,1.5673303821832565,-6.230434489837549,-3.0957737254710356,1000,log_initial_freq
-5.093205055181945,-4.955407706682402,-0.13779734849954384,0.13779734849954384,True,1.1547803767312586,-6.247985431913204,-3.938424678450687,1000,log_initial_freq
-5.217367167068737,-4.963488427250081,-0.2538787398186555,0.2538787398186555,True,1.5212947027391956,-6.738661869807933,-3.696072464329541,1000,log_initial_freq
-4.692649823477193,-4.964202340194072,0.27155251671687886,0.27155251671687886,True,1.2791255424691135,-5.971775365946307,-3.4135242810080797,1000,log_initial_freq
-4.823142798954151,-4.966418223802396,0.14327542484824551,0.14327542484824551,True,1.5274347675564988,-6.350577566510649,-3.295708031397652,1000,log_initial_freq
-4.981476470058289,-4.972141897270101,-0.009334572788188389,0.009334572788188389,True,1.5771845851590467,-6.5586610552173354,-3.4042918848992425,1000,log_initial_freq
-5.688897867825952,-4.977376604838356,-0.7115212629875964,0.7115212629875964,True,1.3563480025618062,-7.045245870387759,-4.332549865264146,1000,log_initial_freq
-5.011949940901735,-4.982105830202529,-0.029844110699206006,0.029844110699206006,True,1.5028863085139237,-6.514836249415659,-3.509063632387811,1000,log_initial_freq
-3.807582693651523,-4.9824594481185125,1.1748767544669896,1.1748767544669896,False,1.1455554128046594,-4.953138106456183,-2.6620272808468632,1000,log_initial_freq
-4.990539432475435,-4.983493713953483,-0.007045718521951905,0.007045718521951905,True,1.5201379587202222,-6.5106773911956575,-3.4704014737552127,1000,log_initial_freq
-4.899329885779068,-4.996606673381408,0.0972767876023406,0.0972767876023406,True,1.5919669044343767,-6.491296790213444,-3.307362981344691,1000,log_initial_freq
-5.587514276316139,-5.007168689720006,-0.5803455865961338,0.5803455865961338,True,0.9728842150698351,-6.560398491385975,-4.614630061246304,1000,log_initial_freq
-5.569763490066257,-5.013303013889256,-0.5564604761770013,0.5564604761770013,True,1.558930053304661,-7.128693543370918,-4.010833436761596,1000,log_initial_freq
-5.108228519134917,-5.028003619118885,-0.08022490001603177,0.08022490001603177,True,1.5717995269972633,-6.68002804613218,-3.5364289921376537,1000,log_initial_freq
-4.67382144747621,-5.034022546749252,0.3602010992730422,0.3602010992730422,True,1.5465843947521634,-6.220405842228374,-3.1272370527240465,1000,log_initial_freq
-4.998982430695523,-5.050016616580457,0.05103418588493458,0.05103418588493458,True,1.451030591384437,-6.450013022079959,-3.547951839311086,1000,log_initial_freq
-6.328738408226269,-5.05278122230592,-1.2759571859203493,1.2759571859203493,False,1.1793229480690606,-7.50806135629533,-5.149415460157209,1000,log_initial_freq
-4.528048429587097,-5.05635978591644,0.5283113563293433,0.5283113563293433,True,0.6264086323449317,-5.154457061932028,-3.901639797242165,1000,log_initial_freq
-5.015081199149582,-5.059634712759772,0.04455351361019044,0.04455351361019044,True,1.4784578666682837,-6.493539065817865,-3.536623332481298,1000,log_initial_freq
-4.440680832716753,-5.066760532303324,0.6260796995865707,0.6260796995865707,True,1.5513928623796724,-5.992073695096425,-2.8892879703370804,1000,log_initial_freq
-4.746618755873732,-5.072671382858818,0.32605262698508586,0.32605262698508586,True,1.500307653595549,-6.246926409469282,-3.246311102278183,1000,log_initial_freq
-4.812854957114716,-5.075806028627747,0.2629510715130312,0.2629510715130312,True,0.8944683486167657,-5.707323305731482,-3.9183866084979506,1000,log_initial_freq
-6.11868846601544,-5.0797328670610575,-1.0389555989543826,1.0389555989543826,True,1.3336283805200324,-7.4523168465354725,-4.785060085495408,1000,log_initial_freq
-6.480417285717473,-5.089434643675471,-1.390982642042002,1.390982642042002,False,0.8176569666528701,-7.298074252370343,-5.662760319064603,1000,log_initial_freq
-4.675673388530036,-5.092312686098522,0.4166392975684854,0.4166392975684854,True,1.60051822946812,-6.2761916179981565,-3.075155159061916,1000,log_initial_freq
-5.286095811482327,-5.093269102719068,-0.1928267087632589,0.1928267087632589,True,1.5692119384831584,-6.855307749965485,-3.7168838729991687,1000,log_initial_freq
-5.073850723779868,-5.098486805890481,0.024636082110612634,0.024636082110612634,True,1.5768319759917768,-6.650682699771645,-3.4970187477880916,1000,log_initial_freq
-5.541317512808645,-5.105017749357021,-0.4362997634516237,0.4362997634516237,True,1.2710696191120023,-6.812387131920647,-4.270247893696642,1000,log_initial_freq
-4.230266207192907,-5.10892166792177,0.8786554607288632,0.8786554607288632,True,1.2150872347981754,-5.445353441991082,-3.0151789723947315,1000,log_initial_freq
-5.528670171684934,-5.109214085509765,-0.4194560861751686,0.4194560861751686,True,1.37385857259813,-6.902528744283064,-4.154811599086804,1000,log_initial_freq
-5.41714560820521,-5.115849269387673,-0.30129633881753737,0.30129633881753737,True,1.6246836457017517,-7.041829253906962,-3.7924619625034586,1000,log_initial_freq
-5.546931255942523,-5.11856026348754,-0.4283709924549832,0.4283709924549832,True,1.5192019863018031,-7.066133242244327,-4.027729269640719,1000,log_initial_freq
-4.395850760818956,-5.12107874068259,0.7252279798636341,0.7252279798636341,True,1.5357973556464122,-5.931648116465368,-2.8600534051725433,1000,log_initial_freq
-5.5434582532923145,-5.121115609155523,-0.42234264413679146,0.42234264413679146,True,1.4943174418129974,-7.037775695105312,-4.049140811479317,1000,log_initial_freq
-4.898893518561684,-5.122956171061599,0.22406265249991453,0.22406265249991453,True,1.5367381128165747,-6.435631631378259,-3.36215540574511,1000,log_initial_freq
-4.877840837174114,-5.126130215738134,0.2482893785640199,0.2482893785640199,True,1.649754534251167,-6.5275953714252815,-3.228086302922947,1000,log_initial_freq
-5.5286684769542624,-5.126507286692971,-0.4021611902612916,0.4021611902612916,True,1.3031102392267748,-6.831778716181037,-4.225558237727488,1000,log_initial_freq
-5.593891404227946,-5.1287972380944575,-0.46509416613348886,0.46509416613348886,True,1.6153664336082332,-7.20925783783618,-3.978524970619713,1000,log_initial_freq
-4.945080601246708,-5.137450199339784,0.19236959809307574,0.19236959809307574,True,1.5141758450227552,-6.459256446269464,-3.430904756223953,1000,log_initial_freq
-4.697643074092527,-5.149468336193412,0.45182526210088536,0.45182526210088536,True,1.5363976499192098,-6.234040724011737,-3.161245424173317,1000,log_initial_freq
-5.063325630862994,-5.1662772603390374,0.10295162947604375,0.10295162947604375,True,1.4909114599962632,-6.554237090859257,-3.5724141708667307,1000,log_initial_freq
-5.393440503005708,-5.175628306388516,-0.2178121966171922,0.2178121966171922,True,1.3456764075585597,-6.739116910564268,-4.047764095447149,1000,log_initial_freq
-6.26255314754852,-5.186358507804986,-1.0761946397435338,1.0761946397435338,False,0.999424739289025,-7.261977886837545,-5.263128408259495,1000,log_initial_freq
-5.0758709856257935,-5.205841571337579,0.12997058571178588,0.12997058571178588,True,1.5472188582580655,-6.623089843883859,-3.528652127367728,1000,log_initial_freq
-5.5053683856082865,-5.212778123224778,-0.2925902623835084,0.2925902623835084,True,1.4794117670507252,-6.984780152659011,-4.0259566185575615,1000,log_initial_freq
-4.683850823275766,-5.214837934165146,0.53098711088938,0.53098711088938,True,0.8443801763500854,-5.528230999625852,-3.839470646925681,1000,log_initial_freq
-4.999664530757725,-5.222274466139654,0.22260993538192864,0.22260993538192864,True,1.5828788038125474,-6.582543334570272,-3.416785726945178,1000,log_initial_freq
-5.106735280079796,-5.2284904995986645,0.12175521951886825,0.12175521951886825,True,1.3324941913435762,-6.439229471423372,-3.77424108873622,1000,log_initial_freq
-5.1585491807722565,-5.230711090113167,0.07216190934091049,0.07216190934091049,True,1.5190862221024997,-6.677635402874756,-3.639462958669757,1000,log_initial_freq
-4.286673372102322,-5.2377889766645485,0.9511156045622267,0.9511156045622267,False,0.6113239357167328,-4.897997307819055,-3.6753494363855888,1000,log_initial_freq
-5.084430642577819,-5.242142867859737,0.15771222528191853,0.15771222528191853,True,1.6792993809475205,-6.763730023525339,-3.4051312616302982,1000,log_initial_freq
-6.444876949791522,-5.253881604062133,-1.1909953457293891,1.1909953457293891,True,1.387849268586707,-7.8327262183782285,-5.057027681204815,1000,log_initial_freq
-4.554122634590273,-5.258101503885069,0.7039788692947955,0.7039788692947955,True,0.7314694851578695,-5.285592119748142,-3.8226531494324036,1000,log_initial_freq
-4.933386602476574,-5.259000653631734,0.32561405115515996,0.32561405115515996,True,1.6022087750961171,-6.535595377572691,-3.331177827380457,1000,log_initial_freq
-4.69838775224715,-5.2601199729211725,0.5617322206740223,0.5617322206740223,True,1.513091542519359,-6.211479294766509,-3.1852962097277913,1000,log_initial_freq
-5.392450309562472,-5.26428601335863,-0.12816429620384184,0.12816429620384184,True,1.5808312851618642,-6.973281594724336,-3.8116190244006076,1000,log_initial_freq
-5.328017532569808,-5.267440571963631,-0.06057696060617701,0.06057696060617701,True,1.5108728622786303,-6.838890394848438,-3.8171446702911775,1000,log_initial_freq
-5.131930539603724,-5.268323831114682,0.13639329151095758,0.13639329151095758,True,0.8162089605478143,-5.948139500151538,-4.31572157905591,1000,log_initial_freq
-4.432438641038107,-5.272267546868319,0.8398289058302115,0.8398289058302115,True,1.0703367777919621,-5.502775418830069,-3.3621018632461452,1000,log_initial_freq
-5.1776836653941105,-5.282091936644045,0.10440827124993479,0.10440827124993479,True,1.4879394711073912,-6.665623136501502,-3.6897441942867193,1000,log_initial_freq
-5.840116958181633,-5.287930301770548,-0.5521866564110844,0.5521866564110844,True,1.3164360067441652,-7.1565529649257975,-4.523680951437468,1000,log_initial_freq
-4.832592413766114,-5.291435690481257,0.45884327671514313,0.45884327671514313,True,1.645501261259483,-6.478093675025597,-3.187091152506631,1000,log_initial_freq
-4.998188885318151,-5.31393552672046,0.3157466414023089,0.3157466414023089,True,1.5395740697660525,-6.537762955084204,-3.4586148155520986,1000,log_initial_freq
-4.962849750086636,-5.320635204816015,0.3577854547293793,0.3577854547293793,True,0.9559612006920543,-5.91881095077869,-4.006888549394581,1000,log_initial_freq
-4.844359649215136,-5.324515340534789,0.48015569131965297,0.48015569131965297,True,1.525847616536049,-6.370207265751185,-3.3185120326790867,1000,log_initial_freq
-5.7869040484835255,-5.325138927722247,-0.46176512076127807,0.46176512076127807,True,1.4579624411511016,-7.244866489634627,-4.328941607332424,1000,log_initial_freq
-5.004206248156606,-5.329129704418808,0.3249234562622014,0.3249234562622014,True,1.5265961257518457,-6.530802373908452,-3.4776101224047604,1000,log_initial_freq
-4.506368661998332,-5.3299952453896955,0.8236265833913636,0.8236265833913636,True,1.436504296052396,-5.942872958050728,-3.0698643659459357,1000,log_initial_freq
-5.742554589738209,-5.333194613201625,-0.4093599765365834,0.4093599765365834,True,1.5936273025530658,-7.3361818922912745,-4.148927287185143,1000,log_initial_freq
-5.810283158841542,-5.3377516126621805,-0.47253154617936133,0.47253154617936133,True,0.8316323588063611,-6.641915517647903,-4.97865080003518,1000,log_initial_freq
-5.012916744079958,-5.339568215413246,0.326651471333288,0.326651471333288,True,1.5853137555220596,-6.598230499602018,-3.427602988557899,1000,log_initial_freq
-5.742983360768701,-5.355140938096181,-0.3878424226725201,0.3878424226725201,True,1.610667063974967,-7.353650424743668,-4.132316296793734,1000,log_initial_freq
-5.9447668354977825,-5.3557405439264745,-0.589026291571308,0.589026291571308,True,1.5177411740371134,-7.462508009534896,-4.427025661460669,1000,log_initial_freq
-4.221436418482886,-5.357277693975563,1.1358412754926768,1.1358412754926768,True,1.5644245399682724,-5.785860958451159,-2.6570118785146137,1000,log_initial_freq
-6.239931584763434,-5.3634708042221035,-0.87646078054133,0.87646078054133,True,1.3163336741503793,-7.556265258913813,-4.923597910613054,1000,log_initial_freq
-6.056061379206581,-5.368855463091219,-0.6872059161153627,0.6872059161153627,True,0.873174052770999,-6.92923543197758,-5.182887326435583,1000,log_initial_freq
-5.187972464208509,-5.379945551359027,0.19197308715051786,0.19197308715051786,True,1.5829859135412514,-6.770958377749761,-3.604986550667258,1000,log_initial_freq
-6.443549861746497,-5.381857495000916,-1.0616923667455813,1.0616923667455813,False,0.9943278287889534,-7.4378776905354504,-5.449222032957544,1000,log_initial_freq
-5.628170071669459,-5.386876662948843,-0.24129340872061533,0.24129340872061533,True,1.1550483687565056,-6.783218440425964,-4.4731217029129535,1000,log_initial_freq
-5.30435165678541,-5.387680532145883,0.08332887536047373,0.08332887536047373,True,1.1961917379604352,-6.500543394745845,-4.108159918824974,1000,log_initial_freq
-5.519226466398421,-5.389507750078951,-0.12971871631946996,0.12971871631946996,True,1.5538309465881386,-7.073057412986559,-3.9653955198102824,1000,log_initial_freq
-4.653380699167581,-5.402469829929066,0.7490891307614849,0.7490891307614849,True,1.5045886990746253,-6.157969398242207,-3.1487920000929557,1000,log_initial_freq
-4.82247010723237,-5.408448086676142,0.5859779794437721,0.5859779794437721,True,1.2148557552004466,-6.037325862432816,-3.607614352031923,1000,log_initial_freq
-5.1494605022364635,-5.41510986788924,0.2656493656527763,0.2656493656527763,True,1.2301301947757974,-6.379590697012261,-3.9193303074606662,1000,log_initial_freq
-5.866819371965142,-5.426281236249744,-0.4405381357153981,0.4405381357153981,True,1.7584045345926507,-7.6252239065577925,-4.108414837372491,1000,log_initial_freq
-5.0269954656842,-5.446371620878209,0.4193761551940094,0.4193761551940094,True,1.4807614781082252,-6.507756943792425,-3.5462339875759747,1000,log_initial_freq
-5.9850849992333695,-5.45511651557322,-0.5299684836601495,0.5299684836601495,True,1.5054385328834963,-7.490523532116866,-4.479646466349873,1000,log_initial_freq
-5.445117261771694,-5.455304598268707,0.010187336497013533,0.010187336497013533,True,1.2235183536400607,-6.6686356154117545,-4.221598908131633,1000,log_initial_freq
-6.251355910595981,-5.456965786846217,-0.7943901237497641,0.7943901237497641,True,1.65592842332491,-7.907284333920892,-4.5954274872710705,1000,log_initial_freq
-5.008780083926178,-5.4607276185932285,0.45194753466705073,0.45194753466705073,True,1.4556741156458868,-6.464454199572065,-3.553105968280291,1000,log_initial_freq
-4.619550982875363,-5.471741848029311,0.8521908651539487,0.8521908651539487,True,1.5414914242990716,-6.161042407174435,-3.078059558576291,1000,log_initial_freq
-5.784442574358889,-5.481324027915081,-0.303118546443808,0.303118546443808,True,1.5956257355841776,-7.380068309943066,-4.188816838774711,1000,log_initial_freq
-5.367619721726827,-5.482503459902333,0.11488373817550546,0.11488373817550546,True,1.5470903197357981,-6.914710041462625,-3.820529401991029,1000,log_initial_freq
-5.815748586266191,-5.483642338112377,-0.3321062481538144,0.3321062481538144,True,1.3549437906564745,-7.170692376922666,-4.460804795609716,1000,log_initial_freq
-4.83925556098398,-5.494628537548463,0.6553729765644833,0.6553729765644833,True,1.5315284253807147,-6.370783986364694,-3.3077271356032654,1000,log_initial_freq
-5.274100810092763,-5.496398631456639,0.22229782136387577,0.22229782136387577,True,1.4114270225130436,-6.685527832605807,-3.8626737875797197,1000,log_initial_freq
-5.259210893114092,-5.501060625966973,0.2418497328528808,0.2418497328528808,True,1.2409440596860215,-6.500154952800114,-4.018266833428071,1000,log_initial_freq
-6.3635235095652884,-5.509392817939582,-0.8541306916257065,0.8541306916257065,True,1.403851744937242,-7.7673752545025305,-4.959671764628046,1000,log_initial_freq
-5.661423171857974,-5.509900858260523,-0.15152231359745105,0.15152231359745105,True,1.5211861423350055,-7.182609314192979,-4.140237029522969,1000,log_initial_freq
-5.230642933557754,-5.513486845079853,0.2828439115220984,0.2828439115220984,True,1.548698901973057,-6.779341835530811,-3.681944031584697,1000,log_initial_freq
-5.62817023798986,-5.515238481702756,-0.11293175628710372,0.11293175628710372,True,1.1040569107490097,-6.732227148738869,-4.52411332724085,1000,log_initial_freq
-6.3403295031545195,-5.516574948030555,-0.8237545551239647,0.8237545551239647,True,1.4170082185578563,-7.757337721712376,-4.923321284596663,1000,log_initial_freq
-5.168814847739208,-5.525703398406673,0.35688855066746505,0.35688855066746505,True,0.9543995052590302,-6.123214352998238,-4.214415342480178,1000,log_initial_freq
-6.038494268937532,-5.5380787705570205,-0.5004154983805114,0.5004154983805114,True,1.5956038164215323,-7.634098085359064,-4.442890452516,1000,log_initial_freq
-4.745702943230999,-5.546940940887793,0.801237997656794,0.801237997656794,False,0.4996229765479017,-5.2453259197789,-4.246079966683097,1000,log_initial_freq
-5.304351666862197,-5.5511475898936995,0.24679592303150244,0.24679592303150244,True,1.2058552078119331,-6.510206874674131,-4.0984964590502635,1000,log_initial_freq
-5.673679679169907,-5.560880501742508,-0.11279917742739887,0.11279917742739887,True,1.6534291772626664,-7.327108856432574,-4.02025050190724,1000,log_initial_freq
-6.830489855482628,-5.563385105617315,-1.2671047498653127,1.2671047498653127,True,1.5441526830072132,-8.37464253848984,-5.286337172475415,1000,log_initial_freq
-5.603796756519621,-5.588175492075768,-0.015621264443852922,0.015621264443852922,True,1.5096767002517832,-7.113473456771405,-4.094120056267838,1000,log_initial_freq
-6.166956054434792,-5.594691572642485,-0.572264481792307,0.572264481792307,True,0.8859386119155793,-7.052894666350371,-5.281017442519213,1000,log_initial_freq
-5.805364347779922,-5.629635261349005,-0.17572908643091711,0.17572908643091711,True,1.0187398532216205,-6.824104201001543,-4.786624494558302,1000,log_initial_freq
-5.779695880796863,-5.631488777588235,-0.1482071032086285,0.1482071032086285,True,1.3810262805485989,-7.160722161345462,-4.398669600248264,1000,log_initial_freq
-5.545917283405074,-5.638751330751871,0.09283404734679745,0.09283404734679745,True,1.031319091330251,-6.577236374735325,-4.514598192074823,1000,log_initial_freq
-5.690116026907643,-5.6451685187332,-0.044947508174442596,0.044947508174442596,True,0.9817919168537049,-6.671907943761348,-4.708324110053938,1000,log_initial_freq
-5.221638883176381,-5.646067394807659,0.4244285116312776,0.4244285116312776,True,1.4690402568409644,-6.6906791400173455,-3.752598626335417,1000,log_initial_freq
-5.573122809483154,-5.646288782682292,0.07316597319913765,0.07316597319913765,True,1.5298734801047897,-7.102996289587944,-4.043249329378364,1000,log_initial_freq
-6.4130406809639116,-5.649755136079499,-0.7632855448844129,0.7632855448844129,True,1.371558816774515,-7.7845994977384265,-5.041481864189397,1000,log_initial_freq
-5.263089283439127,-5.650989448461736,0.38790016502260904,0.38790016502260904,True,1.0289905992927566,-6.292079882731883,-4.234098684146371,1000,log_initial_freq
-5.494590266305594,-5.654251905596728,0.15966163929113364,0.15966163929113364,True,1.3673081470902344,-6.861898413395829,-4.1272821192153595,1000,log_initial_freq
-5.881811908714443,-5.659373807056763,-0.22243810165767997,0.22243810165767997,True,1.4863123601875297,-7.368124268901973,-4.395499548526914,1000,log_initial_freq
-5.832110282678954,-5.662883791499273,-0.16922649117968103,0.16922649117968103,True,1.3201963618678532,-7.152306644546807,-4.511913920811101,1000,log_initial_freq
-4.827135257654154,-5.670654828389394,0.8435195707352401,0.8435195707352401,True,0.8582513434735001,-5.685386601127655,-3.9688839141806542,1000,log_initial_freq
-6.012337922114057,-5.672172454666107,-0.3401654674479495,0.3401654674479495,True,1.4397576550393736,-7.452095577153431,-4.572580267074683,1000,log_initial_freq
-5.205857555949612,-5.68293967324483,0.4770821172952182,0.4770821172952182,True,1.421938301687905,-6.627795857637516,-3.783919254261707,1000,log_initial_freq
-5.272702484452035,-5.691588603570773,0.4188861191187385,0.4188861191187385,True,0.5841195187392025,-5.856822003191237,-4.688582965712833,1000,log_initial_freq
-5.2713165893736145,-5.709049759327645,0.4377331699540301,0.4377331699540301,True,1.6435222081960523,-6.914838797569667,-3.627794381177562,1000,log_initial_freq
-6.5458156029609125,-5.710749759088543,-0.8350658438723695,0.8350658438723695,True,1.729940680954415,-8.275756283915328,-4.815874922006497,1000,log_initial_freq
-5.949904302410717,-5.714953349682894,-0.2349509527278233,0.2349509527278233,True,1.6698714868044586,-7.619775789215176,-4.280032815606258,1000,log_initial_freq
-5.0233795776419,-5.721672499845997,0.6982929222040974,0.6982929222040974,True,1.5746524829022392,-6.598032060544139,-3.4487270947396604,1000,log_initial_freq
-6.072637463655875,-5.726754837807367,-0.3458826258485077,0.3458826258485077,True,1.3105791159578228,-7.3832165796136975,-4.762058347698052,1000,log_initial_freq
-5.455822225380161,-5.732035752026665,0.27621352664650356,0.27621352664650356,True,1.5657394945714787,-7.02156171995164,-3.8900827308086825,1000,log_initial_freq
-5.04501414438428,-5.732955776669585,0.6879416322853054,0.6879416322853054,True,0.9154516179827197,-5.960465762366999,-4.1295625264015605,1000,log_initial_freq
-5.327599083156112,-5.7433031971447255,0.41570411398861307,0.41570411398861307,True,1.374526422139214,-6.702125505295326,-3.9530726610168987,1000,log_initial_freq
-6.1023379187109255,-5.75839925510643,-0.34393866360449543,0.34393866360449543,True,1.6420173099437834,-7.744355228654709,-4.460320608767142,1000,log_initial_freq
-5.677151016506133,-5.763131002143989,0.08597998563785669,0.08597998563785669,True,0.6693970827562544,-6.346548099262387,-5.007753933749878,1000,log_initial_freq
-5.568693017819159,-5.764433250615114,0.19574023279595476,0.19574023279595476,True,1.5548506315953978,-7.123543649414557,-4.013842386223761,1000,log_initial_freq
-6.576707409939221,-5.768118126743362,-0.8085892831958592,0.8085892831958592,True,1.4533842338926681,-8.03009164383189,-5.1233231760465525,1000,log_initial_freq
-5.4227524516935075,-5.775810983431078,0.3530585317375703,0.3530585317375703,True,1.174382098873897,-6.597134550567405,-4.24837035281961,1000,log_initial_freq
-5.119836061112139,-5.786279150105596,0.6664430889934572,0.6664430889934572,True,1.3982417720490457,-6.518077833161184,-3.721594289063093,1000,log_initial_freq
-5.92430105801131,-5.793782100179238,-0.13051895783207268,0.13051895783207268,True,1.6723313519849303,-7.596632409996241,-4.2519697060263795,1000,log_initial_freq
-6.514211060656817,-5.804356490884343,-0.7098545697724736,0.7098545697724736,True,1.5973762545637884,-8.111587315220605,-4.9168348060930285,1000,log_initial_freq
-6.231325235862963,-5.807010787978596,-0.4243144478843668,0.4243144478843668,True,1.6445119409347952,-7.875837176797758,-4.5868132949281675,1000,log_initial_freq
-5.9291617093078415,-5.81819679302774,-0.11096491628010163,0.11096491628010163,True,1.4069054706677742,-7.336067179975616,-4.522256238640067,1000,log_initial_freq
-5.070831157611929,-5.823272464576159,0.7524413069642302,0.7524413069642302,True,1.432918937807899,-6.503750095419828,-3.63791221980403,1000,log_initial_freq
-5.740252693991597,-5.826942725673,0.08669003168140232,0.08669003168140232,True,0.5749164912355527,-6.31516918522715,-5.165336202756045,1000,log_initial_freq
-6.146185595579527,-5.830611421624531,-0.315574173954996,0.315574173954996,True,1.6825928856530183,-7.828778481232545,-4.463592709926509,1000,log_initial_freq
-5.539830287641912,-5.842309405368563,0.3024791177266506,0.3024791177266506,True,1.4500731696115272,-6.9899034572534395,-4.089757118030385,1000,log_initial_freq
-5.505841984013982,-5.845354850819051,0.33951286680506954,0.33951286680506954,True,1.5523918830992438,-7.058233867113225,-3.953450100914738,1000,log_initial_freq
-6.673705433361445,-5.846968709535698,-0.8267367238257473,0.8267367238257473,True,1.619594457694951,-8.293299891056396,-5.054110975666495,1000,log_initial_freq
-6.018295593729573,-5.8660899779389535,-0.15220561579061975,0.15220561579061975,True,1.4866203647170644,-7.504915958446638,-4.531675229012508,1000,log_initial_freq
-5.5875301114883165,-5.866499917970051,0.27896980648173475,0.27896980648173475,True,1.5166382109348937,-7.10416832242321,-4.0708919005534225,1000,log_initial_freq
-6.447125088501901,-5.875013061393801,-0.5721120271080995,0.5721120271080995,True,1.6705834460507103,-8.11770853455261,-4.776541642451191,1000,log_initial_freq
-5.9819292046253505,-5.8777721454071,-0.10415705921825058,0.10415705921825058,True,1.4873464259841143,-7.469275630609465,-4.494582778641236,1000,log_initial_freq
-5.148242993124708,-5.8888093506662,0.7405663575414927,0.7405663575414927,True,1.6469520362739598,-6.795195029398667,-3.501290956850748,1000,log_initial_freq
-5.627710898444752,-5.914590854518047,0.2868799560732951,0.2868799560732951,True,1.6884214651600928,-7.3161323636048445,-3.9392894332846593,1000,log_initial_freq
-6.0819852818091515,-5.916063968870494,-0.1659213129386572,0.1659213129386572,True,1.0404655576377582,-7.12245083944691,-5.041519724171393,1000,log_initial_freq
-5.622483331026871,-5.920029569835246,0.2975462388083754,0.2975462388083754,True,1.522935050634204,-7.145418381661075,-4.099548280392667,1000,log_initial_freq
-7.265889397422681,-5.921589782598377,-1.3442996148243038,1.3442996148243038,False,1.096090280428152,-8.361979677850833,-6.169799116994529,1000,log_initial_freq
-6.22029332379321,-5.924556212627255,-0.2957371111659546,0.2957371111659546,True,1.2453899059024394,-7.4656832296956495,-4.97490341789077,1000,log_initial_freq
-5.441714880159403,-5.926895967709229,0.4851810875498259,0.4851810875498259,True,1.6018167836967079,-7.043531663856111,-3.8398980964626954,1000,log_initial_freq
-6.498145804096344,-5.930279222392426,-0.5678665817039183,0.5678665817039183,True,1.5503522278224753,-8.04849803191882,-4.9477935762738685,1000,log_initial_freq
-5.713598701906293,-5.941436813648231,0.2278381117419377,0.2278381117419377,True,1.5044549651390098,-7.218053667045303,-4.209143736767284,1000,log_initial_freq
-5.432389177239394,-5.946752938189582,0.5143637609501877,0.5143637609501877,True,1.2152329512460713,-6.647622128485466,-4.217156225993323,1000,log_initial_freq
-6.071817738925864,-5.9498175755912985,-0.12200016333456531,0.12200016333456531,True,1.4616597142716405,-7.533477453197504,-4.610158024654224,1000,log_initial_freq
-5.539830945673681,-5.950529874347878,0.4106989286741971,0.4106989286741971,True,1.5379818138376615,-7.0778127595113425,-4.001849131836019,1000,log_initial_freq
-6.682587308865027,-5.951140215059933,-0.7314470938050937,0.7314470938050937,True,1.5532603510428165,-8.235847659907844,-5.12932695782221,1000,log_initial_freq
-6.026506979440107,-5.955869093239043,-0.07063788620106415,0.07063788620106415,True,1.5521365680487471,-7.578643547488854,-4.4743704113913605,1000,log_initial_freq
-5.967854032617736,-5.960908016259093,-0.006946016358643448,0.006946016358643448,True,1.4356098926404117,-7.403463925258148,-4.532244139977324,1000,log_initial_freq
-5.49081689519635,-5.962597262683755,0.4717803674874057,0.4717803674874057,True,1.619240055009039,-7.110056950205388,-3.871576840187311,1000,log_initial_freq
-6.325530058846573,-5.970935593380129,-0.3545944654664437,0.3545944654664437,True,0.946074080574306,-7.271604139420878,-5.379455978272267,1000,log_initial_freq
-5.765818604145524,-5.971915311217571,0.20609670707204675,0.20609670707204675,True,1.392819257061046,-7.15863786120657,-4.372999347084479,1000,log_initial_freq
-5.815746717846293,-5.9873976899917665,0.1716509721454731,0.1716509721454731,True,1.609702080405418,-7.425448798251711,-4.2060446374408755,1000,log_initial_freq
-6.169117712519232,-6.018622886290447,-0.15049482622878507,0.15049482622878507,True,1.612972115404848,-7.78208982792408,-4.556145597114384,1000,log_initial_freq
-6.686089169235051,-6.025222049113796,-0.6608671201212548,0.6608671201212548,True,1.6132320562196583,-8.299321225454708,-5.0728571130153925,1000,log_initial_freq
-6.364180727796927,-6.027108744754799,-0.3370719830421276,0.3370719830421276,True,1.536211370734249,-7.900392098531176,-4.827969357062678,1000,log_initial_freq
-6.07466555061631,-6.03160553718733,-0.04306001342898025,0.04306001342898025,True,1.5990345890402364,-7.673700139656547,-4.475630961576074,1000,log_initial_freq
-5.8184620170723065,-6.036183778735276,0.2177217616629692,0.2177217616629692,True,1.508349278642001,-7.3268112957143074,-4.3101127384303055,1000,log_initial_freq
-6.147411738642138,-6.044350609007926,-0.10306112963421121,0.10306112963421121,True,1.4585107832452908,-7.605922521887429,-4.688900955396846,1000,log_initial_freq
-5.482976382746566,-6.045157051610753,0.5621806688641868,0.5621806688641868,True,0.7471651215277396,-6.230141504274306,-4.735811261218826,1000,log_initial_freq
-6.563272330290003,-6.053642013149531,-0.5096303171404717,0.5096303171404717,True,1.5858817768927331,-8.149154107182737,-4.97739055339727,1000,log_initial_freq
-5.897911069892682,-6.058602263022377,0.16069119312969438,0.16069119312969438,True,1.6558008170608611,-7.553711886953543,-4.2421102528318215,1000,log_initial_freq
-6.3180993246693555,-6.061469320292905,-0.25663000437645067,0.25663000437645067,True,1.662383356681044,-7.9804826813503995,-4.6557159679883116,1000,log_initial_freq
-6.480595988477341,-6.06896569866791,-0.4116302898094313,0.4116302898094313,True,1.5291056502592286,-8.00970163873657,-4.951490338218113,1000,log_initial_freq
-5.966476203655142,-6.08515683475637,0.1186806311012285,0.1186806311012285,True,1.4912700787594584,-7.4577462824146,-4.475206124895683,1000,log_initial_freq
-6.408028477279698,-6.089908449499888,-0.31812002777980997,0.31812002777980997,True,1.5151640427384188,-7.923192520018117,-4.89286443454128,1000,log_initial_freq
-5.619681237297502,-6.09882031828229,0.47913908098478863,0.47913908098478863,True,1.554547958786578,-7.174229196084079,-4.065133278510924,1000,log_initial_freq
-5.895223741502987,-6.112082007416016,0.2168582659130296,0.2168582659130296,True,0.8882220579717937,-6.78344579947478,-5.007001683531193,1000,log_initial_freq
-6.6617758177205255,-6.117085308600668,-0.5446905091198575,0.5446905091198575,True,1.6084218017189456,-8.270197619439472,-5.05335401600158,1000,log_initial_freq
-5.847603638233403,-6.137353989831265,0.28975035159786167,0.28975035159786167,True,1.5588885026833148,-7.406492140916718,-4.288715135550088,1000,log_initial_freq
-5.89790851927493,-6.148173858539019,0.25026533926408945,0.25026533926408945,True,1.6461069540080644,-7.544015473282994,-4.251801565266866,1000,log_initial_freq
-6.003434970130393,-6.160681372508664,0.15724640237827092,0.15724640237827092,True,1.6436827471629722,-7.647117717293366,-4.359752222967421,1000,log_initial_freq
-5.669874226446512,-6.1618188057429215,0.4919445792964092,0.4919445792964092,True,0.8796413345248699,-6.549515560971383,-4.790232891921642,1000,log_initial_freq
-6.04257336110848,-6.169331678752184,0.12675831764370393,0.12675831764370393,True,1.6560172808207383,-7.6985906419292185,-4.3865560802877415,1000,log_initial_freq
-6.444084756481517,-6.171881402309648,-0.2722033541718689,0.2722033541718689,True,1.471500877710626,-7.9155856341921425,-4.972583878770891,1000,log_initial_freq
-5.8261041263938935,-6.177009814296993,0.35090568790309984,0.35090568790309984,True,1.3815334259450422,-7.2076375523389355,-4.4445707004488515,1000,log_initial_freq
-6.249296617116037,-6.182324316940161,-0.06697230017587597,0.06697230017587597,True,1.3592140138079383,-7.608510630923975,-4.890082603308098,1000,log_initial_freq
-5.843623721151519,-6.183080972494319,0.33945725134280025,0.33945725134280025,True,1.2674298880374155,-7.111053609188934,-4.576193833114104,1000,log_initial_freq
-6.5875785695503115,-6.212341257556358,-0.3752373119939536,0.3752373119939536,True,1.3228133602620842,-7.910391929812396,-5.264765209288227,1000,log_initial_freq
-7.303821512822838,-6.2225436621409695,-1.081277850681868,1.081277850681868,False,1.0595783745560636,-8.3633998873789,-6.244243138266774,1000,log_initial_freq
-6.334118303990521,-6.226484139793711,-0.10763416419680993,0.10763416419680993,True,1.5764197454497377,-7.910538049440259,-4.757698558540783,1000,log_initial_freq
-5.938513348655156,-6.226849435770317,0.28833608711516145,0.28833608711516145,True,1.4164079889321575,-7.354921337587314,-4.522105359722998,1000,log_initial_freq
-6.367866974796848,-6.227442374125205,-0.14042460067164253,0.14042460067164253,True,1.7358512851844607,-8.103718259981308,-4.632015689612388,1000,log_initial_freq
-5.443784455565919,-6.22899706939789,0.7852126138319706,0.7852126138319706,True,1.2533271312488878,-6.697111586814807,-4.190457324317031,1000,log_initial_freq
-6.1639616475255945,-6.230368863581686,0.06640721605609112,0.06640721605609112,True,0.7701530598093465,-6.934114707334941,-5.393808587716248,1000,log_initial_freq
-6.609623568390464,-6.231839008380321,-0.3777845600101424,0.3777845600101424,True,1.3757422315399015,-7.985365799930365,-5.233881336850562,1000,log_initial_freq
-6.170605407429981,-6.234734578834816,0.06412917140483465,0.06412917140483465,True,1.2308636688931878,-7.401469076323169,-4.939741738536794,1000,log_initial_freq
-6.495102795384676,-6.238652331883648,-0.25645046350102785,0.25645046350102785,True,1.496054112661537,-7.991156908046213,-4.999048682723139,1000,log_initial_freq
-6.17312040273227,-6.246459344287484,0.07333894155521392,0.07333894155521392,True,1.5556811760115177,-7.728801578743788,-4.617439226720752,1000,log_initial_freq
-6.552108638106478,-6.247808080613924,-0.3043005574925548,0.3043005574925548,True,1.5845249593214887,-8.136633597427966,-4.967583678784989,1000,log_initial_freq
-6.543039567466228,-6.248412883721984,-0.2946266837442444,0.2946266837442444,True,1.4895364291853832,-8.03257599665161,-5.053503138280845,1000,log_initial_freq
-7.025570510067621,-6.249243354647405,-0.7763271554202165,0.7763271554202165,True,1.561313044413925,-8.586883554481545,-5.464257465653696,1000,log_initial_freq
-6.509705157902563,-6.249657233830895,-0.2600479240716682,0.2600479240716682,True,1.6267726442339585,-8.136477802136522,-4.882932513668605,1000,log_initial_freq
-6.172621472734412,-6.252306770006437,0.07968529727202522,0.07968529727202522,True,1.6724375928254984,-7.84505906555991,-4.5001838799089136,1000,log_initial_freq
-6.3877511678634304,-6.254571566522334,-0.1331796013410962,0.1331796013410962,True,1.540694036219453,-7.928445204082884,-4.847057131643977,1000,log_initial_freq
-6.412990024367215,-6.254765325023143,-0.15822469934407124,0.15822469934407124,True,1.4217696391669885,-7.834759663534204,-4.991220385200226,1000,log_initial_freq
-6.101580512387524,-6.25614540549556,0.15456489310803612,0.15456489310803612,True,1.3241437617860992,-7.425724274173623,-4.777436750601424,1000,log_initial_freq
-6.413063279048149,-6.257090623789091,-0.1559726552590579,0.1559726552590579,True,1.651898599081969,-8.064961878130118,-4.76116467996618,1000,log_initial_freq
-6.104901447628846,-6.25848783180087,0.15358638417202375,0.15358638417202375,True,1.5914276692770624,-7.6963291169059085,-4.513473778351783,1000,log_initial_freq
-6.169511117887284,-6.258798104452119,0.08928698656483469,0.08928698656483469,True,1.5576631918340682,-7.727174309721352,-4.6118479260532155,1000,log_initial_freq
-5.611926691825241,-6.263113439389105,0.6511867475638642,0.6511867475638642,False,0.5398184903409192,-6.15174518216616,-5.072108201484322,1000,log_initial_freq
-5.790787698752997,-6.270321670483746,0.4795339717307492,0.4795339717307492,True,0.7134850356956299,-6.504272734448627,-5.077302663057367,1000,log_initial_freq
-6.852651567566442,-6.273167793220324,-0.5794837743461176,0.5794837743461176,True,1.682160476673899,-8.53481204424034,-5.1704910908925426,1000,log_initial_freq
-6.691552066896362,-6.276492141347488,-0.4150599255488743,0.4150599255488743,True,1.252096523790407,-7.943648590686768,-5.4394555431059555,1000,log_initial_freq
-6.318537083685996,-6.277298500441163,-0.04123858324483276,0.04123858324483276,True,0.6441545980753015,-6.962691681761298,-5.674382485610694,1000,log_initial_freq
-7.006773334706692,-6.277701411913203,-0.729071922793489,0.729071922793489,True,1.1523950705762658,-8.159168405282957,-5.854378264130426,1000,log_initial_freq
-6.463448780153115,-6.281928857189753,-0.1815199229633624,0.1815199229633624,True,1.6055589925266254,-8.06900777267974,-4.8578897876264895,1000,log_initial_freq
-6.163796420497214,-6.294558911557155,0.13076249105994098,0.13076249105994098,True,1.52874928733409,-7.692545707831305,-4.635047133163124,1000,log_initial_freq
-6.374692434577813,-6.2968148992916975,-0.07787753528611585,0.07787753528611585,True,1.5738783121186366,-7.94857074669645,-4.800814122459177,1000,log_initial_freq
-6.0691944475041755,-6.298849509372087,0.22965506186791185,0.22965506186791185,True,1.7150282496099454,-7.784222697114121,-4.35416619789423,1000,log_initial_freq
-6.424326335063204,-6.299072825406741,-0.12525350965646265,0.12525350965646265,True,1.4302974665474215,-7.854623801610625,-4.994028868515782,1000,log_initial_freq
-7.004621051081909,-6.3121814798258775,-0.6924395712560312,0.6924395712560312,True,1.638976835230142,-8.643597886312051,-5.365644215851766,1000,log_initial_freq
-5.761763491784041,-6.313417578917118,0.5516540871330768,0.5516540871330768,True,0.9760622132018455,-6.7378257049858865,-4.785701278582196,1000,log_initial_freq
-7.121894778502846,-6.323935642424037,-0.7979591360788092,0.7979591360788092,True,1.5586619494423053,-8.680556727945152,-5.563232829060541,1000,log_initial_freq
-6.832639763958579,-6.324232418918863,-0.5084073450397169,0.5084073450397169,True,1.54560424157925,-8.37824400553783,-5.2870355223793295,1000,log_initial_freq
-5.724992548646425,-6.328366557481508,0.6033740088350834,0.6033740088350834,True,0.6876252222655677,-6.412617770911992,-5.037367326380857,1000,log_initial_freq
-5.949974408955633,-6.3290763041121485,0.3791018951565155,0.3791018951565155,True,0.7266041633292375,-6.67657857228487,-5.223370245626396,1000,log_initial_freq
-7.0691309215587905,-6.332134960258392,-0.7369959613003987,0.7369959613003987,True,1.369455866052502,-8.438586787611293,-5.6996750555062885,1000,log_initial_freq
-5.846888209164757,-6.335502465617238,0.4886142564524807,0.4886142564524807,True,1.2072657339862878,-7.054153943151045,-4.63962247517847,1000,log_initial_freq
-7.0800880203309235,-6.346685221874873,-0.7334027984560505,0.7334027984560505,True,1.6150379205875804,-8.695125940918505,-5.465050099743343,1000,log_initial_freq
-7.2182663448022835,-6.346949147397838,-0.8713171974044451,0.8713171974044451,True,1.5720406850440796,-8.790307029846364,-5.646225659758204,1000,log_initial_freq
-5.838717813745743,-6.351316967026165,0.5125991532804219,0.5125991532804219,True,0.5725396900844525,-6.411257503830195,-5.26617812366129,1000,log_initial_freq
-5.552601174384328,-6.35206999299543,0.7994688186111016,0.7994688186111016,False,0.6663914663151321,-6.218992640699461,-4.886209708069196,1000,log_initial_freq
-6.492188771171993,-6.3531053749714115,-0.13908339620058108,0.13908339620058108,True,1.6271004399087654,-8.119289211080758,-4.865088331263227,1000,log_initial_freq
-6.181817289214654,-6.377648018700125,0.1958307294854711,0.1958307294854711,True,1.0835286856794943,-7.265345974894148,-5.09828860353516,1000,log_initial_freq
-6.545757635980954,-6.384586530493633,-0.1611711054873215,0.1611711054873215,True,0.6040768890197168,-7.149834525000671,-5.941680746961238,1000,log_initial_freq
-6.855718089043102,-6.393396904939458,-0.46232118410364453,0.46232118410364453,True,1.5505251779816933,-8.406243267024795,-5.305192911061409,1000,log_initial_freq
-6.031889658955737,-6.400813395458447,0.36892373650271004,0.36892373650271004,True,0.6184774114242243,-6.650367070379961,-5.413412247531513,1000,log_initial_freq
-6.3355843511506915,-6.402851019223132,0.06726666807244008,0.06726666807244008,True,1.2949155954815639,-7.630499946632256,-5.040668755669127,1000,log_initial_freq
-6.432632794647616,-6.412363274447524,-0.020269520200091762,0.020269520200091762,True,1.6492927242803412,-8.081925518927957,-4.783340070367275,1000,log_initial_freq
-6.676473910586389,-6.414046840158721,-0.2624270704276679,0.2624270704276679,True,0.6250687383513686,-7.301542648937757,-6.051405172235021,1000,log_initial_freq
-7.04174189932167,-6.41667997428492,-0.62506192503675,0.62506192503675,True,1.5851609735955081,-8.626902872917178,-5.456580925726161,1000,log_initial_freq
-6.351470626514266,-6.4208604413029,0.06938981478863404,0.06938981478863404,True,1.1671808444537448,-7.5186514709680115,-5.184289782060521,1000,log_initial_freq
-6.857845797754128,-6.424847814657497,-0.43299798309663107,0.43299798309663107,True,1.606116746909837,-8.463962544663964,-5.251729050844291,1000,log_initial_freq
-5.981165612790357,-6.426486157938381,0.4453205451480242,0.4453205451480242,True,0.5566614375460266,-6.537827050336384,-5.42450417524433,1000,log_initial_freq
-6.150662086181495,-6.430259212833846,0.2795971266523507,0.2795971266523507,True,1.4208712959027199,-7.5715333820842154,-4.729790790278775,1000,log_initial_freq
-6.704236250562894,-6.4379295636265095,-0.2663066869363844,0.2663066869363844,True,1.5296493107967282,-8.233885561359623,-5.174586939766166,1000,log_initial_freq
-6.298294843422027,-6.444169430563047,0.1458745871410203,0.1458745871410203,True,1.2733479216727437,-7.57164276509477,-5.024946921749283,1000,log_initial_freq
-6.503851287096202,-6.444485318555207,-0.05936596854099463,0.05936596854099463,True,1.4979595929769922,-8.001810880073194,-5.00589169411921,1000,log_initial_freq
-6.460008524202528,-6.460347452984392,0.0003389287818640341,0.0003389287818640341,True,0.9848257852348876,-7.444834309437415,-5.47518273896764,1000,log_initial_freq
-6.230200318580669,-6.488418184672287,0.25821786609161723,0.25821786609161723,True,1.3908691687332955,-7.621069487313965,-4.839331149847374,1000,log_initial_freq
-6.339026864526978,-6.493444777004667,0.15441791247768943,0.15441791247768943,True,1.4950512265138798,-7.834078091040857,-4.843975638013098,1000,log_initial_freq
-6.899802635598527,-6.498866345663839,-0.40093628993468755,0.40093628993468755,True,1.5649365741604016,-8.464739209758928,-5.334866061438126,1000,log_initial_freq
-7.393839770406742,-6.49998893547761,-0.8938508349291316,0.8938508349291316,True,1.68841800576381,-9.082257776170552,-5.7054217646429315,1000,log_initial_freq
-6.538665171478841,-6.506349363741139,-0.03231580773770215,0.03231580773770215,True,0.6348041861067987,-7.173469357585639,-5.9038609853720425,1000,log_initial_freq
-6.105190746169293,-6.5071644978137675,0.4019737516444746,0.4019737516444746,True,1.0891466625837627,-7.194337408753055,-5.0160440835855304,1000,log_initial_freq
-6.5769563089871115,-6.517133575245895,-0.059822733741216716,0.059822733741216716,True,1.5409539653866358,-8.117910274373747,-5.036002343600476,1000,log_initial_freq
-6.429811243161674,-6.520787186834663,0.09097594367298889,0.09097594367298889,True,1.5450020279153458,-7.97481327107702,-4.884809215246328,1000,log_initial_freq
-7.021111401110428,-6.526813049455552,-0.49429835165487557,0.49429835165487557,True,1.5785200344533845,-8.599631435563813,-5.442591366657044,1000,log_initial_freq
-6.643863568981365,-6.5288144926908505,-0.11504907629051431,0.11504907629051431,True,1.3920535803386047,-8.03591714931997,-5.25180998864276,1000,log_initial_freq
-6.316637197753843,-6.530140834504628,0.21350363675078565,0.21350363675078565,True,1.4947933829009452,-7.811430580654788,-4.8218438148528975,1000,log_initial_freq
-6.678988664666094,-6.54213092183627,-0.13685774282982432,0.13685774282982432,True,1.6121993049326664,-8.291187969598761,-5.066789359733428,1000,log_initial_freq
-6.231656250700752,-6.543947466893972,0.31229121619321987,0.31229121619321987,True,0.5540593669032899,-6.785715617604041,-5.677596883797462,1000,log_initial_freq
-6.710217808843326,-6.556578077992405,-0.1536397308509203,0.1536397308509203,True,1.3533280047433882,-8.063545813586714,-5.3568898040999375,1000,log_initial_freq
-6.240568270004819,-6.556878406863129,0.3163101368583101,0.3163101368583101,True,0.6307315809798696,-6.8712998509846885,-5.60983668902495,1000,log_initial_freq
-6.479061191808742,-6.569118325771238,0.09005713396249604,0.09005713396249604,True,0.5434305561836558,-7.022491747992397,-5.9356306356250865,1000,log_initial_freq
-6.891993836929999,-6.571585932476259,-0.3204079044537407,0.3204079044537407,True,1.6328175559554006,-8.5248113928854,-5.259176280974598,1000,log_initial_freq
-6.775657446547819,-6.573046267956682,-0.20261117859113664,0.20261117859113664,True,1.653791804246236,-8.429449250794056,-5.121865642301583,1000,log_initial_freq
-6.619135650075711,-6.581314590711907,-0.037821059363803755,0.037821059363803755,True,0.6645391420479437,-7.283674792123654,-5.954596508027767,1000,log_initial_freq
-6.532417641333035,-6.589330761114999,0.05691311978196367,0.05691311978196367,True,0.5463277524875582,-7.0787453938205935,-5.986089888845477,1000,log_initial_freq
-7.125569362860178,-6.603391637868185,-0.5221777249919928,0.5221777249919928,True,1.644862682552805,-8.770432045412983,-5.480706680307373,1000,log_initial_freq
-6.849205235578295,-6.614982406542039,-0.23422282903625646,0.23422282903625646,True,1.4299513542753237,-8.279156589853619,-5.419253881302971,1000,log_initial_freq
-6.4668669819114095,-6.616494773869556,0.1496277919581468,0.1496277919581468,True,0.6867270565345138,-7.153594038445924,-5.780139925376895,1000,log_initial_freq
-6.7791888103943885,-6.633722619668984,-0.14546619072540423,0.14546619072540423,True,1.1298836753590307,-7.909072485753419,-5.649305135035358,1000,log_initial_freq
-6.606901184351148,-6.649672970961008,0.04277178660986003,0.04277178660986003,True,0.5407064682257265,-7.147607652576875,-6.0661947161254215,1000,log_initial_freq
-7.160903636859806,-6.651475498578654,-0.5094281382811516,0.5094281382811516,True,1.450010816869519,-8.610914453729325,-5.710892819990287,1000,log_initial_freq
-6.400062072874485,-6.66006216268558,0.26000008981109435,0.26000008981109435,True,1.4770970094287275,-7.877159082303213,-4.922965063445758,1000,log_initial_freq
-6.833649984783504,-6.663697637764789,-0.16995234701871453,0.16995234701871453,True,1.648174242324744,-8.481824227108248,-5.18547574245876,1000,log_initial_freq
-6.554730011272821,-6.6682526964069115,0.11352268513409047,0.11352268513409047,True,1.4136457020817246,-7.968375713354545,-5.141084309191097,1000,log_initial_freq
-6.260279103617554,-6.675077663299799,0.41479855968224477,0.41479855968224477,True,1.181038557064033,-7.441317660681587,-5.079240546553521,1000,log_initial_freq
-6.964420336964894,-6.677982010710124,-0.2864383262547694,0.2864383262547694,True,0.6075049345669354,-7.571925271531829,-6.356915402397958,1000,log_initial_freq
-6.705882975148527,-6.679260548821143,-0.026622426327383764,0.026622426327383764,True,1.5699570860521932,-8.27584006120072,-5.135925889096334,1000,log_initial_freq
-6.93082869137155,-6.691931654847316,-0.238897036524234,0.238897036524234,True,0.5810660304314632,-7.511894721803014,-6.349762660940087,1000,log_initial_freq
-6.642186754953852,-6.6920853895438785,0.049898634590026525,0.049898634590026525,True,0.5718549637683757,-7.214041718722227,-6.070331791185477,1000,log_initial_freq
-6.380862259598752,-6.700176425370595,0.3193141657718428,0.3193141657718428,True,0.5139811559992037,-6.894843415597956,-5.866881103599548,1000,log_initial_freq
-6.594414827257321,-6.70430317388134,0.10988834662401903,0.10988834662401903,True,0.7429995257660046,-7.337414353023325,-5.851415301491317,1000,log_initial_freq
-6.519684348781854,-6.707554804121057,0.187870455339203,0.187870455339203,True,1.0098469397394874,-7.5295312885213415,-5.509837409042366,1000,log_initial_freq
-6.822579668180518,-6.715142465720435,-0.10743720246008337,0.10743720246008337,True,1.1490197551541583,-7.971599423334677,-5.673559913026359,1000,log_initial_freq
-7.130436968382153,-6.718878410069337,-0.41155855831281585,0.41155855831281585,True,1.5990922179716647,-8.729529186353817,-5.531344750410488,1000,log_initial_freq
-6.592702371446647,-6.737338056396171,0.14463568494952384,0.14463568494952384,True,0.5143156152348839,-7.107017986681531,-6.078386756211763,1000,log_initial_freq
-7.195306892066841,-6.741761383030273,-0.45354550903656854,0.45354550903656854,True,1.5953365455069073,-8.790643437573749,-5.5999703465599335,1000,log_initial_freq
-6.626948416283274,-6.742093590910052,0.11514517462677798,0.11514517462677798,True,1.455159593491014,-8.082108009774288,-5.17178882279226,1000,log_initial_freq
-6.69345594359027,-6.743759902865818,0.050303959275548316,0.050303959275548316,True,0.5647290697494205,-7.25818501333969,-6.12872687384085,1000,log_initial_freq
-6.9489518991239265,-6.751759130553216,-0.19719276857071044,0.19719276857071044,True,0.5742740697570993,-7.523225968881026,-6.374677829366827,1000,log_initial_freq
-6.7358163059661695,-6.75654273117088,0.020726425204710353,0.020726425204710353,True,0.68003065075343,-7.4158469567196,-6.055785655212739,1000,log_initial_freq
-6.772329101858981,-6.759988731444171,-0.012340370414809954,0.012340370414809954,True,0.6553390150472751,-7.427668116906256,-6.116990086811706,1000,log_initial_freq
-6.994580393132948,-6.767537932370075,-0.22704246076287316,0.22704246076287316,True,1.0584784071178532,-8.053058800250803,-5.936101986015095,1000,log_initial_freq
-6.534669337086464,-6.770361386553326,0.23569204946686195,0.23569204946686195,True,0.5638805206281723,-7.0985498577146355,-5.970788816458292,1000,log_initial_freq
-6.738221481874437,-6.780716754332788,0.04249527245835161,0.04249527245835161,True,0.524187792523648,-7.262409274398085,-6.214033689350789,1000,log_initial_freq
-7.118737440534459,-6.781354059552949,-0.33738338098151033,0.33738338098151033,True,1.1810293033812513,-8.299766743915711,-5.937708137153208,1000,log_initial_freq
-6.965663870052715,-6.791727733741562,-0.1739361363111538,0.1739361363111538,True,0.5691135508186657,-7.534777420871381,-6.396550319234049,1000,log_initial_freq
-6.43288453681952,-6.794979599274058,0.3620950624545376,0.3620950624545376,True,0.5191951773152232,-6.952079714134744,-5.913689359504296,1000,log_initial_freq
-6.581801358906891,-6.80614384221753,0.22434248331063866,0.22434248331063866,True,0.7222129199024461,-7.304014278809337,-5.859588439004446,1000,log_initial_freq
-7.005717252887145,-6.81050953946762,-0.19520771341952514,0.19520771341952514,True,0.6993503868776779,-7.705067639764823,-6.3063668660094665,1000,log_initial_freq
-6.923649958394723,-6.821222235828326,-0.10242772256639654,0.10242772256639654,True,0.597826441648161,-7.521476400042884,-6.325823516746562,1000,log_initial_freq
-6.846655358913203,-6.821716539799179,-0.02493881911402429,0.02493881911402429,True,0.45955715910076766,-7.306212518013971,-6.387098199812436,1000,log_initial_freq
-6.909140770209569,-6.829677486441974,-0.07946328376759482,0.07946328376759482,True,0.5863271640595168,-7.495467934269086,-6.322813606150052,1000,log_initial_freq
-7.309489405624066,-6.835852985684443,-0.4736364199396226,0.4736364199396226,True,0.7340296374243257,-8.043519043048391,-6.575459768199741,1000,log_initial_freq
-6.7718014320063356,-6.843518193681079,0.07171676167474317,0.07171676167474317,True,0.514902252347211,-7.286703684353546,-6.256899179659125,1000,log_initial_freq
-7.108273089486762,-6.847566221638381,-0.2607068678483806,0.2607068678483806,True,0.538066798059355,-7.646339887546117,-6.570206291427406,1000,log_initial_freq
-7.021296113454729,-6.847787204180564,-0.1735089092741644,0.1735089092741644,True,0.5790818733388176,-7.600377986793546,-6.442214240115911,1000,log_initial_freq
-6.926646936104093,-6.87311105045673,-0.05353588564736267,0.05353588564736267,True,0.6415033795886949,-7.568150315692788,-6.285143556515398,1000,log_initial_freq
-7.128981259268096,-6.882240852971639,-0.24674040629645777,0.24674040629645777,True,0.48043367872539666,-7.609414937993493,-6.6485475805427,1000,log_initial_freq
-6.640234126561772,-6.887087824002231,0.24685369744045893,0.24685369744045893,True,0.4954702279216121,-7.1357043544833845,-6.14476389864016,1000,log_initial_freq
-6.88605036204083,-6.887390360930632,0.0013399988898017412,0.0013399988898017412,True,0.5268927066030542,-7.412943068643885,-6.359157655437776,1000,log_initial_freq
-6.841510381850589,-6.889715725797724,0.04820534394713505,0.04820534394713505,True,0.39083870954151506,-7.232349091392104,-6.450671672309074,1000,log_initial_freq
-7.623178186618832,-6.895005570990561,-0.7281726156282708,0.7281726156282708,False,0.6383795612940636,-8.261557747912896,-6.9847986253247685,1000,log_initial_freq
-6.93475921356972,-6.897366091925344,-0.03739312164437614,0.03739312164437614,True,0.5058935285303174,-7.4406527421000375,-6.428865685039402,1000,log_initial_freq
-6.862490741081864,-6.924268538159373,0.06177779707750908,0.06177779707750908,True,0.4850716086800131,-7.347562349761876,-6.377419132401851,1000,log_initial_freq
-7.0753080994011635,-6.933410319571312,-0.14189777982985152,0.14189777982985152,True,0.4603279078250076,-7.535636007226171,-6.614980191576156,1000,log_initial_freq
-6.909415671415959,-6.936719715189058,0.02730404377309892,0.02730404377309892,True,0.5012424174797289,-7.410658088895688,-6.408173253936231,1000,log_initial_freq
-6.765550002246657,-6.946930221516758,0.18138021927010062,0.18138021927010062,True,0.44239544216808824,-7.2079454444147455,-6.323154560078569,1000,log_initial_freq
-6.896138025776884,-6.946996325734393,0.05085829995750846,0.05085829995750846,True,0.4511728047845259,-7.34731083056141,-6.4449652209923585,1000,log_initial_freq
-6.961006384213418,-6.952942086755478,-0.008064297457940128,0.008064297457940128,True,0.4310833985455323,-7.3920897827589505,-6.529922985667885,1000,log_initial_freq
-6.9611975019138175,-6.957209334751248,-0.003988167162569667,0.003988167162569667,True,0.4635075977591443,-7.424705099672962,-6.497689904154673,1000,log_initial_freq
-6.952899398121,-6.959713379710578,0.006813981589578688,0.006813981589578688,True,0.48107833161811886,-7.4339777297391185,-6.471821066502881,1000,log_initial_freq
-6.6971111164947015,-6.960649956894058,0.2635388403993568,0.2635388403993568,True,0.46366720247605586,-7.160778318970757,-6.233443914018646,1000,log_initial_freq
-7.047261355624014,-6.962196760360797,-0.08506459526321652,0.08506459526321652,True,0.4831670995602618,-7.530428455184276,-6.564094256063751,1000,log_initial_freq
-7.435800608520141,-6.963549203021881,-0.4722514054982607,0.4722514054982607,True,0.4957489988101096,-7.9315496073302505,-6.940051609710032,1000,log_initial_freq
-6.5470256322156,-6.964890487002926,0.41786485478732516,0.41786485478732516,True,0.42007267580515295,-6.967098308020754,-6.126952956410447,1000,log_initial_freq
-7.122686897405915,-6.965277071858637,-0.157409825547278,0.157409825547278,True,0.42035797568980604,-7.543044873095721,-6.702328921716108,1000,log_initial_freq
-6.515001789948899,-6.979798734577192,0.4647969446282927,0.4647969446282927,False,0.4605473023374916,-6.975549092286391,-6.054454487611407,1000,log_initial_freq
-7.047923122955282,-6.980059892013054,-0.06786323094222801,0.06786323094222801,True,0.4056951618523721,-7.453618284807654,-6.64222796110291,1000,log_initial_freq
-7.125881654983133,-6.9871307172654875,-0.13875093771764568,0.13875093771764568,True,0.4909631866297069,-7.61684484161284,-6.634918468353426,1000,log_initial_freq
-7.4198248183276,-7.001135463805872,-0.41868935452172806,0.41868935452172806,True,0.44991516774229134,-7.869739986069891,-6.969909650585309,1000,log_initial_freq
-7.004685182262791,-7.002961804139089,-0.0017233781237022683,0.0017233781237022683,True,0.46492294518502264,-7.469608127447813,-6.539762237077769,1000,log_initial_freq
-7.196476884579293,-7.011874067041086,-0.18460281753820684,0.18460281753820684,True,0.446691607036924,-7.643168491616217,-6.749785277542369,1000,log_initial_freq
-6.759797473318103,-7.013150468893315,0.25335299557521207,0.25335299557521207,True,0.41602061555363,-7.175818088871733,-6.343776857764473,1000,log_initial_freq
-6.7628322128270035,-7.024875890800884,0.26204367797388084,0.26204367797388084,True,0.49383785184963735,-7.256670064676641,-6.268994360977366,1000,log_initial_freq
-7.182296867698866,-7.028568686449567,-0.15372818124929832,0.15372818124929832,True,0.45951939096626426,-7.64181625866513,-6.722777476732602,1000,log_initial_freq
-6.961020020294466,-7.033243850539412,0.07222383024494583,0.07222383024494583,True,0.4174598292234498,-7.378479849517916,-6.543560191071016,1000,log_initial_freq
-7.042476191777697,-7.04598494896137,0.0035087571836731613,0.0035087571836731613,True,0.4291570464541573,-7.4716332382318535,-6.61331914532354,1000,log_initial_freq
-7.374031549344793,-7.051798071791036,-0.3222334775537572,0.3222334775537572,True,0.42213201666566713,-7.796163566010461,-6.951899532679126,1000,log_initial_freq
-7.022130305019371,-7.055326617009969,0.033196311990598026,0.033196311990598026,True,0.41758148393861355,-7.439711788957985,-6.6045488210807575,1000,log_initial_freq
-7.107864455121271,-7.056532049689182,-0.05133240543208828,0.05133240543208828,True,0.41788725500796353,-7.525751710129234,-6.689977200113307,1000,log_initial_freq
-7.507293666254079,-7.056591901606319,-0.4507017646477598,0.4507017646477598,True,0.45832757155901505,-7.965621237813094,-7.048966094695064,1000,log_initial_freq
-6.846338741353481,-7.05879356915022,0.21245482779673885,0.21245482779673885,True,0.4064189847479335,-7.2527577261014144,-6.439919756605548,1000,log_initial_freq
-7.015846739276266,-7.062425457972359,0.04657871869609309,0.04657871869609309,True,0.403891429608174,-7.4197381688844395,-6.611955309668092,1000,log_initial_freq
-7.060377386400471,-7.063667819647229,0.003290433246758262,0.003290433246758262,True,0.41471799359923145,-7.475095379999702,-6.645659392801239,1000,log_initial_freq
-7.187833079727588,-7.064393446536532,-0.12343963319105544,0.12343963319105544,True,0.4285079693121995,-7.616341049039787,-6.759325110415388,1000,log_initial_freq
-7.3404294025518215,-7.077558748573142,-0.2628706539786796,0.2628706539786796,True,0.4563147185651777,-7.796744121116999,-6.884114683986644,1000,log_initial_freq
-7.189642097440133,-7.081464195640903,-0.10817790179923037,0.10817790179923037,True,0.4266682527505402,-7.616310350190673,-6.7629738446895935,1000,log_initial_freq
-7.072048582757524,-7.085220434251548,0.013171851494024445,0.013171851494024445,True,0.37937946105550013,-7.451428043813024,-6.692669121702023,1000,log_initial_freq
-6.977068859842699,-7.088834017948754,0.11176515810605459,0.11176515810605459,True,0.4131237474735711,-7.39019260731627,-6.563945112369129,1000,log_initial_freq
-6.983813857813227,-7.1062621287194245,0.12244827090619737,0.12244827090619737,True,0.39465372985983516,-7.378467587673063,-6.589160127953392,1000,log_initial_freq
-7.225013575512128,-7.1173223333206765,-0.10769124219145176,0.10769124219145176,True,0.39215455254551107,-7.6171681280576395,-6.832859022966617,1000,log_initial_freq
-7.048738425725126,-7.12387255639832,0.07513413067319341,0.07513413067319341,True,0.39457962095416665,-7.443318046679293,-6.65415880477096,1000,log_initial_freq
-7.0623253570698274,-7.12642982558056,0.06410446851073281,0.06410446851073281,True,0.403431751744915,-7.465757108814742,-6.658893605324913,1000,log_initial_freq
-6.979725057223193,-7.128260246878616,0.14853518965542367,0.14853518965542367,True,0.3913130331595177,-7.371038090382711,-6.5884120240636745,1000,log_initial_freq
-7.0468308194357245,-7.130619470088634,0.08378865065290952,0.08378865065290952,True,0.35768417092674454,-7.404514990362469,-6.68914664850898,1000,log_initial_freq
-7.445740640380618,-7.140006095172072,-0.30573454520854604,0.30573454520854604,True,0.4222239846140556,-7.8679646249946735,-7.023516655766562,1000,log_initial_freq
-6.997624085223578,-7.141207228429041,0.14358314320546306,0.14358314320546306,True,0.3341310501548907,-7.331755135378469,-6.6634930350686865,1000,log_initial_freq
-7.322106957541688,-7.141444877932718,-0.18066207960896996,0.18066207960896996,True,0.38700188690722914,-7.7091088444489175,-6.935105070634459,1000,log_initial_freq
-7.280917396482728,-7.1486874350440335,-0.1322299614386946,0.1322299614386946,True,0.3626269611878115,-7.64354435767054,-6.918290435294916,1000,log_initial_freq
-7.4458515760439905,-7.15910657161765,-0.2867450044263409,0.2867450044263409,True,0.37320164826254554,-7.819053224306536,-7.072649927781445,1000,log_initial_freq
-7.380701277646038,-7.1631972549052385,-0.21750402274079939,0.21750402274079939,True,0.36085250962353566,-7.741553787269574,-7.019848768022502,1000,log_initial_freq
-7.02295427221645,-7.170323510851398,0.14736923863494855,0.14736923863494855,True,0.334854272521305,-7.357808544737755,-6.688099999695145,1000,log_initial_freq
-7.259678871656628,-7.1731406425338005,-0.08653822912282738,0.08653822912282738,True,0.351229575302909,-7.610908446959537,-6.9084492963537185,1000,log_initial_freq
-7.8147690845499485,-7.188847081120896,-0.6259220034290527,0.6259220034290527,False,0.3892628434334363,-8.204031927983385,-7.425506241116512,1000,log_initial_freq
-7.247620318288118,-7.194690981805802,-0.05292933648231646,0.05292933648231646,True,0.37656607423619276,-7.624186392524311,-6.871054244051925,1000,log_initial_freq
-7.390766659034093,-7.197775494625226,-0.1929911644088671,0.1929911644088671,True,0.3657271143354425,-7.756493773369535,-7.025039544698651,1000,log_initial_freq
-7.069409838436277,-7.224236812346875,0.1548269739105983,0.1548269739105983,True,0.3350624469127953,-7.4044722853490725,-6.734347391523482,1000,log_initial_freq
-7.1430530106962475,-7.229545540187812,0.08649252949156416,0.08649252949156416,True,0.32816411780995364,-7.4712171285062015,-6.814888892886294,1000,log_initial_freq
-7.276506547117328,-7.23545750941556,-0.04104903770176804,0.04104903770176804,True,0.33137392044070346,-7.607880467558031,-6.9451326266766245,1000,log_initial_freq
-7.18066433145821,-7.241376168627685,0.06071183716947459,0.06071183716947459,True,0.3365976216791349,-7.5172619531373455,-6.844066709779075,1000,log_initial_freq
-7.436437566158444,-7.246488137216982,-0.18994942894146227,0.18994942894146227,True,0.3567297892578351,-7.793167355416279,-7.07970777690061,1000,log_initial_freq
-7.566126816793166,-7.246749295571034,-0.31937752122213237,0.31937752122213237,True,0.3536371475483442,-7.91976396434151,-7.212489669244822,1000,log_initial_freq
-7.433973055779279,-7.250028940770012,-0.18394411500926733,0.18394411500926733,True,0.3418356088697689,-7.775808664649047,-7.09213744690951,1000,log_initial_freq
-7.319503352538518,-7.265740363216956,-0.05376298932156143,0.05376298932156143,True,0.36457400315706223,-7.68407735569558,-6.954929349381455,1000,log_initial_freq
-7.3261028686178875,-7.275949597586557,-0.050153271031330604,0.050153271031330604,True,0.3269953367591431,-7.653098205377031,-6.999107531858744,1000,log_initial_freq
-7.225739835855609,-7.29102758331295,0.065287747457341,0.065287747457341,True,0.3104614953223245,-7.536201331177933,-6.915278340533284,1000,log_initial_freq
-7.465369508833008,-7.2952119213587565,-0.17015758747425114,0.17015758747425114,True,0.32407053514621226,-7.78944004397922,-7.141298973686795,1000,log_initial_freq
-7.167512792227067,-7.302581136694158,0.13506834446709082,0.13506834446709082,True,0.3111620838410614,-7.478674876068129,-6.856350708386006,1000,log_initial_freq
-7.395523187636741,-7.310406571779328,-0.08511661585741237,0.08511661585741237,True,0.32252045461072526,-7.718043642247466,-7.073002733026016,1000,log_initial_freq
-7.324913719501306,-7.319335496815296,-0.005578222686009937,0.005578222686009937,True,0.3248017224000308,-7.649715441901337,-7.000111997101275,1000,log_initial_freq
-7.4865524868113456,-7.350207295018784,-0.13634519179256177,0.13634519179256177,True,0.3251071754921782,-7.811659662303524,-7.161445311319167,1000,log_initial_freq
-7.577149569480239,-7.350954181358827,-0.22619538812141204,0.22619538812141204,True,0.3144840384885875,-7.891633607968827,-7.262665530991652,1000,log_initial_freq
-7.386534382072384,-7.352523930999819,-0.03401045107256451,0.03401045107256451,True,0.3075794334249015,-7.6941138154972855,-7.078954948647482,1000,log_initial_freq
-7.514684555900314,-7.352893417100821,-0.1617911387994928,0.1617911387994928,True,0.3301801223972946,-7.844864678297609,-7.18450443350302,1000,log_initial_freq
-7.215360784673126,-7.359410385919036,0.14404960124590982,0.14404960124590982,True,0.2869432193734664,-7.502304004046592,-6.92841756529966,1000,log_initial_freq
-7.439897929879992,-7.365541748537333,-0.07435618134265898,0.07435618134265898,True,0.3289218863405788,-7.768819816220571,-7.110976043539413,1000,log_initial_freq
-7.468776308494753,-7.381365718813313,-0.08741058968144078,0.08741058968144078,True,0.3173459966971712,-7.786122305191925,-7.151430311797582,1000,log_initial_freq
-7.655011646194086,-7.38719467577307,-0.2678169704210154,0.2678169704210154,True,0.3183668394055795,-7.973378485599666,-7.336644806788506,1000,log_initial_freq
-7.183733222284722,-7.398397942126569,0.21466471984184654,0.21466471984184654,True,0.3248479581382566,-7.508581180422979,-6.8588852641464655,1000,log_initial_freq
-7.412996351650851,-7.399373932511332,-0.013622419139519337,0.013622419139519337,True,0.3085669405296018,-7.721563292180453,-7.10442941112125,1000,log_initial_freq
-7.320078974933605,-7.405411057072731,0.0853320821391268,0.0853320821391268,True,0.3214835596082108,-7.641562534541816,-6.9985954153253935,1000,log_initial_freq
-7.512215245571771,-7.411402822397007,-0.10081242317476402,0.10081242317476402,True,0.3032366158432846,-7.815451861415056,-7.208978629728486,1000,log_initial_freq
-7.384890399025432,-7.426599109960319,0.04170871093488682,0.04170871093488682,True,0.30409885660638597,-7.688989255631817,-7.080791542419046,1000,log_initial_freq
-7.395900975472919,-7.436918710121911,0.04101773464899239,0.04101773464899239,True,0.304696498146865,-7.7005974736197835,-7.091204477326054,1000,log_initial_freq
-7.385829370392685,-7.438526537076067,0.05269716668338198,0.05269716668338198,True,0.28676155727692243,-7.672590927669607,-7.099067813115762,1000,log_initial_freq
-7.412096759156738,-7.440514525532343,0.02841776637560489,0.02841776637560489,True,0.29093666357239556,-7.703033422729134,-7.121160095584343,1000,log_initial_freq
-7.455513981762703,-7.440753216340575,-0.01476076542212823,0.01476076542212823,True,0.28327812954461845,-7.738792111307322,-7.172235852218084,1000,log_initial_freq
-7.493124160160623,-7.446697946769655,-0.04642621339096831,0.04642621339096831,True,0.310733157965344,-7.803857318125967,-7.1823910021952795,1000,log_initial_freq
-7.605845332490293,-7.447210449196451,-0.1586348832938418,0.1586348832938418,True,0.3079798075183493,-7.913825140008642,-7.297865524971943,1000,log_initial_freq
-7.411752445382633,-7.461254782861611,0.049502337478978475,0.049502337478978475,True,0.28601012457895025,-7.697762569961583,-7.125742320803683,1000,log_initial_freq
-7.520251233295446,-7.463030051629347,-0.05722118166609924,0.05722118166609924,True,0.2790471821542823,-7.799298415449728,-7.241204051141164,1000,log_initial_freq
-7.58553199305099,-7.476623787315172,-0.10890820573581816,0.10890820573581816,True,0.2936573705900436,-7.879189363641034,-7.291874622460947,1000,log_initial_freq
-7.574573964113876,-7.480891126174997,-0.09368283793887855,0.09368283793887855,True,0.2766298271674645,-7.85120379128134,-7.297944136946412,1000,log_initial_freq
-7.616302410366235,-7.486925592317037,-0.12937681804919876,0.12937681804919876,True,0.28545647720928513,-7.901758887575521,-7.33084593315695,1000,log_initial_freq
-7.826237395203801,-7.490289540589545,-0.3359478546142558,0.3359478546142558,False,0.30164897972683036,-8.12788637493063,-7.524588415476971,1000,log_initial_freq
-7.605097583571155,-7.494670106095279,-0.11042747747587534,0.11042747747587534,True,0.26573913458358106,-7.870836718154735,-7.339358448987574,1000,log_initial_freq
-7.564318926634357,-7.495515913539912,-0.06880301309444459,0.06880301309444459,True,0.24618969922356387,-7.810508625857921,-7.318129227410793,1000,log_initial_freq
-7.584495543045365,-7.502773887214655,-0.08172165583070967,0.08172165583070967,True,0.250981575261763,-7.835477118307128,-7.333513967783602,1000,log_initial_freq
-7.456746808368771,-7.509255541908917,0.0525087335401464,0.0525087335401464,True,0.27571053831189335,-7.732457346680664,-7.181036270056878,1000,log_initial_freq
-7.47930646064302,-7.520405570433537,0.04109910979051712,0.04109910979051712,True,0.2619724749265398,-7.74127893556956,-7.21733398571648,1000,log_initial_freq
-7.575169549054717,-7.522323615833274,-0.05284593322144282,0.05284593322144282,True,0.2580898313798475,-7.833259380434565,-7.317079717674869,1000,log_initial_freq
-7.484775058604762,-7.523298216239306,0.03852315763454417,0.03852315763454417,True,0.26073589748813353,-7.745510956092895,-7.224039161116629,1000,log_initial_freq
-7.709292229707408,-7.5309061934207815,-0.17838603628662675,0.17838603628662675,True,0.27514184790221186,-7.98443407760962,-7.434150381805196,1000,log_initial_freq
-7.535030814800697,-7.53116426680456,-0.0038665479961368376,0.0038665479961368376,True,0.25704637806422614,-7.792077192864923,-7.277984436736471,1000,log_initial_freq
-7.54600751391074,-7.534247510595359,-0.011760003315381518,0.011760003315381518,True,0.25036081355624934,-7.79636832746699,-7.2956467003544905,1000,log_initial_freq
-7.507227835841512,-7.541022306104257,0.03379447026274551,0.03379447026274551,True,0.2613810863540537,-7.768608922195566,-7.245846749487458,1000,log_initial_freq
-7.527131683657403,-7.546601572968616,0.019469889311212185,0.019469889311212185,True,0.260692586951349,-7.787824270608752,-7.266439096706055,1000,log_initial_freq
-7.512948965370826,-7.555773222320021,0.04282425694919567,0.04282425694919567,True,0.26254917752488127,-7.775498142895707,-7.250399787845945,1000,log_initial_freq
-7.525828295580545,-7.558257984683855,0.03242968910331001,0.03242968910331001,True,0.2621655857206956,-7.78799388130124,-7.263662709859849,1000,log_initial_freq
-7.61943898084013,-7.562497438507057,-0.0569415423330728,0.0569415423330728,True,0.25430757068035215,-7.873746551520481,-7.365131410159778,1000,log_initial_freq
-7.532954258341917,-7.564627173066599,0.031672914724682144,0.031672914724682144,True,0.24555226932834862,-7.778506527670266,-7.287401989013568,1000,log_initial_freq
-7.7688408064934595,-7.579204969473979,-0.1896358370194804,0.1896358370194804,True,0.2504042603380686,-8.019245066831528,-7.518436546155391,1000,log_initial_freq
-7.583697580790263,-7.579285921238812,-0.004411659551450953,0.004411659551450953,True,0.2389198814711604,-7.822617462261423,-7.344777699319103,1000,log_initial_freq
-7.738751190771255,-7.588700490428979,-0.15005070034227597,0.15005070034227597,True,0.2469133481750119,-7.985664538946267,-7.491837842596244,1000,log_initial_freq
-7.6371716505430935,-7.597423691918391,-0.039747958624702484,0.039747958624702484,True,0.24631862696749832,-7.8834902775105915,-7.390853023575596,1000,log_initial_freq
-7.573147445456903,-7.598183456403042,0.025036010946139164,0.025036010946139164,True,0.2382611553153817,-7.8114086007722845,-7.3348862901415215,1000,log_initial_freq
-7.8674580297452135,-7.60058006629248,-0.2668779634527336,0.2668779634527336,False,0.24021594654570455,-8.107673976290918,-7.6272420831995085,1000,log_initial_freq
-7.637092741798627,-7.605223360812817,-0.03186938098581038,0.03186938098581038,True,0.23510217895137778,-7.872194920750005,-7.401990562847249,1000,log_initial_freq
-7.627386568321969,-7.6119608120583,-0.015425756263668156,0.015425756263668156,True,0.23710251410179997,-7.864489082423769,-7.390284054220168,1000,log_initial_freq
-7.899844305794339,-7.626323117565344,-0.27352118822899474,0.27352118822899474,False,0.23320341384637588,-8.133047719640714,-7.666640891947964,1000,log_initial_freq
-7.785480303749738,-7.630755704475801,-0.154724599273937,0.154724599273937,True,0.22770834301385018,-8.013188646763588,-7.557771960735888,1000,log_initial_freq
-7.591543028772035,-7.630826415020365,0.0392833862483295,0.0392833862483295,True,0.2263551901881393,-7.817898218960174,-7.365187838583896,1000,log_initial_freq
-7.792726082324257,-7.633711548928751,-0.15901453339550553,0.15901453339550553,True,0.23219010497780213,-8.02491618730206,-7.560535977346454,1000,log_initial_freq
-7.584768726126749,-7.642215118040571,0.05744639191382195,0.05744639191382195,True,0.21928382263166055,-7.80405254875841,-7.365484903495089,1000,log_initial_freq
-7.7791658859239,-7.653611073062194,-0.1255548128617061,0.1255548128617061,True,0.22541647318935623,-8.004582359113257,-7.553749412734544,1000,log_initial_freq
-7.646508072346853,-7.658764555707706,0.012256483360853387,0.012256483360853387,True,0.21866010224591056,-7.865168174592763,-7.4278479701009426,1000,log_initial_freq
-7.607630668432004,-7.664683143649002,0.057052475216997856,0.057052475216997856,True,0.21622998895408563,-7.82386065738609,-7.391400679477918,1000,log_initial_freq
-7.67229116071792,-7.666150753689871,-0.006140407028048855,0.006140407028048855,True,0.21578070729166082,-7.888071868009581,-7.45651045342626,1000,log_initial_freq
-7.851581295490499,-7.672599155678407,-0.1789821398120921,0.1789821398120921,True,0.21830900086669916,-8.069890296357197,-7.6332722946238,1000,log_initial_freq
-7.66510504400873,-7.683256832503108,0.018151788494378707,0.018151788494378707,True,0.21194914795137573,-7.877054191960105,-7.453155896057354,1000,log_initial_freq
-7.737601571066712,-7.6894248909336,-0.04817668013311227,0.04817668013311227,True,0.21674899939435238,-7.954350570461064,-7.52085257167236,1000,log_initial_freq
-7.654999363667671,-7.691196780195021,0.03619741652734998,0.03619741652734998,True,0.21549788879202234,-7.8704972524596934,-7.439501474875649,1000,log_initial_freq
-7.766509518017353,-7.695320125986342,-0.07118939203101071,0.07118939203101071,True,0.21145706136478615,-7.977966579382139,-7.555052456652566,1000,log_initial_freq
-7.881670428993612,-7.701655022398081,-0.1800154065955306,0.1800154065955306,True,0.2161649454671965,-8.097835374460809,-7.665505483526416,1000,log_initial_freq
-7.667927452258001,-7.703811599488056,0.035884147230054175,0.035884147230054175,True,0.2069948250130369,-7.874922277271038,-7.460932627244965,1000,log_initial_freq
-7.717735794564259,-7.7053464536127585,-0.012389340951500571,0.012389340951500571,True,0.20924078612717822,-7.926976580691437,-7.508495008437081,1000,log_initial_freq
-7.7790239911791215,-7.70566200496921,-0.0733619862099113,0.0733619862099113,True,0.21000796770002225,-7.989031958879144,-7.569016023479099,1000,log_initial_freq
-7.7209185357740635,-7.72222278204231,0.001304246268246878,0.001304246268246878,True,0.20737466939575608,-7.92829320516982,-7.513543866378307,1000,log_initial_freq
-7.778020378482359,-7.727016164864787,-0.05100421361757235,0.05100421361757235,True,0.20636879084177237,-7.984389169324131,-7.571651587640587,1000,log_initial_freq
-7.705901064105546,-7.731976775853723,0.026075711748177355,0.026075711748177355,True,0.19463598204963317,-7.900537046155179,-7.511265082055912,1000,log_initial_freq
-7.728434454830011,-7.733134996071309,0.0047005412412977066,0.0047005412412977066,True,0.2019686862764231,-7.930403141106434,-7.526465768553588,1000,log_initial_freq
-7.704712084964102,-7.747582859250092,0.04287077428598973,0.04287077428598973,True,0.2032342828731453,-7.907946367837248,-7.501477802090957,1000,log_initial_freq
-7.811295732698183,-7.747814894038559,-0.06348083865962462,0.06348083865962462,True,0.20428610228627958,-8.015581834984463,-7.607009630411904,1000,log_initial_freq
-7.820058802997025,-7.750306150814227,-0.0697526521827978,0.0697526521827978,True,0.2025904199647504,-8.022649222961775,-7.617468383032274,1000,log_initial_freq
-7.876882136759602,-7.763831314084311,-0.11305082267529087,0.11305082267529087,True,0.20608354676577287,-8.082965683525375,-7.670798589993829,1000,log_initial_freq
-7.78080915513116,-7.7708727040867895,-0.009936451044370465,0.009936451044370465,True,0.20030321483399072,-7.9811123699651505,-7.5805059402971695,1000,log_initial_freq
-7.719784198777575,-7.778448185220108,0.05866398644253312,0.05866398644253312,True,0.20162328681935512,-7.92140748559693,-7.518160911958219,1000,log_initial_freq
-7.82576664086758,-7.789007655590771,-0.03675898527680932,0.03675898527680932,True,0.20493947449640887,-8.030706115363989,-7.620827166371171,1000,log_initial_freq
-7.744293607213097,-7.815186300036874,0.07089269282377764,0.07089269282377764,True,0.20170316681634584,-7.945996774029442,-7.542590440396751,1000,log_initial_freq
-7.969122855809853,-7.8181318368652,-0.1509910189446524,0.1509910189446524,True,0.20511844231135942,-8.174241298121212,-7.764004413498493,1000,log_initial_freq
-7.836740111932645,-7.820742734728598,-0.015997377204047147,0.015997377204047147,True,0.1931811921679434,-8.029921304100588,-7.643558919764701,1000,log_initial_freq
-7.8065741996783125,-7.830235568890237,0.023661369211924743,0.023661369211924743,True,0.1966698734531145,-8.003244073131427,-7.609904326225198,1000,log_initial_freq
-7.881367030642733,-7.856108705737007,-0.025258324905725438,0.025258324905725438,True,0.19771751222076736,-8.0790845428635,-7.683649518421966,1000,log_initial_freq
-7.923930541360392,-7.863809704696743,-0.06012083666364987,0.06012083666364987,True,0.19881980288352905,-8.122750344243922,-7.725110738476864,1000,log_initial_freq
-8.031387875488832,-7.866608680656871,-0.16477919483196146,0.16477919483196146,True,0.20394204021724152,-8.235329915706073,-7.8274458352715905,1000,log_initial_freq
-7.887454388019597,-7.871241482440428,-0.016212905579168435,0.016212905579168435,True,0.2001069763533719,-8.087561364372968,-7.687347411666225,1000,log_initial_freq
-7.864319492385377,-7.871893416216216,0.007573923830839213,0.007573923830839213,True,0.1986271438522081,-8.062946636237585,-7.6656923485331685,1000,log_initial_freq
-7.929025233290783,-7.886453952629264,-0.042571280661519495,0.042571280661519495,True,0.19766502068047265,-8.126690253971256,-7.73136021261031,1000,log_initial_freq
-7.916825843492689,-7.8887648973903275,-0.02806094610236176,0.02806094610236176,True,0.19724187660416104,-8.11406772009685,-7.719583966888528,1000,log_initial_freq
-7.896102480789515,-7.889863349204838,-0.00623913158467726,0.00623913158467726,True,0.198280298856395,-8.09438277964591,-7.69782218193312,1000,log_initial_freq
-7.96451315733918,-7.892135291817491,-0.07237786552168934,0.07237786552168934,True,0.19436262254269557,-8.158875779881877,-7.7701505347964845,1000,log_initial_freq
-7.840247305748019,-7.894084311961402,0.053837006213383276,0.053837006213383276,True,0.19347466425883741,-8.033721970006855,-7.646772641489181,1000,log_initial_freq
-7.962594354935473,-7.909395360576056,-0.05319899435941711,0.05319899435941711,True,0.1948673620475908,-8.157461716983065,-7.767726992887883,1000,log_initial_freq
-7.932224162306343,-7.911711297508395,-0.020512864797948005,0.020512864797948005,True,0.19299796395477567,-8.12522212626112,-7.7392261983515676,1000,log_initial_freq
-7.932153526030331,-7.91698350568711,-0.015170020343220791,0.015170020343220791,True,0.18802793698481543,-8.120181463015147,-7.744125589045516,1000,log_initial_freq
-7.957390888043445,-7.9215031402869105,-0.035887747756534694,0.035887747756534694,True,0.19066513346795771,-8.148056021511403,-7.7667257545754875,1000,log_initial_freq
-7.977419481324724,-7.941350821018138,-0.03606866030658651,0.03606866030658651,True,0.19044458044903345,-8.167864061773757,-7.786974900875691,1000,log_initial_freq
-8.019104543308725,-7.956247264205852,-0.06285727910287253,0.06285727910287253,True,0.19175020842722856,-8.210854751735953,-7.8273543348814965,1000,log_initial_freq
-8.010012872546174,-7.9598346897109025,-0.0501781828352712,0.0501781828352712,True,0.19223679378653033,-8.202249666332705,-7.8177760787596435,1000,log_initial_freq
-7.894112071241541,-7.972889790904007,0.07877771966246527,0.07877771966246527,True,0.18987631962015042,-8.083988390861691,-7.704235751621391,1000,log_initial_freq
-8.0484220487583,-7.974401394997043,-0.07402065376125577,0.07402065376125577,True,0.19098316055862838,-8.239405209316928,-7.85743888819967,1000,log_initial_freq
-7.968351948652681,-7.987246649204546,0.01889470055186493,0.01889470055186493,True,0.1888845029145478,-8.157236451567229,-7.779467445738133,1000,log_initial_freq
-7.966970082699662,-7.992064794466004,0.025094711766342037,0.025094711766342037,True,0.18839911293507489,-8.155369195634737,-7.778570969764587,1000,log_initial_freq
-8.030978240499708,-7.995526867748612,-0.03545137275109589,0.03545137275109589,True,0.18946699567040523,-8.220445236170114,-7.841511244829303,1000,log_initial_freq
